date,menu,weekday,weather,event,portions
2024-01-01,Chicken Rice,Monday,Cloudy,Sports Day,150
2024-01-01,Curry Rice,Monday,Cloudy,Sports Day,110
2024-01-01,Fried Rice,Monday,Cloudy,Sports Day,135
2024-01-01,Noodle Soup,Monday,Cloudy,Sports Day,112
2024-01-01,Vegetarian Bowl,Monday,Cloudy,Sports Day,70
2024-01-02,Chicken Rice,Tuesday,Rain,None,104
2024-01-02,Curry Rice,Tuesday,Rain,None,72
2024-01-02,Fried Rice,Tuesday,Rain,None,104
2024-01-02,Noodle Soup,Tuesday,Rain,None,91
2024-01-02,Vegetarian Bowl,Tuesday,Rain,None,56
2024-01-03,Chicken Rice,Wednesday,Cloudy,None,106
2024-01-03,Curry Rice,Wednesday,Cloudy,None,72
2024-01-03,Fried Rice,Wednesday,Cloudy,None,93
2024-01-03,Noodle Soup,Wednesday,Cloudy,None,91
2024-01-03,Vegetarian Bowl,Wednesday,Cloudy,None,53
2024-01-04,Chicken Rice,Thursday,Sunny,None,128
2024-01-04,Curry Rice,Thursday,Sunny,None,84
2024-01-04,Fried Rice,Thursday,Sunny,None,112
2024-01-04,Noodle Soup,Thursday,Sunny,None,100
2024-01-04,Vegetarian Bowl,Thursday,Sunny,None,50
2024-01-05,Chicken Rice,Friday,Cloudy,None,92
2024-01-05,Curry Rice,Friday,Cloudy,None,82
2024-01-05,Fried Rice,Friday,Cloudy,None,89
2024-01-05,Noodle Soup,Friday,Cloudy,None,80
2024-01-05,Vegetarian Bowl,Friday,Cloudy,None,49
2024-01-06,Chicken Rice,Saturday,Cloudy,None,60
2024-01-06,Curry Rice,Saturday,Cloudy,None,39
2024-01-06,Fried Rice,Saturday,Cloudy,None,50
2024-01-06,Noodle Soup,Saturday,Cloudy,None,41
2024-01-06,Vegetarian Bowl,Saturday,Cloudy,None,28
2024-01-07,Chicken Rice,Sunday,Rain,None,51
2024-01-07,Curry Rice,Sunday,Rain,None,30
2024-01-07,Fried Rice,Sunday,Rain,None,45
2024-01-07,Noodle Soup,Sunday,Rain,None,31
2024-01-07,Vegetarian Bowl,Sunday,Rain,None,23
2024-01-08,Chicken Rice,Monday,Cloudy,None,114
2024-01-08,Curry Rice,Monday,Cloudy,None,96
2024-01-08,Fried Rice,Monday,Cloudy,None,123
2024-01-08,Noodle Soup,Monday,Cloudy,None,101
2024-01-08,Vegetarian Bowl,Monday,Cloudy,None,63
2024-01-09,Chicken Rice,Tuesday,Cloudy,Holiday,77
2024-01-09,Curry Rice,Tuesday,Cloudy,Holiday,48
2024-01-09,Fried Rice,Tuesday,Cloudy,Holiday,63
2024-01-09,Noodle Soup,Tuesday,Cloudy,Holiday,50
2024-01-09,Vegetarian Bowl,Tuesday,Cloudy,Holiday,32
2024-01-10,Chicken Rice,Wednesday,Cloudy,None,118
2024-01-10,Curry Rice,Wednesday,Cloudy,None,79
2024-01-10,Fried Rice,Wednesday,Cloudy,None,122
2024-01-10,Noodle Soup,Wednesday,Cloudy,None,103
2024-01-10,Vegetarian Bowl,Wednesday,Cloudy,None,53
2024-01-11,Chicken Rice,Thursday,Sunny,Exam Week,138
2024-01-11,Curry Rice,Thursday,Sunny,Exam Week,99
2024-01-11,Fried Rice,Thursday,Sunny,Exam Week,147
2024-01-11,Noodle Soup,Thursday,Sunny,Exam Week,113
2024-01-11,Vegetarian Bowl,Thursday,Sunny,Exam Week,76
2024-01-12,Chicken Rice,Friday,Cloudy,None,121
2024-01-12,Curry Rice,Friday,Cloudy,None,74
2024-01-12,Fried Rice,Friday,Cloudy,None,94
2024-01-12,Noodle Soup,Friday,Cloudy,None,80
2024-01-12,Vegetarian Bowl,Friday,Cloudy,None,55
2024-01-13,Chicken Rice,Saturday,Cloudy,None,55
2024-01-13,Curry Rice,Saturday,Cloudy,None,39
2024-01-13,Fried Rice,Saturday,Cloudy,None,56
2024-01-13,Noodle Soup,Saturday,Cloudy,None,42
2024-01-13,Vegetarian Bowl,Saturday,Cloudy,None,29
2024-01-14,Chicken Rice,Sunday,Cloudy,None,55
2024-01-14,Curry Rice,Sunday,Cloudy,None,37
2024-01-14,Fried Rice,Sunday,Cloudy,None,49
2024-01-14,Noodle Soup,Sunday,Cloudy,None,40
2024-01-14,Vegetarian Bowl,Sunday,Cloudy,None,22
2024-01-15,Chicken Rice,Monday,Sunny,Holiday,71
2024-01-15,Curry Rice,Monday,Sunny,Holiday,48
2024-01-15,Fried Rice,Monday,Sunny,Holiday,68
2024-01-15,Noodle Soup,Monday,Sunny,Holiday,54
2024-01-15,Vegetarian Bowl,Monday,Sunny,Holiday,45
2024-01-16,Chicken Rice,Tuesday,Cloudy,None,128
2024-01-16,Curry Rice,Tuesday,Cloudy,None,91
2024-01-16,Fried Rice,Tuesday,Cloudy,None,110
2024-01-16,Noodle Soup,Tuesday,Cloudy,None,95
2024-01-16,Vegetarian Bowl,Tuesday,Cloudy,None,65
2024-01-17,Chicken Rice,Wednesday,Hot,None,113
2024-01-17,Curry Rice,Wednesday,Hot,None,87
2024-01-17,Fried Rice,Wednesday,Hot,None,106
2024-01-17,Noodle Soup,Wednesday,Hot,None,81
2024-01-17,Vegetarian Bowl,Wednesday,Hot,None,52
2024-01-18,Chicken Rice,Thursday,Sunny,None,118
2024-01-18,Curry Rice,Thursday,Sunny,None,91
2024-01-18,Fried Rice,Thursday,Sunny,None,96
2024-01-18,Noodle Soup,Thursday,Sunny,None,98
2024-01-18,Vegetarian Bowl,Thursday,Sunny,None,56
2024-01-19,Chicken Rice,Friday,Cloudy,None,90
2024-01-19,Curry Rice,Friday,Cloudy,None,76
2024-01-19,Fried Rice,Friday,Cloudy,None,90
2024-01-19,Noodle Soup,Friday,Cloudy,None,89
2024-01-19,Vegetarian Bowl,Friday,Cloudy,None,57
2024-01-20,Chicken Rice,Saturday,Hot,None,59
2024-01-20,Curry Rice,Saturday,Hot,None,34
2024-01-20,Fried Rice,Saturday,Hot,None,46
2024-01-20,Noodle Soup,Saturday,Hot,None,41
2024-01-20,Vegetarian Bowl,Saturday,Hot,None,26
2024-01-21,Chicken Rice,Sunday,Cloudy,None,50
2024-01-21,Curry Rice,Sunday,Cloudy,None,40
2024-01-21,Fried Rice,Sunday,Cloudy,None,44
2024-01-21,Noodle Soup,Sunday,Cloudy,None,37
2024-01-21,Vegetarian Bowl,Sunday,Cloudy,None,22
2024-01-22,Chicken Rice,Monday,Cloudy,Holiday,70
2024-01-22,Curry Rice,Monday,Cloudy,Holiday,50
2024-01-22,Fried Rice,Monday,Cloudy,Holiday,62
2024-01-22,Noodle Soup,Monday,Cloudy,Holiday,52
2024-01-22,Vegetarian Bowl,Monday,Cloudy,Holiday,33
2024-01-23,Chicken Rice,Tuesday,Sunny,None,114
2024-01-23,Curry Rice,Tuesday,Sunny,None,83
2024-01-23,Fried Rice,Tuesday,Sunny,None,137
2024-01-23,Noodle Soup,Tuesday,Sunny,None,95
2024-01-23,Vegetarian Bowl,Tuesday,Sunny,None,60
2024-01-24,Chicken Rice,Wednesday,Sunny,None,143
2024-01-24,Curry Rice,Wednesday,Sunny,None,76
2024-01-24,Fried Rice,Wednesday,Sunny,None,113
2024-01-24,Noodle Soup,Wednesday,Sunny,None,88
2024-01-24,Vegetarian Bowl,Wednesday,Sunny,None,60
2024-01-25,Chicken Rice,Thursday,Cloudy,None,120
2024-01-25,Curry Rice,Thursday,Cloudy,None,83
2024-01-25,Fried Rice,Thursday,Cloudy,None,113
2024-01-25,Noodle Soup,Thursday,Cloudy,None,88
2024-01-25,Vegetarian Bowl,Thursday,Cloudy,None,57
2024-01-26,Chicken Rice,Friday,Rain,None,107
2024-01-26,Curry Rice,Friday,Rain,None,65
2024-01-26,Fried Rice,Friday,Rain,None,89
2024-01-26,Noodle Soup,Friday,Rain,None,72
2024-01-26,Vegetarian Bowl,Friday,Rain,None,47
2024-01-27,Chicken Rice,Saturday,Hot,None,50
2024-01-27,Curry Rice,Saturday,Hot,None,39
2024-01-27,Fried Rice,Saturday,Hot,None,48
2024-01-27,Noodle Soup,Saturday,Hot,None,41
2024-01-27,Vegetarian Bowl,Saturday,Hot,None,29
2024-01-28,Chicken Rice,Sunday,Cloudy,None,45
2024-01-28,Curry Rice,Sunday,Cloudy,None,37
2024-01-28,Fried Rice,Sunday,Cloudy,None,50
2024-01-28,Noodle Soup,Sunday,Cloudy,None,43
2024-01-28,Vegetarian Bowl,Sunday,Cloudy,None,25
2024-01-29,Chicken Rice,Monday,Hot,None,130
2024-01-29,Curry Rice,Monday,Hot,None,92
2024-01-29,Fried Rice,Monday,Hot,None,126
2024-01-29,Noodle Soup,Monday,Hot,None,91
2024-01-29,Vegetarian Bowl,Monday,Hot,None,53
2024-01-30,Chicken Rice,Tuesday,Sunny,Exam Week,175
2024-01-30,Curry Rice,Tuesday,Sunny,Exam Week,113
2024-01-30,Fried Rice,Tuesday,Sunny,Exam Week,122
2024-01-30,Noodle Soup,Tuesday,Sunny,Exam Week,134
2024-01-30,Vegetarian Bowl,Tuesday,Sunny,Exam Week,63
2024-01-31,Chicken Rice,Wednesday,Sunny,None,136
2024-01-31,Curry Rice,Wednesday,Sunny,None,90
2024-01-31,Fried Rice,Wednesday,Sunny,None,96
2024-01-31,Noodle Soup,Wednesday,Sunny,None,86
2024-01-31,Vegetarian Bowl,Wednesday,Sunny,None,64
2024-02-01,Chicken Rice,Thursday,Rain,Sports Day,120
2024-02-01,Curry Rice,Thursday,Rain,Sports Day,79
2024-02-01,Fried Rice,Thursday,Rain,Sports Day,117
2024-02-01,Noodle Soup,Thursday,Rain,Sports Day,89
2024-02-01,Vegetarian Bowl,Thursday,Rain,Sports Day,59
2024-02-02,Chicken Rice,Friday,Rain,None,99
2024-02-02,Curry Rice,Friday,Rain,None,62
2024-02-02,Fried Rice,Friday,Rain,None,82
2024-02-02,Noodle Soup,Friday,Rain,None,69
2024-02-02,Vegetarian Bowl,Friday,Rain,None,43
2024-02-03,Chicken Rice,Saturday,Hot,None,54
2024-02-03,Curry Rice,Saturday,Hot,None,40
2024-02-03,Fried Rice,Saturday,Hot,None,57
2024-02-03,Noodle Soup,Saturday,Hot,None,42
2024-02-03,Vegetarian Bowl,Saturday,Hot,None,23
2024-02-04,Chicken Rice,Sunday,Cloudy,None,44
2024-02-04,Curry Rice,Sunday,Cloudy,None,36
2024-02-04,Fried Rice,Sunday,Cloudy,None,49
2024-02-04,Noodle Soup,Sunday,Cloudy,None,38
2024-02-04,Vegetarian Bowl,Sunday,Cloudy,None,25
2024-02-05,Chicken Rice,Monday,Rain,Exam Week,131
2024-02-05,Curry Rice,Monday,Rain,Exam Week,70
2024-02-05,Fried Rice,Monday,Rain,Exam Week,113
2024-02-05,Noodle Soup,Monday,Rain,Exam Week,85
2024-02-05,Vegetarian Bowl,Monday,Rain,Exam Week,55
2024-02-06,Chicken Rice,Tuesday,Cloudy,None,123
2024-02-06,Curry Rice,Tuesday,Cloudy,None,88
2024-02-06,Fried Rice,Tuesday,Cloudy,None,103
2024-02-06,Noodle Soup,Tuesday,Cloudy,None,87
2024-02-06,Vegetarian Bowl,Tuesday,Cloudy,None,68
2024-02-07,Chicken Rice,Wednesday,Sunny,None,126
2024-02-07,Curry Rice,Wednesday,Sunny,None,81
2024-02-07,Fried Rice,Wednesday,Sunny,None,121
2024-02-07,Noodle Soup,Wednesday,Sunny,None,107
2024-02-07,Vegetarian Bowl,Wednesday,Sunny,None,64
2024-02-08,Chicken Rice,Thursday,Rain,None,118
2024-02-08,Curry Rice,Thursday,Rain,None,67
2024-02-08,Fried Rice,Thursday,Rain,None,97
2024-02-08,Noodle Soup,Thursday,Rain,None,75
2024-02-08,Vegetarian Bowl,Thursday,Rain,None,53
2024-02-09,Chicken Rice,Friday,Sunny,None,106
2024-02-09,Curry Rice,Friday,Sunny,None,80
2024-02-09,Fried Rice,Friday,Sunny,None,105
2024-02-09,Noodle Soup,Friday,Sunny,None,94
2024-02-09,Vegetarian Bowl,Friday,Sunny,None,44
2024-02-10,Chicken Rice,Saturday,Cloudy,None,50
2024-02-10,Curry Rice,Saturday,Cloudy,None,40
2024-02-10,Fried Rice,Saturday,Cloudy,None,50
2024-02-10,Noodle Soup,Saturday,Cloudy,None,43
2024-02-10,Vegetarian Bowl,Saturday,Cloudy,None,31
2024-02-11,Chicken Rice,Sunday,Sunny,None,50
2024-02-11,Curry Rice,Sunday,Sunny,None,41
2024-02-11,Fried Rice,Sunday,Sunny,None,41
2024-02-11,Noodle Soup,Sunday,Sunny,None,40
2024-02-11,Vegetarian Bowl,Sunday,Sunny,None,30
2024-02-12,Chicken Rice,Monday,Rain,None,116
2024-02-12,Curry Rice,Monday,Rain,None,81
2024-02-12,Fried Rice,Monday,Rain,None,103
2024-02-12,Noodle Soup,Monday,Rain,None,92
2024-02-12,Vegetarian Bowl,Monday,Rain,None,56
2024-02-13,Chicken Rice,Tuesday,Rain,None,110
2024-02-13,Curry Rice,Tuesday,Rain,None,82
2024-02-13,Fried Rice,Tuesday,Rain,None,95
2024-02-13,Noodle Soup,Tuesday,Rain,None,83
2024-02-13,Vegetarian Bowl,Tuesday,Rain,None,64
2024-02-14,Chicken Rice,Wednesday,Cloudy,None,109
2024-02-14,Curry Rice,Wednesday,Cloudy,None,83
2024-02-14,Fried Rice,Wednesday,Cloudy,None,119
2024-02-14,Noodle Soup,Wednesday,Cloudy,None,94
2024-02-14,Vegetarian Bowl,Wednesday,Cloudy,None,58
2024-02-15,Chicken Rice,Thursday,Sunny,None,108
2024-02-15,Curry Rice,Thursday,Sunny,None,82
2024-02-15,Fried Rice,Thursday,Sunny,None,106
2024-02-15,Noodle Soup,Thursday,Sunny,None,97
2024-02-15,Vegetarian Bowl,Thursday,Sunny,None,68
2024-02-16,Chicken Rice,Friday,Sunny,None,127
2024-02-16,Curry Rice,Friday,Sunny,None,79
2024-02-16,Fried Rice,Friday,Sunny,None,96
2024-02-16,Noodle Soup,Friday,Sunny,None,85
2024-02-16,Vegetarian Bowl,Friday,Sunny,None,56
2024-02-17,Chicken Rice,Saturday,Sunny,Sports Day,84
2024-02-17,Curry Rice,Saturday,Sunny,Sports Day,51
2024-02-17,Fried Rice,Saturday,Sunny,Sports Day,63
2024-02-17,Noodle Soup,Saturday,Sunny,Sports Day,54
2024-02-17,Vegetarian Bowl,Saturday,Sunny,Sports Day,32
2024-02-18,Chicken Rice,Sunday,Sunny,None,59
2024-02-18,Curry Rice,Sunday,Sunny,None,38
2024-02-18,Fried Rice,Sunday,Sunny,None,53
2024-02-18,Noodle Soup,Sunday,Sunny,None,39
2024-02-18,Vegetarian Bowl,Sunday,Sunny,None,30
2024-02-19,Chicken Rice,Monday,Hot,None,117
2024-02-19,Curry Rice,Monday,Hot,None,97
2024-02-19,Fried Rice,Monday,Hot,None,97
2024-02-19,Noodle Soup,Monday,Hot,None,90
2024-02-19,Vegetarian Bowl,Monday,Hot,None,60
2024-02-20,Chicken Rice,Tuesday,Sunny,Exam Week,137
2024-02-20,Curry Rice,Tuesday,Sunny,Exam Week,107
2024-02-20,Fried Rice,Tuesday,Sunny,Exam Week,139
2024-02-20,Noodle Soup,Tuesday,Sunny,Exam Week,112
2024-02-20,Vegetarian Bowl,Tuesday,Sunny,Exam Week,73
2024-02-21,Chicken Rice,Wednesday,Sunny,None,126
2024-02-21,Curry Rice,Wednesday,Sunny,None,106
2024-02-21,Fried Rice,Wednesday,Sunny,None,115
2024-02-21,Noodle Soup,Wednesday,Sunny,None,102
2024-02-21,Vegetarian Bowl,Wednesday,Sunny,None,66
2024-02-22,Chicken Rice,Thursday,Sunny,None,107
2024-02-22,Curry Rice,Thursday,Sunny,None,95
2024-02-22,Fried Rice,Thursday,Sunny,None,96
2024-02-22,Noodle Soup,Thursday,Sunny,None,102
2024-02-22,Vegetarian Bowl,Thursday,Sunny,None,55
2024-02-23,Chicken Rice,Friday,Sunny,None,95
2024-02-23,Curry Rice,Friday,Sunny,None,96
2024-02-23,Fried Rice,Friday,Sunny,None,96
2024-02-23,Noodle Soup,Friday,Sunny,None,85
2024-02-23,Vegetarian Bowl,Friday,Sunny,None,59
2024-02-24,Chicken Rice,Saturday,Sunny,None,52
2024-02-24,Curry Rice,Saturday,Sunny,None,41
2024-02-24,Fried Rice,Saturday,Sunny,None,52
2024-02-24,Noodle Soup,Saturday,Sunny,None,46
2024-02-24,Vegetarian Bowl,Saturday,Sunny,None,26
2024-02-25,Chicken Rice,Sunday,Rain,Exam Week,57
2024-02-25,Curry Rice,Sunday,Rain,Exam Week,37
2024-02-25,Fried Rice,Sunday,Rain,Exam Week,46
2024-02-25,Noodle Soup,Sunday,Rain,Exam Week,46
2024-02-25,Vegetarian Bowl,Sunday,Rain,Exam Week,27
2024-02-26,Chicken Rice,Monday,Sunny,Sports Day,144
2024-02-26,Curry Rice,Monday,Sunny,Sports Day,117
2024-02-26,Fried Rice,Monday,Sunny,Sports Day,159
2024-02-26,Noodle Soup,Monday,Sunny,Sports Day,112
2024-02-26,Vegetarian Bowl,Monday,Sunny,Sports Day,79
2024-02-27,Chicken Rice,Tuesday,Sunny,Holiday,66
2024-02-27,Curry Rice,Tuesday,Sunny,Holiday,55
2024-02-27,Fried Rice,Tuesday,Sunny,Holiday,67
2024-02-27,Noodle Soup,Tuesday,Sunny,Holiday,57
2024-02-27,Vegetarian Bowl,Tuesday,Sunny,Holiday,34
2024-02-28,Chicken Rice,Wednesday,Cloudy,Holiday,61
2024-02-28,Curry Rice,Wednesday,Cloudy,Holiday,53
2024-02-28,Fried Rice,Wednesday,Cloudy,Holiday,63
2024-02-28,Noodle Soup,Wednesday,Cloudy,Holiday,56
2024-02-28,Vegetarian Bowl,Wednesday,Cloudy,Holiday,28
2024-02-29,Chicken Rice,Thursday,Rain,None,103
2024-02-29,Curry Rice,Thursday,Rain,None,75
2024-02-29,Fried Rice,Thursday,Rain,None,89
2024-02-29,Noodle Soup,Thursday,Rain,None,82
2024-02-29,Vegetarian Bowl,Thursday,Rain,None,67
2024-03-01,Chicken Rice,Friday,Hot,None,101
2024-03-01,Curry Rice,Friday,Hot,None,63
2024-03-01,Fried Rice,Friday,Hot,None,88
2024-03-01,Noodle Soup,Friday,Hot,None,68
2024-03-01,Vegetarian Bowl,Friday,Hot,None,54
2024-03-02,Chicken Rice,Saturday,Cloudy,None,50
2024-03-02,Curry Rice,Saturday,Cloudy,None,37
2024-03-02,Fried Rice,Saturday,Cloudy,None,49
2024-03-02,Noodle Soup,Saturday,Cloudy,None,42
2024-03-02,Vegetarian Bowl,Saturday,Cloudy,None,27
2024-03-03,Chicken Rice,Sunday,Sunny,None,48
2024-03-03,Curry Rice,Sunday,Sunny,None,33
2024-03-03,Fried Rice,Sunday,Sunny,None,48
2024-03-03,Noodle Soup,Sunday,Sunny,None,37
2024-03-03,Vegetarian Bowl,Sunday,Sunny,None,29
2024-03-04,Chicken Rice,Monday,Rain,None,105
2024-03-04,Curry Rice,Monday,Rain,None,76
2024-03-04,Fried Rice,Monday,Rain,None,100
2024-03-04,Noodle Soup,Monday,Rain,None,98
2024-03-04,Vegetarian Bowl,Monday,Rain,None,66
2024-03-05,Chicken Rice,Tuesday,Rain,None,103
2024-03-05,Curry Rice,Tuesday,Rain,None,78
2024-03-05,Fried Rice,Tuesday,Rain,None,100
2024-03-05,Noodle Soup,Tuesday,Rain,None,92
2024-03-05,Vegetarian Bowl,Tuesday,Rain,None,58
2024-03-06,Chicken Rice,Wednesday,Cloudy,None,121
2024-03-06,Curry Rice,Wednesday,Cloudy,None,73
2024-03-06,Fried Rice,Wednesday,Cloudy,None,101
2024-03-06,Noodle Soup,Wednesday,Cloudy,None,104
2024-03-06,Vegetarian Bowl,Wednesday,Cloudy,None,60
2024-03-07,Chicken Rice,Thursday,Rain,None,91
2024-03-07,Curry Rice,Thursday,Rain,None,69
2024-03-07,Fried Rice,Thursday,Rain,None,108
2024-03-07,Noodle Soup,Thursday,Rain,None,84
2024-03-07,Vegetarian Bowl,Thursday,Rain,None,47
2024-03-08,Chicken Rice,Friday,Rain,None,98
2024-03-08,Curry Rice,Friday,Rain,None,63
2024-03-08,Fried Rice,Friday,Rain,None,82
2024-03-08,Noodle Soup,Friday,Rain,None,70
2024-03-08,Vegetarian Bowl,Friday,Rain,None,50
2024-03-09,Chicken Rice,Saturday,Cloudy,Holiday,26
2024-03-09,Curry Rice,Saturday,Cloudy,Holiday,21
2024-03-09,Fried Rice,Saturday,Cloudy,Holiday,24
2024-03-09,Noodle Soup,Saturday,Cloudy,Holiday,22
2024-03-09,Vegetarian Bowl,Saturday,Cloudy,Holiday,18
2024-03-10,Chicken Rice,Sunday,Rain,None,46
2024-03-10,Curry Rice,Sunday,Rain,None,28
2024-03-10,Fried Rice,Sunday,Rain,None,49
2024-03-10,Noodle Soup,Sunday,Rain,None,36
2024-03-10,Vegetarian Bowl,Sunday,Rain,None,21
2024-03-11,Chicken Rice,Monday,Rain,None,105
2024-03-11,Curry Rice,Monday,Rain,None,74
2024-03-11,Fried Rice,Monday,Rain,None,112
2024-03-11,Noodle Soup,Monday,Rain,None,80
2024-03-11,Vegetarian Bowl,Monday,Rain,None,62
2024-03-12,Chicken Rice,Tuesday,Cloudy,None,139
2024-03-12,Curry Rice,Tuesday,Cloudy,None,95
2024-03-12,Fried Rice,Tuesday,Cloudy,None,118
2024-03-12,Noodle Soup,Tuesday,Cloudy,None,75
2024-03-12,Vegetarian Bowl,Tuesday,Cloudy,None,56
2024-03-13,Chicken Rice,Wednesday,Rain,None,94
2024-03-13,Curry Rice,Wednesday,Rain,None,74
2024-03-13,Fried Rice,Wednesday,Rain,None,112
2024-03-13,Noodle Soup,Wednesday,Rain,None,78
2024-03-13,Vegetarian Bowl,Wednesday,Rain,None,58
2024-03-14,Chicken Rice,Thursday,Rain,None,103
2024-03-14,Curry Rice,Thursday,Rain,None,68
2024-03-14,Fried Rice,Thursday,Rain,None,97
2024-03-14,Noodle Soup,Thursday,Rain,None,84
2024-03-14,Vegetarian Bowl,Thursday,Rain,None,53
2024-03-15,Chicken Rice,Friday,Cloudy,None,119
2024-03-15,Curry Rice,Friday,Cloudy,None,74
2024-03-15,Fried Rice,Friday,Cloudy,None,96
2024-03-15,Noodle Soup,Friday,Cloudy,None,99
2024-03-15,Vegetarian Bowl,Friday,Cloudy,None,49
2024-03-16,Chicken Rice,Saturday,Sunny,None,58
2024-03-16,Curry Rice,Saturday,Sunny,None,42
2024-03-16,Fried Rice,Saturday,Sunny,None,56
2024-03-16,Noodle Soup,Saturday,Sunny,None,42
2024-03-16,Vegetarian Bowl,Saturday,Sunny,None,29
2024-03-17,Chicken Rice,Sunday,Rain,None,42
2024-03-17,Curry Rice,Sunday,Rain,None,32
2024-03-17,Fried Rice,Sunday,Rain,None,40
2024-03-17,Noodle Soup,Sunday,Rain,None,35
2024-03-17,Vegetarian Bowl,Sunday,Rain,None,23
2024-03-18,Chicken Rice,Monday,Cloudy,None,113
2024-03-18,Curry Rice,Monday,Cloudy,None,91
2024-03-18,Fried Rice,Monday,Cloudy,None,114
2024-03-18,Noodle Soup,Monday,Cloudy,None,95
2024-03-18,Vegetarian Bowl,Monday,Cloudy,None,53
2024-03-19,Chicken Rice,Tuesday,Sunny,None,124
2024-03-19,Curry Rice,Tuesday,Sunny,None,87
2024-03-19,Fried Rice,Tuesday,Sunny,None,108
2024-03-19,Noodle Soup,Tuesday,Sunny,None,98
2024-03-19,Vegetarian Bowl,Tuesday,Sunny,None,63
2024-03-20,Chicken Rice,Wednesday,Sunny,None,129
2024-03-20,Curry Rice,Wednesday,Sunny,None,94
2024-03-20,Fried Rice,Wednesday,Sunny,None,114
2024-03-20,Noodle Soup,Wednesday,Sunny,None,101
2024-03-20,Vegetarian Bowl,Wednesday,Sunny,None,61
2024-03-21,Chicken Rice,Thursday,Cloudy,None,121
2024-03-21,Curry Rice,Thursday,Cloudy,None,82
2024-03-21,Fried Rice,Thursday,Cloudy,None,113
2024-03-21,Noodle Soup,Thursday,Cloudy,None,96
2024-03-21,Vegetarian Bowl,Thursday,Cloudy,None,56
2024-03-22,Chicken Rice,Friday,Rain,None,97
2024-03-22,Curry Rice,Friday,Rain,None,74
2024-03-22,Fried Rice,Friday,Rain,None,91
2024-03-22,Noodle Soup,Friday,Rain,None,66
2024-03-22,Vegetarian Bowl,Friday,Rain,None,53
2024-03-23,Chicken Rice,Saturday,Rain,None,54
2024-03-23,Curry Rice,Saturday,Rain,None,31
2024-03-23,Fried Rice,Saturday,Rain,None,36
2024-03-23,Noodle Soup,Saturday,Rain,None,39
2024-03-23,Vegetarian Bowl,Saturday,Rain,None,26
2024-03-24,Chicken Rice,Sunday,Cloudy,None,57
2024-03-24,Curry Rice,Sunday,Cloudy,None,41
2024-03-24,Fried Rice,Sunday,Cloudy,None,47
2024-03-24,Noodle Soup,Sunday,Cloudy,None,39
2024-03-24,Vegetarian Bowl,Sunday,Cloudy,None,29
2024-03-25,Chicken Rice,Monday,Cloudy,None,114
2024-03-25,Curry Rice,Monday,Cloudy,None,91
2024-03-25,Fried Rice,Monday,Cloudy,None,121
2024-03-25,Noodle Soup,Monday,Cloudy,None,95
2024-03-25,Vegetarian Bowl,Monday,Cloudy,None,66
2024-03-26,Chicken Rice,Tuesday,Sunny,None,128
2024-03-26,Curry Rice,Tuesday,Sunny,None,94
2024-03-26,Fried Rice,Tuesday,Sunny,None,124
2024-03-26,Noodle Soup,Tuesday,Sunny,None,109
2024-03-26,Vegetarian Bowl,Tuesday,Sunny,None,71
2024-03-27,Chicken Rice,Wednesday,Sunny,Sports Day,139
2024-03-27,Curry Rice,Wednesday,Sunny,Sports Day,111
2024-03-27,Fried Rice,Wednesday,Sunny,Sports Day,147
2024-03-27,Noodle Soup,Wednesday,Sunny,Sports Day,104
2024-03-27,Vegetarian Bowl,Wednesday,Sunny,Sports Day,76
2024-03-28,Chicken Rice,Thursday,Sunny,None,118
2024-03-28,Curry Rice,Thursday,Sunny,None,96
2024-03-28,Fried Rice,Thursday,Sunny,None,93
2024-03-28,Noodle Soup,Thursday,Sunny,None,91
2024-03-28,Vegetarian Bowl,Thursday,Sunny,None,61
2024-03-29,Chicken Rice,Friday,Sunny,None,111
2024-03-29,Curry Rice,Friday,Sunny,None,82
2024-03-29,Fried Rice,Friday,Sunny,None,79
2024-03-29,Noodle Soup,Friday,Sunny,None,94
2024-03-29,Vegetarian Bowl,Friday,Sunny,None,55
2024-03-30,Chicken Rice,Saturday,Cloudy,Exam Week,70
2024-03-30,Curry Rice,Saturday,Cloudy,Exam Week,43
2024-03-30,Fried Rice,Saturday,Cloudy,Exam Week,60
2024-03-30,Noodle Soup,Saturday,Cloudy,Exam Week,52
2024-03-30,Vegetarian Bowl,Saturday,Cloudy,Exam Week,34
2024-03-31,Chicken Rice,Sunday,Cloudy,None,60
2024-03-31,Curry Rice,Sunday,Cloudy,None,40
2024-03-31,Fried Rice,Sunday,Cloudy,None,46
2024-03-31,Noodle Soup,Sunday,Cloudy,None,39
2024-03-31,Vegetarian Bowl,Sunday,Cloudy,None,26
2024-04-01,Chicken Rice,Monday,Cloudy,None,117
2024-04-01,Curry Rice,Monday,Cloudy,None,99
2024-04-01,Fried Rice,Monday,Cloudy,None,115
2024-04-01,Noodle Soup,Monday,Cloudy,None,99
2024-04-01,Vegetarian Bowl,Monday,Cloudy,None,68
2024-04-02,Chicken Rice,Tuesday,Sunny,None,132
2024-04-02,Curry Rice,Tuesday,Sunny,None,95
2024-04-02,Fried Rice,Tuesday,Sunny,None,103
2024-04-02,Noodle Soup,Tuesday,Sunny,None,96
2024-04-02,Vegetarian Bowl,Tuesday,Sunny,None,71
2024-04-03,Chicken Rice,Wednesday,Sunny,None,138
2024-04-03,Curry Rice,Wednesday,Sunny,None,83
2024-04-03,Fried Rice,Wednesday,Sunny,None,127
2024-04-03,Noodle Soup,Wednesday,Sunny,None,98
2024-04-03,Vegetarian Bowl,Wednesday,Sunny,None,58
2024-04-04,Chicken Rice,Thursday,Sunny,None,133
2024-04-04,Curry Rice,Thursday,Sunny,None,86
2024-04-04,Fried Rice,Thursday,Sunny,None,105
2024-04-04,Noodle Soup,Thursday,Sunny,None,101
2024-04-04,Vegetarian Bowl,Thursday,Sunny,None,63
2024-04-05,Chicken Rice,Friday,Sunny,Sports Day,146
2024-04-05,Curry Rice,Friday,Sunny,Sports Day,116
2024-04-05,Fried Rice,Friday,Sunny,Sports Day,118
2024-04-05,Noodle Soup,Friday,Sunny,Sports Day,100
2024-04-05,Vegetarian Bowl,Friday,Sunny,Sports Day,75
2024-04-06,Chicken Rice,Saturday,Rain,None,51
2024-04-06,Curry Rice,Saturday,Rain,None,36
2024-04-06,Fried Rice,Saturday,Rain,None,45
2024-04-06,Noodle Soup,Saturday,Rain,None,45
2024-04-06,Vegetarian Bowl,Saturday,Rain,None,23
2024-04-07,Chicken Rice,Sunday,Rain,None,39
2024-04-07,Curry Rice,Sunday,Rain,None,32
2024-04-07,Fried Rice,Sunday,Rain,None,44
2024-04-07,Noodle Soup,Sunday,Rain,None,32
2024-04-07,Vegetarian Bowl,Sunday,Rain,None,21
2024-04-08,Chicken Rice,Monday,Sunny,None,130
2024-04-08,Curry Rice,Monday,Sunny,None,86
2024-04-08,Fried Rice,Monday,Sunny,None,113
2024-04-08,Noodle Soup,Monday,Sunny,None,111
2024-04-08,Vegetarian Bowl,Monday,Sunny,None,65
2024-04-09,Chicken Rice,Tuesday,Cloudy,None,115
2024-04-09,Curry Rice,Tuesday,Cloudy,None,75
2024-04-09,Fried Rice,Tuesday,Cloudy,None,110
2024-04-09,Noodle Soup,Tuesday,Cloudy,None,94
2024-04-09,Vegetarian Bowl,Tuesday,Cloudy,None,65
2024-04-10,Chicken Rice,Wednesday,Cloudy,None,151
2024-04-10,Curry Rice,Wednesday,Cloudy,None,102
2024-04-10,Fried Rice,Wednesday,Cloudy,None,109
2024-04-10,Noodle Soup,Wednesday,Cloudy,None,104
2024-04-10,Vegetarian Bowl,Wednesday,Cloudy,None,64
2024-04-11,Chicken Rice,Thursday,Cloudy,None,132
2024-04-11,Curry Rice,Thursday,Cloudy,None,100
2024-04-11,Fried Rice,Thursday,Cloudy,None,116
2024-04-11,Noodle Soup,Thursday,Cloudy,None,98
2024-04-11,Vegetarian Bowl,Thursday,Cloudy,None,57
2024-04-12,Chicken Rice,Friday,Rain,Sports Day,122
2024-04-12,Curry Rice,Friday,Rain,Sports Day,85
2024-04-12,Fried Rice,Friday,Rain,Sports Day,112
2024-04-12,Noodle Soup,Friday,Rain,Sports Day,76
2024-04-12,Vegetarian Bowl,Friday,Rain,Sports Day,57
2024-04-13,Chicken Rice,Saturday,Sunny,None,50
2024-04-13,Curry Rice,Saturday,Sunny,None,39
2024-04-13,Fried Rice,Saturday,Sunny,None,50
2024-04-13,Noodle Soup,Saturday,Sunny,None,47
2024-04-13,Vegetarian Bowl,Saturday,Sunny,None,28
2024-04-14,Chicken Rice,Sunday,Cloudy,None,56
2024-04-14,Curry Rice,Sunday,Cloudy,None,36
2024-04-14,Fried Rice,Sunday,Cloudy,None,51
2024-04-14,Noodle Soup,Sunday,Cloudy,None,41
2024-04-14,Vegetarian Bowl,Sunday,Cloudy,None,30
2024-04-15,Chicken Rice,Monday,Sunny,Exam Week,138
2024-04-15,Curry Rice,Monday,Sunny,Exam Week,112
2024-04-15,Fried Rice,Monday,Sunny,Exam Week,142
2024-04-15,Noodle Soup,Monday,Sunny,Exam Week,116
2024-04-15,Vegetarian Bowl,Monday,Sunny,Exam Week,64
2024-04-16,Chicken Rice,Tuesday,Cloudy,None,121
2024-04-16,Curry Rice,Tuesday,Cloudy,None,82
2024-04-16,Fried Rice,Tuesday,Cloudy,None,111
2024-04-16,Noodle Soup,Tuesday,Cloudy,None,94
2024-04-16,Vegetarian Bowl,Tuesday,Cloudy,None,58
2024-04-17,Chicken Rice,Wednesday,Sunny,None,149
2024-04-17,Curry Rice,Wednesday,Sunny,None,84
2024-04-17,Fried Rice,Wednesday,Sunny,None,130
2024-04-17,Noodle Soup,Wednesday,Sunny,None,119
2024-04-17,Vegetarian Bowl,Wednesday,Sunny,None,67
2024-04-18,Chicken Rice,Thursday,Sunny,None,124
2024-04-18,Curry Rice,Thursday,Sunny,None,88
2024-04-18,Fried Rice,Thursday,Sunny,None,115
2024-04-18,Noodle Soup,Thursday,Sunny,None,96
2024-04-18,Vegetarian Bowl,Thursday,Sunny,None,60
2024-04-19,Chicken Rice,Friday,Hot,None,122
2024-04-19,Curry Rice,Friday,Hot,None,75
2024-04-19,Fried Rice,Friday,Hot,None,89
2024-04-19,Noodle Soup,Friday,Hot,None,78
2024-04-19,Vegetarian Bowl,Friday,Hot,None,52
2024-04-20,Chicken Rice,Saturday,Hot,None,56
2024-04-20,Curry Rice,Saturday,Hot,None,35
2024-04-20,Fried Rice,Saturday,Hot,None,48
2024-04-20,Noodle Soup,Saturday,Hot,None,42
2024-04-20,Vegetarian Bowl,Saturday,Hot,None,30
2024-04-21,Chicken Rice,Sunday,Sunny,Sports Day,73
2024-04-21,Curry Rice,Sunday,Sunny,Sports Day,48
2024-04-21,Fried Rice,Sunday,Sunny,Sports Day,55
2024-04-21,Noodle Soup,Sunday,Sunny,Sports Day,43
2024-04-21,Vegetarian Bowl,Sunday,Sunny,Sports Day,31
2024-04-22,Chicken Rice,Monday,Hot,None,104
2024-04-22,Curry Rice,Monday,Hot,None,89
2024-04-22,Fried Rice,Monday,Hot,None,107
2024-04-22,Noodle Soup,Monday,Hot,None,101
2024-04-22,Vegetarian Bowl,Monday,Hot,None,56
2024-04-23,Chicken Rice,Tuesday,Rain,Holiday,59
2024-04-23,Curry Rice,Tuesday,Rain,Holiday,44
2024-04-23,Fried Rice,Tuesday,Rain,Holiday,52
2024-04-23,Noodle Soup,Tuesday,Rain,Holiday,42
2024-04-23,Vegetarian Bowl,Tuesday,Rain,Holiday,31
2024-04-24,Chicken Rice,Wednesday,Hot,None,98
2024-04-24,Curry Rice,Wednesday,Hot,None,83
2024-04-24,Fried Rice,Wednesday,Hot,None,95
2024-04-24,Noodle Soup,Wednesday,Hot,None,83
2024-04-24,Vegetarian Bowl,Wednesday,Hot,None,51
2024-04-25,Chicken Rice,Thursday,Cloudy,None,118
2024-04-25,Curry Rice,Thursday,Cloudy,None,87
2024-04-25,Fried Rice,Thursday,Cloudy,None,116
2024-04-25,Noodle Soup,Thursday,Cloudy,None,79
2024-04-25,Vegetarian Bowl,Thursday,Cloudy,None,59
2024-04-26,Chicken Rice,Friday,Sunny,None,111
2024-04-26,Curry Rice,Friday,Sunny,None,81
2024-04-26,Fried Rice,Friday,Sunny,None,106
2024-04-26,Noodle Soup,Friday,Sunny,None,98
2024-04-26,Vegetarian Bowl,Friday,Sunny,None,57
2024-04-27,Chicken Rice,Saturday,Sunny,None,57
2024-04-27,Curry Rice,Saturday,Sunny,None,41
2024-04-27,Fried Rice,Saturday,Sunny,None,47
2024-04-27,Noodle Soup,Saturday,Sunny,None,47
2024-04-27,Vegetarian Bowl,Saturday,Sunny,None,34
2024-04-28,Chicken Rice,Sunday,Sunny,None,52
2024-04-28,Curry Rice,Sunday,Sunny,None,35
2024-04-28,Fried Rice,Sunday,Sunny,None,45
2024-04-28,Noodle Soup,Sunday,Sunny,None,42
2024-04-28,Vegetarian Bowl,Sunday,Sunny,None,27
2024-04-29,Chicken Rice,Monday,Cloudy,None,127
2024-04-29,Curry Rice,Monday,Cloudy,None,86
2024-04-29,Fried Rice,Monday,Cloudy,None,147
2024-04-29,Noodle Soup,Monday,Cloudy,None,110
2024-04-29,Vegetarian Bowl,Monday,Cloudy,None,58
2024-04-30,Chicken Rice,Tuesday,Rain,None,99
2024-04-30,Curry Rice,Tuesday,Rain,None,72
2024-04-30,Fried Rice,Tuesday,Rain,None,101
2024-04-30,Noodle Soup,Tuesday,Rain,None,83
2024-04-30,Vegetarian Bowl,Tuesday,Rain,None,50
2024-05-01,Chicken Rice,Wednesday,Sunny,None,111
2024-05-01,Curry Rice,Wednesday,Sunny,None,76
2024-05-01,Fried Rice,Wednesday,Sunny,None,117
2024-05-01,Noodle Soup,Wednesday,Sunny,None,96
2024-05-01,Vegetarian Bowl,Wednesday,Sunny,None,62
2024-05-02,Chicken Rice,Thursday,Rain,None,112
2024-05-02,Curry Rice,Thursday,Rain,None,72
2024-05-02,Fried Rice,Thursday,Rain,None,90
2024-05-02,Noodle Soup,Thursday,Rain,None,84
2024-05-02,Vegetarian Bowl,Thursday,Rain,None,57
2024-05-03,Chicken Rice,Friday,Sunny,None,126
2024-05-03,Curry Rice,Friday,Sunny,None,85
2024-05-03,Fried Rice,Friday,Sunny,None,113
2024-05-03,Noodle Soup,Friday,Sunny,None,90
2024-05-03,Vegetarian Bowl,Friday,Sunny,None,53
2024-05-04,Chicken Rice,Saturday,Rain,None,62
2024-05-04,Curry Rice,Saturday,Rain,None,36
2024-05-04,Fried Rice,Saturday,Rain,None,44
2024-05-04,Noodle Soup,Saturday,Rain,None,42
2024-05-04,Vegetarian Bowl,Saturday,Rain,None,25
2024-05-05,Chicken Rice,Sunday,Sunny,None,45
2024-05-05,Curry Rice,Sunday,Sunny,None,42
2024-05-05,Fried Rice,Sunday,Sunny,None,49
2024-05-05,Noodle Soup,Sunday,Sunny,None,41
2024-05-05,Vegetarian Bowl,Sunday,Sunny,None,27
2024-05-06,Chicken Rice,Monday,Sunny,Sports Day,146
2024-05-06,Curry Rice,Monday,Sunny,Sports Day,117
2024-05-06,Fried Rice,Monday,Sunny,Sports Day,179
2024-05-06,Noodle Soup,Monday,Sunny,Sports Day,138
2024-05-06,Vegetarian Bowl,Monday,Sunny,Sports Day,87
2024-05-07,Chicken Rice,Tuesday,Cloudy,None,113
2024-05-07,Curry Rice,Tuesday,Cloudy,None,83
2024-05-07,Fried Rice,Tuesday,Cloudy,None,117
2024-05-07,Noodle Soup,Tuesday,Cloudy,None,96
2024-05-07,Vegetarian Bowl,Tuesday,Cloudy,None,65
2024-05-08,Chicken Rice,Wednesday,Cloudy,None,121
2024-05-08,Curry Rice,Wednesday,Cloudy,None,92
2024-05-08,Fried Rice,Wednesday,Cloudy,None,99
2024-05-08,Noodle Soup,Wednesday,Cloudy,None,94
2024-05-08,Vegetarian Bowl,Wednesday,Cloudy,None,60
2024-05-09,Chicken Rice,Thursday,Rain,None,114
2024-05-09,Curry Rice,Thursday,Rain,None,84
2024-05-09,Fried Rice,Thursday,Rain,None,100
2024-05-09,Noodle Soup,Thursday,Rain,None,77
2024-05-09,Vegetarian Bowl,Thursday,Rain,None,49
2024-05-10,Chicken Rice,Friday,Sunny,Exam Week,125
2024-05-10,Curry Rice,Friday,Sunny,Exam Week,104
2024-05-10,Fried Rice,Friday,Sunny,Exam Week,118
2024-05-10,Noodle Soup,Friday,Sunny,Exam Week,108
2024-05-10,Vegetarian Bowl,Friday,Sunny,Exam Week,64
2024-05-11,Chicken Rice,Saturday,Sunny,None,58
2024-05-11,Curry Rice,Saturday,Sunny,None,42
2024-05-11,Fried Rice,Saturday,Sunny,None,54
2024-05-11,Noodle Soup,Saturday,Sunny,None,52
2024-05-11,Vegetarian Bowl,Saturday,Sunny,None,27
2024-05-12,Chicken Rice,Sunday,Hot,None,50
2024-05-12,Curry Rice,Sunday,Hot,None,36
2024-05-12,Fried Rice,Sunday,Hot,None,36
2024-05-12,Noodle Soup,Sunday,Hot,None,36
2024-05-12,Vegetarian Bowl,Sunday,Hot,None,26
2024-05-13,Chicken Rice,Monday,Cloudy,None,140
2024-05-13,Curry Rice,Monday,Cloudy,None,100
2024-05-13,Fried Rice,Monday,Cloudy,None,109
2024-05-13,Noodle Soup,Monday,Cloudy,None,97
2024-05-13,Vegetarian Bowl,Monday,Cloudy,None,63
2024-05-14,Chicken Rice,Tuesday,Cloudy,None,116
2024-05-14,Curry Rice,Tuesday,Cloudy,None,77
2024-05-14,Fried Rice,Tuesday,Cloudy,None,126
2024-05-14,Noodle Soup,Tuesday,Cloudy,None,88
2024-05-14,Vegetarian Bowl,Tuesday,Cloudy,None,61
2024-05-15,Chicken Rice,Wednesday,Sunny,None,140
2024-05-15,Curry Rice,Wednesday,Sunny,None,84
2024-05-15,Fried Rice,Wednesday,Sunny,None,120
2024-05-15,Noodle Soup,Wednesday,Sunny,None,96
2024-05-15,Vegetarian Bowl,Wednesday,Sunny,None,67
2024-05-16,Chicken Rice,Thursday,Sunny,None,119
2024-05-16,Curry Rice,Thursday,Sunny,None,84
2024-05-16,Fried Rice,Thursday,Sunny,None,115
2024-05-16,Noodle Soup,Thursday,Sunny,None,94
2024-05-16,Vegetarian Bowl,Thursday,Sunny,None,63
2024-05-17,Chicken Rice,Friday,Rain,None,97
2024-05-17,Curry Rice,Friday,Rain,None,83
2024-05-17,Fried Rice,Friday,Rain,None,97
2024-05-17,Noodle Soup,Friday,Rain,None,81
2024-05-17,Vegetarian Bowl,Friday,Rain,None,50
2024-05-18,Chicken Rice,Saturday,Sunny,Exam Week,65
2024-05-18,Curry Rice,Saturday,Sunny,Exam Week,43
2024-05-18,Fried Rice,Saturday,Sunny,Exam Week,71
2024-05-18,Noodle Soup,Saturday,Sunny,Exam Week,62
2024-05-18,Vegetarian Bowl,Saturday,Sunny,Exam Week,28
2024-05-19,Chicken Rice,Sunday,Sunny,Exam Week,65
2024-05-19,Curry Rice,Sunday,Sunny,Exam Week,43
2024-05-19,Fried Rice,Sunday,Sunny,Exam Week,58
2024-05-19,Noodle Soup,Sunday,Sunny,Exam Week,48
2024-05-19,Vegetarian Bowl,Sunday,Sunny,Exam Week,32
2024-05-20,Chicken Rice,Monday,Cloudy,None,135
2024-05-20,Curry Rice,Monday,Cloudy,None,83
2024-05-20,Fried Rice,Monday,Cloudy,None,127
2024-05-20,Noodle Soup,Monday,Cloudy,None,92
2024-05-20,Vegetarian Bowl,Monday,Cloudy,None,62
2024-05-21,Chicken Rice,Tuesday,Sunny,Holiday,65
2024-05-21,Curry Rice,Tuesday,Sunny,Holiday,55
2024-05-21,Fried Rice,Tuesday,Sunny,Holiday,65
2024-05-21,Noodle Soup,Tuesday,Sunny,Holiday,49
2024-05-21,Vegetarian Bowl,Tuesday,Sunny,Holiday,37
2024-05-22,Chicken Rice,Wednesday,Cloudy,None,120
2024-05-22,Curry Rice,Wednesday,Cloudy,None,82
2024-05-22,Fried Rice,Wednesday,Cloudy,None,116
2024-05-22,Noodle Soup,Wednesday,Cloudy,None,94
2024-05-22,Vegetarian Bowl,Wednesday,Cloudy,None,66
2024-05-23,Chicken Rice,Thursday,Sunny,None,126
2024-05-23,Curry Rice,Thursday,Sunny,None,92
2024-05-23,Fried Rice,Thursday,Sunny,None,125
2024-05-23,Noodle Soup,Thursday,Sunny,None,91
2024-05-23,Vegetarian Bowl,Thursday,Sunny,None,60
2024-05-24,Chicken Rice,Friday,Sunny,None,115
2024-05-24,Curry Rice,Friday,Sunny,None,92
2024-05-24,Fried Rice,Friday,Sunny,None,122
2024-05-24,Noodle Soup,Friday,Sunny,None,85
2024-05-24,Vegetarian Bowl,Friday,Sunny,None,57
2024-05-25,Chicken Rice,Saturday,Rain,None,48
2024-05-25,Curry Rice,Saturday,Rain,None,34
2024-05-25,Fried Rice,Saturday,Rain,None,46
2024-05-25,Noodle Soup,Saturday,Rain,None,41
2024-05-25,Vegetarian Bowl,Saturday,Rain,None,25
2024-05-26,Chicken Rice,Sunday,Sunny,None,43
2024-05-26,Curry Rice,Sunday,Sunny,None,37
2024-05-26,Fried Rice,Sunday,Sunny,None,45
2024-05-26,Noodle Soup,Sunday,Sunny,None,43
2024-05-26,Vegetarian Bowl,Sunday,Sunny,None,25
2024-05-27,Chicken Rice,Monday,Sunny,None,114
2024-05-27,Curry Rice,Monday,Sunny,None,109
2024-05-27,Fried Rice,Monday,Sunny,None,102
2024-05-27,Noodle Soup,Monday,Sunny,None,96
2024-05-27,Vegetarian Bowl,Monday,Sunny,None,61
2024-05-28,Chicken Rice,Tuesday,Rain,Exam Week,112
2024-05-28,Curry Rice,Tuesday,Rain,Exam Week,94
2024-05-28,Fried Rice,Tuesday,Rain,Exam Week,113
2024-05-28,Noodle Soup,Tuesday,Rain,Exam Week,103
2024-05-28,Vegetarian Bowl,Tuesday,Rain,Exam Week,63
2024-05-29,Chicken Rice,Wednesday,Rain,None,109
2024-05-29,Curry Rice,Wednesday,Rain,None,82
2024-05-29,Fried Rice,Wednesday,Rain,None,104
2024-05-29,Noodle Soup,Wednesday,Rain,None,78
2024-05-29,Vegetarian Bowl,Wednesday,Rain,None,53
2024-05-30,Chicken Rice,Thursday,Sunny,Holiday,57
2024-05-30,Curry Rice,Thursday,Sunny,Holiday,45
2024-05-30,Fried Rice,Thursday,Sunny,Holiday,68
2024-05-30,Noodle Soup,Thursday,Sunny,Holiday,53
2024-05-30,Vegetarian Bowl,Thursday,Sunny,Holiday,33
2024-05-31,Chicken Rice,Friday,Cloudy,None,107
2024-05-31,Curry Rice,Friday,Cloudy,None,69
2024-05-31,Fried Rice,Friday,Cloudy,None,107
2024-05-31,Noodle Soup,Friday,Cloudy,None,104
2024-05-31,Vegetarian Bowl,Friday,Cloudy,None,48
2024-06-01,Chicken Rice,Saturday,Hot,None,48
2024-06-01,Curry Rice,Saturday,Hot,None,36
2024-06-01,Fried Rice,Saturday,Hot,None,52
2024-06-01,Noodle Soup,Saturday,Hot,None,39
2024-06-01,Vegetarian Bowl,Saturday,Hot,None,28
2024-06-02,Chicken Rice,Sunday,Hot,None,44
2024-06-02,Curry Rice,Sunday,Hot,None,35
2024-06-02,Fried Rice,Sunday,Hot,None,46
2024-06-02,Noodle Soup,Sunday,Hot,None,31
2024-06-02,Vegetarian Bowl,Sunday,Hot,None,22
2024-06-03,Chicken Rice,Monday,Cloudy,None,138
2024-06-03,Curry Rice,Monday,Cloudy,None,89
2024-06-03,Fried Rice,Monday,Cloudy,None,109
2024-06-03,Noodle Soup,Monday,Cloudy,None,112
2024-06-03,Vegetarian Bowl,Monday,Cloudy,None,58
2024-06-04,Chicken Rice,Tuesday,Hot,Holiday,57
2024-06-04,Curry Rice,Tuesday,Hot,Holiday,46
2024-06-04,Fried Rice,Tuesday,Hot,Holiday,57
2024-06-04,Noodle Soup,Tuesday,Hot,Holiday,49
2024-06-04,Vegetarian Bowl,Tuesday,Hot,Holiday,32
2024-06-05,Chicken Rice,Wednesday,Hot,None,93
2024-06-05,Curry Rice,Wednesday,Hot,None,82
2024-06-05,Fried Rice,Wednesday,Hot,None,97
2024-06-05,Noodle Soup,Wednesday,Hot,None,89
2024-06-05,Vegetarian Bowl,Wednesday,Hot,None,57
2024-06-06,Chicken Rice,Thursday,Sunny,None,134
2024-06-06,Curry Rice,Thursday,Sunny,None,109
2024-06-06,Fried Rice,Thursday,Sunny,None,108
2024-06-06,Noodle Soup,Thursday,Sunny,None,102
2024-06-06,Vegetarian Bowl,Thursday,Sunny,None,75
2024-06-07,Chicken Rice,Friday,Hot,None,107
2024-06-07,Curry Rice,Friday,Hot,None,69
2024-06-07,Fried Rice,Friday,Hot,None,89
2024-06-07,Noodle Soup,Friday,Hot,None,80
2024-06-07,Vegetarian Bowl,Friday,Hot,None,47
2024-06-08,Chicken Rice,Saturday,Rain,None,48
2024-06-08,Curry Rice,Saturday,Rain,None,32
2024-06-08,Fried Rice,Saturday,Rain,None,41
2024-06-08,Noodle Soup,Saturday,Rain,None,38
2024-06-08,Vegetarian Bowl,Saturday,Rain,None,25
2024-06-09,Chicken Rice,Sunday,Sunny,None,55
2024-06-09,Curry Rice,Sunday,Sunny,None,37
2024-06-09,Fried Rice,Sunday,Sunny,None,50
2024-06-09,Noodle Soup,Sunday,Sunny,None,44
2024-06-09,Vegetarian Bowl,Sunday,Sunny,None,27
2024-06-10,Chicken Rice,Monday,Rain,None,104
2024-06-10,Curry Rice,Monday,Rain,None,78
2024-06-10,Fried Rice,Monday,Rain,None,105
2024-06-10,Noodle Soup,Monday,Rain,None,102
2024-06-10,Vegetarian Bowl,Monday,Rain,None,54
2024-06-11,Chicken Rice,Tuesday,Cloudy,None,136
2024-06-11,Curry Rice,Tuesday,Cloudy,None,72
2024-06-11,Fried Rice,Tuesday,Cloudy,None,91
2024-06-11,Noodle Soup,Tuesday,Cloudy,None,90
2024-06-11,Vegetarian Bowl,Tuesday,Cloudy,None,57
2024-06-12,Chicken Rice,Wednesday,Rain,None,114
2024-06-12,Curry Rice,Wednesday,Rain,None,79
2024-06-12,Fried Rice,Wednesday,Rain,None,92
2024-06-12,Noodle Soup,Wednesday,Rain,None,76
2024-06-12,Vegetarian Bowl,Wednesday,Rain,None,63
2024-06-13,Chicken Rice,Thursday,Sunny,Exam Week,158
2024-06-13,Curry Rice,Thursday,Sunny,Exam Week,105
2024-06-13,Fried Rice,Thursday,Sunny,Exam Week,148
2024-06-13,Noodle Soup,Thursday,Sunny,Exam Week,142
2024-06-13,Vegetarian Bowl,Thursday,Sunny,Exam Week,73
2024-06-14,Chicken Rice,Friday,Rain,None,86
2024-06-14,Curry Rice,Friday,Rain,None,68
2024-06-14,Fried Rice,Friday,Rain,None,80
2024-06-14,Noodle Soup,Friday,Rain,None,76
2024-06-14,Vegetarian Bowl,Friday,Rain,None,47
2024-06-15,Chicken Rice,Saturday,Cloudy,None,51
2024-06-15,Curry Rice,Saturday,Cloudy,None,43
2024-06-15,Fried Rice,Saturday,Cloudy,None,50
2024-06-15,Noodle Soup,Saturday,Cloudy,None,43
2024-06-15,Vegetarian Bowl,Saturday,Cloudy,None,29
2024-06-16,Chicken Rice,Sunday,Sunny,None,46
2024-06-16,Curry Rice,Sunday,Sunny,None,34
2024-06-16,Fried Rice,Sunday,Sunny,None,51
2024-06-16,Noodle Soup,Sunday,Sunny,None,39
2024-06-16,Vegetarian Bowl,Sunday,Sunny,None,27
2024-06-17,Chicken Rice,Monday,Cloudy,None,121
2024-06-17,Curry Rice,Monday,Cloudy,None,104
2024-06-17,Fried Rice,Monday,Cloudy,None,99
2024-06-17,Noodle Soup,Monday,Cloudy,None,98
2024-06-17,Vegetarian Bowl,Monday,Cloudy,None,57
2024-06-18,Chicken Rice,Tuesday,Rain,None,112
2024-06-18,Curry Rice,Tuesday,Rain,None,78
2024-06-18,Fried Rice,Tuesday,Rain,None,94
2024-06-18,Noodle Soup,Tuesday,Rain,None,84
2024-06-18,Vegetarian Bowl,Tuesday,Rain,None,55
2024-06-19,Chicken Rice,Wednesday,Cloudy,Holiday,61
2024-06-19,Curry Rice,Wednesday,Cloudy,Holiday,51
2024-06-19,Fried Rice,Wednesday,Cloudy,Holiday,62
2024-06-19,Noodle Soup,Wednesday,Cloudy,Holiday,50
2024-06-19,Vegetarian Bowl,Wednesday,Cloudy,Holiday,35
2024-06-20,Chicken Rice,Thursday,Rain,Exam Week,137
2024-06-20,Curry Rice,Thursday,Rain,Exam Week,86
2024-06-20,Fried Rice,Thursday,Rain,Exam Week,128
2024-06-20,Noodle Soup,Thursday,Rain,Exam Week,108
2024-06-20,Vegetarian Bowl,Thursday,Rain,Exam Week,61
2024-06-21,Chicken Rice,Friday,Hot,None,101
2024-06-21,Curry Rice,Friday,Hot,None,65
2024-06-21,Fried Rice,Friday,Hot,None,88
2024-06-21,Noodle Soup,Friday,Hot,None,75
2024-06-21,Vegetarian Bowl,Friday,Hot,None,42
2024-06-22,Chicken Rice,Saturday,Sunny,Sports Day,77
2024-06-22,Curry Rice,Saturday,Sunny,Sports Day,52
2024-06-22,Fried Rice,Saturday,Sunny,Sports Day,63
2024-06-22,Noodle Soup,Saturday,Sunny,Sports Day,55
2024-06-22,Vegetarian Bowl,Saturday,Sunny,Sports Day,33
2024-06-23,Chicken Rice,Sunday,Rain,None,48
2024-06-23,Curry Rice,Sunday,Rain,None,30
2024-06-23,Fried Rice,Sunday,Rain,None,41
2024-06-23,Noodle Soup,Sunday,Rain,None,42
2024-06-23,Vegetarian Bowl,Sunday,Rain,None,20
2024-06-24,Chicken Rice,Monday,Hot,None,122
2024-06-24,Curry Rice,Monday,Hot,None,82
2024-06-24,Fried Rice,Monday,Hot,None,116
2024-06-24,Noodle Soup,Monday,Hot,None,83
2024-06-24,Vegetarian Bowl,Monday,Hot,None,67
2024-06-25,Chicken Rice,Tuesday,Sunny,None,132
2024-06-25,Curry Rice,Tuesday,Sunny,None,101
2024-06-25,Fried Rice,Tuesday,Sunny,None,131
2024-06-25,Noodle Soup,Tuesday,Sunny,None,108
2024-06-25,Vegetarian Bowl,Tuesday,Sunny,None,72
2024-06-26,Chicken Rice,Wednesday,Sunny,None,110
2024-06-26,Curry Rice,Wednesday,Sunny,None,97
2024-06-26,Fried Rice,Wednesday,Sunny,None,119
2024-06-26,Noodle Soup,Wednesday,Sunny,None,99
2024-06-26,Vegetarian Bowl,Wednesday,Sunny,None,61
2024-06-27,Chicken Rice,Thursday,Cloudy,None,126
2024-06-27,Curry Rice,Thursday,Cloudy,None,87
2024-06-27,Fried Rice,Thursday,Cloudy,None,118
2024-06-27,Noodle Soup,Thursday,Cloudy,None,96
2024-06-27,Vegetarian Bowl,Thursday,Cloudy,None,65
2024-06-28,Chicken Rice,Friday,Hot,None,91
2024-06-28,Curry Rice,Friday,Hot,None,63
2024-06-28,Fried Rice,Friday,Hot,None,101
2024-06-28,Noodle Soup,Friday,Hot,None,80
2024-06-28,Vegetarian Bowl,Friday,Hot,None,48
2024-06-29,Chicken Rice,Saturday,Rain,None,44
2024-06-29,Curry Rice,Saturday,Rain,None,38
2024-06-29,Fried Rice,Saturday,Rain,None,47
2024-06-29,Noodle Soup,Saturday,Rain,None,40
2024-06-29,Vegetarian Bowl,Saturday,Rain,None,23
2024-06-30,Chicken Rice,Sunday,Rain,Holiday,25
2024-06-30,Curry Rice,Sunday,Rain,Holiday,18
2024-06-30,Fried Rice,Sunday,Rain,Holiday,22
2024-06-30,Noodle Soup,Sunday,Rain,Holiday,21
2024-06-30,Vegetarian Bowl,Sunday,Rain,Holiday,13
2024-07-01,Chicken Rice,Monday,Rain,None,130
2024-07-01,Curry Rice,Monday,Rain,None,88
2024-07-01,Fried Rice,Monday,Rain,None,104
2024-07-01,Noodle Soup,Monday,Rain,None,90
2024-07-01,Vegetarian Bowl,Monday,Rain,None,61
2024-07-02,Chicken Rice,Tuesday,Sunny,None,122
2024-07-02,Curry Rice,Tuesday,Sunny,None,103
2024-07-02,Fried Rice,Tuesday,Sunny,None,123
2024-07-02,Noodle Soup,Tuesday,Sunny,None,97
2024-07-02,Vegetarian Bowl,Tuesday,Sunny,None,68
2024-07-03,Chicken Rice,Wednesday,Rain,None,124
2024-07-03,Curry Rice,Wednesday,Rain,None,67
2024-07-03,Fried Rice,Wednesday,Rain,None,87
2024-07-03,Noodle Soup,Wednesday,Rain,None,87
2024-07-03,Vegetarian Bowl,Wednesday,Rain,None,49
2024-07-04,Chicken Rice,Thursday,Rain,None,119
2024-07-04,Curry Rice,Thursday,Rain,None,75
2024-07-04,Fried Rice,Thursday,Rain,None,114
2024-07-04,Noodle Soup,Thursday,Rain,None,89
2024-07-04,Vegetarian Bowl,Thursday,Rain,None,59
2024-07-05,Chicken Rice,Friday,Sunny,None,113
2024-07-05,Curry Rice,Friday,Sunny,None,67
2024-07-05,Fried Rice,Friday,Sunny,None,101
2024-07-05,Noodle Soup,Friday,Sunny,None,84
2024-07-05,Vegetarian Bowl,Friday,Sunny,None,64
2024-07-06,Chicken Rice,Saturday,Cloudy,None,60
2024-07-06,Curry Rice,Saturday,Cloudy,None,43
2024-07-06,Fried Rice,Saturday,Cloudy,None,54
2024-07-06,Noodle Soup,Saturday,Cloudy,None,43
2024-07-06,Vegetarian Bowl,Saturday,Cloudy,None,24
2024-07-07,Chicken Rice,Sunday,Hot,None,38
2024-07-07,Curry Rice,Sunday,Hot,None,34
2024-07-07,Fried Rice,Sunday,Hot,None,44
2024-07-07,Noodle Soup,Sunday,Hot,None,35
2024-07-07,Vegetarian Bowl,Sunday,Hot,None,27
2024-07-08,Chicken Rice,Monday,Hot,None,136
2024-07-08,Curry Rice,Monday,Hot,None,73
2024-07-08,Fried Rice,Monday,Hot,None,110
2024-07-08,Noodle Soup,Monday,Hot,None,111
2024-07-08,Vegetarian Bowl,Monday,Hot,None,59
2024-07-09,Chicken Rice,Tuesday,Hot,None,129
2024-07-09,Curry Rice,Tuesday,Hot,None,73
2024-07-09,Fried Rice,Tuesday,Hot,None,97
2024-07-09,Noodle Soup,Tuesday,Hot,None,96
2024-07-09,Vegetarian Bowl,Tuesday,Hot,None,65
2024-07-10,Chicken Rice,Wednesday,Rain,None,117
2024-07-10,Curry Rice,Wednesday,Rain,None,68
2024-07-10,Fried Rice,Wednesday,Rain,None,103
2024-07-10,Noodle Soup,Wednesday,Rain,None,89
2024-07-10,Vegetarian Bowl,Wednesday,Rain,None,50
2024-07-11,Chicken Rice,Thursday,Sunny,None,111
2024-07-11,Curry Rice,Thursday,Sunny,None,78
2024-07-11,Fried Rice,Thursday,Sunny,None,109
2024-07-11,Noodle Soup,Thursday,Sunny,None,88
2024-07-11,Vegetarian Bowl,Thursday,Sunny,None,53
2024-07-12,Chicken Rice,Friday,Rain,None,99
2024-07-12,Curry Rice,Friday,Rain,None,73
2024-07-12,Fried Rice,Friday,Rain,None,76
2024-07-12,Noodle Soup,Friday,Rain,None,90
2024-07-12,Vegetarian Bowl,Friday,Rain,None,45
2024-07-13,Chicken Rice,Saturday,Cloudy,None,54
2024-07-13,Curry Rice,Saturday,Cloudy,None,40
2024-07-13,Fried Rice,Saturday,Cloudy,None,45
2024-07-13,Noodle Soup,Saturday,Cloudy,None,39
2024-07-13,Vegetarian Bowl,Saturday,Cloudy,None,28
2024-07-14,Chicken Rice,Sunday,Cloudy,None,53
2024-07-14,Curry Rice,Sunday,Cloudy,None,30
2024-07-14,Fried Rice,Sunday,Cloudy,None,49
2024-07-14,Noodle Soup,Sunday,Cloudy,None,38
2024-07-14,Vegetarian Bowl,Sunday,Cloudy,None,27
2024-07-15,Chicken Rice,Monday,Rain,Exam Week,125
2024-07-15,Curry Rice,Monday,Rain,Exam Week,108
2024-07-15,Fried Rice,Monday,Rain,Exam Week,118
2024-07-15,Noodle Soup,Monday,Rain,Exam Week,86
2024-07-15,Vegetarian Bowl,Monday,Rain,Exam Week,70
2024-07-16,Chicken Rice,Tuesday,Rain,None,100
2024-07-16,Curry Rice,Tuesday,Rain,None,79
2024-07-16,Fried Rice,Tuesday,Rain,None,113
2024-07-16,Noodle Soup,Tuesday,Rain,None,95
2024-07-16,Vegetarian Bowl,Tuesday,Rain,None,60
2024-07-17,Chicken Rice,Wednesday,Sunny,None,118
2024-07-17,Curry Rice,Wednesday,Sunny,None,105
2024-07-17,Fried Rice,Wednesday,Sunny,None,149
2024-07-17,Noodle Soup,Wednesday,Sunny,None,79
2024-07-17,Vegetarian Bowl,Wednesday,Sunny,None,67
2024-07-18,Chicken Rice,Thursday,Rain,None,123
2024-07-18,Curry Rice,Thursday,Rain,None,75
2024-07-18,Fried Rice,Thursday,Rain,None,98
2024-07-18,Noodle Soup,Thursday,Rain,None,97
2024-07-18,Vegetarian Bowl,Thursday,Rain,None,48
2024-07-19,Chicken Rice,Friday,Hot,None,100
2024-07-19,Curry Rice,Friday,Hot,None,84
2024-07-19,Fried Rice,Friday,Hot,None,90
2024-07-19,Noodle Soup,Friday,Hot,None,72
2024-07-19,Vegetarian Bowl,Friday,Hot,None,49
2024-07-20,Chicken Rice,Saturday,Hot,None,48
2024-07-20,Curry Rice,Saturday,Hot,None,36
2024-07-20,Fried Rice,Saturday,Hot,None,52
2024-07-20,Noodle Soup,Saturday,Hot,None,40
2024-07-20,Vegetarian Bowl,Saturday,Hot,None,23
2024-07-21,Chicken Rice,Sunday,Hot,None,55
2024-07-21,Curry Rice,Sunday,Hot,None,30
2024-07-21,Fried Rice,Sunday,Hot,None,44
2024-07-21,Noodle Soup,Sunday,Hot,None,35
2024-07-21,Vegetarian Bowl,Sunday,Hot,None,22
2024-07-22,Chicken Rice,Monday,Sunny,None,165
2024-07-22,Curry Rice,Monday,Sunny,None,92
2024-07-22,Fried Rice,Monday,Sunny,None,115
2024-07-22,Noodle Soup,Monday,Sunny,None,110
2024-07-22,Vegetarian Bowl,Monday,Sunny,None,71
2024-07-23,Chicken Rice,Tuesday,Hot,None,122
2024-07-23,Curry Rice,Tuesday,Hot,None,78
2024-07-23,Fried Rice,Tuesday,Hot,None,102
2024-07-23,Noodle Soup,Tuesday,Hot,None,86
2024-07-23,Vegetarian Bowl,Tuesday,Hot,None,49
2024-07-24,Chicken Rice,Wednesday,Cloudy,None,121
2024-07-24,Curry Rice,Wednesday,Cloudy,None,78
2024-07-24,Fried Rice,Wednesday,Cloudy,None,97
2024-07-24,Noodle Soup,Wednesday,Cloudy,None,99
2024-07-24,Vegetarian Bowl,Wednesday,Cloudy,None,56
2024-07-25,Chicken Rice,Thursday,Rain,Holiday,63
2024-07-25,Curry Rice,Thursday,Rain,Holiday,48
2024-07-25,Fried Rice,Thursday,Rain,Holiday,62
2024-07-25,Noodle Soup,Thursday,Rain,Holiday,45
2024-07-25,Vegetarian Bowl,Thursday,Rain,Holiday,26
2024-07-26,Chicken Rice,Friday,Sunny,None,141
2024-07-26,Curry Rice,Friday,Sunny,None,77
2024-07-26,Fried Rice,Friday,Sunny,None,93
2024-07-26,Noodle Soup,Friday,Sunny,None,101
2024-07-26,Vegetarian Bowl,Friday,Sunny,None,56
2024-07-27,Chicken Rice,Saturday,Hot,None,54
2024-07-27,Curry Rice,Saturday,Hot,None,45
2024-07-27,Fried Rice,Saturday,Hot,None,53
2024-07-27,Noodle Soup,Saturday,Hot,None,42
2024-07-27,Vegetarian Bowl,Saturday,Hot,None,26
2024-07-28,Chicken Rice,Sunday,Rain,None,38
2024-07-28,Curry Rice,Sunday,Rain,None,34
2024-07-28,Fried Rice,Sunday,Rain,None,47
2024-07-28,Noodle Soup,Sunday,Rain,None,32
2024-07-28,Vegetarian Bowl,Sunday,Rain,None,21
2024-07-29,Chicken Rice,Monday,Rain,Holiday,61
2024-07-29,Curry Rice,Monday,Rain,Holiday,47
2024-07-29,Fried Rice,Monday,Rain,Holiday,55
2024-07-29,Noodle Soup,Monday,Rain,Holiday,48
2024-07-29,Vegetarian Bowl,Monday,Rain,Holiday,34
2024-07-30,Chicken Rice,Tuesday,Cloudy,None,121
2024-07-30,Curry Rice,Tuesday,Cloudy,None,86
2024-07-30,Fried Rice,Tuesday,Cloudy,None,142
2024-07-30,Noodle Soup,Tuesday,Cloudy,None,106
2024-07-30,Vegetarian Bowl,Tuesday,Cloudy,None,66
2024-07-31,Chicken Rice,Wednesday,Sunny,Exam Week,134
2024-07-31,Curry Rice,Wednesday,Sunny,Exam Week,110
2024-07-31,Fried Rice,Wednesday,Sunny,Exam Week,128
2024-07-31,Noodle Soup,Wednesday,Sunny,Exam Week,105
2024-07-31,Vegetarian Bowl,Wednesday,Sunny,Exam Week,70
2024-08-01,Chicken Rice,Thursday,Cloudy,None,138
2024-08-01,Curry Rice,Thursday,Cloudy,None,96
2024-08-01,Fried Rice,Thursday,Cloudy,None,128
2024-08-01,Noodle Soup,Thursday,Cloudy,None,98
2024-08-01,Vegetarian Bowl,Thursday,Cloudy,None,64
2024-08-02,Chicken Rice,Friday,Hot,None,89
2024-08-02,Curry Rice,Friday,Hot,None,75
2024-08-02,Fried Rice,Friday,Hot,None,106
2024-08-02,Noodle Soup,Friday,Hot,None,87
2024-08-02,Vegetarian Bowl,Friday,Hot,None,52
2024-08-03,Chicken Rice,Saturday,Hot,Exam Week,55
2024-08-03,Curry Rice,Saturday,Hot,Exam Week,43
2024-08-03,Fried Rice,Saturday,Hot,Exam Week,52
2024-08-03,Noodle Soup,Saturday,Hot,Exam Week,44
2024-08-03,Vegetarian Bowl,Saturday,Hot,Exam Week,29
2024-08-04,Chicken Rice,Sunday,Cloudy,None,56
2024-08-04,Curry Rice,Sunday,Cloudy,None,38
2024-08-04,Fried Rice,Sunday,Cloudy,None,45
2024-08-04,Noodle Soup,Sunday,Cloudy,None,43
2024-08-04,Vegetarian Bowl,Sunday,Cloudy,None,25
2024-08-05,Chicken Rice,Monday,Rain,Exam Week,141
2024-08-05,Curry Rice,Monday,Rain,Exam Week,96
2024-08-05,Fried Rice,Monday,Rain,Exam Week,102
2024-08-05,Noodle Soup,Monday,Rain,Exam Week,136
2024-08-05,Vegetarian Bowl,Monday,Rain,Exam Week,72
2024-08-06,Chicken Rice,Tuesday,Sunny,None,115
2024-08-06,Curry Rice,Tuesday,Sunny,None,88
2024-08-06,Fried Rice,Tuesday,Sunny,None,135
2024-08-06,Noodle Soup,Tuesday,Sunny,None,103
2024-08-06,Vegetarian Bowl,Tuesday,Sunny,None,63
2024-08-07,Chicken Rice,Wednesday,Cloudy,None,110
2024-08-07,Curry Rice,Wednesday,Cloudy,None,84
2024-08-07,Fried Rice,Wednesday,Cloudy,None,98
2024-08-07,Noodle Soup,Wednesday,Cloudy,None,103
2024-08-07,Vegetarian Bowl,Wednesday,Cloudy,None,64
2024-08-08,Chicken Rice,Thursday,Cloudy,None,114
2024-08-08,Curry Rice,Thursday,Cloudy,None,96
2024-08-08,Fried Rice,Thursday,Cloudy,None,98
2024-08-08,Noodle Soup,Thursday,Cloudy,None,108
2024-08-08,Vegetarian Bowl,Thursday,Cloudy,None,54
2024-08-09,Chicken Rice,Friday,Sunny,None,114
2024-08-09,Curry Rice,Friday,Sunny,None,86
2024-08-09,Fried Rice,Friday,Sunny,None,101
2024-08-09,Noodle Soup,Friday,Sunny,None,81
2024-08-09,Vegetarian Bowl,Friday,Sunny,None,62
2024-08-10,Chicken Rice,Saturday,Rain,None,49
2024-08-10,Curry Rice,Saturday,Rain,None,32
2024-08-10,Fried Rice,Saturday,Rain,None,54
2024-08-10,Noodle Soup,Saturday,Rain,None,37
2024-08-10,Vegetarian Bowl,Saturday,Rain,None,25
2024-08-11,Chicken Rice,Sunday,Hot,None,47
2024-08-11,Curry Rice,Sunday,Hot,None,30
2024-08-11,Fried Rice,Sunday,Hot,None,44
2024-08-11,Noodle Soup,Sunday,Hot,None,35
2024-08-11,Vegetarian Bowl,Sunday,Hot,None,20
2024-08-12,Chicken Rice,Monday,Sunny,None,138
2024-08-12,Curry Rice,Monday,Sunny,None,115
2024-08-12,Fried Rice,Monday,Sunny,None,130
2024-08-12,Noodle Soup,Monday,Sunny,None,118
2024-08-12,Vegetarian Bowl,Monday,Sunny,None,67
2024-08-13,Chicken Rice,Tuesday,Rain,None,118
2024-08-13,Curry Rice,Tuesday,Rain,None,77
2024-08-13,Fried Rice,Tuesday,Rain,None,93
2024-08-13,Noodle Soup,Tuesday,Rain,None,91
2024-08-13,Vegetarian Bowl,Tuesday,Rain,None,55
2024-08-14,Chicken Rice,Wednesday,Sunny,None,123
2024-08-14,Curry Rice,Wednesday,Sunny,None,89
2024-08-14,Fried Rice,Wednesday,Sunny,None,99
2024-08-14,Noodle Soup,Wednesday,Sunny,None,96
2024-08-14,Vegetarian Bowl,Wednesday,Sunny,None,61
2024-08-15,Chicken Rice,Thursday,Hot,Exam Week,115
2024-08-15,Curry Rice,Thursday,Hot,Exam Week,87
2024-08-15,Fried Rice,Thursday,Hot,Exam Week,133
2024-08-15,Noodle Soup,Thursday,Hot,Exam Week,100
2024-08-15,Vegetarian Bowl,Thursday,Hot,Exam Week,60
2024-08-16,Chicken Rice,Friday,Cloudy,None,108
2024-08-16,Curry Rice,Friday,Cloudy,None,68
2024-08-16,Fried Rice,Friday,Cloudy,None,79
2024-08-16,Noodle Soup,Friday,Cloudy,None,92
2024-08-16,Vegetarian Bowl,Friday,Cloudy,None,49
2024-08-17,Chicken Rice,Saturday,Sunny,Holiday,29
2024-08-17,Curry Rice,Saturday,Sunny,Holiday,23
2024-08-17,Fried Rice,Saturday,Sunny,Holiday,27
2024-08-17,Noodle Soup,Saturday,Sunny,Holiday,26
2024-08-17,Vegetarian Bowl,Saturday,Sunny,Holiday,16
2024-08-18,Chicken Rice,Sunday,Sunny,None,62
2024-08-18,Curry Rice,Sunday,Sunny,None,34
2024-08-18,Fried Rice,Sunday,Sunny,None,46
2024-08-18,Noodle Soup,Sunday,Sunny,None,43
2024-08-18,Vegetarian Bowl,Sunday,Sunny,None,26
2024-08-19,Chicken Rice,Monday,Sunny,Holiday,68
2024-08-19,Curry Rice,Monday,Sunny,Holiday,53
2024-08-19,Fried Rice,Monday,Sunny,Holiday,75
2024-08-19,Noodle Soup,Monday,Sunny,Holiday,57
2024-08-19,Vegetarian Bowl,Monday,Sunny,Holiday,35
2024-08-20,Chicken Rice,Tuesday,Hot,None,110
2024-08-20,Curry Rice,Tuesday,Hot,None,77
2024-08-20,Fried Rice,Tuesday,Hot,None,102
2024-08-20,Noodle Soup,Tuesday,Hot,None,111
2024-08-20,Vegetarian Bowl,Tuesday,Hot,None,55
2024-08-21,Chicken Rice,Wednesday,Rain,None,110
2024-08-21,Curry Rice,Wednesday,Rain,None,78
2024-08-21,Fried Rice,Wednesday,Rain,None,101
2024-08-21,Noodle Soup,Wednesday,Rain,None,103
2024-08-21,Vegetarian Bowl,Wednesday,Rain,None,62
2024-08-22,Chicken Rice,Thursday,Hot,Exam Week,128
2024-08-22,Curry Rice,Thursday,Hot,Exam Week,88
2024-08-22,Fried Rice,Thursday,Hot,Exam Week,97
2024-08-22,Noodle Soup,Thursday,Hot,Exam Week,99
2024-08-22,Vegetarian Bowl,Thursday,Hot,Exam Week,70
2024-08-23,Chicken Rice,Friday,Hot,None,103
2024-08-23,Curry Rice,Friday,Hot,None,71
2024-08-23,Fried Rice,Friday,Hot,None,84
2024-08-23,Noodle Soup,Friday,Hot,None,70
2024-08-23,Vegetarian Bowl,Friday,Hot,None,51
2024-08-24,Chicken Rice,Saturday,Sunny,None,54
2024-08-24,Curry Rice,Saturday,Sunny,None,47
2024-08-24,Fried Rice,Saturday,Sunny,None,59
2024-08-24,Noodle Soup,Saturday,Sunny,None,46
2024-08-24,Vegetarian Bowl,Saturday,Sunny,None,26
2024-08-25,Chicken Rice,Sunday,Cloudy,None,44
2024-08-25,Curry Rice,Sunday,Cloudy,None,35
2024-08-25,Fried Rice,Sunday,Cloudy,None,41
2024-08-25,Noodle Soup,Sunday,Cloudy,None,34
2024-08-25,Vegetarian Bowl,Sunday,Cloudy,None,24
2024-08-26,Chicken Rice,Monday,Sunny,None,110
2024-08-26,Curry Rice,Monday,Sunny,None,91
2024-08-26,Fried Rice,Monday,Sunny,None,108
2024-08-26,Noodle Soup,Monday,Sunny,None,111
2024-08-26,Vegetarian Bowl,Monday,Sunny,None,63
2024-08-27,Chicken Rice,Tuesday,Sunny,None,117
2024-08-27,Curry Rice,Tuesday,Sunny,None,83
2024-08-27,Fried Rice,Tuesday,Sunny,None,124
2024-08-27,Noodle Soup,Tuesday,Sunny,None,102
2024-08-27,Vegetarian Bowl,Tuesday,Sunny,None,68
2024-08-28,Chicken Rice,Wednesday,Cloudy,None,100
2024-08-28,Curry Rice,Wednesday,Cloudy,None,88
2024-08-28,Fried Rice,Wednesday,Cloudy,None,105
2024-08-28,Noodle Soup,Wednesday,Cloudy,None,106
2024-08-28,Vegetarian Bowl,Wednesday,Cloudy,None,56
2024-08-29,Chicken Rice,Thursday,Cloudy,None,120
2024-08-29,Curry Rice,Thursday,Cloudy,None,96
2024-08-29,Fried Rice,Thursday,Cloudy,None,122
2024-08-29,Noodle Soup,Thursday,Cloudy,None,105
2024-08-29,Vegetarian Bowl,Thursday,Cloudy,None,59
2024-08-30,Chicken Rice,Friday,Cloudy,Sports Day,124
2024-08-30,Curry Rice,Friday,Cloudy,Sports Day,93
2024-08-30,Fried Rice,Friday,Cloudy,Sports Day,104
2024-08-30,Noodle Soup,Friday,Cloudy,Sports Day,108
2024-08-30,Vegetarian Bowl,Friday,Cloudy,Sports Day,68
2024-08-31,Chicken Rice,Saturday,Sunny,Holiday,32
2024-08-31,Curry Rice,Saturday,Sunny,Holiday,18
2024-08-31,Fried Rice,Saturday,Sunny,Holiday,27
2024-08-31,Noodle Soup,Saturday,Sunny,Holiday,27
2024-08-31,Vegetarian Bowl,Saturday,Sunny,Holiday,16
2024-09-01,Chicken Rice,Sunday,Sunny,Sports Day,69
2024-09-01,Curry Rice,Sunday,Sunny,Sports Day,49
2024-09-01,Fried Rice,Sunday,Sunny,Sports Day,62
2024-09-01,Noodle Soup,Sunday,Sunny,Sports Day,43
2024-09-01,Vegetarian Bowl,Sunday,Sunny,Sports Day,31
2024-09-02,Chicken Rice,Monday,Rain,Sports Day,169
2024-09-02,Curry Rice,Monday,Rain,Sports Day,89
2024-09-02,Fried Rice,Monday,Rain,Sports Day,119
2024-09-02,Noodle Soup,Monday,Rain,Sports Day,102
2024-09-02,Vegetarian Bowl,Monday,Rain,Sports Day,68
2024-09-03,Chicken Rice,Tuesday,Sunny,Exam Week,139
2024-09-03,Curry Rice,Tuesday,Sunny,Exam Week,113
2024-09-03,Fried Rice,Tuesday,Sunny,Exam Week,151
2024-09-03,Noodle Soup,Tuesday,Sunny,Exam Week,100
2024-09-03,Vegetarian Bowl,Tuesday,Sunny,Exam Week,82
2024-09-04,Chicken Rice,Wednesday,Cloudy,None,118
2024-09-04,Curry Rice,Wednesday,Cloudy,None,80
2024-09-04,Fried Rice,Wednesday,Cloudy,None,97
2024-09-04,Noodle Soup,Wednesday,Cloudy,None,84
2024-09-04,Vegetarian Bowl,Wednesday,Cloudy,None,66
2024-09-05,Chicken Rice,Thursday,Hot,None,105
2024-09-05,Curry Rice,Thursday,Hot,None,71
2024-09-05,Fried Rice,Thursday,Hot,None,120
2024-09-05,Noodle Soup,Thursday,Hot,None,95
2024-09-05,Vegetarian Bowl,Thursday,Hot,None,58
2024-09-06,Chicken Rice,Friday,Sunny,None,106
2024-09-06,Curry Rice,Friday,Sunny,None,71
2024-09-06,Fried Rice,Friday,Sunny,None,111
2024-09-06,Noodle Soup,Friday,Sunny,None,82
2024-09-06,Vegetarian Bowl,Friday,Sunny,None,56
2024-09-07,Chicken Rice,Saturday,Sunny,None,60
2024-09-07,Curry Rice,Saturday,Sunny,None,36
2024-09-07,Fried Rice,Saturday,Sunny,None,59
2024-09-07,Noodle Soup,Saturday,Sunny,None,46
2024-09-07,Vegetarian Bowl,Saturday,Sunny,None,31
2024-09-08,Chicken Rice,Sunday,Sunny,None,55
2024-09-08,Curry Rice,Sunday,Sunny,None,41
2024-09-08,Fried Rice,Sunday,Sunny,None,46
2024-09-08,Noodle Soup,Sunday,Sunny,None,46
2024-09-08,Vegetarian Bowl,Sunday,Sunny,None,24
2024-09-09,Chicken Rice,Monday,Rain,None,126
2024-09-09,Curry Rice,Monday,Rain,None,72
2024-09-09,Fried Rice,Monday,Rain,None,102
2024-09-09,Noodle Soup,Monday,Rain,None,85
2024-09-09,Vegetarian Bowl,Monday,Rain,None,50
2024-09-10,Chicken Rice,Tuesday,Hot,None,119
2024-09-10,Curry Rice,Tuesday,Hot,None,74
2024-09-10,Fried Rice,Tuesday,Hot,None,113
2024-09-10,Noodle Soup,Tuesday,Hot,None,74
2024-09-10,Vegetarian Bowl,Tuesday,Hot,None,52
2024-09-11,Chicken Rice,Wednesday,Rain,None,94
2024-09-11,Curry Rice,Wednesday,Rain,None,78
2024-09-11,Fried Rice,Wednesday,Rain,None,92
2024-09-11,Noodle Soup,Wednesday,Rain,None,101
2024-09-11,Vegetarian Bowl,Wednesday,Rain,None,55
2024-09-12,Chicken Rice,Thursday,Rain,None,117
2024-09-12,Curry Rice,Thursday,Rain,None,73
2024-09-12,Fried Rice,Thursday,Rain,None,108
2024-09-12,Noodle Soup,Thursday,Rain,None,79
2024-09-12,Vegetarian Bowl,Thursday,Rain,None,50
2024-09-13,Chicken Rice,Friday,Cloudy,Sports Day,129
2024-09-13,Curry Rice,Friday,Cloudy,Sports Day,97
2024-09-13,Fried Rice,Friday,Cloudy,Sports Day,121
2024-09-13,Noodle Soup,Friday,Cloudy,Sports Day,124
2024-09-13,Vegetarian Bowl,Friday,Cloudy,Sports Day,59
2024-09-14,Chicken Rice,Saturday,Sunny,Holiday,36
2024-09-14,Curry Rice,Saturday,Sunny,Holiday,23
2024-09-14,Fried Rice,Saturday,Sunny,Holiday,28
2024-09-14,Noodle Soup,Saturday,Sunny,Holiday,24
2024-09-14,Vegetarian Bowl,Saturday,Sunny,Holiday,16
2024-09-15,Chicken Rice,Sunday,Rain,None,38
2024-09-15,Curry Rice,Sunday,Rain,None,33
2024-09-15,Fried Rice,Sunday,Rain,None,40
2024-09-15,Noodle Soup,Sunday,Rain,None,35
2024-09-15,Vegetarian Bowl,Sunday,Rain,None,22
2024-09-16,Chicken Rice,Monday,Rain,Sports Day,136
2024-09-16,Curry Rice,Monday,Rain,Sports Day,101
2024-09-16,Fried Rice,Monday,Rain,Sports Day,112
2024-09-16,Noodle Soup,Monday,Rain,Sports Day,103
2024-09-16,Vegetarian Bowl,Monday,Rain,Sports Day,62
2024-09-17,Chicken Rice,Tuesday,Sunny,None,141
2024-09-17,Curry Rice,Tuesday,Sunny,None,83
2024-09-17,Fried Rice,Tuesday,Sunny,None,136
2024-09-17,Noodle Soup,Tuesday,Sunny,None,112
2024-09-17,Vegetarian Bowl,Tuesday,Sunny,None,63
2024-09-18,Chicken Rice,Wednesday,Cloudy,None,133
2024-09-18,Curry Rice,Wednesday,Cloudy,None,91
2024-09-18,Fried Rice,Wednesday,Cloudy,None,122
2024-09-18,Noodle Soup,Wednesday,Cloudy,None,95
2024-09-18,Vegetarian Bowl,Wednesday,Cloudy,None,65
2024-09-19,Chicken Rice,Thursday,Cloudy,Sports Day,147
2024-09-19,Curry Rice,Thursday,Cloudy,Sports Day,119
2024-09-19,Fried Rice,Thursday,Cloudy,Sports Day,144
2024-09-19,Noodle Soup,Thursday,Cloudy,Sports Day,116
2024-09-19,Vegetarian Bowl,Thursday,Cloudy,Sports Day,69
2024-09-20,Chicken Rice,Friday,Cloudy,None,105
2024-09-20,Curry Rice,Friday,Cloudy,None,90
2024-09-20,Fried Rice,Friday,Cloudy,None,96
2024-09-20,Noodle Soup,Friday,Cloudy,None,91
2024-09-20,Vegetarian Bowl,Friday,Cloudy,None,52
2024-09-21,Chicken Rice,Saturday,Cloudy,None,52
2024-09-21,Curry Rice,Saturday,Cloudy,None,43
2024-09-21,Fried Rice,Saturday,Cloudy,None,61
2024-09-21,Noodle Soup,Saturday,Cloudy,None,42
2024-09-21,Vegetarian Bowl,Saturday,Cloudy,None,28
2024-09-22,Chicken Rice,Sunday,Cloudy,Sports Day,65
2024-09-22,Curry Rice,Sunday,Cloudy,Sports Day,44
2024-09-22,Fried Rice,Sunday,Cloudy,Sports Day,53
2024-09-22,Noodle Soup,Sunday,Cloudy,Sports Day,57
2024-09-22,Vegetarian Bowl,Sunday,Cloudy,Sports Day,32
2024-09-23,Chicken Rice,Monday,Cloudy,None,124
2024-09-23,Curry Rice,Monday,Cloudy,None,87
2024-09-23,Fried Rice,Monday,Cloudy,None,123
2024-09-23,Noodle Soup,Monday,Cloudy,None,82
2024-09-23,Vegetarian Bowl,Monday,Cloudy,None,67
2024-09-24,Chicken Rice,Tuesday,Cloudy,Exam Week,144
2024-09-24,Curry Rice,Tuesday,Cloudy,Exam Week,107
2024-09-24,Fried Rice,Tuesday,Cloudy,Exam Week,146
2024-09-24,Noodle Soup,Tuesday,Cloudy,Exam Week,122
2024-09-24,Vegetarian Bowl,Tuesday,Cloudy,Exam Week,67
2024-09-25,Chicken Rice,Wednesday,Rain,Sports Day,130
2024-09-25,Curry Rice,Wednesday,Rain,Sports Day,91
2024-09-25,Fried Rice,Wednesday,Rain,Sports Day,132
2024-09-25,Noodle Soup,Wednesday,Rain,Sports Day,103
2024-09-25,Vegetarian Bowl,Wednesday,Rain,Sports Day,66
2024-09-26,Chicken Rice,Thursday,Rain,Sports Day,119
2024-09-26,Curry Rice,Thursday,Rain,Sports Day,91
2024-09-26,Fried Rice,Thursday,Rain,Sports Day,118
2024-09-26,Noodle Soup,Thursday,Rain,Sports Day,98
2024-09-26,Vegetarian Bowl,Thursday,Rain,Sports Day,61
2024-09-27,Chicken Rice,Friday,Sunny,None,125
2024-09-27,Curry Rice,Friday,Sunny,None,81
2024-09-27,Fried Rice,Friday,Sunny,None,101
2024-09-27,Noodle Soup,Friday,Sunny,None,91
2024-09-27,Vegetarian Bowl,Friday,Sunny,None,68
2024-09-28,Chicken Rice,Saturday,Sunny,Exam Week,69
2024-09-28,Curry Rice,Saturday,Sunny,Exam Week,44
2024-09-28,Fried Rice,Saturday,Sunny,Exam Week,61
2024-09-28,Noodle Soup,Saturday,Sunny,Exam Week,60
2024-09-28,Vegetarian Bowl,Saturday,Sunny,Exam Week,40
2024-09-29,Chicken Rice,Sunday,Sunny,None,62
2024-09-29,Curry Rice,Sunday,Sunny,None,42
2024-09-29,Fried Rice,Sunday,Sunny,None,48
2024-09-29,Noodle Soup,Sunday,Sunny,None,41
2024-09-29,Vegetarian Bowl,Sunday,Sunny,None,29
2024-09-30,Chicken Rice,Monday,Rain,None,101
2024-09-30,Curry Rice,Monday,Rain,None,76
2024-09-30,Fried Rice,Monday,Rain,None,104
2024-09-30,Noodle Soup,Monday,Rain,None,92
2024-09-30,Vegetarian Bowl,Monday,Rain,None,55
2024-10-01,Chicken Rice,Tuesday,Rain,None,116
2024-10-01,Curry Rice,Tuesday,Rain,None,75
2024-10-01,Fried Rice,Tuesday,Rain,None,85
2024-10-01,Noodle Soup,Tuesday,Rain,None,100
2024-10-01,Vegetarian Bowl,Tuesday,Rain,None,55
2024-10-02,Chicken Rice,Wednesday,Sunny,Exam Week,143
2024-10-02,Curry Rice,Wednesday,Sunny,Exam Week,101
2024-10-02,Fried Rice,Wednesday,Sunny,Exam Week,141
2024-10-02,Noodle Soup,Wednesday,Sunny,Exam Week,104
2024-10-02,Vegetarian Bowl,Wednesday,Sunny,Exam Week,73
2024-10-03,Chicken Rice,Thursday,Sunny,None,108
2024-10-03,Curry Rice,Thursday,Sunny,None,97
2024-10-03,Fried Rice,Thursday,Sunny,None,117
2024-10-03,Noodle Soup,Thursday,Sunny,None,104
2024-10-03,Vegetarian Bowl,Thursday,Sunny,None,62
2024-10-04,Chicken Rice,Friday,Rain,None,89
2024-10-04,Curry Rice,Friday,Rain,None,61
2024-10-04,Fried Rice,Friday,Rain,None,99
2024-10-04,Noodle Soup,Friday,Rain,None,86
2024-10-04,Vegetarian Bowl,Friday,Rain,None,44
2024-10-05,Chicken Rice,Saturday,Cloudy,None,48
2024-10-05,Curry Rice,Saturday,Cloudy,None,42
2024-10-05,Fried Rice,Saturday,Cloudy,None,45
2024-10-05,Noodle Soup,Saturday,Cloudy,None,44
2024-10-05,Vegetarian Bowl,Saturday,Cloudy,None,25
2024-10-06,Chicken Rice,Sunday,Rain,None,48
2024-10-06,Curry Rice,Sunday,Rain,None,30
2024-10-06,Fried Rice,Sunday,Rain,None,40
2024-10-06,Noodle Soup,Sunday,Rain,None,39
2024-10-06,Vegetarian Bowl,Sunday,Rain,None,23
2024-10-07,Chicken Rice,Monday,Cloudy,None,115
2024-10-07,Curry Rice,Monday,Cloudy,None,106
2024-10-07,Fried Rice,Monday,Cloudy,None,124
2024-10-07,Noodle Soup,Monday,Cloudy,None,101
2024-10-07,Vegetarian Bowl,Monday,Cloudy,None,66
2024-10-08,Chicken Rice,Tuesday,Cloudy,None,121
2024-10-08,Curry Rice,Tuesday,Cloudy,None,111
2024-10-08,Fried Rice,Tuesday,Cloudy,None,115
2024-10-08,Noodle Soup,Tuesday,Cloudy,None,86
2024-10-08,Vegetarian Bowl,Tuesday,Cloudy,None,62
2024-10-09,Chicken Rice,Wednesday,Sunny,Holiday,65
2024-10-09,Curry Rice,Wednesday,Sunny,Holiday,47
2024-10-09,Fried Rice,Wednesday,Sunny,Holiday,57
2024-10-09,Noodle Soup,Wednesday,Sunny,Holiday,55
2024-10-09,Vegetarian Bowl,Wednesday,Sunny,Holiday,32
2024-10-10,Chicken Rice,Thursday,Rain,None,99
2024-10-10,Curry Rice,Thursday,Rain,None,67
2024-10-10,Fried Rice,Thursday,Rain,None,93
2024-10-10,Noodle Soup,Thursday,Rain,None,91
2024-10-10,Vegetarian Bowl,Thursday,Rain,None,51
2024-10-11,Chicken Rice,Friday,Sunny,None,96
2024-10-11,Curry Rice,Friday,Sunny,None,80
2024-10-11,Fried Rice,Friday,Sunny,None,108
2024-10-11,Noodle Soup,Friday,Sunny,None,87
2024-10-11,Vegetarian Bowl,Friday,Sunny,None,54
2024-10-12,Chicken Rice,Saturday,Sunny,None,64
2024-10-12,Curry Rice,Saturday,Sunny,None,45
2024-10-12,Fried Rice,Saturday,Sunny,None,45
2024-10-12,Noodle Soup,Saturday,Sunny,None,47
2024-10-12,Vegetarian Bowl,Saturday,Sunny,None,26
2024-10-13,Chicken Rice,Sunday,Sunny,None,59
2024-10-13,Curry Rice,Sunday,Sunny,None,39
2024-10-13,Fried Rice,Sunday,Sunny,None,48
2024-10-13,Noodle Soup,Sunday,Sunny,None,40
2024-10-13,Vegetarian Bowl,Sunday,Sunny,None,26
2024-10-14,Chicken Rice,Monday,Rain,None,129
2024-10-14,Curry Rice,Monday,Rain,None,76
2024-10-14,Fried Rice,Monday,Rain,None,93
2024-10-14,Noodle Soup,Monday,Rain,None,82
2024-10-14,Vegetarian Bowl,Monday,Rain,None,59
2024-10-15,Chicken Rice,Tuesday,Sunny,None,130
2024-10-15,Curry Rice,Tuesday,Sunny,None,85
2024-10-15,Fried Rice,Tuesday,Sunny,None,142
2024-10-15,Noodle Soup,Tuesday,Sunny,None,97
2024-10-15,Vegetarian Bowl,Tuesday,Sunny,None,65
2024-10-16,Chicken Rice,Wednesday,Cloudy,None,112
2024-10-16,Curry Rice,Wednesday,Cloudy,None,99
2024-10-16,Fried Rice,Wednesday,Cloudy,None,105
2024-10-16,Noodle Soup,Wednesday,Cloudy,None,98
2024-10-16,Vegetarian Bowl,Wednesday,Cloudy,None,58
2024-10-17,Chicken Rice,Thursday,Rain,Exam Week,129
2024-10-17,Curry Rice,Thursday,Rain,Exam Week,103
2024-10-17,Fried Rice,Thursday,Rain,Exam Week,128
2024-10-17,Noodle Soup,Thursday,Rain,Exam Week,102
2024-10-17,Vegetarian Bowl,Thursday,Rain,Exam Week,61
2024-10-18,Chicken Rice,Friday,Cloudy,None,93
2024-10-18,Curry Rice,Friday,Cloudy,None,70
2024-10-18,Fried Rice,Friday,Cloudy,None,101
2024-10-18,Noodle Soup,Friday,Cloudy,None,81
2024-10-18,Vegetarian Bowl,Friday,Cloudy,None,60
2024-10-19,Chicken Rice,Saturday,Sunny,None,54
2024-10-19,Curry Rice,Saturday,Sunny,None,41
2024-10-19,Fried Rice,Saturday,Sunny,None,53
2024-10-19,Noodle Soup,Saturday,Sunny,None,41
2024-10-19,Vegetarian Bowl,Saturday,Sunny,None,25
2024-10-20,Chicken Rice,Sunday,Cloudy,None,46
2024-10-20,Curry Rice,Sunday,Cloudy,None,41
2024-10-20,Fried Rice,Sunday,Cloudy,None,55
2024-10-20,Noodle Soup,Sunday,Cloudy,None,35
2024-10-20,Vegetarian Bowl,Sunday,Cloudy,None,22
2024-10-21,Chicken Rice,Monday,Cloudy,None,115
2024-10-21,Curry Rice,Monday,Cloudy,None,88
2024-10-21,Fried Rice,Monday,Cloudy,None,136
2024-10-21,Noodle Soup,Monday,Cloudy,None,111
2024-10-21,Vegetarian Bowl,Monday,Cloudy,None,58
2024-10-22,Chicken Rice,Tuesday,Sunny,None,154
2024-10-22,Curry Rice,Tuesday,Sunny,None,110
2024-10-22,Fried Rice,Tuesday,Sunny,None,124
2024-10-22,Noodle Soup,Tuesday,Sunny,None,97
2024-10-22,Vegetarian Bowl,Tuesday,Sunny,None,57
2024-10-23,Chicken Rice,Wednesday,Cloudy,Exam Week,136
2024-10-23,Curry Rice,Wednesday,Cloudy,Exam Week,98
2024-10-23,Fried Rice,Wednesday,Cloudy,Exam Week,150
2024-10-23,Noodle Soup,Wednesday,Cloudy,Exam Week,108
2024-10-23,Vegetarian Bowl,Wednesday,Cloudy,Exam Week,67
2024-10-24,Chicken Rice,Thursday,Cloudy,None,118
2024-10-24,Curry Rice,Thursday,Cloudy,None,85
2024-10-24,Fried Rice,Thursday,Cloudy,None,114
2024-10-24,Noodle Soup,Thursday,Cloudy,None,103
2024-10-24,Vegetarian Bowl,Thursday,Cloudy,None,58
2024-10-25,Chicken Rice,Friday,Rain,None,86
2024-10-25,Curry Rice,Friday,Rain,None,75
2024-10-25,Fried Rice,Friday,Rain,None,97
2024-10-25,Noodle Soup,Friday,Rain,None,69
2024-10-25,Vegetarian Bowl,Friday,Rain,None,42
2024-10-26,Chicken Rice,Saturday,Rain,None,46
2024-10-26,Curry Rice,Saturday,Rain,None,36
2024-10-26,Fried Rice,Saturday,Rain,None,48
2024-10-26,Noodle Soup,Saturday,Rain,None,39
2024-10-26,Vegetarian Bowl,Saturday,Rain,None,27
2024-10-27,Chicken Rice,Sunday,Rain,None,42
2024-10-27,Curry Rice,Sunday,Rain,None,34
2024-10-27,Fried Rice,Sunday,Rain,None,42
2024-10-27,Noodle Soup,Sunday,Rain,None,34
2024-10-27,Vegetarian Bowl,Sunday,Rain,None,20
2024-10-28,Chicken Rice,Monday,Rain,None,127
2024-10-28,Curry Rice,Monday,Rain,None,71
2024-10-28,Fried Rice,Monday,Rain,None,81
2024-10-28,Noodle Soup,Monday,Rain,None,96
2024-10-28,Vegetarian Bowl,Monday,Rain,None,57
2024-10-29,Chicken Rice,Tuesday,Cloudy,None,117
2024-10-29,Curry Rice,Tuesday,Cloudy,None,92
2024-10-29,Fried Rice,Tuesday,Cloudy,None,110
2024-10-29,Noodle Soup,Tuesday,Cloudy,None,98
2024-10-29,Vegetarian Bowl,Tuesday,Cloudy,None,63
2024-10-30,Chicken Rice,Wednesday,Hot,None,130
2024-10-30,Curry Rice,Wednesday,Hot,None,85
2024-10-30,Fried Rice,Wednesday,Hot,None,106
2024-10-30,Noodle Soup,Wednesday,Hot,None,82
2024-10-30,Vegetarian Bowl,Wednesday,Hot,None,63
2024-10-31,Chicken Rice,Thursday,Rain,Exam Week,118
2024-10-31,Curry Rice,Thursday,Rain,Exam Week,91
2024-10-31,Fried Rice,Thursday,Rain,Exam Week,125
2024-10-31,Noodle Soup,Thursday,Rain,Exam Week,97
2024-10-31,Vegetarian Bowl,Thursday,Rain,Exam Week,55
2024-11-01,Chicken Rice,Friday,Sunny,None,116
2024-11-01,Curry Rice,Friday,Sunny,None,83
2024-11-01,Fried Rice,Friday,Sunny,None,106
2024-11-01,Noodle Soup,Friday,Sunny,None,101
2024-11-01,Vegetarian Bowl,Friday,Sunny,None,60
2024-11-02,Chicken Rice,Saturday,Sunny,None,65
2024-11-02,Curry Rice,Saturday,Sunny,None,35
2024-11-02,Fried Rice,Saturday,Sunny,None,52
2024-11-02,Noodle Soup,Saturday,Sunny,None,45
2024-11-02,Vegetarian Bowl,Saturday,Sunny,None,27
2024-11-03,Chicken Rice,Sunday,Sunny,None,55
2024-11-03,Curry Rice,Sunday,Sunny,None,37
2024-11-03,Fried Rice,Sunday,Sunny,None,55
2024-11-03,Noodle Soup,Sunday,Sunny,None,37
2024-11-03,Vegetarian Bowl,Sunday,Sunny,None,27
2024-11-04,Chicken Rice,Monday,Cloudy,None,115
2024-11-04,Curry Rice,Monday,Cloudy,None,79
2024-11-04,Fried Rice,Monday,Cloudy,None,117
2024-11-04,Noodle Soup,Monday,Cloudy,None,96
2024-11-04,Vegetarian Bowl,Monday,Cloudy,None,63
2024-11-05,Chicken Rice,Tuesday,Hot,Holiday,64
2024-11-05,Curry Rice,Tuesday,Hot,Holiday,39
2024-11-05,Fried Rice,Tuesday,Hot,Holiday,61
2024-11-05,Noodle Soup,Tuesday,Hot,Holiday,59
2024-11-05,Vegetarian Bowl,Tuesday,Hot,Holiday,31
2024-11-06,Chicken Rice,Wednesday,Cloudy,None,128
2024-11-06,Curry Rice,Wednesday,Cloudy,None,86
2024-11-06,Fried Rice,Wednesday,Cloudy,None,111
2024-11-06,Noodle Soup,Wednesday,Cloudy,None,89
2024-11-06,Vegetarian Bowl,Wednesday,Cloudy,None,57
2024-11-07,Chicken Rice,Thursday,Rain,None,104
2024-11-07,Curry Rice,Thursday,Rain,None,68
2024-11-07,Fried Rice,Thursday,Rain,None,106
2024-11-07,Noodle Soup,Thursday,Rain,None,79
2024-11-07,Vegetarian Bowl,Thursday,Rain,None,49
2024-11-08,Chicken Rice,Friday,Rain,None,99
2024-11-08,Curry Rice,Friday,Rain,None,69
2024-11-08,Fried Rice,Friday,Rain,None,80
2024-11-08,Noodle Soup,Friday,Rain,None,95
2024-11-08,Vegetarian Bowl,Friday,Rain,None,52
2024-11-09,Chicken Rice,Saturday,Hot,None,51
2024-11-09,Curry Rice,Saturday,Hot,None,38
2024-11-09,Fried Rice,Saturday,Hot,None,57
2024-11-09,Noodle Soup,Saturday,Hot,None,39
2024-11-09,Vegetarian Bowl,Saturday,Hot,None,22
2024-11-10,Chicken Rice,Sunday,Sunny,None,54
2024-11-10,Curry Rice,Sunday,Sunny,None,40
2024-11-10,Fried Rice,Sunday,Sunny,None,49
2024-11-10,Noodle Soup,Sunday,Sunny,None,45
2024-11-10,Vegetarian Bowl,Sunday,Sunny,None,27
2024-11-11,Chicken Rice,Monday,Sunny,None,164
2024-11-11,Curry Rice,Monday,Sunny,None,94
2024-11-11,Fried Rice,Monday,Sunny,None,134
2024-11-11,Noodle Soup,Monday,Sunny,None,115
2024-11-11,Vegetarian Bowl,Monday,Sunny,None,59
2024-11-12,Chicken Rice,Tuesday,Rain,None,125
2024-11-12,Curry Rice,Tuesday,Rain,None,77
2024-11-12,Fried Rice,Tuesday,Rain,None,110
2024-11-12,Noodle Soup,Tuesday,Rain,None,83
2024-11-12,Vegetarian Bowl,Tuesday,Rain,None,51
2024-11-13,Chicken Rice,Wednesday,Cloudy,None,121
2024-11-13,Curry Rice,Wednesday,Cloudy,None,76
2024-11-13,Fried Rice,Wednesday,Cloudy,None,103
2024-11-13,Noodle Soup,Wednesday,Cloudy,None,89
2024-11-13,Vegetarian Bowl,Wednesday,Cloudy,None,71
2024-11-14,Chicken Rice,Thursday,Rain,None,119
2024-11-14,Curry Rice,Thursday,Rain,None,73
2024-11-14,Fried Rice,Thursday,Rain,None,101
2024-11-14,Noodle Soup,Thursday,Rain,None,102
2024-11-14,Vegetarian Bowl,Thursday,Rain,None,50
2024-11-15,Chicken Rice,Friday,Hot,None,113
2024-11-15,Curry Rice,Friday,Hot,None,75
2024-11-15,Fried Rice,Friday,Hot,None,92
2024-11-15,Noodle Soup,Friday,Hot,None,89
2024-11-15,Vegetarian Bowl,Friday,Hot,None,53
2024-11-16,Chicken Rice,Saturday,Hot,None,58
2024-11-16,Curry Rice,Saturday,Hot,None,36
2024-11-16,Fried Rice,Saturday,Hot,None,44
2024-11-16,Noodle Soup,Saturday,Hot,None,40
2024-11-16,Vegetarian Bowl,Saturday,Hot,None,26
2024-11-17,Chicken Rice,Sunday,Sunny,None,49
2024-11-17,Curry Rice,Sunday,Sunny,None,42
2024-11-17,Fried Rice,Sunday,Sunny,None,58
2024-11-17,Noodle Soup,Sunday,Sunny,None,48
2024-11-17,Vegetarian Bowl,Sunday,Sunny,None,28
2024-11-18,Chicken Rice,Monday,Hot,None,123
2024-11-18,Curry Rice,Monday,Hot,None,82
2024-11-18,Fried Rice,Monday,Hot,None,100
2024-11-18,Noodle Soup,Monday,Hot,None,86
2024-11-18,Vegetarian Bowl,Monday,Hot,None,60
2024-11-19,Chicken Rice,Tuesday,Cloudy,None,120
2024-11-19,Curry Rice,Tuesday,Cloudy,None,88
2024-11-19,Fried Rice,Tuesday,Cloudy,None,112
2024-11-19,Noodle Soup,Tuesday,Cloudy,None,106
2024-11-19,Vegetarian Bowl,Tuesday,Cloudy,None,60
2024-11-20,Chicken Rice,Wednesday,Rain,None,104
2024-11-20,Curry Rice,Wednesday,Rain,None,66
2024-11-20,Fried Rice,Wednesday,Rain,None,105
2024-11-20,Noodle Soup,Wednesday,Rain,None,91
2024-11-20,Vegetarian Bowl,Wednesday,Rain,None,61
2024-11-21,Chicken Rice,Thursday,Cloudy,None,121
2024-11-21,Curry Rice,Thursday,Cloudy,None,86
2024-11-21,Fried Rice,Thursday,Cloudy,None,104
2024-11-21,Noodle Soup,Thursday,Cloudy,None,90
2024-11-21,Vegetarian Bowl,Thursday,Cloudy,None,64
2024-11-22,Chicken Rice,Friday,Rain,None,104
2024-11-22,Curry Rice,Friday,Rain,None,74
2024-11-22,Fried Rice,Friday,Rain,None,94
2024-11-22,Noodle Soup,Friday,Rain,None,71
2024-11-22,Vegetarian Bowl,Friday,Rain,None,44
2024-11-23,Chicken Rice,Saturday,Rain,Sports Day,58
2024-11-23,Curry Rice,Saturday,Rain,Sports Day,43
2024-11-23,Fried Rice,Saturday,Rain,Sports Day,56
2024-11-23,Noodle Soup,Saturday,Rain,Sports Day,44
2024-11-23,Vegetarian Bowl,Saturday,Rain,Sports Day,31
2024-11-24,Chicken Rice,Sunday,Sunny,Exam Week,58
2024-11-24,Curry Rice,Sunday,Sunny,Exam Week,44
2024-11-24,Fried Rice,Sunday,Sunny,Exam Week,56
2024-11-24,Noodle Soup,Sunday,Sunny,Exam Week,49
2024-11-24,Vegetarian Bowl,Sunday,Sunny,Exam Week,26
2024-11-25,Chicken Rice,Monday,Hot,None,115
2024-11-25,Curry Rice,Monday,Hot,None,80
2024-11-25,Fried Rice,Monday,Hot,None,108
2024-11-25,Noodle Soup,Monday,Hot,None,93
2024-11-25,Vegetarian Bowl,Monday,Hot,None,57
2024-11-26,Chicken Rice,Tuesday,Sunny,None,128
2024-11-26,Curry Rice,Tuesday,Sunny,None,90
2024-11-26,Fried Rice,Tuesday,Sunny,None,115
2024-11-26,Noodle Soup,Tuesday,Sunny,None,111
2024-11-26,Vegetarian Bowl,Tuesday,Sunny,None,65
2024-11-27,Chicken Rice,Wednesday,Sunny,Exam Week,148
2024-11-27,Curry Rice,Wednesday,Sunny,Exam Week,100
2024-11-27,Fried Rice,Wednesday,Sunny,Exam Week,124
2024-11-27,Noodle Soup,Wednesday,Sunny,Exam Week,108
2024-11-27,Vegetarian Bowl,Wednesday,Sunny,Exam Week,84
2024-11-28,Chicken Rice,Thursday,Hot,Holiday,68
2024-11-28,Curry Rice,Thursday,Hot,Holiday,45
2024-11-28,Fried Rice,Thursday,Hot,Holiday,54
2024-11-28,Noodle Soup,Thursday,Hot,Holiday,51
2024-11-28,Vegetarian Bowl,Thursday,Hot,Holiday,38
2024-11-29,Chicken Rice,Friday,Rain,None,84
2024-11-29,Curry Rice,Friday,Rain,None,66
2024-11-29,Fried Rice,Friday,Rain,None,90
2024-11-29,Noodle Soup,Friday,Rain,None,67
2024-11-29,Vegetarian Bowl,Friday,Rain,None,49
2024-11-30,Chicken Rice,Saturday,Rain,Exam Week,55
2024-11-30,Curry Rice,Saturday,Rain,Exam Week,52
2024-11-30,Fried Rice,Saturday,Rain,Exam Week,57
2024-11-30,Noodle Soup,Saturday,Rain,Exam Week,40
2024-11-30,Vegetarian Bowl,Saturday,Rain,Exam Week,32
2024-12-01,Chicken Rice,Sunday,Sunny,None,49
2024-12-01,Curry Rice,Sunday,Sunny,None,41
2024-12-01,Fried Rice,Sunday,Sunny,None,46
2024-12-01,Noodle Soup,Sunday,Sunny,None,31
2024-12-01,Vegetarian Bowl,Sunday,Sunny,None,26
2024-12-02,Chicken Rice,Monday,Rain,Exam Week,134
2024-12-02,Curry Rice,Monday,Rain,Exam Week,89
2024-12-02,Fried Rice,Monday,Rain,Exam Week,137
2024-12-02,Noodle Soup,Monday,Rain,Exam Week,111
2024-12-02,Vegetarian Bowl,Monday,Rain,Exam Week,60
2024-12-03,Chicken Rice,Tuesday,Cloudy,Exam Week,142
2024-12-03,Curry Rice,Tuesday,Cloudy,Exam Week,101
2024-12-03,Fried Rice,Tuesday,Cloudy,Exam Week,138
2024-12-03,Noodle Soup,Tuesday,Cloudy,Exam Week,125
2024-12-03,Vegetarian Bowl,Tuesday,Cloudy,Exam Week,63
2024-12-04,Chicken Rice,Wednesday,Sunny,None,124
2024-12-04,Curry Rice,Wednesday,Sunny,None,91
2024-12-04,Fried Rice,Wednesday,Sunny,None,111
2024-12-04,Noodle Soup,Wednesday,Sunny,None,105
2024-12-04,Vegetarian Bowl,Wednesday,Sunny,None,68
2024-12-05,Chicken Rice,Thursday,Cloudy,None,114
2024-12-05,Curry Rice,Thursday,Cloudy,None,81
2024-12-05,Fried Rice,Thursday,Cloudy,None,106
2024-12-05,Noodle Soup,Thursday,Cloudy,None,101
2024-12-05,Vegetarian Bowl,Thursday,Cloudy,None,61
2024-12-06,Chicken Rice,Friday,Sunny,Exam Week,116
2024-12-06,Curry Rice,Friday,Sunny,Exam Week,83
2024-12-06,Fried Rice,Friday,Sunny,Exam Week,121
2024-12-06,Noodle Soup,Friday,Sunny,Exam Week,107
2024-12-06,Vegetarian Bowl,Friday,Sunny,Exam Week,55
2024-12-07,Chicken Rice,Saturday,Rain,Exam Week,51
2024-12-07,Curry Rice,Saturday,Rain,Exam Week,39
2024-12-07,Fried Rice,Saturday,Rain,Exam Week,51
2024-12-07,Noodle Soup,Saturday,Rain,Exam Week,48
2024-12-07,Vegetarian Bowl,Saturday,Rain,Exam Week,30
2024-12-08,Chicken Rice,Sunday,Cloudy,Sports Day,61
2024-12-08,Curry Rice,Sunday,Cloudy,Sports Day,39
2024-12-08,Fried Rice,Sunday,Cloudy,Sports Day,56
2024-12-08,Noodle Soup,Sunday,Cloudy,Sports Day,51
2024-12-08,Vegetarian Bowl,Sunday,Cloudy,Sports Day,29
2024-12-09,Chicken Rice,Monday,Rain,Sports Day,135
2024-12-09,Curry Rice,Monday,Rain,Sports Day,95
2024-12-09,Fried Rice,Monday,Rain,Sports Day,133
2024-12-09,Noodle Soup,Monday,Rain,Sports Day,102
2024-12-09,Vegetarian Bowl,Monday,Rain,Sports Day,87
2024-12-10,Chicken Rice,Tuesday,Sunny,None,102
2024-12-10,Curry Rice,Tuesday,Sunny,None,89
2024-12-10,Fried Rice,Tuesday,Sunny,None,111
2024-12-10,Noodle Soup,Tuesday,Sunny,None,103
2024-12-10,Vegetarian Bowl,Tuesday,Sunny,None,73
2024-12-11,Chicken Rice,Wednesday,Rain,None,110
2024-12-11,Curry Rice,Wednesday,Rain,None,75
2024-12-11,Fried Rice,Wednesday,Rain,None,99
2024-12-11,Noodle Soup,Wednesday,Rain,None,81
2024-12-11,Vegetarian Bowl,Wednesday,Rain,None,48
2024-12-12,Chicken Rice,Thursday,Hot,None,119
2024-12-12,Curry Rice,Thursday,Hot,None,92
2024-12-12,Fried Rice,Thursday,Hot,None,114
2024-12-12,Noodle Soup,Thursday,Hot,None,91
2024-12-12,Vegetarian Bowl,Thursday,Hot,None,61
2024-12-13,Chicken Rice,Friday,Cloudy,None,108
2024-12-13,Curry Rice,Friday,Cloudy,None,70
2024-12-13,Fried Rice,Friday,Cloudy,None,99
2024-12-13,Noodle Soup,Friday,Cloudy,None,85
2024-12-13,Vegetarian Bowl,Friday,Cloudy,None,54
2024-12-14,Chicken Rice,Saturday,Cloudy,None,46
2024-12-14,Curry Rice,Saturday,Cloudy,None,42
2024-12-14,Fried Rice,Saturday,Cloudy,None,51
2024-12-14,Noodle Soup,Saturday,Cloudy,None,44
2024-12-14,Vegetarian Bowl,Saturday,Cloudy,None,24
2024-12-15,Chicken Rice,Sunday,Sunny,None,61
2024-12-15,Curry Rice,Sunday,Sunny,None,39
2024-12-15,Fried Rice,Sunday,Sunny,None,44
2024-12-15,Noodle Soup,Sunday,Sunny,None,50
2024-12-15,Vegetarian Bowl,Sunday,Sunny,None,29
2024-12-16,Chicken Rice,Monday,Hot,None,112
2024-12-16,Curry Rice,Monday,Hot,None,84
2024-12-16,Fried Rice,Monday,Hot,None,102
2024-12-16,Noodle Soup,Monday,Hot,None,90
2024-12-16,Vegetarian Bowl,Monday,Hot,None,56
2024-12-17,Chicken Rice,Tuesday,Rain,Exam Week,133
2024-12-17,Curry Rice,Tuesday,Rain,Exam Week,84
2024-12-17,Fried Rice,Tuesday,Rain,Exam Week,120
2024-12-17,Noodle Soup,Tuesday,Rain,Exam Week,100
2024-12-17,Vegetarian Bowl,Tuesday,Rain,Exam Week,53
2024-12-18,Chicken Rice,Wednesday,Hot,None,107
2024-12-18,Curry Rice,Wednesday,Hot,None,80
2024-12-18,Fried Rice,Wednesday,Hot,None,103
2024-12-18,Noodle Soup,Wednesday,Hot,None,97
2024-12-18,Vegetarian Bowl,Wednesday,Hot,None,56
2024-12-19,Chicken Rice,Thursday,Cloudy,None,131
2024-12-19,Curry Rice,Thursday,Cloudy,None,88
2024-12-19,Fried Rice,Thursday,Cloudy,None,110
2024-12-19,Noodle Soup,Thursday,Cloudy,None,98
2024-12-19,Vegetarian Bowl,Thursday,Cloudy,None,60
2024-12-20,Chicken Rice,Friday,Rain,None,98
2024-12-20,Curry Rice,Friday,Rain,None,67
2024-12-20,Fried Rice,Friday,Rain,None,88
2024-12-20,Noodle Soup,Friday,Rain,None,81
2024-12-20,Vegetarian Bowl,Friday,Rain,None,53
2024-12-21,Chicken Rice,Saturday,Rain,Holiday,28
2024-12-21,Curry Rice,Saturday,Rain,Holiday,23
2024-12-21,Fried Rice,Saturday,Rain,Holiday,25
2024-12-21,Noodle Soup,Saturday,Rain,Holiday,19
2024-12-21,Vegetarian Bowl,Saturday,Rain,Holiday,13
2024-12-22,Chicken Rice,Sunday,Cloudy,None,44
2024-12-22,Curry Rice,Sunday,Cloudy,None,32
2024-12-22,Fried Rice,Sunday,Cloudy,None,45
2024-12-22,Noodle Soup,Sunday,Cloudy,None,42
2024-12-22,Vegetarian Bowl,Sunday,Cloudy,None,30
2024-12-23,Chicken Rice,Monday,Cloudy,None,123
2024-12-23,Curry Rice,Monday,Cloudy,None,105
2024-12-23,Fried Rice,Monday,Cloudy,None,96
2024-12-23,Noodle Soup,Monday,Cloudy,None,97
2024-12-23,Vegetarian Bowl,Monday,Cloudy,None,66
2024-12-24,Chicken Rice,Tuesday,Hot,None,109
2024-12-24,Curry Rice,Tuesday,Hot,None,90
2024-12-24,Fried Rice,Tuesday,Hot,None,110
2024-12-24,Noodle Soup,Tuesday,Hot,None,113
2024-12-24,Vegetarian Bowl,Tuesday,Hot,None,57
2024-12-25,Chicken Rice,Wednesday,Cloudy,Sports Day,155
2024-12-25,Curry Rice,Wednesday,Cloudy,Sports Day,100
2024-12-25,Fried Rice,Wednesday,Cloudy,Sports Day,113
2024-12-25,Noodle Soup,Wednesday,Cloudy,Sports Day,110
2024-12-25,Vegetarian Bowl,Wednesday,Cloudy,Sports Day,87
2024-12-26,Chicken Rice,Thursday,Cloudy,Sports Day,125
2024-12-26,Curry Rice,Thursday,Cloudy,Sports Day,102
2024-12-26,Fried Rice,Thursday,Cloudy,Sports Day,126
2024-12-26,Noodle Soup,Thursday,Cloudy,Sports Day,101
2024-12-26,Vegetarian Bowl,Thursday,Cloudy,Sports Day,69
2024-12-27,Chicken Rice,Friday,Cloudy,None,110
2024-12-27,Curry Rice,Friday,Cloudy,None,69
2024-12-27,Fried Rice,Friday,Cloudy,None,88
2024-12-27,Noodle Soup,Friday,Cloudy,None,88
2024-12-27,Vegetarian Bowl,Friday,Cloudy,None,54
2024-12-28,Chicken Rice,Saturday,Cloudy,Holiday,30
2024-12-28,Curry Rice,Saturday,Cloudy,Holiday,23
2024-12-28,Fried Rice,Saturday,Cloudy,Holiday,28
2024-12-28,Noodle Soup,Saturday,Cloudy,Holiday,21
2024-12-28,Vegetarian Bowl,Saturday,Cloudy,Holiday,14
2024-12-29,Chicken Rice,Sunday,Cloudy,Holiday,30
2024-12-29,Curry Rice,Sunday,Cloudy,Holiday,19
2024-12-29,Fried Rice,Sunday,Cloudy,Holiday,24
2024-12-29,Noodle Soup,Sunday,Cloudy,Holiday,23
2024-12-29,Vegetarian Bowl,Sunday,Cloudy,Holiday,15
2024-12-30,Chicken Rice,Monday,Cloudy,None,119
2024-12-30,Curry Rice,Monday,Cloudy,None,103
2024-12-30,Fried Rice,Monday,Cloudy,None,115
2024-12-30,Noodle Soup,Monday,Cloudy,None,97
2024-12-30,Vegetarian Bowl,Monday,Cloudy,None,73
2024-12-31,Chicken Rice,Tuesday,Cloudy,None,122
2024-12-31,Curry Rice,Tuesday,Cloudy,None,108
2024-12-31,Fried Rice,Tuesday,Cloudy,None,121
2024-12-31,Noodle Soup,Tuesday,Cloudy,None,100
2024-12-31,Vegetarian Bowl,Tuesday,Cloudy,None,63
2025-01-01,Chicken Rice,Wednesday,Rain,None,121
2025-01-01,Curry Rice,Wednesday,Rain,None,84
2025-01-01,Fried Rice,Wednesday,Rain,None,96
2025-01-01,Noodle Soup,Wednesday,Rain,None,82
2025-01-01,Vegetarian Bowl,Wednesday,Rain,None,41
2025-01-02,Chicken Rice,Thursday,Sunny,Holiday,75
2025-01-02,Curry Rice,Thursday,Sunny,Holiday,45
2025-01-02,Fried Rice,Thursday,Sunny,Holiday,63
2025-01-02,Noodle Soup,Thursday,Sunny,Holiday,63
2025-01-02,Vegetarian Bowl,Thursday,Sunny,Holiday,37
2025-01-03,Chicken Rice,Friday,Cloudy,None,109
2025-01-03,Curry Rice,Friday,Cloudy,None,69
2025-01-03,Fried Rice,Friday,Cloudy,None,100
2025-01-03,Noodle Soup,Friday,Cloudy,None,74
2025-01-03,Vegetarian Bowl,Friday,Cloudy,None,52
2025-01-04,Chicken Rice,Saturday,Sunny,None,50
2025-01-04,Curry Rice,Saturday,Sunny,None,42
2025-01-04,Fried Rice,Saturday,Sunny,None,62
2025-01-04,Noodle Soup,Saturday,Sunny,None,42
2025-01-04,Vegetarian Bowl,Saturday,Sunny,None,25
2025-01-05,Chicken Rice,Sunday,Hot,None,42
2025-01-05,Curry Rice,Sunday,Hot,None,32
2025-01-05,Fried Rice,Sunday,Hot,None,44
2025-01-05,Noodle Soup,Sunday,Hot,None,36
2025-01-05,Vegetarian Bowl,Sunday,Hot,None,25
2025-01-06,Chicken Rice,Monday,Cloudy,Exam Week,162
2025-01-06,Curry Rice,Monday,Cloudy,Exam Week,105
2025-01-06,Fried Rice,Monday,Cloudy,Exam Week,127
2025-01-06,Noodle Soup,Monday,Cloudy,Exam Week,120
2025-01-06,Vegetarian Bowl,Monday,Cloudy,Exam Week,76
2025-01-07,Chicken Rice,Tuesday,Hot,None,116
2025-01-07,Curry Rice,Tuesday,Hot,None,82
2025-01-07,Fried Rice,Tuesday,Hot,None,95
2025-01-07,Noodle Soup,Tuesday,Hot,None,90
2025-01-07,Vegetarian Bowl,Tuesday,Hot,None,59
2025-01-08,Chicken Rice,Wednesday,Sunny,None,111
2025-01-08,Curry Rice,Wednesday,Sunny,None,98
2025-01-08,Fried Rice,Wednesday,Sunny,None,120
2025-01-08,Noodle Soup,Wednesday,Sunny,None,99
2025-01-08,Vegetarian Bowl,Wednesday,Sunny,None,65
2025-01-09,Chicken Rice,Thursday,Cloudy,None,121
2025-01-09,Curry Rice,Thursday,Cloudy,None,78
2025-01-09,Fried Rice,Thursday,Cloudy,None,132
2025-01-09,Noodle Soup,Thursday,Cloudy,None,98
2025-01-09,Vegetarian Bowl,Thursday,Cloudy,None,63
2025-01-10,Chicken Rice,Friday,Sunny,None,97
2025-01-10,Curry Rice,Friday,Sunny,None,83
2025-01-10,Fried Rice,Friday,Sunny,None,105
2025-01-10,Noodle Soup,Friday,Sunny,None,111
2025-01-10,Vegetarian Bowl,Friday,Sunny,None,59
2025-01-11,Chicken Rice,Saturday,Rain,None,55
2025-01-11,Curry Rice,Saturday,Rain,None,40
2025-01-11,Fried Rice,Saturday,Rain,None,40
2025-01-11,Noodle Soup,Saturday,Rain,None,36
2025-01-11,Vegetarian Bowl,Saturday,Rain,None,28
2025-01-12,Chicken Rice,Sunday,Sunny,None,54
2025-01-12,Curry Rice,Sunday,Sunny,None,39
2025-01-12,Fried Rice,Sunday,Sunny,None,56
2025-01-12,Noodle Soup,Sunday,Sunny,None,39
2025-01-12,Vegetarian Bowl,Sunday,Sunny,None,28
2025-01-13,Chicken Rice,Monday,Sunny,Exam Week,161
2025-01-13,Curry Rice,Monday,Sunny,Exam Week,132
2025-01-13,Fried Rice,Monday,Sunny,Exam Week,127
2025-01-13,Noodle Soup,Monday,Sunny,Exam Week,130
2025-01-13,Vegetarian Bowl,Monday,Sunny,Exam Week,80
2025-01-14,Chicken Rice,Tuesday,Rain,Sports Day,144
2025-01-14,Curry Rice,Tuesday,Rain,Sports Day,99
2025-01-14,Fried Rice,Tuesday,Rain,Sports Day,129
2025-01-14,Noodle Soup,Tuesday,Rain,Sports Day,115
2025-01-14,Vegetarian Bowl,Tuesday,Rain,Sports Day,58
2025-01-15,Chicken Rice,Wednesday,Cloudy,None,126
2025-01-15,Curry Rice,Wednesday,Cloudy,None,91
2025-01-15,Fried Rice,Wednesday,Cloudy,None,118
2025-01-15,Noodle Soup,Wednesday,Cloudy,None,93
2025-01-15,Vegetarian Bowl,Wednesday,Cloudy,None,80
2025-01-16,Chicken Rice,Thursday,Cloudy,Exam Week,129
2025-01-16,Curry Rice,Thursday,Cloudy,Exam Week,91
2025-01-16,Fried Rice,Thursday,Cloudy,Exam Week,119
2025-01-16,Noodle Soup,Thursday,Cloudy,Exam Week,98
2025-01-16,Vegetarian Bowl,Thursday,Cloudy,Exam Week,62
2025-01-17,Chicken Rice,Friday,Sunny,Exam Week,112
2025-01-17,Curry Rice,Friday,Sunny,Exam Week,99
2025-01-17,Fried Rice,Friday,Sunny,Exam Week,122
2025-01-17,Noodle Soup,Friday,Sunny,Exam Week,89
2025-01-17,Vegetarian Bowl,Friday,Sunny,Exam Week,64
2025-01-18,Chicken Rice,Saturday,Sunny,None,62
2025-01-18,Curry Rice,Saturday,Sunny,None,40
2025-01-18,Fried Rice,Saturday,Sunny,None,65
2025-01-18,Noodle Soup,Saturday,Sunny,None,40
2025-01-18,Vegetarian Bowl,Saturday,Sunny,None,32
2025-01-19,Chicken Rice,Sunday,Rain,None,38
2025-01-19,Curry Rice,Sunday,Rain,None,31
2025-01-19,Fried Rice,Sunday,Rain,None,44
2025-01-19,Noodle Soup,Sunday,Rain,None,33
2025-01-19,Vegetarian Bowl,Sunday,Rain,None,23
2025-01-20,Chicken Rice,Monday,Sunny,None,137
2025-01-20,Curry Rice,Monday,Sunny,None,87
2025-01-20,Fried Rice,Monday,Sunny,None,113
2025-01-20,Noodle Soup,Monday,Sunny,None,101
2025-01-20,Vegetarian Bowl,Monday,Sunny,None,70
2025-01-21,Chicken Rice,Tuesday,Cloudy,None,146
2025-01-21,Curry Rice,Tuesday,Cloudy,None,77
2025-01-21,Fried Rice,Tuesday,Cloudy,None,118
2025-01-21,Noodle Soup,Tuesday,Cloudy,None,88
2025-01-21,Vegetarian Bowl,Tuesday,Cloudy,None,55
2025-01-22,Chicken Rice,Wednesday,Cloudy,Exam Week,123
2025-01-22,Curry Rice,Wednesday,Cloudy,Exam Week,101
2025-01-22,Fried Rice,Wednesday,Cloudy,Exam Week,118
2025-01-22,Noodle Soup,Wednesday,Cloudy,Exam Week,122
2025-01-22,Vegetarian Bowl,Wednesday,Cloudy,Exam Week,70
2025-01-23,Chicken Rice,Thursday,Sunny,Exam Week,166
2025-01-23,Curry Rice,Thursday,Sunny,Exam Week,87
2025-01-23,Fried Rice,Thursday,Sunny,Exam Week,127
2025-01-23,Noodle Soup,Thursday,Sunny,Exam Week,119
2025-01-23,Vegetarian Bowl,Thursday,Sunny,Exam Week,65
2025-01-24,Chicken Rice,Friday,Rain,None,92
2025-01-24,Curry Rice,Friday,Rain,None,65
2025-01-24,Fried Rice,Friday,Rain,None,83
2025-01-24,Noodle Soup,Friday,Rain,None,68
2025-01-24,Vegetarian Bowl,Friday,Rain,None,55
2025-01-25,Chicken Rice,Saturday,Hot,Holiday,30
2025-01-25,Curry Rice,Saturday,Hot,Holiday,18
2025-01-25,Fried Rice,Saturday,Hot,Holiday,25
2025-01-25,Noodle Soup,Saturday,Hot,Holiday,23
2025-01-25,Vegetarian Bowl,Saturday,Hot,Holiday,12
2025-01-26,Chicken Rice,Sunday,Sunny,None,55
2025-01-26,Curry Rice,Sunday,Sunny,None,34
2025-01-26,Fried Rice,Sunday,Sunny,None,49
2025-01-26,Noodle Soup,Sunday,Sunny,None,44
2025-01-26,Vegetarian Bowl,Sunday,Sunny,None,27
2025-01-27,Chicken Rice,Monday,Sunny,None,123
2025-01-27,Curry Rice,Monday,Sunny,None,86
2025-01-27,Fried Rice,Monday,Sunny,None,119
2025-01-27,Noodle Soup,Monday,Sunny,None,100
2025-01-27,Vegetarian Bowl,Monday,Sunny,None,60
2025-01-28,Chicken Rice,Tuesday,Rain,None,104
2025-01-28,Curry Rice,Tuesday,Rain,None,78
2025-01-28,Fried Rice,Tuesday,Rain,None,99
2025-01-28,Noodle Soup,Tuesday,Rain,None,91
2025-01-28,Vegetarian Bowl,Tuesday,Rain,None,50
2025-01-29,Chicken Rice,Wednesday,Sunny,None,140
2025-01-29,Curry Rice,Wednesday,Sunny,None,107
2025-01-29,Fried Rice,Wednesday,Sunny,None,132
2025-01-29,Noodle Soup,Wednesday,Sunny,None,113
2025-01-29,Vegetarian Bowl,Wednesday,Sunny,None,59
2025-01-30,Chicken Rice,Thursday,Sunny,None,122
2025-01-30,Curry Rice,Thursday,Sunny,None,99
2025-01-30,Fried Rice,Thursday,Sunny,None,115
2025-01-30,Noodle Soup,Thursday,Sunny,None,104
2025-01-30,Vegetarian Bowl,Thursday,Sunny,None,61
2025-01-31,Chicken Rice,Friday,Cloudy,None,113
2025-01-31,Curry Rice,Friday,Cloudy,None,82
2025-01-31,Fried Rice,Friday,Cloudy,None,107
2025-01-31,Noodle Soup,Friday,Cloudy,None,89
2025-01-31,Vegetarian Bowl,Friday,Cloudy,None,48
2025-02-01,Chicken Rice,Saturday,Rain,None,44
2025-02-01,Curry Rice,Saturday,Rain,None,33
2025-02-01,Fried Rice,Saturday,Rain,None,44
2025-02-01,Noodle Soup,Saturday,Rain,None,40
2025-02-01,Vegetarian Bowl,Saturday,Rain,None,22
2025-02-02,Chicken Rice,Sunday,Sunny,None,50
2025-02-02,Curry Rice,Sunday,Sunny,None,35
2025-02-02,Fried Rice,Sunday,Sunny,None,53
2025-02-02,Noodle Soup,Sunday,Sunny,None,45
2025-02-02,Vegetarian Bowl,Sunday,Sunny,None,29
2025-02-03,Chicken Rice,Monday,Cloudy,Exam Week,138
2025-02-03,Curry Rice,Monday,Cloudy,Exam Week,93
2025-02-03,Fried Rice,Monday,Cloudy,Exam Week,144
2025-02-03,Noodle Soup,Monday,Cloudy,Exam Week,108
2025-02-03,Vegetarian Bowl,Monday,Cloudy,Exam Week,84
2025-02-04,Chicken Rice,Tuesday,Sunny,None,117
2025-02-04,Curry Rice,Tuesday,Sunny,None,85
2025-02-04,Fried Rice,Tuesday,Sunny,None,125
2025-02-04,Noodle Soup,Tuesday,Sunny,None,100
2025-02-04,Vegetarian Bowl,Tuesday,Sunny,None,63
2025-02-05,Chicken Rice,Wednesday,Sunny,None,125
2025-02-05,Curry Rice,Wednesday,Sunny,None,83
2025-02-05,Fried Rice,Wednesday,Sunny,None,147
2025-02-05,Noodle Soup,Wednesday,Sunny,None,94
2025-02-05,Vegetarian Bowl,Wednesday,Sunny,None,68
2025-02-06,Chicken Rice,Thursday,Rain,None,92
2025-02-06,Curry Rice,Thursday,Rain,None,73
2025-02-06,Fried Rice,Thursday,Rain,None,92
2025-02-06,Noodle Soup,Thursday,Rain,None,79
2025-02-06,Vegetarian Bowl,Thursday,Rain,None,58
2025-02-07,Chicken Rice,Friday,Rain,None,85
2025-02-07,Curry Rice,Friday,Rain,None,64
2025-02-07,Fried Rice,Friday,Rain,None,85
2025-02-07,Noodle Soup,Friday,Rain,None,75
2025-02-07,Vegetarian Bowl,Friday,Rain,None,53
2025-02-08,Chicken Rice,Saturday,Sunny,None,58
2025-02-08,Curry Rice,Saturday,Sunny,None,47
2025-02-08,Fried Rice,Saturday,Sunny,None,47
2025-02-08,Noodle Soup,Saturday,Sunny,None,38
2025-02-08,Vegetarian Bowl,Saturday,Sunny,None,31
2025-02-09,Chicken Rice,Sunday,Rain,None,44
2025-02-09,Curry Rice,Sunday,Rain,None,33
2025-02-09,Fried Rice,Sunday,Rain,None,39
2025-02-09,Noodle Soup,Sunday,Rain,None,35
2025-02-09,Vegetarian Bowl,Sunday,Rain,None,25
2025-02-10,Chicken Rice,Monday,Sunny,None,140
2025-02-10,Curry Rice,Monday,Sunny,None,97
2025-02-10,Fried Rice,Monday,Sunny,None,114
2025-02-10,Noodle Soup,Monday,Sunny,None,109
2025-02-10,Vegetarian Bowl,Monday,Sunny,None,78
2025-02-11,Chicken Rice,Tuesday,Cloudy,Holiday,74
2025-02-11,Curry Rice,Tuesday,Cloudy,Holiday,45
2025-02-11,Fried Rice,Tuesday,Cloudy,Holiday,65
2025-02-11,Noodle Soup,Tuesday,Cloudy,Holiday,53
2025-02-11,Vegetarian Bowl,Tuesday,Cloudy,Holiday,31
2025-02-12,Chicken Rice,Wednesday,Cloudy,None,101
2025-02-12,Curry Rice,Wednesday,Cloudy,None,84
2025-02-12,Fried Rice,Wednesday,Cloudy,None,102
2025-02-12,Noodle Soup,Wednesday,Cloudy,None,101
2025-02-12,Vegetarian Bowl,Wednesday,Cloudy,None,55
2025-02-13,Chicken Rice,Thursday,Cloudy,None,139
2025-02-13,Curry Rice,Thursday,Cloudy,None,90
2025-02-13,Fried Rice,Thursday,Cloudy,None,118
2025-02-13,Noodle Soup,Thursday,Cloudy,None,97
2025-02-13,Vegetarian Bowl,Thursday,Cloudy,None,56
2025-02-14,Chicken Rice,Friday,Cloudy,Exam Week,120
2025-02-14,Curry Rice,Friday,Cloudy,Exam Week,82
2025-02-14,Fried Rice,Friday,Cloudy,Exam Week,113
2025-02-14,Noodle Soup,Friday,Cloudy,Exam Week,96
2025-02-14,Vegetarian Bowl,Friday,Cloudy,Exam Week,63
2025-02-15,Chicken Rice,Saturday,Cloudy,None,47
2025-02-15,Curry Rice,Saturday,Cloudy,None,37
2025-02-15,Fried Rice,Saturday,Cloudy,None,58
2025-02-15,Noodle Soup,Saturday,Cloudy,None,41
2025-02-15,Vegetarian Bowl,Saturday,Cloudy,None,22
2025-02-16,Chicken Rice,Sunday,Rain,None,57
2025-02-16,Curry Rice,Sunday,Rain,None,35
2025-02-16,Fried Rice,Sunday,Rain,None,47
2025-02-16,Noodle Soup,Sunday,Rain,None,28
2025-02-16,Vegetarian Bowl,Sunday,Rain,None,26
2025-02-17,Chicken Rice,Monday,Cloudy,None,125
2025-02-17,Curry Rice,Monday,Cloudy,None,81
2025-02-17,Fried Rice,Monday,Cloudy,None,108
2025-02-17,Noodle Soup,Monday,Cloudy,None,104
2025-02-17,Vegetarian Bowl,Monday,Cloudy,None,68
2025-02-18,Chicken Rice,Tuesday,Rain,None,100
2025-02-18,Curry Rice,Tuesday,Rain,None,87
2025-02-18,Fried Rice,Tuesday,Rain,None,102
2025-02-18,Noodle Soup,Tuesday,Rain,None,84
2025-02-18,Vegetarian Bowl,Tuesday,Rain,None,49
2025-02-19,Chicken Rice,Wednesday,Cloudy,None,119
2025-02-19,Curry Rice,Wednesday,Cloudy,None,80
2025-02-19,Fried Rice,Wednesday,Cloudy,None,104
2025-02-19,Noodle Soup,Wednesday,Cloudy,None,89
2025-02-19,Vegetarian Bowl,Wednesday,Cloudy,None,60
2025-02-20,Chicken Rice,Thursday,Sunny,Sports Day,165
2025-02-20,Curry Rice,Thursday,Sunny,Sports Day,102
2025-02-20,Fried Rice,Thursday,Sunny,Sports Day,149
2025-02-20,Noodle Soup,Thursday,Sunny,Sports Day,119
2025-02-20,Vegetarian Bowl,Thursday,Sunny,Sports Day,72
2025-02-21,Chicken Rice,Friday,Sunny,None,121
2025-02-21,Curry Rice,Friday,Sunny,None,77
2025-02-21,Fried Rice,Friday,Sunny,None,114
2025-02-21,Noodle Soup,Friday,Sunny,None,106
2025-02-21,Vegetarian Bowl,Friday,Sunny,None,57
2025-02-22,Chicken Rice,Saturday,Cloudy,None,63
2025-02-22,Curry Rice,Saturday,Cloudy,None,44
2025-02-22,Fried Rice,Saturday,Cloudy,None,47
2025-02-22,Noodle Soup,Saturday,Cloudy,None,48
2025-02-22,Vegetarian Bowl,Saturday,Cloudy,None,26
2025-02-23,Chicken Rice,Sunday,Hot,Sports Day,64
2025-02-23,Curry Rice,Sunday,Hot,Sports Day,34
2025-02-23,Fried Rice,Sunday,Hot,Sports Day,51
2025-02-23,Noodle Soup,Sunday,Hot,Sports Day,44
2025-02-23,Vegetarian Bowl,Sunday,Hot,Sports Day,27
2025-02-24,Chicken Rice,Monday,Cloudy,None,121
2025-02-24,Curry Rice,Monday,Cloudy,None,90
2025-02-24,Fried Rice,Monday,Cloudy,None,124
2025-02-24,Noodle Soup,Monday,Cloudy,None,94
2025-02-24,Vegetarian Bowl,Monday,Cloudy,None,63
2025-02-25,Chicken Rice,Tuesday,Hot,None,101
2025-02-25,Curry Rice,Tuesday,Hot,None,98
2025-02-25,Fried Rice,Tuesday,Hot,None,109
2025-02-25,Noodle Soup,Tuesday,Hot,None,94
2025-02-25,Vegetarian Bowl,Tuesday,Hot,None,57
2025-02-26,Chicken Rice,Wednesday,Hot,None,114
2025-02-26,Curry Rice,Wednesday,Hot,None,71
2025-02-26,Fried Rice,Wednesday,Hot,None,113
2025-02-26,Noodle Soup,Wednesday,Hot,None,88
2025-02-26,Vegetarian Bowl,Wednesday,Hot,None,62
2025-02-27,Chicken Rice,Thursday,Rain,None,117
2025-02-27,Curry Rice,Thursday,Rain,None,89
2025-02-27,Fried Rice,Thursday,Rain,None,88
2025-02-27,Noodle Soup,Thursday,Rain,None,88
2025-02-27,Vegetarian Bowl,Thursday,Rain,None,48
2025-02-28,Chicken Rice,Friday,Rain,None,98
2025-02-28,Curry Rice,Friday,Rain,None,58
2025-02-28,Fried Rice,Friday,Rain,None,74
2025-02-28,Noodle Soup,Friday,Rain,None,73
2025-02-28,Vegetarian Bowl,Friday,Rain,None,39
2025-03-01,Chicken Rice,Saturday,Sunny,None,57
2025-03-01,Curry Rice,Saturday,Sunny,None,40
2025-03-01,Fried Rice,Saturday,Sunny,None,56
2025-03-01,Noodle Soup,Saturday,Sunny,None,47
2025-03-01,Vegetarian Bowl,Saturday,Sunny,None,24
2025-03-02,Chicken Rice,Sunday,Cloudy,Exam Week,55
2025-03-02,Curry Rice,Sunday,Cloudy,Exam Week,39
2025-03-02,Fried Rice,Sunday,Cloudy,Exam Week,52
2025-03-02,Noodle Soup,Sunday,Cloudy,Exam Week,45
2025-03-02,Vegetarian Bowl,Sunday,Cloudy,Exam Week,25
2025-03-03,Chicken Rice,Monday,Cloudy,None,109
2025-03-03,Curry Rice,Monday,Cloudy,None,81
2025-03-03,Fried Rice,Monday,Cloudy,None,123
2025-03-03,Noodle Soup,Monday,Cloudy,None,103
2025-03-03,Vegetarian Bowl,Monday,Cloudy,None,66
2025-03-04,Chicken Rice,Tuesday,Sunny,None,116
2025-03-04,Curry Rice,Tuesday,Sunny,None,96
2025-03-04,Fried Rice,Tuesday,Sunny,None,117
2025-03-04,Noodle Soup,Tuesday,Sunny,None,96
2025-03-04,Vegetarian Bowl,Tuesday,Sunny,None,69
2025-03-05,Chicken Rice,Wednesday,Sunny,None,127
2025-03-05,Curry Rice,Wednesday,Sunny,None,96
2025-03-05,Fried Rice,Wednesday,Sunny,None,102
2025-03-05,Noodle Soup,Wednesday,Sunny,None,108
2025-03-05,Vegetarian Bowl,Wednesday,Sunny,None,55
2025-03-06,Chicken Rice,Thursday,Cloudy,None,118
2025-03-06,Curry Rice,Thursday,Cloudy,None,67
2025-03-06,Fried Rice,Thursday,Cloudy,None,105
2025-03-06,Noodle Soup,Thursday,Cloudy,None,90
2025-03-06,Vegetarian Bowl,Thursday,Cloudy,None,67
2025-03-07,Chicken Rice,Friday,Rain,None,95
2025-03-07,Curry Rice,Friday,Rain,None,60
2025-03-07,Fried Rice,Friday,Rain,None,93
2025-03-07,Noodle Soup,Friday,Rain,None,75
2025-03-07,Vegetarian Bowl,Friday,Rain,None,56
2025-03-08,Chicken Rice,Saturday,Cloudy,Sports Day,70
2025-03-08,Curry Rice,Saturday,Cloudy,Sports Day,48
2025-03-08,Fried Rice,Saturday,Cloudy,Sports Day,65
2025-03-08,Noodle Soup,Saturday,Cloudy,Sports Day,54
2025-03-08,Vegetarian Bowl,Saturday,Cloudy,Sports Day,32
2025-03-09,Chicken Rice,Sunday,Sunny,None,52
2025-03-09,Curry Rice,Sunday,Sunny,None,37
2025-03-09,Fried Rice,Sunday,Sunny,None,44
2025-03-09,Noodle Soup,Sunday,Sunny,None,41
2025-03-09,Vegetarian Bowl,Sunday,Sunny,None,30
2025-03-10,Chicken Rice,Monday,Rain,None,107
2025-03-10,Curry Rice,Monday,Rain,None,82
2025-03-10,Fried Rice,Monday,Rain,None,105
2025-03-10,Noodle Soup,Monday,Rain,None,95
2025-03-10,Vegetarian Bowl,Monday,Rain,None,59
2025-03-11,Chicken Rice,Tuesday,Sunny,Exam Week,177
2025-03-11,Curry Rice,Tuesday,Sunny,Exam Week,95
2025-03-11,Fried Rice,Tuesday,Sunny,Exam Week,136
2025-03-11,Noodle Soup,Tuesday,Sunny,Exam Week,96
2025-03-11,Vegetarian Bowl,Tuesday,Sunny,Exam Week,77
2025-03-12,Chicken Rice,Wednesday,Cloudy,None,116
2025-03-12,Curry Rice,Wednesday,Cloudy,None,89
2025-03-12,Fried Rice,Wednesday,Cloudy,None,115
2025-03-12,Noodle Soup,Wednesday,Cloudy,None,115
2025-03-12,Vegetarian Bowl,Wednesday,Cloudy,None,60
2025-03-13,Chicken Rice,Thursday,Sunny,None,130
2025-03-13,Curry Rice,Thursday,Sunny,None,95
2025-03-13,Fried Rice,Thursday,Sunny,None,116
2025-03-13,Noodle Soup,Thursday,Sunny,None,100
2025-03-13,Vegetarian Bowl,Thursday,Sunny,None,70
2025-03-14,Chicken Rice,Friday,Cloudy,None,109
2025-03-14,Curry Rice,Friday,Cloudy,None,73
2025-03-14,Fried Rice,Friday,Cloudy,None,94
2025-03-14,Noodle Soup,Friday,Cloudy,None,79
2025-03-14,Vegetarian Bowl,Friday,Cloudy,None,48
2025-03-15,Chicken Rice,Saturday,Cloudy,None,55
2025-03-15,Curry Rice,Saturday,Cloudy,None,43
2025-03-15,Fried Rice,Saturday,Cloudy,None,50
2025-03-15,Noodle Soup,Saturday,Cloudy,None,53
2025-03-15,Vegetarian Bowl,Saturday,Cloudy,None,37
2025-03-16,Chicken Rice,Sunday,Cloudy,None,39
2025-03-16,Curry Rice,Sunday,Cloudy,None,32
2025-03-16,Fried Rice,Sunday,Cloudy,None,47
2025-03-16,Noodle Soup,Sunday,Cloudy,None,39
2025-03-16,Vegetarian Bowl,Sunday,Cloudy,None,30
2025-03-17,Chicken Rice,Monday,Cloudy,Sports Day,164
2025-03-17,Curry Rice,Monday,Cloudy,Sports Day,116
2025-03-17,Fried Rice,Monday,Cloudy,Sports Day,143
2025-03-17,Noodle Soup,Monday,Cloudy,Sports Day,97
2025-03-17,Vegetarian Bowl,Monday,Cloudy,Sports Day,75
2025-03-18,Chicken Rice,Tuesday,Rain,None,120
2025-03-18,Curry Rice,Tuesday,Rain,None,86
2025-03-18,Fried Rice,Tuesday,Rain,None,107
2025-03-18,Noodle Soup,Tuesday,Rain,None,93
2025-03-18,Vegetarian Bowl,Tuesday,Rain,None,60
2025-03-19,Chicken Rice,Wednesday,Rain,Exam Week,110
2025-03-19,Curry Rice,Wednesday,Rain,Exam Week,85
2025-03-19,Fried Rice,Wednesday,Rain,Exam Week,121
2025-03-19,Noodle Soup,Wednesday,Rain,Exam Week,111
2025-03-19,Vegetarian Bowl,Wednesday,Rain,Exam Week,63
2025-03-20,Chicken Rice,Thursday,Cloudy,None,115
2025-03-20,Curry Rice,Thursday,Cloudy,None,80
2025-03-20,Fried Rice,Thursday,Cloudy,None,132
2025-03-20,Noodle Soup,Thursday,Cloudy,None,88
2025-03-20,Vegetarian Bowl,Thursday,Cloudy,None,61
2025-03-21,Chicken Rice,Friday,Hot,None,97
2025-03-21,Curry Rice,Friday,Hot,None,69
2025-03-21,Fried Rice,Friday,Hot,None,97
2025-03-21,Noodle Soup,Friday,Hot,None,74
2025-03-21,Vegetarian Bowl,Friday,Hot,None,53
2025-03-22,Chicken Rice,Saturday,Cloudy,None,50
2025-03-22,Curry Rice,Saturday,Cloudy,None,37
2025-03-22,Fried Rice,Saturday,Cloudy,None,52
2025-03-22,Noodle Soup,Saturday,Cloudy,None,49
2025-03-22,Vegetarian Bowl,Saturday,Cloudy,None,34
2025-03-23,Chicken Rice,Sunday,Rain,None,44
2025-03-23,Curry Rice,Sunday,Rain,None,33
2025-03-23,Fried Rice,Sunday,Rain,None,38
2025-03-23,Noodle Soup,Sunday,Rain,None,32
2025-03-23,Vegetarian Bowl,Sunday,Rain,None,23
2025-03-24,Chicken Rice,Monday,Hot,Exam Week,150
2025-03-24,Curry Rice,Monday,Hot,Exam Week,102
2025-03-24,Fried Rice,Monday,Hot,Exam Week,126
2025-03-24,Noodle Soup,Monday,Hot,Exam Week,112
2025-03-24,Vegetarian Bowl,Monday,Hot,Exam Week,67
2025-03-25,Chicken Rice,Tuesday,Hot,Exam Week,138
2025-03-25,Curry Rice,Tuesday,Hot,Exam Week,100
2025-03-25,Fried Rice,Tuesday,Hot,Exam Week,107
2025-03-25,Noodle Soup,Tuesday,Hot,Exam Week,102
2025-03-25,Vegetarian Bowl,Tuesday,Hot,Exam Week,60
2025-03-26,Chicken Rice,Wednesday,Cloudy,None,121
2025-03-26,Curry Rice,Wednesday,Cloudy,None,80
2025-03-26,Fried Rice,Wednesday,Cloudy,None,124
2025-03-26,Noodle Soup,Wednesday,Cloudy,None,103
2025-03-26,Vegetarian Bowl,Wednesday,Cloudy,None,66
2025-03-27,Chicken Rice,Thursday,Sunny,None,114
2025-03-27,Curry Rice,Thursday,Sunny,None,106
2025-03-27,Fried Rice,Thursday,Sunny,None,125
2025-03-27,Noodle Soup,Thursday,Sunny,None,103
2025-03-27,Vegetarian Bowl,Thursday,Sunny,None,60
2025-03-28,Chicken Rice,Friday,Cloudy,None,103
2025-03-28,Curry Rice,Friday,Cloudy,None,87
2025-03-28,Fried Rice,Friday,Cloudy,None,101
2025-03-28,Noodle Soup,Friday,Cloudy,None,78
2025-03-28,Vegetarian Bowl,Friday,Cloudy,None,53
2025-03-29,Chicken Rice,Saturday,Sunny,None,57
2025-03-29,Curry Rice,Saturday,Sunny,None,45
2025-03-29,Fried Rice,Saturday,Sunny,None,53
2025-03-29,Noodle Soup,Saturday,Sunny,None,40
2025-03-29,Vegetarian Bowl,Saturday,Sunny,None,27
2025-03-30,Chicken Rice,Sunday,Cloudy,Exam Week,62
2025-03-30,Curry Rice,Sunday,Cloudy,Exam Week,44
2025-03-30,Fried Rice,Sunday,Cloudy,Exam Week,54
2025-03-30,Noodle Soup,Sunday,Cloudy,Exam Week,49
2025-03-30,Vegetarian Bowl,Sunday,Cloudy,Exam Week,30
2025-03-31,Chicken Rice,Monday,Cloudy,None,133
2025-03-31,Curry Rice,Monday,Cloudy,None,85
2025-03-31,Fried Rice,Monday,Cloudy,None,116
2025-03-31,Noodle Soup,Monday,Cloudy,None,127
2025-03-31,Vegetarian Bowl,Monday,Cloudy,None,62
2025-04-01,Chicken Rice,Tuesday,Hot,Exam Week,133
2025-04-01,Curry Rice,Tuesday,Hot,Exam Week,87
2025-04-01,Fried Rice,Tuesday,Hot,Exam Week,143
2025-04-01,Noodle Soup,Tuesday,Hot,Exam Week,108
2025-04-01,Vegetarian Bowl,Tuesday,Hot,Exam Week,83
2025-04-02,Chicken Rice,Wednesday,Rain,None,112
2025-04-02,Curry Rice,Wednesday,Rain,None,81
2025-04-02,Fried Rice,Wednesday,Rain,None,99
2025-04-02,Noodle Soup,Wednesday,Rain,None,89
2025-04-02,Vegetarian Bowl,Wednesday,Rain,None,62
2025-04-03,Chicken Rice,Thursday,Cloudy,None,129
2025-04-03,Curry Rice,Thursday,Cloudy,None,88
2025-04-03,Fried Rice,Thursday,Cloudy,None,112
2025-04-03,Noodle Soup,Thursday,Cloudy,None,98
2025-04-03,Vegetarian Bowl,Thursday,Cloudy,None,70
2025-04-04,Chicken Rice,Friday,Rain,None,92
2025-04-04,Curry Rice,Friday,Rain,None,56
2025-04-04,Fried Rice,Friday,Rain,None,88
2025-04-04,Noodle Soup,Friday,Rain,None,68
2025-04-04,Vegetarian Bowl,Friday,Rain,None,49
2025-04-05,Chicken Rice,Saturday,Cloudy,None,59
2025-04-05,Curry Rice,Saturday,Cloudy,None,37
2025-04-05,Fried Rice,Saturday,Cloudy,None,46
2025-04-05,Noodle Soup,Saturday,Cloudy,None,44
2025-04-05,Vegetarian Bowl,Saturday,Cloudy,None,31
2025-04-06,Chicken Rice,Sunday,Rain,None,45
2025-04-06,Curry Rice,Sunday,Rain,None,29
2025-04-06,Fried Rice,Sunday,Rain,None,46
2025-04-06,Noodle Soup,Sunday,Rain,None,39
2025-04-06,Vegetarian Bowl,Sunday,Rain,None,23
2025-04-07,Chicken Rice,Monday,Hot,None,118
2025-04-07,Curry Rice,Monday,Hot,None,84
2025-04-07,Fried Rice,Monday,Hot,None,111
2025-04-07,Noodle Soup,Monday,Hot,None,81
2025-04-07,Vegetarian Bowl,Monday,Hot,None,63
2025-04-08,Chicken Rice,Tuesday,Cloudy,None,107
2025-04-08,Curry Rice,Tuesday,Cloudy,None,83
2025-04-08,Fried Rice,Tuesday,Cloudy,None,125
2025-04-08,Noodle Soup,Tuesday,Cloudy,None,92
2025-04-08,Vegetarian Bowl,Tuesday,Cloudy,None,67
2025-04-09,Chicken Rice,Wednesday,Sunny,None,144
2025-04-09,Curry Rice,Wednesday,Sunny,None,83
2025-04-09,Fried Rice,Wednesday,Sunny,None,111
2025-04-09,Noodle Soup,Wednesday,Sunny,None,104
2025-04-09,Vegetarian Bowl,Wednesday,Sunny,None,68
2025-04-10,Chicken Rice,Thursday,Sunny,None,128
2025-04-10,Curry Rice,Thursday,Sunny,None,101
2025-04-10,Fried Rice,Thursday,Sunny,None,114
2025-04-10,Noodle Soup,Thursday,Sunny,None,98
2025-04-10,Vegetarian Bowl,Thursday,Sunny,None,60
2025-04-11,Chicken Rice,Friday,Cloudy,None,118
2025-04-11,Curry Rice,Friday,Cloudy,None,71
2025-04-11,Fried Rice,Friday,Cloudy,None,100
2025-04-11,Noodle Soup,Friday,Cloudy,None,95
2025-04-11,Vegetarian Bowl,Friday,Cloudy,None,45
2025-04-12,Chicken Rice,Saturday,Cloudy,None,63
2025-04-12,Curry Rice,Saturday,Cloudy,None,44
2025-04-12,Fried Rice,Saturday,Cloudy,None,54
2025-04-12,Noodle Soup,Saturday,Cloudy,None,39
2025-04-12,Vegetarian Bowl,Saturday,Cloudy,None,26
2025-04-13,Chicken Rice,Sunday,Rain,Holiday,24
2025-04-13,Curry Rice,Sunday,Rain,Holiday,16
2025-04-13,Fried Rice,Sunday,Rain,Holiday,21
2025-04-13,Noodle Soup,Sunday,Rain,Holiday,17
2025-04-13,Vegetarian Bowl,Sunday,Rain,Holiday,12
2025-04-14,Chicken Rice,Monday,Rain,None,117
2025-04-14,Curry Rice,Monday,Rain,None,92
2025-04-14,Fried Rice,Monday,Rain,None,104
2025-04-14,Noodle Soup,Monday,Rain,None,83
2025-04-14,Vegetarian Bowl,Monday,Rain,None,54
2025-04-15,Chicken Rice,Tuesday,Rain,None,106
2025-04-15,Curry Rice,Tuesday,Rain,None,81
2025-04-15,Fried Rice,Tuesday,Rain,None,94
2025-04-15,Noodle Soup,Tuesday,Rain,None,73
2025-04-15,Vegetarian Bowl,Tuesday,Rain,None,50
2025-04-16,Chicken Rice,Wednesday,Cloudy,None,116
2025-04-16,Curry Rice,Wednesday,Cloudy,None,83
2025-04-16,Fried Rice,Wednesday,Cloudy,None,101
2025-04-16,Noodle Soup,Wednesday,Cloudy,None,109
2025-04-16,Vegetarian Bowl,Wednesday,Cloudy,None,55
2025-04-17,Chicken Rice,Thursday,Rain,None,112
2025-04-17,Curry Rice,Thursday,Rain,None,76
2025-04-17,Fried Rice,Thursday,Rain,None,84
2025-04-17,Noodle Soup,Thursday,Rain,None,99
2025-04-17,Vegetarian Bowl,Thursday,Rain,None,53
2025-04-18,Chicken Rice,Friday,Rain,Holiday,52
2025-04-18,Curry Rice,Friday,Rain,Holiday,36
2025-04-18,Fried Rice,Friday,Rain,Holiday,46
2025-04-18,Noodle Soup,Friday,Rain,Holiday,41
2025-04-18,Vegetarian Bowl,Friday,Rain,Holiday,29
2025-04-19,Chicken Rice,Saturday,Rain,None,50
2025-04-19,Curry Rice,Saturday,Rain,None,36
2025-04-19,Fried Rice,Saturday,Rain,None,50
2025-04-19,Noodle Soup,Saturday,Rain,None,39
2025-04-19,Vegetarian Bowl,Saturday,Rain,None,25
2025-04-20,Chicken Rice,Sunday,Cloudy,Exam Week,54
2025-04-20,Curry Rice,Sunday,Cloudy,Exam Week,37
2025-04-20,Fried Rice,Sunday,Cloudy,Exam Week,54
2025-04-20,Noodle Soup,Sunday,Cloudy,Exam Week,42
2025-04-20,Vegetarian Bowl,Sunday,Cloudy,Exam Week,27
2025-04-21,Chicken Rice,Monday,Sunny,Holiday,63
2025-04-21,Curry Rice,Monday,Sunny,Holiday,57
2025-04-21,Fried Rice,Monday,Sunny,Holiday,68
2025-04-21,Noodle Soup,Monday,Sunny,Holiday,68
2025-04-21,Vegetarian Bowl,Monday,Sunny,Holiday,36
2025-04-22,Chicken Rice,Tuesday,Rain,None,134
2025-04-22,Curry Rice,Tuesday,Rain,None,71
2025-04-22,Fried Rice,Tuesday,Rain,None,100
2025-04-22,Noodle Soup,Tuesday,Rain,None,79
2025-04-22,Vegetarian Bowl,Tuesday,Rain,None,59
2025-04-23,Chicken Rice,Wednesday,Cloudy,None,149
2025-04-23,Curry Rice,Wednesday,Cloudy,None,86
2025-04-23,Fried Rice,Wednesday,Cloudy,None,110
2025-04-23,Noodle Soup,Wednesday,Cloudy,None,88
2025-04-23,Vegetarian Bowl,Wednesday,Cloudy,None,64
2025-04-24,Chicken Rice,Thursday,Hot,None,113
2025-04-24,Curry Rice,Thursday,Hot,None,82
2025-04-24,Fried Rice,Thursday,Hot,None,113
2025-04-24,Noodle Soup,Thursday,Hot,None,92
2025-04-24,Vegetarian Bowl,Thursday,Hot,None,61
2025-04-25,Chicken Rice,Friday,Rain,None,94
2025-04-25,Curry Rice,Friday,Rain,None,63
2025-04-25,Fried Rice,Friday,Rain,None,84
2025-04-25,Noodle Soup,Friday,Rain,None,77
2025-04-25,Vegetarian Bowl,Friday,Rain,None,48
2025-04-26,Chicken Rice,Saturday,Rain,None,48
2025-04-26,Curry Rice,Saturday,Rain,None,37
2025-04-26,Fried Rice,Saturday,Rain,None,45
2025-04-26,Noodle Soup,Saturday,Rain,None,41
2025-04-26,Vegetarian Bowl,Saturday,Rain,None,28
2025-04-27,Chicken Rice,Sunday,Cloudy,None,51
2025-04-27,Curry Rice,Sunday,Cloudy,None,37
2025-04-27,Fried Rice,Sunday,Cloudy,None,49
2025-04-27,Noodle Soup,Sunday,Cloudy,None,36
2025-04-27,Vegetarian Bowl,Sunday,Cloudy,None,24
2025-04-28,Chicken Rice,Monday,Sunny,None,133
2025-04-28,Curry Rice,Monday,Sunny,None,93
2025-04-28,Fried Rice,Monday,Sunny,None,113
2025-04-28,Noodle Soup,Monday,Sunny,None,116
2025-04-28,Vegetarian Bowl,Monday,Sunny,None,71
2025-04-29,Chicken Rice,Tuesday,Rain,None,120
2025-04-29,Curry Rice,Tuesday,Rain,None,87
2025-04-29,Fried Rice,Tuesday,Rain,None,104
2025-04-29,Noodle Soup,Tuesday,Rain,None,73
2025-04-29,Vegetarian Bowl,Tuesday,Rain,None,48
2025-04-30,Chicken Rice,Wednesday,Rain,None,93
2025-04-30,Curry Rice,Wednesday,Rain,None,73
2025-04-30,Fried Rice,Wednesday,Rain,None,88
2025-04-30,Noodle Soup,Wednesday,Rain,None,99
2025-04-30,Vegetarian Bowl,Wednesday,Rain,None,55
2025-05-01,Chicken Rice,Thursday,Rain,None,113
2025-05-01,Curry Rice,Thursday,Rain,None,76
2025-05-01,Fried Rice,Thursday,Rain,None,107
2025-05-01,Noodle Soup,Thursday,Rain,None,83
2025-05-01,Vegetarian Bowl,Thursday,Rain,None,52
2025-05-02,Chicken Rice,Friday,Cloudy,None,125
2025-05-02,Curry Rice,Friday,Cloudy,None,70
2025-05-02,Fried Rice,Friday,Cloudy,None,99
2025-05-02,Noodle Soup,Friday,Cloudy,None,86
2025-05-02,Vegetarian Bowl,Friday,Cloudy,None,50
2025-05-03,Chicken Rice,Saturday,Sunny,None,53
2025-05-03,Curry Rice,Saturday,Sunny,None,33
2025-05-03,Fried Rice,Saturday,Sunny,None,51
2025-05-03,Noodle Soup,Saturday,Sunny,None,45
2025-05-03,Vegetarian Bowl,Saturday,Sunny,None,35
2025-05-04,Chicken Rice,Sunday,Cloudy,Sports Day,55
2025-05-04,Curry Rice,Sunday,Cloudy,Sports Day,40
2025-05-04,Fried Rice,Sunday,Cloudy,Sports Day,58
2025-05-04,Noodle Soup,Sunday,Cloudy,Sports Day,46
2025-05-04,Vegetarian Bowl,Sunday,Cloudy,Sports Day,35
2025-05-05,Chicken Rice,Monday,Sunny,Holiday,84
2025-05-05,Curry Rice,Monday,Sunny,Holiday,51
2025-05-05,Fried Rice,Monday,Sunny,Holiday,55
2025-05-05,Noodle Soup,Monday,Sunny,Holiday,56
2025-05-05,Vegetarian Bowl,Monday,Sunny,Holiday,42
2025-05-06,Chicken Rice,Tuesday,Hot,None,111
2025-05-06,Curry Rice,Tuesday,Hot,None,67
2025-05-06,Fried Rice,Tuesday,Hot,None,120
2025-05-06,Noodle Soup,Tuesday,Hot,None,87
2025-05-06,Vegetarian Bowl,Tuesday,Hot,None,65
2025-05-07,Chicken Rice,Wednesday,Sunny,Exam Week,140
2025-05-07,Curry Rice,Wednesday,Sunny,Exam Week,102
2025-05-07,Fried Rice,Wednesday,Sunny,Exam Week,133
2025-05-07,Noodle Soup,Wednesday,Sunny,Exam Week,101
2025-05-07,Vegetarian Bowl,Wednesday,Sunny,Exam Week,72
2025-05-08,Chicken Rice,Thursday,Sunny,None,120
2025-05-08,Curry Rice,Thursday,Sunny,None,87
2025-05-08,Fried Rice,Thursday,Sunny,None,106
2025-05-08,Noodle Soup,Thursday,Sunny,None,102
2025-05-08,Vegetarian Bowl,Thursday,Sunny,None,61
2025-05-09,Chicken Rice,Friday,Hot,None,92
2025-05-09,Curry Rice,Friday,Hot,None,73
2025-05-09,Fried Rice,Friday,Hot,None,90
2025-05-09,Noodle Soup,Friday,Hot,None,81
2025-05-09,Vegetarian Bowl,Friday,Hot,None,52
2025-05-10,Chicken Rice,Saturday,Sunny,None,55
2025-05-10,Curry Rice,Saturday,Sunny,None,41
2025-05-10,Fried Rice,Saturday,Sunny,None,62
2025-05-10,Noodle Soup,Saturday,Sunny,None,48
2025-05-10,Vegetarian Bowl,Saturday,Sunny,None,33
2025-05-11,Chicken Rice,Sunday,Sunny,None,55
2025-05-11,Curry Rice,Sunday,Sunny,None,39
2025-05-11,Fried Rice,Sunday,Sunny,None,42
2025-05-11,Noodle Soup,Sunday,Sunny,None,42
2025-05-11,Vegetarian Bowl,Sunday,Sunny,None,22
2025-05-12,Chicken Rice,Monday,Cloudy,Exam Week,130
2025-05-12,Curry Rice,Monday,Cloudy,Exam Week,108
2025-05-12,Fried Rice,Monday,Cloudy,Exam Week,128
2025-05-12,Noodle Soup,Monday,Cloudy,Exam Week,127
2025-05-12,Vegetarian Bowl,Monday,Cloudy,Exam Week,76
2025-05-13,Chicken Rice,Tuesday,Rain,None,91
2025-05-13,Curry Rice,Tuesday,Rain,None,78
2025-05-13,Fried Rice,Tuesday,Rain,None,86
2025-05-13,Noodle Soup,Tuesday,Rain,None,80
2025-05-13,Vegetarian Bowl,Tuesday,Rain,None,57
2025-05-14,Chicken Rice,Wednesday,Cloudy,None,113
2025-05-14,Curry Rice,Wednesday,Cloudy,None,87
2025-05-14,Fried Rice,Wednesday,Cloudy,None,106
2025-05-14,Noodle Soup,Wednesday,Cloudy,None,98
2025-05-14,Vegetarian Bowl,Wednesday,Cloudy,None,63
2025-05-15,Chicken Rice,Thursday,Rain,None,107
2025-05-15,Curry Rice,Thursday,Rain,None,73
2025-05-15,Fried Rice,Thursday,Rain,None,106
2025-05-15,Noodle Soup,Thursday,Rain,None,82
2025-05-15,Vegetarian Bowl,Thursday,Rain,None,62
2025-05-16,Chicken Rice,Friday,Sunny,None,102
2025-05-16,Curry Rice,Friday,Sunny,None,81
2025-05-16,Fried Rice,Friday,Sunny,None,98
2025-05-16,Noodle Soup,Friday,Sunny,None,87
2025-05-16,Vegetarian Bowl,Friday,Sunny,None,46
2025-05-17,Chicken Rice,Saturday,Rain,None,48
2025-05-17,Curry Rice,Saturday,Rain,None,34
2025-05-17,Fried Rice,Saturday,Rain,None,49
2025-05-17,Noodle Soup,Saturday,Rain,None,36
2025-05-17,Vegetarian Bowl,Saturday,Rain,None,22
2025-05-18,Chicken Rice,Sunday,Rain,None,47
2025-05-18,Curry Rice,Sunday,Rain,None,33
2025-05-18,Fried Rice,Sunday,Rain,None,37
2025-05-18,Noodle Soup,Sunday,Rain,None,35
2025-05-18,Vegetarian Bowl,Sunday,Rain,None,23
2025-05-19,Chicken Rice,Monday,Sunny,None,149
2025-05-19,Curry Rice,Monday,Sunny,None,82
2025-05-19,Fried Rice,Monday,Sunny,None,106
2025-05-19,Noodle Soup,Monday,Sunny,None,116
2025-05-19,Vegetarian Bowl,Monday,Sunny,None,61
2025-05-20,Chicken Rice,Tuesday,Sunny,None,137
2025-05-20,Curry Rice,Tuesday,Sunny,None,92
2025-05-20,Fried Rice,Tuesday,Sunny,None,106
2025-05-20,Noodle Soup,Tuesday,Sunny,None,94
2025-05-20,Vegetarian Bowl,Tuesday,Sunny,None,65
2025-05-21,Chicken Rice,Wednesday,Hot,None,120
2025-05-21,Curry Rice,Wednesday,Hot,None,78
2025-05-21,Fried Rice,Wednesday,Hot,None,94
2025-05-21,Noodle Soup,Wednesday,Hot,None,91
2025-05-21,Vegetarian Bowl,Wednesday,Hot,None,47
2025-05-22,Chicken Rice,Thursday,Cloudy,None,114
2025-05-22,Curry Rice,Thursday,Cloudy,None,85
2025-05-22,Fried Rice,Thursday,Cloudy,None,116
2025-05-22,Noodle Soup,Thursday,Cloudy,None,88
2025-05-22,Vegetarian Bowl,Thursday,Cloudy,None,59
2025-05-23,Chicken Rice,Friday,Cloudy,None,107
2025-05-23,Curry Rice,Friday,Cloudy,None,83
2025-05-23,Fried Rice,Friday,Cloudy,None,86
2025-05-23,Noodle Soup,Friday,Cloudy,None,76
2025-05-23,Vegetarian Bowl,Friday,Cloudy,None,51
2025-05-24,Chicken Rice,Saturday,Cloudy,Exam Week,63
2025-05-24,Curry Rice,Saturday,Cloudy,Exam Week,51
2025-05-24,Fried Rice,Saturday,Cloudy,Exam Week,51
2025-05-24,Noodle Soup,Saturday,Cloudy,Exam Week,49
2025-05-24,Vegetarian Bowl,Saturday,Cloudy,Exam Week,30
2025-05-25,Chicken Rice,Sunday,Rain,None,48
2025-05-25,Curry Rice,Sunday,Rain,None,34
2025-05-25,Fried Rice,Sunday,Rain,None,41
2025-05-25,Noodle Soup,Sunday,Rain,None,36
2025-05-25,Vegetarian Bowl,Sunday,Rain,None,23
2025-05-26,Chicken Rice,Monday,Sunny,None,135
2025-05-26,Curry Rice,Monday,Sunny,None,104
2025-05-26,Fried Rice,Monday,Sunny,None,120
2025-05-26,Noodle Soup,Monday,Sunny,None,99
2025-05-26,Vegetarian Bowl,Monday,Sunny,None,61
2025-05-27,Chicken Rice,Tuesday,Cloudy,None,152
2025-05-27,Curry Rice,Tuesday,Cloudy,None,97
2025-05-27,Fried Rice,Tuesday,Cloudy,None,101
2025-05-27,Noodle Soup,Tuesday,Cloudy,None,94
2025-05-27,Vegetarian Bowl,Tuesday,Cloudy,None,61
2025-05-28,Chicken Rice,Wednesday,Sunny,None,127
2025-05-28,Curry Rice,Wednesday,Sunny,None,85
2025-05-28,Fried Rice,Wednesday,Sunny,None,153
2025-05-28,Noodle Soup,Wednesday,Sunny,None,96
2025-05-28,Vegetarian Bowl,Wednesday,Sunny,None,63
2025-05-29,Chicken Rice,Thursday,Rain,Exam Week,128
2025-05-29,Curry Rice,Thursday,Rain,Exam Week,91
2025-05-29,Fried Rice,Thursday,Rain,Exam Week,114
2025-05-29,Noodle Soup,Thursday,Rain,Exam Week,104
2025-05-29,Vegetarian Bowl,Thursday,Rain,Exam Week,54
2025-05-30,Chicken Rice,Friday,Cloudy,None,92
2025-05-30,Curry Rice,Friday,Cloudy,None,66
2025-05-30,Fried Rice,Friday,Cloudy,None,91
2025-05-30,Noodle Soup,Friday,Cloudy,None,79
2025-05-30,Vegetarian Bowl,Friday,Cloudy,None,53
2025-05-31,Chicken Rice,Saturday,Cloudy,None,50
2025-05-31,Curry Rice,Saturday,Cloudy,None,31
2025-05-31,Fried Rice,Saturday,Cloudy,None,47
2025-05-31,Noodle Soup,Saturday,Cloudy,None,41
2025-05-31,Vegetarian Bowl,Saturday,Cloudy,None,30
2025-06-01,Chicken Rice,Sunday,Sunny,None,51
2025-06-01,Curry Rice,Sunday,Sunny,None,35
2025-06-01,Fried Rice,Sunday,Sunny,None,46
2025-06-01,Noodle Soup,Sunday,Sunny,None,45
2025-06-01,Vegetarian Bowl,Sunday,Sunny,None,27
2025-06-02,Chicken Rice,Monday,Sunny,None,148
2025-06-02,Curry Rice,Monday,Sunny,None,93
2025-06-02,Fried Rice,Monday,Sunny,None,111
2025-06-02,Noodle Soup,Monday,Sunny,None,94
2025-06-02,Vegetarian Bowl,Monday,Sunny,None,74
2025-06-03,Chicken Rice,Tuesday,Rain,None,98
2025-06-03,Curry Rice,Tuesday,Rain,None,73
2025-06-03,Fried Rice,Tuesday,Rain,None,101
2025-06-03,Noodle Soup,Tuesday,Rain,None,93
2025-06-03,Vegetarian Bowl,Tuesday,Rain,None,58
2025-06-04,Chicken Rice,Wednesday,Sunny,None,137
2025-06-04,Curry Rice,Wednesday,Sunny,None,94
2025-06-04,Fried Rice,Wednesday,Sunny,None,125
2025-06-04,Noodle Soup,Wednesday,Sunny,None,110
2025-06-04,Vegetarian Bowl,Wednesday,Sunny,None,66
2025-06-05,Chicken Rice,Thursday,Hot,None,109
2025-06-05,Curry Rice,Thursday,Hot,None,75
2025-06-05,Fried Rice,Thursday,Hot,None,100
2025-06-05,Noodle Soup,Thursday,Hot,None,89
2025-06-05,Vegetarian Bowl,Thursday,Hot,None,49
2025-06-06,Chicken Rice,Friday,Cloudy,Exam Week,112
2025-06-06,Curry Rice,Friday,Cloudy,Exam Week,86
2025-06-06,Fried Rice,Friday,Cloudy,Exam Week,103
2025-06-06,Noodle Soup,Friday,Cloudy,Exam Week,110
2025-06-06,Vegetarian Bowl,Friday,Cloudy,Exam Week,73
2025-06-07,Chicken Rice,Saturday,Sunny,Sports Day,82
2025-06-07,Curry Rice,Saturday,Sunny,Sports Day,57
2025-06-07,Fried Rice,Saturday,Sunny,Sports Day,74
2025-06-07,Noodle Soup,Saturday,Sunny,Sports Day,49
2025-06-07,Vegetarian Bowl,Saturday,Sunny,Sports Day,34
2025-06-08,Chicken Rice,Sunday,Hot,None,51
2025-06-08,Curry Rice,Sunday,Hot,None,33
2025-06-08,Fried Rice,Sunday,Hot,None,51
2025-06-08,Noodle Soup,Sunday,Hot,None,45
2025-06-08,Vegetarian Bowl,Sunday,Hot,None,25
2025-06-09,Chicken Rice,Monday,Hot,None,111
2025-06-09,Curry Rice,Monday,Hot,None,84
2025-06-09,Fried Rice,Monday,Hot,None,87
2025-06-09,Noodle Soup,Monday,Hot,None,92
2025-06-09,Vegetarian Bowl,Monday,Hot,None,61
2025-06-10,Chicken Rice,Tuesday,Cloudy,None,129
2025-06-10,Curry Rice,Tuesday,Cloudy,None,99
2025-06-10,Fried Rice,Tuesday,Cloudy,None,106
2025-06-10,Noodle Soup,Tuesday,Cloudy,None,87
2025-06-10,Vegetarian Bowl,Tuesday,Cloudy,None,52
2025-06-11,Chicken Rice,Wednesday,Cloudy,None,131
2025-06-11,Curry Rice,Wednesday,Cloudy,None,80
2025-06-11,Fried Rice,Wednesday,Cloudy,None,114
2025-06-11,Noodle Soup,Wednesday,Cloudy,None,99
2025-06-11,Vegetarian Bowl,Wednesday,Cloudy,None,56
2025-06-12,Chicken Rice,Thursday,Rain,None,99
2025-06-12,Curry Rice,Thursday,Rain,None,83
2025-06-12,Fried Rice,Thursday,Rain,None,109
2025-06-12,Noodle Soup,Thursday,Rain,None,77
2025-06-12,Vegetarian Bowl,Thursday,Rain,None,49
2025-06-13,Chicken Rice,Friday,Hot,None,116
2025-06-13,Curry Rice,Friday,Hot,None,66
2025-06-13,Fried Rice,Friday,Hot,None,98
2025-06-13,Noodle Soup,Friday,Hot,None,84
2025-06-13,Vegetarian Bowl,Friday,Hot,None,46
2025-06-14,Chicken Rice,Saturday,Hot,None,64
2025-06-14,Curry Rice,Saturday,Hot,None,37
2025-06-14,Fried Rice,Saturday,Hot,None,48
2025-06-14,Noodle Soup,Saturday,Hot,None,42
2025-06-14,Vegetarian Bowl,Saturday,Hot,None,28
2025-06-15,Chicken Rice,Sunday,Rain,None,50
2025-06-15,Curry Rice,Sunday,Rain,None,35
2025-06-15,Fried Rice,Sunday,Rain,None,44
2025-06-15,Noodle Soup,Sunday,Rain,None,33
2025-06-15,Vegetarian Bowl,Sunday,Rain,None,20
2025-06-16,Chicken Rice,Monday,Sunny,None,116
2025-06-16,Curry Rice,Monday,Sunny,None,95
2025-06-16,Fried Rice,Monday,Sunny,None,136
2025-06-16,Noodle Soup,Monday,Sunny,None,102
2025-06-16,Vegetarian Bowl,Monday,Sunny,None,62
2025-06-17,Chicken Rice,Tuesday,Sunny,None,132
2025-06-17,Curry Rice,Tuesday,Sunny,None,85
2025-06-17,Fried Rice,Tuesday,Sunny,None,107
2025-06-17,Noodle Soup,Tuesday,Sunny,None,106
2025-06-17,Vegetarian Bowl,Tuesday,Sunny,None,68
2025-06-18,Chicken Rice,Wednesday,Hot,None,106
2025-06-18,Curry Rice,Wednesday,Hot,None,87
2025-06-18,Fried Rice,Wednesday,Hot,None,90
2025-06-18,Noodle Soup,Wednesday,Hot,None,110
2025-06-18,Vegetarian Bowl,Wednesday,Hot,None,60
2025-06-19,Chicken Rice,Thursday,Sunny,None,131
2025-06-19,Curry Rice,Thursday,Sunny,None,85
2025-06-19,Fried Rice,Thursday,Sunny,None,118
2025-06-19,Noodle Soup,Thursday,Sunny,None,95
2025-06-19,Vegetarian Bowl,Thursday,Sunny,None,69
2025-06-20,Chicken Rice,Friday,Rain,None,97
2025-06-20,Curry Rice,Friday,Rain,None,59
2025-06-20,Fried Rice,Friday,Rain,None,90
2025-06-20,Noodle Soup,Friday,Rain,None,69
2025-06-20,Vegetarian Bowl,Friday,Rain,None,49
2025-06-21,Chicken Rice,Saturday,Sunny,None,63
2025-06-21,Curry Rice,Saturday,Sunny,None,40
2025-06-21,Fried Rice,Saturday,Sunny,None,51
2025-06-21,Noodle Soup,Saturday,Sunny,None,41
2025-06-21,Vegetarian Bowl,Saturday,Sunny,None,28
2025-06-22,Chicken Rice,Sunday,Hot,None,48
2025-06-22,Curry Rice,Sunday,Hot,None,34
2025-06-22,Fried Rice,Sunday,Hot,None,41
2025-06-22,Noodle Soup,Sunday,Hot,None,39
2025-06-22,Vegetarian Bowl,Sunday,Hot,None,27
2025-06-23,Chicken Rice,Monday,Hot,None,130
2025-06-23,Curry Rice,Monday,Hot,None,90
2025-06-23,Fried Rice,Monday,Hot,None,107
2025-06-23,Noodle Soup,Monday,Hot,None,92
2025-06-23,Vegetarian Bowl,Monday,Hot,None,56
2025-06-24,Chicken Rice,Tuesday,Cloudy,None,129
2025-06-24,Curry Rice,Tuesday,Cloudy,None,81
2025-06-24,Fried Rice,Tuesday,Cloudy,None,96
2025-06-24,Noodle Soup,Tuesday,Cloudy,None,92
2025-06-24,Vegetarian Bowl,Tuesday,Cloudy,None,65
2025-06-25,Chicken Rice,Wednesday,Cloudy,None,132
2025-06-25,Curry Rice,Wednesday,Cloudy,None,99
2025-06-25,Fried Rice,Wednesday,Cloudy,None,108
2025-06-25,Noodle Soup,Wednesday,Cloudy,None,90
2025-06-25,Vegetarian Bowl,Wednesday,Cloudy,None,53
2025-06-26,Chicken Rice,Thursday,Rain,None,104
2025-06-26,Curry Rice,Thursday,Rain,None,77
2025-06-26,Fried Rice,Thursday,Rain,None,112
2025-06-26,Noodle Soup,Thursday,Rain,None,70
2025-06-26,Vegetarian Bowl,Thursday,Rain,None,54
2025-06-27,Chicken Rice,Friday,Sunny,None,116
2025-06-27,Curry Rice,Friday,Sunny,None,75
2025-06-27,Fried Rice,Friday,Sunny,None,112
2025-06-27,Noodle Soup,Friday,Sunny,None,76
2025-06-27,Vegetarian Bowl,Friday,Sunny,None,53
2025-06-28,Chicken Rice,Saturday,Cloudy,None,47
2025-06-28,Curry Rice,Saturday,Cloudy,None,35
2025-06-28,Fried Rice,Saturday,Cloudy,None,53
2025-06-28,Noodle Soup,Saturday,Cloudy,None,44
2025-06-28,Vegetarian Bowl,Saturday,Cloudy,None,27
2025-06-29,Chicken Rice,Sunday,Cloudy,None,54
2025-06-29,Curry Rice,Sunday,Cloudy,None,38
2025-06-29,Fried Rice,Sunday,Cloudy,None,43
2025-06-29,Noodle Soup,Sunday,Cloudy,None,44
2025-06-29,Vegetarian Bowl,Sunday,Cloudy,None,26
2025-06-30,Chicken Rice,Monday,Sunny,None,162
2025-06-30,Curry Rice,Monday,Sunny,None,95
2025-06-30,Fried Rice,Monday,Sunny,None,133
2025-06-30,Noodle Soup,Monday,Sunny,None,108
2025-06-30,Vegetarian Bowl,Monday,Sunny,None,64
2025-07-01,Chicken Rice,Tuesday,Rain,None,123
2025-07-01,Curry Rice,Tuesday,Rain,None,78
2025-07-01,Fried Rice,Tuesday,Rain,None,112
2025-07-01,Noodle Soup,Tuesday,Rain,None,105
2025-07-01,Vegetarian Bowl,Tuesday,Rain,None,59
2025-07-02,Chicken Rice,Wednesday,Cloudy,None,112
2025-07-02,Curry Rice,Wednesday,Cloudy,None,78
2025-07-02,Fried Rice,Wednesday,Cloudy,None,101
2025-07-02,Noodle Soup,Wednesday,Cloudy,None,103
2025-07-02,Vegetarian Bowl,Wednesday,Cloudy,None,51
2025-07-03,Chicken Rice,Thursday,Rain,None,118
2025-07-03,Curry Rice,Thursday,Rain,None,85
2025-07-03,Fried Rice,Thursday,Rain,None,100
2025-07-03,Noodle Soup,Thursday,Rain,None,83
2025-07-03,Vegetarian Bowl,Thursday,Rain,None,59
2025-07-04,Chicken Rice,Friday,Rain,None,98
2025-07-04,Curry Rice,Friday,Rain,None,63
2025-07-04,Fried Rice,Friday,Rain,None,91
2025-07-04,Noodle Soup,Friday,Rain,None,75
2025-07-04,Vegetarian Bowl,Friday,Rain,None,42
2025-07-05,Chicken Rice,Saturday,Hot,Holiday,28
2025-07-05,Curry Rice,Saturday,Hot,Holiday,23
2025-07-05,Fried Rice,Saturday,Hot,Holiday,30
2025-07-05,Noodle Soup,Saturday,Hot,Holiday,25
2025-07-05,Vegetarian Bowl,Saturday,Hot,Holiday,15
2025-07-06,Chicken Rice,Sunday,Sunny,None,54
2025-07-06,Curry Rice,Sunday,Sunny,None,37
2025-07-06,Fried Rice,Sunday,Sunny,None,46
2025-07-06,Noodle Soup,Sunday,Sunny,None,41
2025-07-06,Vegetarian Bowl,Sunday,Sunny,None,31
2025-07-07,Chicken Rice,Monday,Sunny,None,158
2025-07-07,Curry Rice,Monday,Sunny,None,91
2025-07-07,Fried Rice,Monday,Sunny,None,137
2025-07-07,Noodle Soup,Monday,Sunny,None,107
2025-07-07,Vegetarian Bowl,Monday,Sunny,None,64
2025-07-08,Chicken Rice,Tuesday,Sunny,None,152
2025-07-08,Curry Rice,Tuesday,Sunny,None,89
2025-07-08,Fried Rice,Tuesday,Sunny,None,137
2025-07-08,Noodle Soup,Tuesday,Sunny,None,92
2025-07-08,Vegetarian Bowl,Tuesday,Sunny,None,59
2025-07-09,Chicken Rice,Wednesday,Hot,None,97
2025-07-09,Curry Rice,Wednesday,Hot,None,78
2025-07-09,Fried Rice,Wednesday,Hot,None,94
2025-07-09,Noodle Soup,Wednesday,Hot,None,92
2025-07-09,Vegetarian Bowl,Wednesday,Hot,None,71
2025-07-10,Chicken Rice,Thursday,Hot,Holiday,59
2025-07-10,Curry Rice,Thursday,Hot,Holiday,46
2025-07-10,Fried Rice,Thursday,Hot,Holiday,62
2025-07-10,Noodle Soup,Thursday,Hot,Holiday,43
2025-07-10,Vegetarian Bowl,Thursday,Hot,Holiday,30
2025-07-11,Chicken Rice,Friday,Sunny,None,125
2025-07-11,Curry Rice,Friday,Sunny,None,71
2025-07-11,Fried Rice,Friday,Sunny,None,86
2025-07-11,Noodle Soup,Friday,Sunny,None,80
2025-07-11,Vegetarian Bowl,Friday,Sunny,None,58
2025-07-12,Chicken Rice,Saturday,Sunny,Sports Day,65
2025-07-12,Curry Rice,Saturday,Sunny,Sports Day,56
2025-07-12,Fried Rice,Saturday,Sunny,Sports Day,60
2025-07-12,Noodle Soup,Saturday,Sunny,Sports Day,60
2025-07-12,Vegetarian Bowl,Saturday,Sunny,Sports Day,40
2025-07-13,Chicken Rice,Sunday,Sunny,None,49
2025-07-13,Curry Rice,Sunday,Sunny,None,41
2025-07-13,Fried Rice,Sunday,Sunny,None,54
2025-07-13,Noodle Soup,Sunday,Sunny,None,43
2025-07-13,Vegetarian Bowl,Sunday,Sunny,None,23
2025-07-14,Chicken Rice,Monday,Rain,None,97
2025-07-14,Curry Rice,Monday,Rain,None,76
2025-07-14,Fried Rice,Monday,Rain,None,105
2025-07-14,Noodle Soup,Monday,Rain,None,110
2025-07-14,Vegetarian Bowl,Monday,Rain,None,59
2025-07-15,Chicken Rice,Tuesday,Rain,None,110
2025-07-15,Curry Rice,Tuesday,Rain,None,83
2025-07-15,Fried Rice,Tuesday,Rain,None,98
2025-07-15,Noodle Soup,Tuesday,Rain,None,106
2025-07-15,Vegetarian Bowl,Tuesday,Rain,None,55
2025-07-16,Chicken Rice,Wednesday,Sunny,None,137
2025-07-16,Curry Rice,Wednesday,Sunny,None,92
2025-07-16,Fried Rice,Wednesday,Sunny,None,119
2025-07-16,Noodle Soup,Wednesday,Sunny,None,102
2025-07-16,Vegetarian Bowl,Wednesday,Sunny,None,61
2025-07-17,Chicken Rice,Thursday,Rain,None,114
2025-07-17,Curry Rice,Thursday,Rain,None,81
2025-07-17,Fried Rice,Thursday,Rain,None,79
2025-07-17,Noodle Soup,Thursday,Rain,None,83
2025-07-17,Vegetarian Bowl,Thursday,Rain,None,57
2025-07-18,Chicken Rice,Friday,Cloudy,None,115
2025-07-18,Curry Rice,Friday,Cloudy,None,84
2025-07-18,Fried Rice,Friday,Cloudy,None,93
2025-07-18,Noodle Soup,Friday,Cloudy,None,76
2025-07-18,Vegetarian Bowl,Friday,Cloudy,None,54
2025-07-19,Chicken Rice,Saturday,Sunny,None,55
2025-07-19,Curry Rice,Saturday,Sunny,None,36
2025-07-19,Fried Rice,Saturday,Sunny,None,58
2025-07-19,Noodle Soup,Saturday,Sunny,None,53
2025-07-19,Vegetarian Bowl,Saturday,Sunny,None,29
2025-07-20,Chicken Rice,Sunday,Sunny,None,50
2025-07-20,Curry Rice,Sunday,Sunny,None,40
2025-07-20,Fried Rice,Sunday,Sunny,None,50
2025-07-20,Noodle Soup,Sunday,Sunny,None,45
2025-07-20,Vegetarian Bowl,Sunday,Sunny,None,27
2025-07-21,Chicken Rice,Monday,Hot,Holiday,64
2025-07-21,Curry Rice,Monday,Hot,Holiday,51
2025-07-21,Fried Rice,Monday,Hot,Holiday,54
2025-07-21,Noodle Soup,Monday,Hot,Holiday,64
2025-07-21,Vegetarian Bowl,Monday,Hot,Holiday,32
2025-07-22,Chicken Rice,Tuesday,Cloudy,Exam Week,148
2025-07-22,Curry Rice,Tuesday,Cloudy,Exam Week,110
2025-07-22,Fried Rice,Tuesday,Cloudy,Exam Week,146
2025-07-22,Noodle Soup,Tuesday,Cloudy,Exam Week,122
2025-07-22,Vegetarian Bowl,Tuesday,Cloudy,Exam Week,71
2025-07-23,Chicken Rice,Wednesday,Sunny,None,119
2025-07-23,Curry Rice,Wednesday,Sunny,None,82
2025-07-23,Fried Rice,Wednesday,Sunny,None,124
2025-07-23,Noodle Soup,Wednesday,Sunny,None,101
2025-07-23,Vegetarian Bowl,Wednesday,Sunny,None,69
2025-07-24,Chicken Rice,Thursday,Sunny,None,114
2025-07-24,Curry Rice,Thursday,Sunny,None,91
2025-07-24,Fried Rice,Thursday,Sunny,None,100
2025-07-24,Noodle Soup,Thursday,Sunny,None,97
2025-07-24,Vegetarian Bowl,Thursday,Sunny,None,62
2025-07-25,Chicken Rice,Friday,Cloudy,None,106
2025-07-25,Curry Rice,Friday,Cloudy,None,72
2025-07-25,Fried Rice,Friday,Cloudy,None,97
2025-07-25,Noodle Soup,Friday,Cloudy,None,73
2025-07-25,Vegetarian Bowl,Friday,Cloudy,None,49
2025-07-26,Chicken Rice,Saturday,Sunny,None,50
2025-07-26,Curry Rice,Saturday,Sunny,None,42
2025-07-26,Fried Rice,Saturday,Sunny,None,52
2025-07-26,Noodle Soup,Saturday,Sunny,None,40
2025-07-26,Vegetarian Bowl,Saturday,Sunny,None,30
2025-07-27,Chicken Rice,Sunday,Rain,None,47
2025-07-27,Curry Rice,Sunday,Rain,None,31
2025-07-27,Fried Rice,Sunday,Rain,None,38
2025-07-27,Noodle Soup,Sunday,Rain,None,36
2025-07-27,Vegetarian Bowl,Sunday,Rain,None,21
2025-07-28,Chicken Rice,Monday,Cloudy,None,125
2025-07-28,Curry Rice,Monday,Cloudy,None,93
2025-07-28,Fried Rice,Monday,Cloudy,None,119
2025-07-28,Noodle Soup,Monday,Cloudy,None,107
2025-07-28,Vegetarian Bowl,Monday,Cloudy,None,65
2025-07-29,Chicken Rice,Tuesday,Cloudy,None,127
2025-07-29,Curry Rice,Tuesday,Cloudy,None,81
2025-07-29,Fried Rice,Tuesday,Cloudy,None,108
2025-07-29,Noodle Soup,Tuesday,Cloudy,None,95
2025-07-29,Vegetarian Bowl,Tuesday,Cloudy,None,75
2025-07-30,Chicken Rice,Wednesday,Sunny,None,114
2025-07-30,Curry Rice,Wednesday,Sunny,None,94
2025-07-30,Fried Rice,Wednesday,Sunny,None,136
2025-07-30,Noodle Soup,Wednesday,Sunny,None,101
2025-07-30,Vegetarian Bowl,Wednesday,Sunny,None,69
2025-07-31,Chicken Rice,Thursday,Cloudy,None,117
2025-07-31,Curry Rice,Thursday,Cloudy,None,87
2025-07-31,Fried Rice,Thursday,Cloudy,None,110
2025-07-31,Noodle Soup,Thursday,Cloudy,None,91
2025-07-31,Vegetarian Bowl,Thursday,Cloudy,None,64
2025-08-01,Chicken Rice,Friday,Sunny,Exam Week,142
2025-08-01,Curry Rice,Friday,Sunny,Exam Week,84
2025-08-01,Fried Rice,Friday,Sunny,Exam Week,132
2025-08-01,Noodle Soup,Friday,Sunny,Exam Week,125
2025-08-01,Vegetarian Bowl,Friday,Sunny,Exam Week,62
2025-08-02,Chicken Rice,Saturday,Sunny,None,62
2025-08-02,Curry Rice,Saturday,Sunny,None,34
2025-08-02,Fried Rice,Saturday,Sunny,None,58
2025-08-02,Noodle Soup,Saturday,Sunny,None,44
2025-08-02,Vegetarian Bowl,Saturday,Sunny,None,33
2025-08-03,Chicken Rice,Sunday,Hot,Exam Week,48
2025-08-03,Curry Rice,Sunday,Hot,Exam Week,34
2025-08-03,Fried Rice,Sunday,Hot,Exam Week,49
2025-08-03,Noodle Soup,Sunday,Hot,Exam Week,41
2025-08-03,Vegetarian Bowl,Sunday,Hot,Exam Week,30
2025-08-04,Chicken Rice,Monday,Sunny,None,141
2025-08-04,Curry Rice,Monday,Sunny,None,99
2025-08-04,Fried Rice,Monday,Sunny,None,122
2025-08-04,Noodle Soup,Monday,Sunny,None,111
2025-08-04,Vegetarian Bowl,Monday,Sunny,None,60
2025-08-05,Chicken Rice,Tuesday,Sunny,None,162
2025-08-05,Curry Rice,Tuesday,Sunny,None,81
2025-08-05,Fried Rice,Tuesday,Sunny,None,122
2025-08-05,Noodle Soup,Tuesday,Sunny,None,109
2025-08-05,Vegetarian Bowl,Tuesday,Sunny,None,74
2025-08-06,Chicken Rice,Wednesday,Sunny,None,119
2025-08-06,Curry Rice,Wednesday,Sunny,None,102
2025-08-06,Fried Rice,Wednesday,Sunny,None,112
2025-08-06,Noodle Soup,Wednesday,Sunny,None,106
2025-08-06,Vegetarian Bowl,Wednesday,Sunny,None,74
2025-08-07,Chicken Rice,Thursday,Rain,None,113
2025-08-07,Curry Rice,Thursday,Rain,None,81
2025-08-07,Fried Rice,Thursday,Rain,None,89
2025-08-07,Noodle Soup,Thursday,Rain,None,91
2025-08-07,Vegetarian Bowl,Thursday,Rain,None,55
2025-08-08,Chicken Rice,Friday,Sunny,None,124
2025-08-08,Curry Rice,Friday,Sunny,None,83
2025-08-08,Fried Rice,Friday,Sunny,None,103
2025-08-08,Noodle Soup,Friday,Sunny,None,81
2025-08-08,Vegetarian Bowl,Friday,Sunny,None,51
2025-08-09,Chicken Rice,Saturday,Rain,None,51
2025-08-09,Curry Rice,Saturday,Rain,None,41
2025-08-09,Fried Rice,Saturday,Rain,None,45
2025-08-09,Noodle Soup,Saturday,Rain,None,43
2025-08-09,Vegetarian Bowl,Saturday,Rain,None,22
2025-08-10,Chicken Rice,Sunday,Sunny,Holiday,30
2025-08-10,Curry Rice,Sunday,Sunny,Holiday,23
2025-08-10,Fried Rice,Sunday,Sunny,Holiday,31
2025-08-10,Noodle Soup,Sunday,Sunny,Holiday,24
2025-08-10,Vegetarian Bowl,Sunday,Sunny,Holiday,15
2025-08-11,Chicken Rice,Monday,Rain,Holiday,62
2025-08-11,Curry Rice,Monday,Rain,Holiday,52
2025-08-11,Fried Rice,Monday,Rain,Holiday,58
2025-08-11,Noodle Soup,Monday,Rain,Holiday,49
2025-08-11,Vegetarian Bowl,Monday,Rain,Holiday,32
2025-08-12,Chicken Rice,Tuesday,Rain,None,103
2025-08-12,Curry Rice,Tuesday,Rain,None,75
2025-08-12,Fried Rice,Tuesday,Rain,None,97
2025-08-12,Noodle Soup,Tuesday,Rain,None,97
2025-08-12,Vegetarian Bowl,Tuesday,Rain,None,57
2025-08-13,Chicken Rice,Wednesday,Sunny,None,122
2025-08-13,Curry Rice,Wednesday,Sunny,None,96
2025-08-13,Fried Rice,Wednesday,Sunny,None,102
2025-08-13,Noodle Soup,Wednesday,Sunny,None,100
2025-08-13,Vegetarian Bowl,Wednesday,Sunny,None,65
2025-08-14,Chicken Rice,Thursday,Hot,None,93
2025-08-14,Curry Rice,Thursday,Hot,None,79
2025-08-14,Fried Rice,Thursday,Hot,None,90
2025-08-14,Noodle Soup,Thursday,Hot,None,75
2025-08-14,Vegetarian Bowl,Thursday,Hot,None,53
2025-08-15,Chicken Rice,Friday,Rain,None,101
2025-08-15,Curry Rice,Friday,Rain,None,81
2025-08-15,Fried Rice,Friday,Rain,None,78
2025-08-15,Noodle Soup,Friday,Rain,None,72
2025-08-15,Vegetarian Bowl,Friday,Rain,None,42
2025-08-16,Chicken Rice,Saturday,Cloudy,Sports Day,70
2025-08-16,Curry Rice,Saturday,Cloudy,Sports Day,53
2025-08-16,Fried Rice,Saturday,Cloudy,Sports Day,61
2025-08-16,Noodle Soup,Saturday,Cloudy,Sports Day,49
2025-08-16,Vegetarian Bowl,Saturday,Cloudy,Sports Day,36
2025-08-17,Chicken Rice,Sunday,Hot,None,52
2025-08-17,Curry Rice,Sunday,Hot,None,35
2025-08-17,Fried Rice,Sunday,Hot,None,42
2025-08-17,Noodle Soup,Sunday,Hot,None,43
2025-08-17,Vegetarian Bowl,Sunday,Hot,None,21
2025-08-18,Chicken Rice,Monday,Cloudy,None,158
2025-08-18,Curry Rice,Monday,Cloudy,None,91
2025-08-18,Fried Rice,Monday,Cloudy,None,126
2025-08-18,Noodle Soup,Monday,Cloudy,None,92
2025-08-18,Vegetarian Bowl,Monday,Cloudy,None,60
2025-08-19,Chicken Rice,Tuesday,Hot,None,106
2025-08-19,Curry Rice,Tuesday,Hot,None,78
2025-08-19,Fried Rice,Tuesday,Hot,None,91
2025-08-19,Noodle Soup,Tuesday,Hot,None,87
2025-08-19,Vegetarian Bowl,Tuesday,Hot,None,60
2025-08-20,Chicken Rice,Wednesday,Rain,None,105
2025-08-20,Curry Rice,Wednesday,Rain,None,80
2025-08-20,Fried Rice,Wednesday,Rain,None,97
2025-08-20,Noodle Soup,Wednesday,Rain,None,94
2025-08-20,Vegetarian Bowl,Wednesday,Rain,None,57
2025-08-21,Chicken Rice,Thursday,Sunny,None,136
2025-08-21,Curry Rice,Thursday,Sunny,None,76
2025-08-21,Fried Rice,Thursday,Sunny,None,125
2025-08-21,Noodle Soup,Thursday,Sunny,None,100
2025-08-21,Vegetarian Bowl,Thursday,Sunny,None,52
2025-08-22,Chicken Rice,Friday,Cloudy,None,111
2025-08-22,Curry Rice,Friday,Cloudy,None,73
2025-08-22,Fried Rice,Friday,Cloudy,None,98
2025-08-22,Noodle Soup,Friday,Cloudy,None,83
2025-08-22,Vegetarian Bowl,Friday,Cloudy,None,57
2025-08-23,Chicken Rice,Saturday,Hot,Sports Day,61
2025-08-23,Curry Rice,Saturday,Hot,Sports Day,42
2025-08-23,Fried Rice,Saturday,Hot,Sports Day,56
2025-08-23,Noodle Soup,Saturday,Hot,Sports Day,56
2025-08-23,Vegetarian Bowl,Saturday,Hot,Sports Day,31
2025-08-24,Chicken Rice,Sunday,Cloudy,Exam Week,53
2025-08-24,Curry Rice,Sunday,Cloudy,Exam Week,35
2025-08-24,Fried Rice,Sunday,Cloudy,Exam Week,50
2025-08-24,Noodle Soup,Sunday,Cloudy,Exam Week,35
2025-08-24,Vegetarian Bowl,Sunday,Cloudy,Exam Week,24
2025-08-25,Chicken Rice,Monday,Hot,None,129
2025-08-25,Curry Rice,Monday,Hot,None,73
2025-08-25,Fried Rice,Monday,Hot,None,102
2025-08-25,Noodle Soup,Monday,Hot,None,99
2025-08-25,Vegetarian Bowl,Monday,Hot,None,64
2025-08-26,Chicken Rice,Tuesday,Rain,Exam Week,115
2025-08-26,Curry Rice,Tuesday,Rain,Exam Week,82
2025-08-26,Fried Rice,Tuesday,Rain,Exam Week,103
2025-08-26,Noodle Soup,Tuesday,Rain,Exam Week,109
2025-08-26,Vegetarian Bowl,Tuesday,Rain,Exam Week,57
2025-08-27,Chicken Rice,Wednesday,Sunny,None,136
2025-08-27,Curry Rice,Wednesday,Sunny,None,90
2025-08-27,Fried Rice,Wednesday,Sunny,None,103
2025-08-27,Noodle Soup,Wednesday,Sunny,None,94
2025-08-27,Vegetarian Bowl,Wednesday,Sunny,None,60
2025-08-28,Chicken Rice,Thursday,Hot,Sports Day,159
2025-08-28,Curry Rice,Thursday,Hot,Sports Day,90
2025-08-28,Fried Rice,Thursday,Hot,Sports Day,124
2025-08-28,Noodle Soup,Thursday,Hot,Sports Day,101
2025-08-28,Vegetarian Bowl,Thursday,Hot,Sports Day,76
2025-08-29,Chicken Rice,Friday,Sunny,None,115
2025-08-29,Curry Rice,Friday,Sunny,None,88
2025-08-29,Fried Rice,Friday,Sunny,None,100
2025-08-29,Noodle Soup,Friday,Sunny,None,92
2025-08-29,Vegetarian Bowl,Friday,Sunny,None,56
2025-08-30,Chicken Rice,Saturday,Rain,None,50
2025-08-30,Curry Rice,Saturday,Rain,None,33
2025-08-30,Fried Rice,Saturday,Rain,None,48
2025-08-30,Noodle Soup,Saturday,Rain,None,40
2025-08-30,Vegetarian Bowl,Saturday,Rain,None,24
2025-08-31,Chicken Rice,Sunday,Cloudy,None,48
2025-08-31,Curry Rice,Sunday,Cloudy,None,33
2025-08-31,Fried Rice,Sunday,Cloudy,None,42
2025-08-31,Noodle Soup,Sunday,Cloudy,None,42
2025-08-31,Vegetarian Bowl,Sunday,Cloudy,None,24
2025-09-01,Chicken Rice,Monday,Rain,Exam Week,126
2025-09-01,Curry Rice,Monday,Rain,Exam Week,80
2025-09-01,Fried Rice,Monday,Rain,Exam Week,109
2025-09-01,Noodle Soup,Monday,Rain,Exam Week,108
2025-09-01,Vegetarian Bowl,Monday,Rain,Exam Week,66
2025-09-02,Chicken Rice,Tuesday,Rain,None,116
2025-09-02,Curry Rice,Tuesday,Rain,None,79
2025-09-02,Fried Rice,Tuesday,Rain,None,99
2025-09-02,Noodle Soup,Tuesday,Rain,None,88
2025-09-02,Vegetarian Bowl,Tuesday,Rain,None,59
2025-09-03,Chicken Rice,Wednesday,Sunny,Exam Week,143
2025-09-03,Curry Rice,Wednesday,Sunny,Exam Week,106
2025-09-03,Fried Rice,Wednesday,Sunny,Exam Week,136
2025-09-03,Noodle Soup,Wednesday,Sunny,Exam Week,111
2025-09-03,Vegetarian Bowl,Wednesday,Sunny,Exam Week,70
2025-09-04,Chicken Rice,Thursday,Rain,None,103
2025-09-04,Curry Rice,Thursday,Rain,None,83
2025-09-04,Fried Rice,Thursday,Rain,None,97
2025-09-04,Noodle Soup,Thursday,Rain,None,75
2025-09-04,Vegetarian Bowl,Thursday,Rain,None,53
2025-09-05,Chicken Rice,Friday,Cloudy,None,112
2025-09-05,Curry Rice,Friday,Cloudy,None,85
2025-09-05,Fried Rice,Friday,Cloudy,None,95
2025-09-05,Noodle Soup,Friday,Cloudy,None,80
2025-09-05,Vegetarian Bowl,Friday,Cloudy,None,61
2025-09-06,Chicken Rice,Saturday,Sunny,None,53
2025-09-06,Curry Rice,Saturday,Sunny,None,39
2025-09-06,Fried Rice,Saturday,Sunny,None,53
2025-09-06,Noodle Soup,Saturday,Sunny,None,48
2025-09-06,Vegetarian Bowl,Saturday,Sunny,None,29
2025-09-07,Chicken Rice,Sunday,Rain,Exam Week,53
2025-09-07,Curry Rice,Sunday,Rain,Exam Week,34
2025-09-07,Fried Rice,Sunday,Rain,Exam Week,49
2025-09-07,Noodle Soup,Sunday,Rain,Exam Week,47
2025-09-07,Vegetarian Bowl,Sunday,Rain,Exam Week,22
2025-09-08,Chicken Rice,Monday,Cloudy,None,133
2025-09-08,Curry Rice,Monday,Cloudy,None,84
2025-09-08,Fried Rice,Monday,Cloudy,None,110
2025-09-08,Noodle Soup,Monday,Cloudy,None,104
2025-09-08,Vegetarian Bowl,Monday,Cloudy,None,65
2025-09-09,Chicken Rice,Tuesday,Hot,None,106
2025-09-09,Curry Rice,Tuesday,Hot,None,91
2025-09-09,Fried Rice,Tuesday,Hot,None,93
2025-09-09,Noodle Soup,Tuesday,Hot,None,103
2025-09-09,Vegetarian Bowl,Tuesday,Hot,None,64
2025-09-10,Chicken Rice,Wednesday,Cloudy,None,113
2025-09-10,Curry Rice,Wednesday,Cloudy,None,93
2025-09-10,Fried Rice,Wednesday,Cloudy,None,116
2025-09-10,Noodle Soup,Wednesday,Cloudy,None,94
2025-09-10,Vegetarian Bowl,Wednesday,Cloudy,None,60
2025-09-11,Chicken Rice,Thursday,Hot,None,114
2025-09-11,Curry Rice,Thursday,Hot,None,82
2025-09-11,Fried Rice,Thursday,Hot,None,105
2025-09-11,Noodle Soup,Thursday,Hot,None,88
2025-09-11,Vegetarian Bowl,Thursday,Hot,None,50
2025-09-12,Chicken Rice,Friday,Sunny,None,134
2025-09-12,Curry Rice,Friday,Sunny,None,66
2025-09-12,Fried Rice,Friday,Sunny,None,94
2025-09-12,Noodle Soup,Friday,Sunny,None,80
2025-09-12,Vegetarian Bowl,Friday,Sunny,None,57
2025-09-13,Chicken Rice,Saturday,Hot,None,47
2025-09-13,Curry Rice,Saturday,Hot,None,39
2025-09-13,Fried Rice,Saturday,Hot,None,49
2025-09-13,Noodle Soup,Saturday,Hot,None,40
2025-09-13,Vegetarian Bowl,Saturday,Hot,None,29
2025-09-14,Chicken Rice,Sunday,Cloudy,None,48
2025-09-14,Curry Rice,Sunday,Cloudy,None,41
2025-09-14,Fried Rice,Sunday,Cloudy,None,44
2025-09-14,Noodle Soup,Sunday,Cloudy,None,44
2025-09-14,Vegetarian Bowl,Sunday,Cloudy,None,24
2025-09-15,Chicken Rice,Monday,Cloudy,None,135
2025-09-15,Curry Rice,Monday,Cloudy,None,81
2025-09-15,Fried Rice,Monday,Cloudy,None,103
2025-09-15,Noodle Soup,Monday,Cloudy,None,108
2025-09-15,Vegetarian Bowl,Monday,Cloudy,None,63
2025-09-16,Chicken Rice,Tuesday,Sunny,None,144
2025-09-16,Curry Rice,Tuesday,Sunny,None,81
2025-09-16,Fried Rice,Tuesday,Sunny,None,109
2025-09-16,Noodle Soup,Tuesday,Sunny,None,106
2025-09-16,Vegetarian Bowl,Tuesday,Sunny,None,64
2025-09-17,Chicken Rice,Wednesday,Cloudy,None,122
2025-09-17,Curry Rice,Wednesday,Cloudy,None,87
2025-09-17,Fried Rice,Wednesday,Cloudy,None,106
2025-09-17,Noodle Soup,Wednesday,Cloudy,None,79
2025-09-17,Vegetarian Bowl,Wednesday,Cloudy,None,62
2025-09-18,Chicken Rice,Thursday,Sunny,None,130
2025-09-18,Curry Rice,Thursday,Sunny,None,94
2025-09-18,Fried Rice,Thursday,Sunny,None,116
2025-09-18,Noodle Soup,Thursday,Sunny,None,93
2025-09-18,Vegetarian Bowl,Thursday,Sunny,None,64
2025-09-19,Chicken Rice,Friday,Cloudy,None,95
2025-09-19,Curry Rice,Friday,Cloudy,None,64
2025-09-19,Fried Rice,Friday,Cloudy,None,101
2025-09-19,Noodle Soup,Friday,Cloudy,None,73
2025-09-19,Vegetarian Bowl,Friday,Cloudy,None,52
2025-09-20,Chicken Rice,Saturday,Sunny,Exam Week,76
2025-09-20,Curry Rice,Saturday,Sunny,Exam Week,47
2025-09-20,Fried Rice,Saturday,Sunny,Exam Week,65
2025-09-20,Noodle Soup,Saturday,Sunny,Exam Week,58
2025-09-20,Vegetarian Bowl,Saturday,Sunny,Exam Week,28
2025-09-21,Chicken Rice,Sunday,Sunny,None,55
2025-09-21,Curry Rice,Sunday,Sunny,None,37
2025-09-21,Fried Rice,Sunday,Sunny,None,57
2025-09-21,Noodle Soup,Sunday,Sunny,None,41
2025-09-21,Vegetarian Bowl,Sunday,Sunny,None,30
2025-09-22,Chicken Rice,Monday,Sunny,None,126
2025-09-22,Curry Rice,Monday,Sunny,None,97
2025-09-22,Fried Rice,Monday,Sunny,None,145
2025-09-22,Noodle Soup,Monday,Sunny,None,117
2025-09-22,Vegetarian Bowl,Monday,Sunny,None,61
2025-09-23,Chicken Rice,Tuesday,Hot,None,118
2025-09-23,Curry Rice,Tuesday,Hot,None,90
2025-09-23,Fried Rice,Tuesday,Hot,None,111
2025-09-23,Noodle Soup,Tuesday,Hot,None,108
2025-09-23,Vegetarian Bowl,Tuesday,Hot,None,57
2025-09-24,Chicken Rice,Wednesday,Cloudy,None,146
2025-09-24,Curry Rice,Wednesday,Cloudy,None,77
2025-09-24,Fried Rice,Wednesday,Cloudy,None,105
2025-09-24,Noodle Soup,Wednesday,Cloudy,None,88
2025-09-24,Vegetarian Bowl,Wednesday,Cloudy,None,60
2025-09-25,Chicken Rice,Thursday,Rain,Sports Day,120
2025-09-25,Curry Rice,Thursday,Rain,Sports Day,83
2025-09-25,Fried Rice,Thursday,Rain,Sports Day,114
2025-09-25,Noodle Soup,Thursday,Rain,Sports Day,97
2025-09-25,Vegetarian Bowl,Thursday,Rain,Sports Day,59
2025-09-26,Chicken Rice,Friday,Rain,None,101
2025-09-26,Curry Rice,Friday,Rain,None,60
2025-09-26,Fried Rice,Friday,Rain,None,76
2025-09-26,Noodle Soup,Friday,Rain,None,80
2025-09-26,Vegetarian Bowl,Friday,Rain,None,47
2025-09-27,Chicken Rice,Saturday,Hot,None,52
2025-09-27,Curry Rice,Saturday,Hot,None,39
2025-09-27,Fried Rice,Saturday,Hot,None,45
2025-09-27,Noodle Soup,Saturday,Hot,None,41
2025-09-27,Vegetarian Bowl,Saturday,Hot,None,23
2025-09-28,Chicken Rice,Sunday,Rain,Exam Week,51
2025-09-28,Curry Rice,Sunday,Rain,Exam Week,38
2025-09-28,Fried Rice,Sunday,Rain,Exam Week,49
2025-09-28,Noodle Soup,Sunday,Rain,Exam Week,39
2025-09-28,Vegetarian Bowl,Sunday,Rain,Exam Week,28
2025-09-29,Chicken Rice,Monday,Sunny,None,144
2025-09-29,Curry Rice,Monday,Sunny,None,84
2025-09-29,Fried Rice,Monday,Sunny,None,126
2025-09-29,Noodle Soup,Monday,Sunny,None,89
2025-09-29,Vegetarian Bowl,Monday,Sunny,None,61
2025-09-30,Chicken Rice,Tuesday,Cloudy,Sports Day,155
2025-09-30,Curry Rice,Tuesday,Cloudy,Sports Day,124
2025-09-30,Fried Rice,Tuesday,Cloudy,Sports Day,110
2025-09-30,Noodle Soup,Tuesday,Cloudy,Sports Day,129
2025-09-30,Vegetarian Bowl,Tuesday,Cloudy,Sports Day,73
2025-10-01,Chicken Rice,Wednesday,Cloudy,Holiday,66
2025-10-01,Curry Rice,Wednesday,Cloudy,Holiday,51
2025-10-01,Fried Rice,Wednesday,Cloudy,Holiday,54
2025-10-01,Noodle Soup,Wednesday,Cloudy,Holiday,46
2025-10-01,Vegetarian Bowl,Wednesday,Cloudy,Holiday,35
2025-10-02,Chicken Rice,Thursday,Rain,None,109
2025-10-02,Curry Rice,Thursday,Rain,None,92
2025-10-02,Fried Rice,Thursday,Rain,None,94
2025-10-02,Noodle Soup,Thursday,Rain,None,72
2025-10-02,Vegetarian Bowl,Thursday,Rain,None,62
2025-10-03,Chicken Rice,Friday,Cloudy,None,100
2025-10-03,Curry Rice,Friday,Cloudy,None,72
2025-10-03,Fried Rice,Friday,Cloudy,None,79
2025-10-03,Noodle Soup,Friday,Cloudy,None,77
2025-10-03,Vegetarian Bowl,Friday,Cloudy,None,57
2025-10-04,Chicken Rice,Saturday,Sunny,Exam Week,67
2025-10-04,Curry Rice,Saturday,Sunny,Exam Week,46
2025-10-04,Fried Rice,Saturday,Sunny,Exam Week,70
2025-10-04,Noodle Soup,Saturday,Sunny,Exam Week,45
2025-10-04,Vegetarian Bowl,Saturday,Sunny,Exam Week,32
2025-10-05,Chicken Rice,Sunday,Rain,None,49
2025-10-05,Curry Rice,Sunday,Rain,None,35
2025-10-05,Fried Rice,Sunday,Rain,None,42
2025-10-05,Noodle Soup,Sunday,Rain,None,34
2025-10-05,Vegetarian Bowl,Sunday,Rain,None,23
2025-10-06,Chicken Rice,Monday,Cloudy,None,124
2025-10-06,Curry Rice,Monday,Cloudy,None,83
2025-10-06,Fried Rice,Monday,Cloudy,None,111
2025-10-06,Noodle Soup,Monday,Cloudy,None,95
2025-10-06,Vegetarian Bowl,Monday,Cloudy,None,50
2025-10-07,Chicken Rice,Tuesday,Rain,None,102
2025-10-07,Curry Rice,Tuesday,Rain,None,81
2025-10-07,Fried Rice,Tuesday,Rain,None,84
2025-10-07,Noodle Soup,Tuesday,Rain,None,90
2025-10-07,Vegetarian Bowl,Tuesday,Rain,None,53
2025-10-08,Chicken Rice,Wednesday,Sunny,None,136
2025-10-08,Curry Rice,Wednesday,Sunny,None,77
2025-10-08,Fried Rice,Wednesday,Sunny,None,111
2025-10-08,Noodle Soup,Wednesday,Sunny,None,117
2025-10-08,Vegetarian Bowl,Wednesday,Sunny,None,67
2025-10-09,Chicken Rice,Thursday,Rain,None,107
2025-10-09,Curry Rice,Thursday,Rain,None,81
2025-10-09,Fried Rice,Thursday,Rain,None,93
2025-10-09,Noodle Soup,Thursday,Rain,None,86
2025-10-09,Vegetarian Bowl,Thursday,Rain,None,52
2025-10-10,Chicken Rice,Friday,Rain,None,82
2025-10-10,Curry Rice,Friday,Rain,None,68
2025-10-10,Fried Rice,Friday,Rain,None,92
2025-10-10,Noodle Soup,Friday,Rain,None,84
2025-10-10,Vegetarian Bowl,Friday,Rain,None,50
2025-10-11,Chicken Rice,Saturday,Cloudy,None,58
2025-10-11,Curry Rice,Saturday,Cloudy,None,39
2025-10-11,Fried Rice,Saturday,Cloudy,None,48
2025-10-11,Noodle Soup,Saturday,Cloudy,None,37
2025-10-11,Vegetarian Bowl,Saturday,Cloudy,None,26
2025-10-12,Chicken Rice,Sunday,Hot,None,55
2025-10-12,Curry Rice,Sunday,Hot,None,30
2025-10-12,Fried Rice,Sunday,Hot,None,42
2025-10-12,Noodle Soup,Sunday,Hot,None,34
2025-10-12,Vegetarian Bowl,Sunday,Hot,None,24
2025-10-13,Chicken Rice,Monday,Rain,None,111
2025-10-13,Curry Rice,Monday,Rain,None,74
2025-10-13,Fried Rice,Monday,Rain,None,105
2025-10-13,Noodle Soup,Monday,Rain,None,107
2025-10-13,Vegetarian Bowl,Monday,Rain,None,58
2025-10-14,Chicken Rice,Tuesday,Cloudy,None,118
2025-10-14,Curry Rice,Tuesday,Cloudy,None,78
2025-10-14,Fried Rice,Tuesday,Cloudy,None,120
2025-10-14,Noodle Soup,Tuesday,Cloudy,None,93
2025-10-14,Vegetarian Bowl,Tuesday,Cloudy,None,49
2025-10-15,Chicken Rice,Wednesday,Sunny,None,119
2025-10-15,Curry Rice,Wednesday,Sunny,None,86
2025-10-15,Fried Rice,Wednesday,Sunny,None,104
2025-10-15,Noodle Soup,Wednesday,Sunny,None,95
2025-10-15,Vegetarian Bowl,Wednesday,Sunny,None,68
2025-10-16,Chicken Rice,Thursday,Cloudy,None,131
2025-10-16,Curry Rice,Thursday,Cloudy,None,82
2025-10-16,Fried Rice,Thursday,Cloudy,None,114
2025-10-16,Noodle Soup,Thursday,Cloudy,None,97
2025-10-16,Vegetarian Bowl,Thursday,Cloudy,None,66
2025-10-17,Chicken Rice,Friday,Cloudy,None,109
2025-10-17,Curry Rice,Friday,Cloudy,None,79
2025-10-17,Fried Rice,Friday,Cloudy,None,97
2025-10-17,Noodle Soup,Friday,Cloudy,None,81
2025-10-17,Vegetarian Bowl,Friday,Cloudy,None,50
2025-10-18,Chicken Rice,Saturday,Hot,None,61
2025-10-18,Curry Rice,Saturday,Hot,None,35
2025-10-18,Fried Rice,Saturday,Hot,None,46
2025-10-18,Noodle Soup,Saturday,Hot,None,36
2025-10-18,Vegetarian Bowl,Saturday,Hot,None,30
2025-10-19,Chicken Rice,Sunday,Sunny,None,55
2025-10-19,Curry Rice,Sunday,Sunny,None,33
2025-10-19,Fried Rice,Sunday,Sunny,None,52
2025-10-19,Noodle Soup,Sunday,Sunny,None,37
2025-10-19,Vegetarian Bowl,Sunday,Sunny,None,24
2025-10-20,Chicken Rice,Monday,Sunny,None,120
2025-10-20,Curry Rice,Monday,Sunny,None,94
2025-10-20,Fried Rice,Monday,Sunny,None,111
2025-10-20,Noodle Soup,Monday,Sunny,None,102
2025-10-20,Vegetarian Bowl,Monday,Sunny,None,67
2025-10-21,Chicken Rice,Tuesday,Rain,None,97
2025-10-21,Curry Rice,Tuesday,Rain,None,84
2025-10-21,Fried Rice,Tuesday,Rain,None,98
2025-10-21,Noodle Soup,Tuesday,Rain,None,77
2025-10-21,Vegetarian Bowl,Tuesday,Rain,None,63
2025-10-22,Chicken Rice,Wednesday,Cloudy,None,108
2025-10-22,Curry Rice,Wednesday,Cloudy,None,90
2025-10-22,Fried Rice,Wednesday,Cloudy,None,106
2025-10-22,Noodle Soup,Wednesday,Cloudy,None,104
2025-10-22,Vegetarian Bowl,Wednesday,Cloudy,None,64
2025-10-23,Chicken Rice,Thursday,Sunny,None,113
2025-10-23,Curry Rice,Thursday,Sunny,None,94
2025-10-23,Fried Rice,Thursday,Sunny,None,126
2025-10-23,Noodle Soup,Thursday,Sunny,None,98
2025-10-23,Vegetarian Bowl,Thursday,Sunny,None,90
2025-10-24,Chicken Rice,Friday,Sunny,None,121
2025-10-24,Curry Rice,Friday,Sunny,None,70
2025-10-24,Fried Rice,Friday,Sunny,None,94
2025-10-24,Noodle Soup,Friday,Sunny,None,75
2025-10-24,Vegetarian Bowl,Friday,Sunny,None,57
2025-10-25,Chicken Rice,Saturday,Rain,None,47
2025-10-25,Curry Rice,Saturday,Rain,None,36
2025-10-25,Fried Rice,Saturday,Rain,None,40
2025-10-25,Noodle Soup,Saturday,Rain,None,37
2025-10-25,Vegetarian Bowl,Saturday,Rain,None,22
2025-10-26,Chicken Rice,Sunday,Rain,Sports Day,56
2025-10-26,Curry Rice,Sunday,Rain,Sports Day,39
2025-10-26,Fried Rice,Sunday,Rain,Sports Day,52
2025-10-26,Noodle Soup,Sunday,Rain,Sports Day,41
2025-10-26,Vegetarian Bowl,Sunday,Rain,Sports Day,24
2025-10-27,Chicken Rice,Monday,Sunny,None,128
2025-10-27,Curry Rice,Monday,Sunny,None,82
2025-10-27,Fried Rice,Monday,Sunny,None,138
2025-10-27,Noodle Soup,Monday,Sunny,None,102
2025-10-27,Vegetarian Bowl,Monday,Sunny,None,78
2025-10-28,Chicken Rice,Tuesday,Sunny,None,143
2025-10-28,Curry Rice,Tuesday,Sunny,None,112
2025-10-28,Fried Rice,Tuesday,Sunny,None,124
2025-10-28,Noodle Soup,Tuesday,Sunny,None,94
2025-10-28,Vegetarian Bowl,Tuesday,Sunny,None,62
2025-10-29,Chicken Rice,Wednesday,Sunny,Sports Day,147
2025-10-29,Curry Rice,Wednesday,Sunny,Sports Day,110
2025-10-29,Fried Rice,Wednesday,Sunny,Sports Day,148
2025-10-29,Noodle Soup,Wednesday,Sunny,Sports Day,132
2025-10-29,Vegetarian Bowl,Wednesday,Sunny,Sports Day,69
2025-10-30,Chicken Rice,Thursday,Cloudy,Sports Day,127
2025-10-30,Curry Rice,Thursday,Cloudy,Sports Day,106
2025-10-30,Fried Rice,Thursday,Cloudy,Sports Day,123
2025-10-30,Noodle Soup,Thursday,Cloudy,Sports Day,101
2025-10-30,Vegetarian Bowl,Thursday,Cloudy,Sports Day,66
2025-10-31,Chicken Rice,Friday,Sunny,Sports Day,121
2025-10-31,Curry Rice,Friday,Sunny,Sports Day,101
2025-10-31,Fried Rice,Friday,Sunny,Sports Day,102
2025-10-31,Noodle Soup,Friday,Sunny,Sports Day,114
2025-10-31,Vegetarian Bowl,Friday,Sunny,Sports Day,56
2025-11-01,Chicken Rice,Saturday,Cloudy,Exam Week,62
2025-11-01,Curry Rice,Saturday,Cloudy,Exam Week,42
2025-11-01,Fried Rice,Saturday,Cloudy,Exam Week,55
2025-11-01,Noodle Soup,Saturday,Cloudy,Exam Week,45
2025-11-01,Vegetarian Bowl,Saturday,Cloudy,Exam Week,33
2025-11-02,Chicken Rice,Sunday,Sunny,None,47
2025-11-02,Curry Rice,Sunday,Sunny,None,34
2025-11-02,Fried Rice,Sunday,Sunny,None,50
2025-11-02,Noodle Soup,Sunday,Sunny,None,45
2025-11-02,Vegetarian Bowl,Sunday,Sunny,None,24
2025-11-03,Chicken Rice,Monday,Rain,None,103
2025-11-03,Curry Rice,Monday,Rain,None,84
2025-11-03,Fried Rice,Monday,Rain,None,86
2025-11-03,Noodle Soup,Monday,Rain,None,89
2025-11-03,Vegetarian Bowl,Monday,Rain,None,51
2025-11-04,Chicken Rice,Tuesday,Rain,None,102
2025-11-04,Curry Rice,Tuesday,Rain,None,81
2025-11-04,Fried Rice,Tuesday,Rain,None,97
2025-11-04,Noodle Soup,Tuesday,Rain,None,93
2025-11-04,Vegetarian Bowl,Tuesday,Rain,None,52
2025-11-05,Chicken Rice,Wednesday,Cloudy,None,128
2025-11-05,Curry Rice,Wednesday,Cloudy,None,75
2025-11-05,Fried Rice,Wednesday,Cloudy,None,108
2025-11-05,Noodle Soup,Wednesday,Cloudy,None,90
2025-11-05,Vegetarian Bowl,Wednesday,Cloudy,None,59
2025-11-06,Chicken Rice,Thursday,Cloudy,None,103
2025-11-06,Curry Rice,Thursday,Cloudy,None,88
2025-11-06,Fried Rice,Thursday,Cloudy,None,111
2025-11-06,Noodle Soup,Thursday,Cloudy,None,102
2025-11-06,Vegetarian Bowl,Thursday,Cloudy,None,58
2025-11-07,Chicken Rice,Friday,Rain,Holiday,50
2025-11-07,Curry Rice,Friday,Rain,Holiday,40
2025-11-07,Fried Rice,Friday,Rain,Holiday,47
2025-11-07,Noodle Soup,Friday,Rain,Holiday,40
2025-11-07,Vegetarian Bowl,Friday,Rain,Holiday,31
2025-11-08,Chicken Rice,Saturday,Rain,None,46
2025-11-08,Curry Rice,Saturday,Rain,None,30
2025-11-08,Fried Rice,Saturday,Rain,None,46
2025-11-08,Noodle Soup,Saturday,Rain,None,39
2025-11-08,Vegetarian Bowl,Saturday,Rain,None,30
2025-11-09,Chicken Rice,Sunday,Sunny,None,49
2025-11-09,Curry Rice,Sunday,Sunny,None,41
2025-11-09,Fried Rice,Sunday,Sunny,None,46
2025-11-09,Noodle Soup,Sunday,Sunny,None,41
2025-11-09,Vegetarian Bowl,Sunday,Sunny,None,26
2025-11-10,Chicken Rice,Monday,Cloudy,None,123
2025-11-10,Curry Rice,Monday,Cloudy,None,95
2025-11-10,Fried Rice,Monday,Cloudy,None,121
2025-11-10,Noodle Soup,Monday,Cloudy,None,115
2025-11-10,Vegetarian Bowl,Monday,Cloudy,None,71
2025-11-11,Chicken Rice,Tuesday,Sunny,Exam Week,137
2025-11-11,Curry Rice,Tuesday,Sunny,Exam Week,87
2025-11-11,Fried Rice,Tuesday,Sunny,Exam Week,144
2025-11-11,Noodle Soup,Tuesday,Sunny,Exam Week,124
2025-11-11,Vegetarian Bowl,Tuesday,Sunny,Exam Week,89
2025-11-12,Chicken Rice,Wednesday,Sunny,None,112
2025-11-12,Curry Rice,Wednesday,Sunny,None,82
2025-11-12,Fried Rice,Wednesday,Sunny,None,139
2025-11-12,Noodle Soup,Wednesday,Sunny,None,97
2025-11-12,Vegetarian Bowl,Wednesday,Sunny,None,71
2025-11-13,Chicken Rice,Thursday,Hot,None,119
2025-11-13,Curry Rice,Thursday,Hot,None,75
2025-11-13,Fried Rice,Thursday,Hot,None,104
2025-11-13,Noodle Soup,Thursday,Hot,None,91
2025-11-13,Vegetarian Bowl,Thursday,Hot,None,51
2025-11-14,Chicken Rice,Friday,Hot,None,117
2025-11-14,Curry Rice,Friday,Hot,None,72
2025-11-14,Fried Rice,Friday,Hot,None,73
2025-11-14,Noodle Soup,Friday,Hot,None,76
2025-11-14,Vegetarian Bowl,Friday,Hot,None,48
2025-11-15,Chicken Rice,Saturday,Hot,None,48
2025-11-15,Curry Rice,Saturday,Hot,None,36
2025-11-15,Fried Rice,Saturday,Hot,None,45
2025-11-15,Noodle Soup,Saturday,Hot,None,47
2025-11-15,Vegetarian Bowl,Saturday,Hot,None,28
2025-11-16,Chicken Rice,Sunday,Hot,Holiday,21
2025-11-16,Curry Rice,Sunday,Hot,Holiday,20
2025-11-16,Fried Rice,Sunday,Hot,Holiday,25
2025-11-16,Noodle Soup,Sunday,Hot,Holiday,19
2025-11-16,Vegetarian Bowl,Sunday,Hot,Holiday,13
2025-11-17,Chicken Rice,Monday,Cloudy,None,154
2025-11-17,Curry Rice,Monday,Cloudy,None,84
2025-11-17,Fried Rice,Monday,Cloudy,None,115
2025-11-17,Noodle Soup,Monday,Cloudy,None,99
2025-11-17,Vegetarian Bowl,Monday,Cloudy,None,58
2025-11-18,Chicken Rice,Tuesday,Cloudy,Holiday,67
2025-11-18,Curry Rice,Tuesday,Cloudy,Holiday,46
2025-11-18,Fried Rice,Tuesday,Cloudy,Holiday,66
2025-11-18,Noodle Soup,Tuesday,Cloudy,Holiday,50
2025-11-18,Vegetarian Bowl,Tuesday,Cloudy,Holiday,29
2025-11-19,Chicken Rice,Wednesday,Rain,None,109
2025-11-19,Curry Rice,Wednesday,Rain,None,82
2025-11-19,Fried Rice,Wednesday,Rain,None,92
2025-11-19,Noodle Soup,Wednesday,Rain,None,80
2025-11-19,Vegetarian Bowl,Wednesday,Rain,None,63
2025-11-20,Chicken Rice,Thursday,Sunny,None,136
2025-11-20,Curry Rice,Thursday,Sunny,None,86
2025-11-20,Fried Rice,Thursday,Sunny,None,127
2025-11-20,Noodle Soup,Thursday,Sunny,None,106
2025-11-20,Vegetarian Bowl,Thursday,Sunny,None,77
2025-11-21,Chicken Rice,Friday,Sunny,None,81
2025-11-21,Curry Rice,Friday,Sunny,None,75
2025-11-21,Fried Rice,Friday,Sunny,None,102
2025-11-21,Noodle Soup,Friday,Sunny,None,77
2025-11-21,Vegetarian Bowl,Friday,Sunny,None,59
2025-11-22,Chicken Rice,Saturday,Hot,None,50
2025-11-22,Curry Rice,Saturday,Hot,None,34
2025-11-22,Fried Rice,Saturday,Hot,None,56
2025-11-22,Noodle Soup,Saturday,Hot,None,47
2025-11-22,Vegetarian Bowl,Saturday,Hot,None,27
2025-11-23,Chicken Rice,Sunday,Cloudy,None,49
2025-11-23,Curry Rice,Sunday,Cloudy,None,38
2025-11-23,Fried Rice,Sunday,Cloudy,None,44
2025-11-23,Noodle Soup,Sunday,Cloudy,None,40
2025-11-23,Vegetarian Bowl,Sunday,Cloudy,None,28
2025-11-24,Chicken Rice,Monday,Cloudy,None,118
2025-11-24,Curry Rice,Monday,Cloudy,None,117
2025-11-24,Fried Rice,Monday,Cloudy,None,126
2025-11-24,Noodle Soup,Monday,Cloudy,None,99
2025-11-24,Vegetarian Bowl,Monday,Cloudy,None,61
2025-11-25,Chicken Rice,Tuesday,Cloudy,Exam Week,156
2025-11-25,Curry Rice,Tuesday,Cloudy,Exam Week,104
2025-11-25,Fried Rice,Tuesday,Cloudy,Exam Week,129
2025-11-25,Noodle Soup,Tuesday,Cloudy,Exam Week,119
2025-11-25,Vegetarian Bowl,Tuesday,Cloudy,Exam Week,69
2025-11-26,Chicken Rice,Wednesday,Hot,None,110
2025-11-26,Curry Rice,Wednesday,Hot,None,61
2025-11-26,Fried Rice,Wednesday,Hot,None,112
2025-11-26,Noodle Soup,Wednesday,Hot,None,93
2025-11-26,Vegetarian Bowl,Wednesday,Hot,None,60
2025-11-27,Chicken Rice,Thursday,Cloudy,None,116
2025-11-27,Curry Rice,Thursday,Cloudy,None,83
2025-11-27,Fried Rice,Thursday,Cloudy,None,118
2025-11-27,Noodle Soup,Thursday,Cloudy,None,96
2025-11-27,Vegetarian Bowl,Thursday,Cloudy,None,63
2025-11-28,Chicken Rice,Friday,Rain,None,90
2025-11-28,Curry Rice,Friday,Rain,None,56
2025-11-28,Fried Rice,Friday,Rain,None,100
2025-11-28,Noodle Soup,Friday,Rain,None,77
2025-11-28,Vegetarian Bowl,Friday,Rain,None,49
2025-11-29,Chicken Rice,Saturday,Hot,None,51
2025-11-29,Curry Rice,Saturday,Hot,None,40
2025-11-29,Fried Rice,Saturday,Hot,None,50
2025-11-29,Noodle Soup,Saturday,Hot,None,45
2025-11-29,Vegetarian Bowl,Saturday,Hot,None,25
2025-11-30,Chicken Rice,Sunday,Sunny,None,54
2025-11-30,Curry Rice,Sunday,Sunny,None,38
2025-11-30,Fried Rice,Sunday,Sunny,None,47
2025-11-30,Noodle Soup,Sunday,Sunny,None,43
2025-11-30,Vegetarian Bowl,Sunday,Sunny,None,25
2025-12-01,Chicken Rice,Monday,Rain,None,129
2025-12-01,Curry Rice,Monday,Rain,None,81
2025-12-01,Fried Rice,Monday,Rain,None,105
2025-12-01,Noodle Soup,Monday,Rain,None,89
2025-12-01,Vegetarian Bowl,Monday,Rain,None,57
2025-12-02,Chicken Rice,Tuesday,Sunny,None,120
2025-12-02,Curry Rice,Tuesday,Sunny,None,77
2025-12-02,Fried Rice,Tuesday,Sunny,None,111
2025-12-02,Noodle Soup,Tuesday,Sunny,None,111
2025-12-02,Vegetarian Bowl,Tuesday,Sunny,None,71
2025-12-03,Chicken Rice,Wednesday,Rain,None,107
2025-12-03,Curry Rice,Wednesday,Rain,None,77
2025-12-03,Fried Rice,Wednesday,Rain,None,102
2025-12-03,Noodle Soup,Wednesday,Rain,None,80
2025-12-03,Vegetarian Bowl,Wednesday,Rain,None,49
2025-12-04,Chicken Rice,Thursday,Sunny,None,118
2025-12-04,Curry Rice,Thursday,Sunny,None,102
2025-12-04,Fried Rice,Thursday,Sunny,None,124
2025-12-04,Noodle Soup,Thursday,Sunny,None,104
2025-12-04,Vegetarian Bowl,Thursday,Sunny,None,58
2025-12-05,Chicken Rice,Friday,Rain,Holiday,42
2025-12-05,Curry Rice,Friday,Rain,Holiday,35
2025-12-05,Fried Rice,Friday,Rain,Holiday,48
2025-12-05,Noodle Soup,Friday,Rain,Holiday,48
2025-12-05,Vegetarian Bowl,Friday,Rain,Holiday,25
2025-12-06,Chicken Rice,Saturday,Rain,None,49
2025-12-06,Curry Rice,Saturday,Rain,None,38
2025-12-06,Fried Rice,Saturday,Rain,None,45
2025-12-06,Noodle Soup,Saturday,Rain,None,46
2025-12-06,Vegetarian Bowl,Saturday,Rain,None,20
2025-12-07,Chicken Rice,Sunday,Hot,None,55
2025-12-07,Curry Rice,Sunday,Hot,None,31
2025-12-07,Fried Rice,Sunday,Hot,None,48
2025-12-07,Noodle Soup,Sunday,Hot,None,37
2025-12-07,Vegetarian Bowl,Sunday,Hot,None,24
2025-12-08,Chicken Rice,Monday,Cloudy,Exam Week,153
2025-12-08,Curry Rice,Monday,Cloudy,Exam Week,104
2025-12-08,Fried Rice,Monday,Cloudy,Exam Week,150
2025-12-08,Noodle Soup,Monday,Cloudy,Exam Week,110
2025-12-08,Vegetarian Bowl,Monday,Cloudy,Exam Week,80
2025-12-09,Chicken Rice,Tuesday,Sunny,None,125
2025-12-09,Curry Rice,Tuesday,Sunny,None,84
2025-12-09,Fried Rice,Tuesday,Sunny,None,115
2025-12-09,Noodle Soup,Tuesday,Sunny,None,110
2025-12-09,Vegetarian Bowl,Tuesday,Sunny,None,68
2025-12-10,Chicken Rice,Wednesday,Cloudy,None,112
2025-12-10,Curry Rice,Wednesday,Cloudy,None,80
2025-12-10,Fried Rice,Wednesday,Cloudy,None,105
2025-12-10,Noodle Soup,Wednesday,Cloudy,None,92
2025-12-10,Vegetarian Bowl,Wednesday,Cloudy,None,64
2025-12-11,Chicken Rice,Thursday,Sunny,None,129
2025-12-11,Curry Rice,Thursday,Sunny,None,86
2025-12-11,Fried Rice,Thursday,Sunny,None,116
2025-12-11,Noodle Soup,Thursday,Sunny,None,85
2025-12-11,Vegetarian Bowl,Thursday,Sunny,None,69
2025-12-12,Chicken Rice,Friday,Cloudy,None,110
2025-12-12,Curry Rice,Friday,Cloudy,None,75
2025-12-12,Fried Rice,Friday,Cloudy,None,93
2025-12-12,Noodle Soup,Friday,Cloudy,None,82
2025-12-12,Vegetarian Bowl,Friday,Cloudy,None,52
2025-12-13,Chicken Rice,Saturday,Cloudy,None,54
2025-12-13,Curry Rice,Saturday,Cloudy,None,37
2025-12-13,Fried Rice,Saturday,Cloudy,None,52
2025-12-13,Noodle Soup,Saturday,Cloudy,None,44
2025-12-13,Vegetarian Bowl,Saturday,Cloudy,None,24
2025-12-14,Chicken Rice,Sunday,Sunny,None,52
2025-12-14,Curry Rice,Sunday,Sunny,None,38
2025-12-14,Fried Rice,Sunday,Sunny,None,45
2025-12-14,Noodle Soup,Sunday,Sunny,None,41
2025-12-14,Vegetarian Bowl,Sunday,Sunny,None,28
2025-12-15,Chicken Rice,Monday,Cloudy,Exam Week,132
2025-12-15,Curry Rice,Monday,Cloudy,Exam Week,105
2025-12-15,Fried Rice,Monday,Cloudy,Exam Week,129
2025-12-15,Noodle Soup,Monday,Cloudy,Exam Week,135
2025-12-15,Vegetarian Bowl,Monday,Cloudy,Exam Week,71
2025-12-16,Chicken Rice,Tuesday,Rain,None,127
2025-12-16,Curry Rice,Tuesday,Rain,None,72
2025-12-16,Fried Rice,Tuesday,Rain,None,109
2025-12-16,Noodle Soup,Tuesday,Rain,None,89
2025-12-16,Vegetarian Bowl,Tuesday,Rain,None,61
2025-12-17,Chicken Rice,Wednesday,Rain,None,118
2025-12-17,Curry Rice,Wednesday,Rain,None,73
2025-12-17,Fried Rice,Wednesday,Rain,None,107
2025-12-17,Noodle Soup,Wednesday,Rain,None,79
2025-12-17,Vegetarian Bowl,Wednesday,Rain,None,56
2025-12-18,Chicken Rice,Thursday,Cloudy,None,116
2025-12-18,Curry Rice,Thursday,Cloudy,None,89
2025-12-18,Fried Rice,Thursday,Cloudy,None,118
2025-12-18,Noodle Soup,Thursday,Cloudy,None,96
2025-12-18,Vegetarian Bowl,Thursday,Cloudy,None,66
2025-12-19,Chicken Rice,Friday,Sunny,None,99
2025-12-19,Curry Rice,Friday,Sunny,None,90
2025-12-19,Fried Rice,Friday,Sunny,None,94
2025-12-19,Noodle Soup,Friday,Sunny,None,84
2025-12-19,Vegetarian Bowl,Friday,Sunny,None,56
2025-12-20,Chicken Rice,Saturday,Rain,None,48
2025-12-20,Curry Rice,Saturday,Rain,None,36
2025-12-20,Fried Rice,Saturday,Rain,None,43
2025-12-20,Noodle Soup,Saturday,Rain,None,43
2025-12-20,Vegetarian Bowl,Saturday,Rain,None,25
2025-12-21,Chicken Rice,Sunday,Cloudy,None,52
2025-12-21,Curry Rice,Sunday,Cloudy,None,34
2025-12-21,Fried Rice,Sunday,Cloudy,None,42
2025-12-21,Noodle Soup,Sunday,Cloudy,None,42
2025-12-21,Vegetarian Bowl,Sunday,Cloudy,None,24
2025-12-22,Chicken Rice,Monday,Sunny,None,135
2025-12-22,Curry Rice,Monday,Sunny,None,89
2025-12-22,Fried Rice,Monday,Sunny,None,138
2025-12-22,Noodle Soup,Monday,Sunny,None,124
2025-12-22,Vegetarian Bowl,Monday,Sunny,None,63
2025-12-23,Chicken Rice,Tuesday,Sunny,None,118
2025-12-23,Curry Rice,Tuesday,Sunny,None,87
2025-12-23,Fried Rice,Tuesday,Sunny,None,134
2025-12-23,Noodle Soup,Tuesday,Sunny,None,99
2025-12-23,Vegetarian Bowl,Tuesday,Sunny,None,74
2025-12-24,Chicken Rice,Wednesday,Sunny,Sports Day,141
2025-12-24,Curry Rice,Wednesday,Sunny,Sports Day,104
2025-12-24,Fried Rice,Wednesday,Sunny,Sports Day,135
2025-12-24,Noodle Soup,Wednesday,Sunny,Sports Day,111
2025-12-24,Vegetarian Bowl,Wednesday,Sunny,Sports Day,82
2025-12-25,Chicken Rice,Thursday,Sunny,Sports Day,134
2025-12-25,Curry Rice,Thursday,Sunny,Sports Day,113
2025-12-25,Fried Rice,Thursday,Sunny,Sports Day,112
2025-12-25,Noodle Soup,Thursday,Sunny,Sports Day,137
2025-12-25,Vegetarian Bowl,Thursday,Sunny,Sports Day,71
2025-12-26,Chicken Rice,Friday,Rain,None,107
2025-12-26,Curry Rice,Friday,Rain,None,71
2025-12-26,Fried Rice,Friday,Rain,None,89
2025-12-26,Noodle Soup,Friday,Rain,None,70
2025-12-26,Vegetarian Bowl,Friday,Rain,None,43
2025-12-27,Chicken Rice,Saturday,Sunny,None,66
2025-12-27,Curry Rice,Saturday,Sunny,None,37
2025-12-27,Fried Rice,Saturday,Sunny,None,60
2025-12-27,Noodle Soup,Saturday,Sunny,None,48
2025-12-27,Vegetarian Bowl,Saturday,Sunny,None,31
2025-12-28,Chicken Rice,Sunday,Sunny,None,47
2025-12-28,Curry Rice,Sunday,Sunny,None,35
2025-12-28,Fried Rice,Sunday,Sunny,None,49
2025-12-28,Noodle Soup,Sunday,Sunny,None,47
2025-12-28,Vegetarian Bowl,Sunday,Sunny,None,27
2025-12-29,Chicken Rice,Monday,Rain,None,111
2025-12-29,Curry Rice,Monday,Rain,None,73
2025-12-29,Fried Rice,Monday,Rain,None,87
2025-12-29,Noodle Soup,Monday,Rain,None,91
2025-12-29,Vegetarian Bowl,Monday,Rain,None,65
2025-12-30,Chicken Rice,Tuesday,Hot,Holiday,59
2025-12-30,Curry Rice,Tuesday,Hot,Holiday,41
2025-12-30,Fried Rice,Tuesday,Hot,Holiday,54
2025-12-30,Noodle Soup,Tuesday,Hot,Holiday,53
2025-12-30,Vegetarian Bowl,Tuesday,Hot,Holiday,33
2025-12-31,Chicken Rice,Wednesday,Rain,Holiday,71
2025-12-31,Curry Rice,Wednesday,Rain,Holiday,44
2025-12-31,Fried Rice,Wednesday,Rain,Holiday,58
2025-12-31,Noodle Soup,Wednesday,Rain,Holiday,43
2025-12-31,Vegetarian Bowl,Wednesday,Rain,Holiday,27
