date,store,category,units_sold,unit_price,discount,revenue,promotion,is_weekend
2024-01-01,上海旗舰店,智能家居,35,905.26,0.019,31082.1,0,0
2024-01-01,上海旗舰店,智能手机,43,4004.11,0.035,166150.54,0,0
2024-01-01,上海旗舰店,智能穿戴,34,1286.83,0.001,43708.47,0,0
2024-01-01,上海旗舰店,笔记本电脑,21,6520.33,0.003,136516.15,0,0
2024-01-01,上海旗舰店,配件耗材,86,196.91,0.013,16714.11,0,0
2024-01-01,北京中关村店,智能家居,27,889.02,0.031,23259.43,0,0
2024-01-01,北京中关村店,智能手机,58,4002.1,0.02,227479.36,0,0
2024-01-01,北京中关村店,智能穿戴,28,1272.72,0.015,35101.62,0,0
2024-01-01,北京中关村店,笔记本电脑,23,6504.9,0.041,143478.58,0,0
2024-01-01,北京中关村店,配件耗材,68,199.33,0.045,12944.49,0,0
2024-01-01,广州天河店,智能家居,29,896.37,0.001,25968.74,0,0
2024-01-01,广州天河店,智能手机,59,4006.65,0.037,227645.83,0,0
2024-01-01,广州天河店,智能穿戴,31,1285.75,0.032,38582.79,0,0
2024-01-01,广州天河店,笔记本电脑,16,6484.73,0.012,102510.61,0,0
2024-01-01,广州天河店,配件耗材,45,199.38,0.05,8523.5,0,0
2024-01-01,成都春熙店,智能家居,20,889.73,0.049,16922.66,0,0
2024-01-01,成都春熙店,智能手机,32,4017.03,0.044,122888.98,0,0
2024-01-01,成都春熙店,智能穿戴,31,1295.34,0.157,33851.12,1,0
2024-01-01,成都春熙店,笔记本电脑,14,6571.79,0.033,88968.89,0,0
2024-01-01,成都春熙店,配件耗材,35,199.25,0.004,6945.85,0,0
2024-01-02,上海旗舰店,智能家居,36,902.27,0.025,31669.68,0,0
2024-01-02,上海旗舰店,智能手机,48,4030.59,0.006,192307.51,0,0
2024-01-02,上海旗舰店,智能穿戴,44,1290.35,0.038,54617.93,0,0
2024-01-02,上海旗舰店,笔记本电脑,23,6631.21,0.037,146874.67,0,0
2024-01-02,上海旗舰店,配件耗材,60,195.8,0.038,11301.58,0,0
2024-01-02,北京中关村店,智能家居,32,900.68,0.025,28101.22,0,0
2024-01-02,北京中关村店,智能手机,47,4023.56,0.011,187027.14,0,0
2024-01-02,北京中关村店,智能穿戴,30,1306.38,0.016,38564.34,0,0
2024-01-02,北京中关村店,笔记本电脑,22,6463.97,0.04,136519.05,0,0
2024-01-02,北京中关村店,配件耗材,64,198.36,0.025,12377.66,0,0
2024-01-02,广州天河店,智能家居,24,899.13,0.034,20845.43,0,0
2024-01-02,广州天河店,智能手机,58,4038.86,0.014,230974.33,0,0
2024-01-02,广州天河店,智能穿戴,27,1295.85,0.048,33308.53,0,0
2024-01-02,广州天河店,笔记本电脑,16,6406.34,0.023,100143.91,0,0
2024-01-02,广州天河店,配件耗材,46,196.65,0.042,8665.97,0,0
2024-01-02,成都春熙店,智能家居,20,870.35,0.037,16762.94,0,0
2024-01-02,成都春熙店,智能手机,32,4038.79,0.046,123296.18,0,0
2024-01-02,成都春熙店,智能穿戴,23,1285.89,0.032,28629.05,0,0
2024-01-02,成都春熙店,笔记本电脑,15,6507.34,0.028,94877.02,0,0
2024-01-02,成都春熙店,配件耗材,34,199.62,0.021,6644.55,0,0
2024-01-03,上海旗舰店,智能家居,33,917.65,0.045,28919.74,0,0
2024-01-03,上海旗舰店,智能手机,58,4014.71,0.041,223306.2,0,0
2024-01-03,上海旗舰店,智能穿戴,49,1323.19,0.042,62113.18,0,0
2024-01-03,上海旗舰店,笔记本电脑,24,6547.81,0.043,150390.1,0,0
2024-01-03,上海旗舰店,配件耗材,91,202.47,0.153,15605.78,1,0
2024-01-03,北京中关村店,智能家居,35,901.11,0.023,30813.46,0,0
2024-01-03,北京中关村店,智能手机,51,4047.4,0.033,199605.63,0,0
2024-01-03,北京中关村店,智能穿戴,40,1280.18,0.006,50899.96,0,0
2024-01-03,北京中关村店,笔记本电脑,17,6493.56,0.011,109176.22,0,0
2024-01-03,北京中关村店,配件耗材,76,200.78,0.039,14664.17,0,0
2024-01-03,广州天河店,智能家居,25,893.44,0.021,21866.94,0,0
2024-01-03,广州天河店,智能手机,56,3977.99,0.13,193807.67,1,0
2024-01-03,广州天河店,智能穿戴,34,1300.48,0.006,43951.02,0,0
2024-01-03,广州天河店,笔记本电脑,17,6410.94,0.007,108223.08,0,0
2024-01-03,广州天河店,配件耗材,83,198.9,0.032,15980.42,0,0
2024-01-03,成都春熙店,智能家居,19,886.28,0.042,16132.07,0,0
2024-01-03,成都春熙店,智能手机,26,3960.9,0.015,101438.65,0,0
2024-01-03,成都春熙店,智能穿戴,19,1310.23,0.026,24247.12,0,0
2024-01-03,成都春熙店,笔记本电脑,13,6520.54,0.01,83919.35,0,0
2024-01-03,成都春熙店,配件耗材,33,199.79,0.038,6342.53,0,0
2024-01-04,上海旗舰店,智能家居,25,882.5,0.016,21709.5,0,0
2024-01-04,上海旗舰店,智能手机,74,3973.2,0.192,237565.57,1,0
2024-01-04,上海旗舰店,智能穿戴,48,1269.04,0.077,56223.55,1,0
2024-01-04,上海旗舰店,笔记本电脑,20,6417.42,0.024,125268.04,0,0
2024-01-04,上海旗舰店,配件耗材,74,198.66,0.042,14083.4,0,0
2024-01-04,北京中关村店,智能家居,25,910.42,0.042,21804.56,0,0
2024-01-04,北京中关村店,智能手机,54,4006.31,0.006,215042.7,0,0
2024-01-04,北京中关村店,智能穿戴,39,1294.66,0.007,50138.3,0,0
2024-01-04,北京中关村店,笔记本电脑,23,6428.35,0.033,142972.93,0,0
2024-01-04,北京中关村店,配件耗材,71,197.29,0.022,13699.42,0,0
2024-01-04,广州天河店,智能家居,26,899.08,0.047,22277.4,0,0
2024-01-04,广州天河店,智能手机,46,3995.21,0.044,175693.35,0,0
2024-01-04,广州天河店,智能穿戴,28,1314.02,0.05,34952.93,0,0
2024-01-04,广州天河店,笔记本电脑,22,6470.58,0.049,135377.47,0,0
2024-01-04,广州天河店,配件耗材,76,197.09,0.031,14514.5,0,0
2024-01-04,成都春熙店,智能家居,21,883.45,0.023,18125.74,0,0
2024-01-04,成都春熙店,智能手机,30,3984.7,0.016,117628.34,0,0
2024-01-04,成都春熙店,智能穿戴,19,1323.93,0.023,24576.11,0,0
2024-01-04,成都春熙店,笔记本电脑,13,6569.74,0.044,81648.73,0,0
2024-01-04,成都春熙店,配件耗材,33,198.87,0.008,6510.21,0,0
2024-01-05,上海旗舰店,智能家居,37,882.73,0.012,32269.08,0,0
2024-01-05,上海旗舰店,智能手机,55,4022.22,0.045,211267.11,0,0
2024-01-05,上海旗舰店,智能穿戴,36,1311.4,0.009,46785.51,0,0
2024-01-05,上海旗舰店,笔记本电脑,23,6400.96,0.041,141185.97,0,0
2024-01-05,上海旗舰店,配件耗材,81,198.44,0.028,15623.58,0,0
2024-01-05,北京中关村店,智能家居,30,885.61,0.014,26196.34,0,0
2024-01-05,北京中关村店,智能手机,54,4029.41,0.032,210625.32,0,0
2024-01-05,北京中关村店,智能穿戴,35,1301.76,0.026,44377.0,0,0
2024-01-05,北京中关村店,笔记本电脑,23,6451.12,0.015,146150.12,0,0
2024-01-05,北京中关村店,配件耗材,99,200.86,0.097,17956.28,1,0
2024-01-05,广州天河店,智能家居,27,902.0,0.048,23185.01,0,0
2024-01-05,广州天河店,智能手机,40,4031.04,0.011,159467.94,0,0
2024-01-05,广州天河店,智能穿戴,27,1316.19,0.014,35039.61,0,0
2024-01-05,广州天河店,笔记本电脑,21,6641.33,0.015,137375.91,0,0
2024-01-05,广州天河店,配件耗材,57,199.48,0.03,11029.25,0,0
2024-01-05,成都春熙店,智能家居,22,919.02,0.048,19247.95,0,0
2024-01-05,成都春熙店,智能手机,34,3976.96,0.027,131565.79,0,0
2024-01-05,成都春熙店,智能穿戴,22,1300.16,0.041,27430.78,0,0
2024-01-05,成都春熙店,笔记本电脑,14,6490.13,0.028,88317.69,0,0
2024-01-05,成都春熙店,配件耗材,46,199.53,0.014,9049.88,0,0
2024-01-06,上海旗舰店,智能家居,52,888.95,0.046,44099.03,0,1
2024-01-06,上海旗舰店,智能手机,93,3985.14,0.085,339115.49,1,1
2024-01-06,上海旗舰店,智能穿戴,44,1298.46,0.042,54732.69,0,1
2024-01-06,上海旗舰店,笔记本电脑,22,6406.83,0.038,135594.15,0,1
2024-01-06,上海旗舰店,配件耗材,96,197.64,0.03,18404.24,0,1
2024-01-06,北京中关村店,智能家居,35,904.93,0.014,31229.13,0,1
2024-01-06,北京中关村店,智能手机,85,4021.88,0.199,273829.7,1,1
2024-01-06,北京中关村店,智能穿戴,49,1308.69,0.149,54571.06,1,1
2024-01-06,北京中关村店,笔记本电脑,27,6482.56,0.014,172578.71,0,1
2024-01-06,北京中关村店,配件耗材,104,197.87,0.037,19817.08,0,1
2024-01-06,广州天河店,智能家居,43,907.61,0.033,37739.33,0,1
2024-01-06,广州天河店,智能手机,84,3989.68,0.092,304300.87,1,1
2024-01-06,广州天河店,智能穿戴,36,1295.56,0.028,45334.24,0,1
2024-01-06,广州天河店,笔记本电脑,21,6553.48,0.037,132531.03,0,1
2024-01-06,广州天河店,配件耗材,71,200.23,0.017,13974.65,0,1
2024-01-06,成都春熙店,智能家居,23,904.39,0.003,20738.57,0,1
2024-01-06,成都春熙店,智能手机,52,4014.2,0.043,199762.65,0,1
2024-01-06,成都春熙店,智能穿戴,24,1290.73,0.044,29614.51,0,1
2024-01-06,成都春熙店,笔记本电脑,16,6466.91,0.037,99642.15,0,1
2024-01-06,成都春熙店,配件耗材,65,198.28,0.049,12256.68,0,1
2024-01-07,上海旗舰店,智能家居,44,897.24,0.016,38846.9,0,1
2024-01-07,上海旗舰店,智能手机,67,3997.32,0.019,262731.85,0,1
2024-01-07,上海旗舰店,智能穿戴,75,1318.02,0.129,86099.66,1,1
2024-01-07,上海旗舰店,笔记本电脑,28,6596.65,0.008,183228.55,0,1
2024-01-07,上海旗舰店,配件耗材,91,200.23,0.126,15925.09,1,1
2024-01-07,北京中关村店,智能家居,38,911.93,0.012,34237.5,0,1
2024-01-07,北京中关村店,智能手机,66,4062.46,0.033,259274.32,0,1
2024-01-07,北京中关村店,智能穿戴,49,1290.77,0.021,61919.53,0,1
2024-01-07,北京中关村店,笔记本电脑,24,6440.53,0.038,148698.96,0,1
2024-01-07,北京中关村店,配件耗材,58,200.34,0.031,11259.51,0,1
2024-01-07,广州天河店,智能家居,30,891.11,0.023,26118.43,0,1
2024-01-07,广州天河店,智能手机,68,4023.57,0.003,272781.95,0,1
2024-01-07,广州天河店,智能穿戴,26,1323.26,0.004,34267.14,0,1
2024-01-07,广州天河店,笔记本电脑,19,6580.87,0.004,124536.38,0,1
2024-01-07,广州天河店,配件耗材,66,198.66,0.042,12560.87,0,1
2024-01-07,成都春熙店,智能家居,22,890.97,0.014,19326.92,0,1
2024-01-07,成都春熙店,智能手机,30,3934.5,0.038,113549.67,0,1
2024-01-07,成都春熙店,智能穿戴,24,1296.39,0.018,30553.32,0,1
2024-01-07,成都春熙店,笔记本电脑,15,6491.76,0.04,93481.34,0,1
2024-01-07,成都春熙店,配件耗材,42,197.46,0.037,7986.47,0,1
2024-01-08,上海旗舰店,智能家居,29,912.25,0.034,25555.77,0,0
2024-01-08,上海旗舰店,智能手机,60,4024.1,0.011,238790.09,0,0
2024-01-08,上海旗舰店,智能穿戴,47,1294.63,0.044,58170.32,0,0
2024-01-08,上海旗舰店,笔记本电脑,23,6527.09,0.022,146820.36,0,0
2024-01-08,上海旗舰店,配件耗材,56,199.8,0.01,11076.91,0,0
2024-01-08,北京中关村店,智能家居,34,887.34,0.007,29958.37,0,0
2024-01-08,北京中关村店,智能手机,53,4002.61,0.027,206410.6,0,0
2024-01-08,北京中关村店,智能穿戴,44,1303.38,0.166,47828.83,1,0
2024-01-08,北京中关村店,笔记本电脑,21,6523.05,0.016,134792.31,0,0
2024-01-08,北京中关村店,配件耗材,71,197.72,0.041,13462.56,0,0
2024-01-08,广州天河店,智能家居,27,918.06,0.021,24267.08,0,0
2024-01-08,广州天河店,智能手机,39,4016.2,0.03,151932.85,0,0
2024-01-08,广州天河店,智能穿戴,30,1271.95,0.006,37929.55,0,0
2024-01-08,广州天河店,笔记本电脑,17,6492.07,0.012,109040.81,0,0
2024-01-08,广州天河店,配件耗材,54,196.38,0.049,10084.9,0,0
2024-01-08,成都春熙店,智能家居,20,902.12,0.048,17176.36,0,0
2024-01-08,成都春熙店,智能手机,39,4015.71,0.006,155673.01,0,0
2024-01-08,成都春熙店,智能穿戴,17,1295.2,0.033,21291.79,0,0
2024-01-08,成都春熙店,笔记本电脑,13,6382.56,0.05,78824.62,0,0
2024-01-08,成都春熙店,配件耗材,65,197.99,0.169,10694.43,1,0
2024-01-09,上海旗舰店,智能家居,36,899.94,0.007,32171.06,0,0
2024-01-09,上海旗舰店,智能手机,54,4037.72,0.04,209315.4,0,0
2024-01-09,上海旗舰店,智能穿戴,49,1292.41,0.165,52878.96,1,0
2024-01-09,上海旗舰店,笔记本电脑,18,6506.21,0.005,116526.22,0,0
2024-01-09,上海旗舰店,配件耗材,75,197.27,0.037,14247.83,0,0
2024-01-09,北京中关村店,智能家居,52,900.23,0.184,38198.56,1,0
2024-01-09,北京中关村店,智能手机,52,4038.8,0.016,206657.32,0,0
2024-01-09,北京中关村店,智能穿戴,28,1306.38,0.006,36359.17,0,0
2024-01-09,北京中关村店,笔记本电脑,26,6462.07,0.022,164317.52,0,0
2024-01-09,北京中关村店,配件耗材,66,200.99,0.043,12694.93,0,0
2024-01-09,广州天河店,智能家居,28,912.15,0.002,25489.12,0,0
2024-01-09,广州天河店,智能手机,53,3991.65,0.03,205210.73,0,0
2024-01-09,广州天河店,智能穿戴,27,1297.44,0.032,33909.89,0,0
2024-01-09,广州天河店,笔记本电脑,20,6669.15,0.024,130181.81,0,0
2024-01-09,广州天河店,配件耗材,59,197.68,0.037,11231.58,0,0
2024-01-09,成都春熙店,智能家居,17,909.65,0.027,15046.52,0,0
2024-01-09,成都春熙店,智能手机,39,3919.86,0.019,149969.92,0,0
2024-01-09,成都春熙店,智能穿戴,22,1293.09,0.007,28248.84,0,0
2024-01-09,成都春熙店,笔记本电脑,12,6445.02,0.035,74633.33,0,0
2024-01-09,成都春熙店,配件耗材,41,197.5,0.044,7741.21,0,0
2024-01-10,上海旗舰店,智能家居,35,893.0,0.002,31192.49,0,0
2024-01-10,上海旗舰店,智能手机,55,4028.59,0.01,219356.73,0,0
2024-01-10,上海旗舰店,智能穿戴,42,1309.14,0.012,54324.07,0,0
2024-01-10,上海旗舰店,笔记本电脑,21,6403.1,0.01,133120.45,0,0
2024-01-10,上海旗舰店,配件耗材,60,199.75,0.031,11613.47,0,0
2024-01-10,北京中关村店,智能家居,26,912.52,0.005,23606.89,0,0
2024-01-10,北京中关村店,智能手机,54,4002.25,0.035,208557.25,0,0
2024-01-10,北京中关村店,智能穿戴,28,1325.59,0.02,36374.19,0,0
2024-01-10,北京中关村店,笔记本电脑,19,6411.24,0.013,120229.98,0,0
2024-01-10,北京中关村店,配件耗材,62,200.97,0.14,10715.72,1,0
2024-01-10,广州天河店,智能家居,24,888.65,0.019,20922.38,0,0
2024-01-10,广州天河店,智能手机,43,3987.51,0.017,168548.06,0,0
2024-01-10,广州天河店,智能穿戴,26,1307.59,0.022,33249.4,0,0
2024-01-10,广州天河店,笔记本电脑,19,6484.32,0.03,119506.02,0,0
2024-01-10,广州天河店,配件耗材,71,199.7,0.178,11654.89,1,0
2024-01-10,成都春熙店,智能家居,21,899.65,0.038,18174.73,0,0
2024-01-10,成都春熙店,智能手机,37,3945.67,0.007,144967.86,0,0
2024-01-10,成都春熙店,智能穿戴,28,1296.98,0.01,35952.29,0,0
2024-01-10,成都春熙店,笔记本电脑,15,6715.6,0.044,96301.7,0,0
2024-01-10,成都春熙店,配件耗材,39,198.76,0.037,7464.83,0,0
2024-01-11,上海旗舰店,智能家居,33,906.46,0.009,29643.96,0,0
2024-01-11,上海旗舰店,智能手机,52,3992.78,0.039,199527.2,0,0
2024-01-11,上海旗舰店,智能穿戴,35,1328.68,0.027,45248.2,0,0
2024-01-11,上海旗舰店,笔记本电脑,17,6538.54,0.023,108598.61,0,0
2024-01-11,上海旗舰店,配件耗材,79,198.47,0.034,15146.04,0,0
2024-01-11,北京中关村店,智能家居,34,896.68,0.033,29481.05,0,0
2024-01-11,北京中关村店,智能手机,49,4059.02,0.016,195709.71,0,0
2024-01-11,北京中关村店,智能穿戴,36,1306.71,0.031,45583.27,0,0
2024-01-11,北京中关村店,笔记本电脑,26,6442.32,0.029,162642.81,0,0
2024-01-11,北京中关村店,配件耗材,76,199.61,0.049,14427.01,0,0
2024-01-11,广州天河店,智能家居,27,892.75,0.01,23863.21,0,0
2024-01-11,广州天河店,智能手机,48,4027.09,0.029,187694.61,0,0
2024-01-11,广州天河店,智能穿戴,29,1279.13,0.035,35796.45,0,0
2024-01-11,广州天河店,笔记本电脑,17,6518.72,0.035,106939.6,0,0
2024-01-11,广州天河店,配件耗材,73,199.69,0.005,14504.48,0,0
2024-01-11,成都春熙店,智能家居,19,899.15,0.049,16246.74,0,0
2024-01-11,成都春熙店,智能手机,24,4003.98,0.017,94461.9,0,0
2024-01-11,成都春熙店,智能穿戴,20,1312.21,0.028,25509.36,0,0
2024-01-11,成都春熙店,笔记本电脑,13,6477.45,0.01,83364.78,0,0
2024-01-11,成都春熙店,配件耗材,46,196.54,0.02,8860.02,0,0
2024-01-12,上海旗舰店,智能家居,39,882.11,0.029,33404.62,0,0
2024-01-12,上海旗舰店,智能手机,66,3990.87,0.033,254705.31,0,0
2024-01-12,上海旗舰店,智能穿戴,49,1294.9,0.024,61927.3,0,0
2024-01-12,上海旗舰店,笔记本电脑,17,6636.01,0.008,111909.67,0,0
2024-01-12,上海旗舰店,配件耗材,72,198.11,0.022,13950.11,0,0
2024-01-12,北京中关村店,智能家居,28,893.87,0.024,24427.68,0,0
2024-01-12,北京中关村店,智能手机,60,4002.96,0.0,240177.6,0,0
2024-01-12,北京中关村店,智能穿戴,32,1318.02,0.016,41501.81,0,0
2024-01-12,北京中关村店,笔记本电脑,18,6542.66,0.043,112703.86,0,0
2024-01-12,北京中关村店,配件耗材,68,201.6,0.025,13366.08,0,0
2024-01-12,广州天河店,智能家居,31,908.6,0.046,26870.94,0,0
2024-01-12,广州天河店,智能手机,50,4030.21,0.049,191636.49,0,0
2024-01-12,广州天河店,智能穿戴,29,1313.24,0.015,37512.7,0,0
2024-01-12,广州天河店,笔记本电脑,16,6347.65,0.012,100343.65,0,0
2024-01-12,广州天河店,配件耗材,84,201.16,0.012,16694.67,0,0
2024-01-12,成都春熙店,智能家居,22,899.24,0.013,19526.1,0,0
2024-01-12,成都春熙店,智能手机,33,3970.78,0.003,130642.63,0,0
2024-01-12,成都春熙店,智能穿戴,26,1265.67,0.012,32512.53,0,0
2024-01-12,成都春熙店,笔记本电脑,15,6600.01,0.029,96129.15,0,0
2024-01-12,成都春熙店,配件耗材,52,195.89,0.001,10176.09,0,0
2024-01-13,上海旗舰店,智能家居,54,910.43,0.004,48966.57,0,1
2024-01-13,上海旗舰店,智能手机,71,3990.79,0.028,275412.4,0,1
2024-01-13,上海旗舰店,智能穿戴,39,1295.71,0.0,50532.69,0,1
2024-01-13,上海旗舰店,笔记本电脑,22,6467.14,0.003,141850.25,0,1
2024-01-13,上海旗舰店,配件耗材,92,197.43,0.047,17309.87,0,1
2024-01-13,北京中关村店,智能家居,42,890.1,0.019,36673.9,0,1
2024-01-13,北京中关村店,智能手机,52,4090.57,0.041,203988.54,0,1
2024-01-13,北京中关村店,智能穿戴,39,1310.29,0.044,48852.85,0,1
2024-01-13,北京中关村店,笔记本电脑,21,6489.98,0.026,132746.05,0,1
2024-01-13,北京中关村店,配件耗材,73,199.12,0.046,13867.12,0,1
2024-01-13,广州天河店,智能家居,37,897.37,0.024,32405.83,0,1
2024-01-13,广州天河店,智能手机,52,4076.33,0.029,205822.05,0,1
2024-01-13,广州天河店,智能穿戴,51,1282.47,0.215,51343.69,1,1
2024-01-13,广州天河店,笔记本电脑,17,6499.86,0.028,107403.69,0,1
2024-01-13,广州天河店,配件耗材,69,199.48,0.03,13351.2,0,1
2024-01-13,成都春熙店,智能家居,28,894.81,0.004,24954.46,0,1
2024-01-13,成都春熙店,智能手机,38,3995.29,0.028,147570.03,0,1
2024-01-13,成都春熙店,智能穿戴,22,1303.78,0.02,28109.5,0,1
2024-01-13,成都春熙店,笔记本电脑,15,6475.55,0.025,94704.92,0,1
2024-01-13,成都春熙店,配件耗材,42,199.47,0.014,8260.45,0,1
2024-01-14,上海旗舰店,智能家居,48,909.09,0.025,42545.41,0,1
2024-01-14,上海旗舰店,智能手机,60,3959.85,0.011,234977.5,0,1
2024-01-14,上海旗舰店,智能穿戴,52,1289.96,0.009,66474.22,0,1
2024-01-14,上海旗舰店,笔记本电脑,22,6526.57,0.032,138989.83,0,1
2024-01-14,上海旗舰店,配件耗材,101,198.99,0.046,19173.48,0,1
2024-01-14,北京中关村店,智能家居,41,901.33,0.037,35587.21,0,1
2024-01-14,北京中关村店,智能手机,59,4014.12,0.034,228780.76,0,1
2024-01-14,北京中关村店,智能穿戴,32,1307.03,0.033,40444.74,0,1
2024-01-14,北京中关村店,笔记本电脑,20,6551.55,0.045,125134.6,0,1
2024-01-14,北京中关村店,配件耗材,115,196.26,0.067,21057.72,1,1
2024-01-14,广州天河店,智能家居,37,894.74,0.037,31880.48,0,1
2024-01-14,广州天河店,智能手机,52,4058.53,0.044,201757.64,0,1
2024-01-14,广州天河店,智能穿戴,30,1287.11,0.011,38188.55,0,1
2024-01-14,广州天河店,笔记本电脑,23,6581.87,0.167,126102.05,1,1
2024-01-14,广州天河店,配件耗材,79,198.41,0.016,15423.6,0,1
2024-01-14,成都春熙店,智能家居,28,903.79,0.016,24901.22,0,1
2024-01-14,成都春熙店,智能手机,36,4006.77,0.043,138041.24,0,1
2024-01-14,成都春熙店,智能穿戴,33,1299.23,0.002,42788.84,0,1
2024-01-14,成都春熙店,笔记本电脑,16,6588.4,0.024,102884.45,0,1
2024-01-14,成都春熙店,配件耗材,39,201.54,0.022,7687.14,0,1
2024-01-15,上海旗舰店,智能家居,35,916.5,0.011,31724.65,0,0
2024-01-15,上海旗舰店,智能手机,76,3988.6,0.105,271304.57,1,0
2024-01-15,上海旗舰店,智能穿戴,36,1298.26,0.026,45522.19,0,0
2024-01-15,上海旗舰店,笔记本电脑,29,6556.68,0.04,182537.97,0,0
2024-01-15,上海旗舰店,配件耗材,87,200.24,0.182,14250.28,1,0
2024-01-15,北京中关村店,智能家居,26,899.25,0.049,22234.86,0,0
2024-01-15,北京中关村店,智能手机,73,3994.13,0.206,231507.76,1,0
2024-01-15,北京中关村店,智能穿戴,30,1285.9,0.042,36956.77,0,0
2024-01-15,北京中关村店,笔记本电脑,24,6490.11,0.014,153581.96,0,0
2024-01-15,北京中关村店,配件耗材,75,197.45,0.027,14408.91,0,0
2024-01-15,广州天河店,智能家居,26,908.36,0.048,22483.73,0,0
2024-01-15,广州天河店,智能手机,45,4055.09,0.015,179741.86,0,0
2024-01-15,广州天河店,智能穿戴,91,1328.96,0.201,96627.35,1,0
2024-01-15,广州天河店,笔记本电脑,20,6473.54,0.003,129082.39,0,0
2024-01-15,广州天河店,配件耗材,59,205.14,0.028,11764.37,0,0
2024-01-15,成都春熙店,智能家居,19,908.19,0.015,16996.78,0,0
2024-01-15,成都春熙店,智能手机,26,4053.04,0.011,104219.87,0,0
2024-01-15,成都春熙店,智能穿戴,22,1308.59,0.019,28241.99,0,0
2024-01-15,成都春熙店,笔记本电脑,13,6474.58,0.005,83748.69,0,0
2024-01-15,成都春熙店,配件耗材,46,197.45,0.006,9028.2,0,0
2024-01-16,上海旗舰店,智能家居,45,902.1,0.124,35560.78,1,0
2024-01-16,上海旗舰店,智能手机,52,3979.68,0.033,200114.23,0,0
2024-01-16,上海旗舰店,智能穿戴,39,1293.55,0.025,49187.24,0,0
2024-01-16,上海旗舰店,笔记本电脑,17,6459.28,0.048,104536.99,0,0
2024-01-16,上海旗舰店,配件耗材,75,202.01,0.028,14726.53,0,0
2024-01-16,北京中关村店,智能家居,25,902.71,0.024,22026.12,0,0
2024-01-16,北京中关村店,智能手机,48,3975.66,0.05,181290.1,0,0
2024-01-16,北京中关村店,智能穿戴,37,1326.17,0.044,46909.29,0,0
2024-01-16,北京中关村店,笔记本电脑,19,6496.95,0.041,118380.93,0,0
2024-01-16,北京中关村店,配件耗材,82,198.11,0.004,16180.04,0,0
2024-01-16,广州天河店,智能家居,23,907.2,0.015,20552.62,0,0
2024-01-16,广州天河店,智能手机,57,4034.54,0.061,215940.68,1,0
2024-01-16,广州天河店,智能穿戴,30,1311.46,0.007,39068.39,0,0
2024-01-16,广州天河店,笔记本电脑,19,6451.05,0.036,118157.43,0,0
2024-01-16,广州天河店,配件耗材,88,197.93,0.094,15780.56,1,0
2024-01-16,成都春熙店,智能家居,21,899.42,0.042,18094.53,0,0
2024-01-16,成都春熙店,智能手机,31,3977.16,0.036,118853.45,0,0
2024-01-16,成都春熙店,智能穿戴,36,1304.59,0.086,42926.23,1,0
2024-01-16,成都春熙店,笔记本电脑,17,6393.62,0.05,103256.96,0,0
2024-01-16,成都春熙店,配件耗材,84,197.91,0.014,16391.7,0,0
2024-01-17,上海旗舰店,智能家居,33,901.49,0.006,29570.67,0,0
2024-01-17,上海旗舰店,智能手机,63,3987.87,0.074,232644.36,1,0
2024-01-17,上海旗舰店,智能穿戴,40,1305.71,0.013,51549.43,0,0
2024-01-17,上海旗舰店,笔记本电脑,18,6508.19,0.026,114101.59,0,0
2024-01-17,上海旗舰店,配件耗材,62,200.8,0.018,12225.51,0,0
2024-01-17,北京中关村店,智能家居,30,901.04,0.004,26923.08,0,0
2024-01-17,北京中关村店,智能手机,66,3971.51,0.075,242460.69,1,0
2024-01-17,北京中关村店,智能穿戴,28,1286.01,0.013,35540.17,0,0
2024-01-17,北京中关村店,笔记本电脑,21,6571.66,0.026,134416.73,0,0
2024-01-17,北京中关村店,配件耗材,69,199.92,0.047,13146.14,0,0
2024-01-17,广州天河店,智能家居,26,896.5,0.008,23122.53,0,0
2024-01-17,广州天河店,智能手机,91,4020.03,0.015,360335.39,0,0
2024-01-17,广州天河店,智能穿戴,26,1290.66,0.039,32248.43,0,0
2024-01-17,广州天河店,笔记本电脑,19,6476.89,0.006,122322.54,0,0
2024-01-17,广州天河店,配件耗材,62,201.36,0.014,12309.54,0,0
2024-01-17,成都春熙店,智能家居,25,903.79,0.129,19680.03,1,0
2024-01-17,成都春熙店,智能手机,33,3944.05,0.043,124557.04,0,0
2024-01-17,成都春熙店,智能穿戴,23,1282.46,0.014,29083.63,0,0
2024-01-17,成都春熙店,笔记本电脑,11,6511.77,0.009,70984.8,0,0
2024-01-17,成都春熙店,配件耗材,38,199.13,0.003,7544.24,0,0
2024-01-18,上海旗舰店,智能家居,34,918.69,0.001,31204.22,0,0
2024-01-18,上海旗舰店,智能手机,59,4003.21,0.008,234299.87,0,0
2024-01-18,上海旗舰店,智能穿戴,41,1298.01,0.05,50557.49,0,0
2024-01-18,上海旗舰店,笔记本电脑,19,6497.14,0.035,119125.06,0,0
2024-01-18,上海旗舰店,配件耗材,61,198.05,0.003,12044.81,0,0
2024-01-18,北京中关村店,智能家居,28,896.6,0.036,24201.03,0,0
2024-01-18,北京中关村店,智能手机,43,4021.09,0.012,170831.99,0,0
2024-01-18,北京中关村店,智能穿戴,33,1295.14,0.047,40730.86,0,0
2024-01-18,北京中关村店,笔记本电脑,22,6458.59,0.002,141804.8,0,0
2024-01-18,北京中关村店,配件耗材,62,199.73,0.002,12358.49,0,0
2024-01-18,广州天河店,智能家居,27,911.84,0.014,24275.0,0,0
2024-01-18,广州天河店,智能手机,69,4012.93,0.043,264985.81,0,0
2024-01-18,广州天河店,智能穿戴,26,1286.73,0.044,31982.96,0,0
2024-01-18,广州天河店,笔记本电脑,18,6555.05,0.034,113979.21,0,0
2024-01-18,广州天河店,配件耗材,60,198.95,0.023,11662.45,0,0
2024-01-18,成都春熙店,智能家居,22,923.64,0.023,19852.72,0,0
2024-01-18,成都春熙店,智能手机,34,3981.06,0.046,129129.66,0,0
2024-01-18,成都春熙店,智能穿戴,40,1309.02,0.138,45135.01,1,0
2024-01-18,成都春熙店,笔记本电脑,16,6619.06,0.004,105481.34,0,0
2024-01-18,成都春熙店,配件耗材,44,197.73,0.028,8456.52,0,0
2024-01-19,上海旗舰店,智能家居,38,888.2,0.006,33549.09,0,0
2024-01-19,上海旗舰店,智能手机,47,3954.63,0.032,179919.85,0,0
2024-01-19,上海旗舰店,智能穿戴,43,1295.52,0.017,54760.33,0,0
2024-01-19,上海旗舰店,笔记本电脑,22,6543.68,0.028,139930.05,0,0
2024-01-19,上海旗舰店,配件耗材,77,201.01,0.02,15168.21,0,0
2024-01-19,北京中关村店,智能家居,33,899.27,0.043,28399.85,0,0
2024-01-19,北京中关村店,智能手机,46,4003.0,0.007,182849.03,0,0
2024-01-19,北京中关村店,智能穿戴,35,1313.97,0.03,44609.28,0,0
2024-01-19,北京中关村店,笔记本电脑,28,6334.04,0.01,175579.59,0,0
2024-01-19,北京中关村店,配件耗材,69,201.14,0.047,13226.36,0,0
2024-01-19,广州天河店,智能家居,33,892.63,0.005,29309.51,0,0
2024-01-19,广州天河店,智能手机,47,3997.13,0.048,178847.58,0,0
2024-01-19,广州天河店,智能穿戴,29,1309.8,0.022,37148.55,0,0
2024-01-19,广州天河店,笔记本电脑,21,6490.45,0.04,130847.47,0,0
2024-01-19,广州天河店,配件耗材,70,195.66,0.02,13422.28,0,0
2024-01-19,成都春熙店,智能家居,21,891.65,0.008,18574.85,0,0
2024-01-19,成都春熙店,智能手机,43,4023.69,0.031,167655.09,0,0
2024-01-19,成都春熙店,智能穿戴,26,1310.02,0.036,32834.34,0,0
2024-01-19,成都春熙店,笔记本电脑,14,6557.47,0.04,88132.4,0,0
2024-01-19,成都春熙店,配件耗材,42,197.13,0.011,8188.39,0,0
2024-01-20,上海旗舰店,智能家居,43,901.71,0.025,37804.19,0,1
2024-01-20,上海旗舰店,智能手机,58,4060.19,0.045,224893.92,0,1
2024-01-20,上海旗舰店,智能穿戴,47,1298.35,0.037,58764.62,0,1
2024-01-20,上海旗舰店,笔记本电脑,25,6457.75,0.014,159183.54,0,1
2024-01-20,上海旗舰店,配件耗材,105,200.14,0.033,20321.21,0,1
2024-01-20,北京中关村店,智能家居,30,906.08,0.032,26312.56,0,1
2024-01-20,北京中关村店,智能手机,81,4017.2,0.033,314655.22,0,1
2024-01-20,北京中关村店,智能穿戴,35,1323.49,0.025,45164.1,0,1
2024-01-20,北京中关村店,笔记本电脑,24,6542.45,0.044,150109.97,0,1
2024-01-20,北京中关村店,配件耗材,71,203.16,0.045,13775.26,0,1
2024-01-20,广州天河店,智能家居,32,898.47,0.005,28607.28,0,1
2024-01-20,广州天河店,智能手机,65,4095.01,0.035,256859.5,0,1
2024-01-20,广州天河店,智能穿戴,33,1316.11,0.031,42085.25,0,1
2024-01-20,广州天河店,笔记本电脑,23,6639.49,0.002,152402.85,0,1
2024-01-20,广州天河店,配件耗材,74,200.55,0.032,14365.8,0,1
2024-01-20,成都春熙店,智能家居,26,898.32,0.026,22749.06,0,1
2024-01-20,成都春熙店,智能手机,29,4029.14,0.032,113106.02,0,1
2024-01-20,成都春熙店,智能穿戴,25,1291.23,0.028,31376.89,0,1
2024-01-20,成都春熙店,笔记本电脑,20,6692.76,0.002,133587.49,0,1
2024-01-20,成都春熙店,配件耗材,49,200.58,0.048,9356.66,0,1
2024-01-21,上海旗舰店,智能家居,48,895.38,0.039,41302.09,0,1
2024-01-21,上海旗舰店,智能手机,55,3970.52,0.036,210516.97,0,1
2024-01-21,上海旗舰店,智能穿戴,55,1319.29,0.048,69078.02,0,1
2024-01-21,上海旗舰店,笔记本电脑,25,6517.61,0.001,162777.31,0,1
2024-01-21,上海旗舰店,配件耗材,103,198.35,0.02,20021.45,0,1
2024-01-21,北京中关村店,智能家居,29,902.98,0.025,25531.76,0,1
2024-01-21,北京中关村店,智能手机,45,4039.04,0.049,172850.72,0,1
2024-01-21,北京中关村店,智能穿戴,39,1305.06,0.032,49268.63,0,1
2024-01-21,北京中关村店,笔记本电脑,30,6481.03,0.079,179070.86,1,1
2024-01-21,北京中关村店,配件耗材,78,201.35,0.028,15265.55,0,1
2024-01-21,广州天河店,智能家居,42,906.83,0.096,34430.52,1,1
2024-01-21,广州天河店,智能手机,48,4089.88,0.049,186694.84,0,1
2024-01-21,广州天河店,智能穿戴,36,1304.5,0.004,46774.15,0,1
2024-01-21,广州天河店,笔记本电脑,26,6432.95,0.062,156886.78,1,1
2024-01-21,广州天河店,配件耗材,60,202.13,0.037,11679.07,0,1
2024-01-21,成都春熙店,智能家居,32,898.22,0.099,25897.48,1,1
2024-01-21,成都春熙店,智能手机,31,4023.99,0.03,121001.38,0,1
2024-01-21,成都春熙店,智能穿戴,24,1309.7,0.037,30269.79,0,1
2024-01-21,成都春熙店,笔记本电脑,17,6471.93,0.007,109252.65,0,1
2024-01-21,成都春熙店,配件耗材,46,200.77,0.031,8949.12,0,1
2024-01-22,上海旗舰店,智能家居,50,901.89,0.202,35985.41,1,0
2024-01-22,上海旗舰店,智能手机,44,4018.61,0.023,172752.01,0,0
2024-01-22,上海旗舰店,智能穿戴,38,1317.21,0.027,48702.52,0,0
2024-01-22,上海旗舰店,笔记本电脑,24,6605.75,0.04,152196.48,0,0
2024-01-22,上海旗舰店,配件耗材,56,197.01,0.039,10602.29,0,0
2024-01-22,北京中关村店,智能家居,33,902.24,0.042,28523.42,0,0
2024-01-22,北京中关村店,智能手机,55,4005.52,0.044,210610.24,0,0
2024-01-22,北京中关村店,智能穿戴,50,1308.51,0.171,54237.74,1,0
2024-01-22,北京中关村店,笔记本电脑,33,6540.99,0.215,169444.35,1,0
2024-01-22,北京中关村店,配件耗材,59,198.02,0.012,11542.98,0,0
2024-01-22,广州天河店,智能家居,42,912.6,0.206,30433.38,1,0
2024-01-22,广州天河店,智能手机,58,3979.0,0.154,195241.57,1,0
2024-01-22,广州天河店,智能穿戴,30,1297.01,0.023,38015.36,0,0
2024-01-22,广州天河店,笔记本电脑,19,6479.67,0.035,118804.75,0,0
2024-01-22,广州天河店,配件耗材,54,197.66,0.03,10353.43,0,0
2024-01-22,成都春熙店,智能家居,19,899.94,0.0,17098.86,0,0
2024-01-22,成都春熙店,智能手机,30,4010.59,0.043,115144.04,0,0
2024-01-22,成都春熙店,智能穿戴,22,1310.97,0.002,28783.66,0,0
2024-01-22,成都春熙店,笔记本电脑,13,6524.55,0.04,81426.38,0,0
2024-01-22,成都春熙店,配件耗材,43,201.47,0.003,8637.22,0,0
2024-01-23,上海旗舰店,智能家居,30,915.67,0.032,26591.06,0,0
2024-01-23,上海旗舰店,智能手机,54,4018.89,0.043,207688.2,0,0
2024-01-23,上海旗舰店,智能穿戴,37,1300.39,0.044,45997.4,0,0
2024-01-23,上海旗舰店,笔记本电脑,28,6468.21,0.129,157746.71,1,0
2024-01-23,上海旗舰店,配件耗材,66,200.78,0.039,12734.67,0,0
2024-01-23,北京中关村店,智能家居,30,898.24,0.001,26920.25,0,0
2024-01-23,北京中关村店,智能手机,49,3963.64,0.026,189168.68,0,0
2024-01-23,北京中关村店,智能穿戴,28,1303.75,0.049,34716.25,0,0
2024-01-23,北京中关村店,笔记本电脑,18,6576.6,0.032,114590.68,0,0
2024-01-23,北京中关村店,配件耗材,64,197.51,0.048,12033.89,0,0
2024-01-23,广州天河店,智能家居,34,890.77,0.009,30013.6,0,0
2024-01-23,广州天河店,智能手机,34,3992.73,0.019,133173.52,0,0
2024-01-23,广州天河店,智能穿戴,24,1291.2,0.018,30431.0,0,0
2024-01-23,广州天河店,笔记本电脑,22,6582.84,0.044,138450.29,0,0
2024-01-23,广州天河店,配件耗材,47,199.71,0.004,9348.82,0,0
2024-01-23,成都春熙店,智能家居,20,898.18,0.049,17083.38,0,0
2024-01-23,成都春熙店,智能手机,28,4020.36,0.024,109868.4,0,0
2024-01-23,成都春熙店,智能穿戴,21,1314.08,0.004,27485.3,0,0
2024-01-23,成都春熙店,笔记本电脑,13,6572.15,0.037,82276.75,0,0
2024-01-23,成都春熙店,配件耗材,35,197.29,0.002,6891.34,0,0
2024-01-24,上海旗舰店,智能家居,32,918.99,0.015,28966.56,0,0
2024-01-24,上海旗舰店,智能手机,53,4017.23,0.029,206738.71,0,0
2024-01-24,上海旗舰店,智能穿戴,47,1289.13,0.116,53560.77,1,0
2024-01-24,上海旗舰店,笔记本电脑,20,6487.86,0.042,124307.4,0,0
2024-01-24,上海旗舰店,配件耗材,77,200.34,0.023,15071.38,0,0
2024-01-24,北京中关村店,智能家居,42,908.63,0.188,30987.92,1,0
2024-01-24,北京中关村店,智能手机,64,3997.17,0.154,216422.77,1,0
2024-01-24,北京中关村店,智能穿戴,26,1312.08,0.047,32510.72,0,0
2024-01-24,北京中关村店,笔记本电脑,20,6436.84,0.034,124359.75,0,0
2024-01-24,北京中关村店,配件耗材,60,202.28,0.021,11881.93,0,0
2024-01-24,广州天河店,智能家居,35,909.22,0.009,31536.3,0,0
2024-01-24,广州天河店,智能手机,46,4043.49,0.003,185442.54,0,0
2024-01-24,广州天河店,智能穿戴,29,1310.79,0.042,36416.37,0,0
2024-01-24,广州天河店,笔记本电脑,15,6524.62,0.021,95814.04,0,0
2024-01-24,广州天河店,配件耗材,43,199.47,0.019,8414.24,0,0
2024-01-24,成都春熙店,智能家居,22,901.97,0.018,19486.16,0,0
2024-01-24,成都春熙店,智能手机,31,4054.22,0.043,120276.54,0,0
2024-01-24,成都春熙店,智能穿戴,21,1302.85,0.018,26867.37,0,0
2024-01-24,成都春熙店,笔记本电脑,12,6473.39,0.026,75660.98,0,0
2024-01-24,成都春熙店,配件耗材,40,204.19,0.003,8143.1,0,0
2024-01-25,上海旗舰店,智能家居,57,916.55,0.219,40802.06,1,0
2024-01-25,上海旗舰店,智能手机,84,4069.2,0.139,294300.82,1,0
2024-01-25,上海旗舰店,智能穿戴,40,1309.99,0.039,50356.02,0,0
2024-01-25,上海旗舰店,笔记本电脑,26,6414.25,0.176,137418.89,1,0
2024-01-25,上海旗舰店,配件耗材,80,200.22,0.01,15857.42,0,0
2024-01-25,北京中关村店,智能家居,27,893.19,0.018,23682.04,0,0
2024-01-25,北京中关村店,智能手机,40,4037.43,0.009,160043.73,0,0
2024-01-25,北京中关村店,智能穿戴,26,1320.54,0.016,33784.7,0,0
2024-01-25,北京中关村店,笔记本电脑,20,6607.39,0.038,127126.18,0,0
2024-01-25,北京中关村店,配件耗材,74,202.62,0.042,14364.14,0,0
2024-01-25,广州天河店,智能家居,29,899.47,0.001,26058.55,0,0
2024-01-25,广州天河店,智能手机,50,3965.85,0.005,197301.04,0,0
2024-01-25,广州天河店,智能穿戴,27,1284.7,0.022,33923.79,0,0
2024-01-25,广州天河店,笔记本电脑,18,6466.25,0.042,111504.01,0,0
2024-01-25,广州天河店,配件耗材,64,199.77,0.008,12683.0,0,0
2024-01-25,成都春熙店,智能家居,23,910.94,0.016,20616.39,0,0
2024-01-25,成都春熙店,智能手机,32,3954.13,0.05,120205.55,0,0
2024-01-25,成都春熙店,智能穿戴,29,1307.04,0.041,36350.09,0,0
2024-01-25,成都春熙店,笔记本电脑,20,6590.68,0.045,125881.99,0,0
2024-01-25,成都春熙店,配件耗材,41,200.36,0.042,7869.74,0,0
2024-01-26,上海旗舰店,智能家居,39,901.95,0.022,34402.18,0,0
2024-01-26,上海旗舰店,智能手机,52,3955.78,0.009,203849.25,0,0
2024-01-26,上海旗舰店,智能穿戴,41,1310.98,0.004,53535.18,0,0
2024-01-26,上海旗舰店,笔记本电脑,24,6494.6,0.031,151038.42,0,0
2024-01-26,上海旗舰店,配件耗材,94,200.89,0.144,16164.41,1,0
2024-01-26,北京中关村店,智能家居,34,903.73,0.018,30173.74,0,0
2024-01-26,北京中关村店,智能手机,53,4020.12,0.002,212640.23,0,0
2024-01-26,北京中关村店,智能穿戴,29,1294.94,0.018,36877.3,0,0
2024-01-26,北京中关村店,笔记本电脑,19,6573.91,0.044,119408.5,0,0
2024-01-26,北京中关村店,配件耗材,147,199.69,0.012,29002.18,0,0
2024-01-26,广州天河店,智能家居,30,916.82,0.03,26679.46,0,0
2024-01-26,广州天河店,智能手机,48,4047.4,0.042,186115.64,0,0
2024-01-26,广州天河店,智能穿戴,31,1306.15,0.002,40409.67,0,0
2024-01-26,广州天河店,笔记本电脑,21,6571.38,0.011,136480.99,0,0
2024-01-26,广州天河店,配件耗材,76,200.09,0.023,14857.08,0,0
2024-01-26,成都春熙店,智能家居,32,912.04,0.028,28368.09,0,0
2024-01-26,成都春熙店,智能手机,45,4045.1,0.008,180573.26,0,0
2024-01-26,成都春熙店,智能穿戴,25,1302.3,0.023,31808.68,0,0
2024-01-26,成都春熙店,笔记本电脑,14,6537.41,0.004,91157.65,0,0
2024-01-26,成都春熙店,配件耗材,37,198.4,0.015,7230.69,0,0
2024-01-27,上海旗舰店,智能家居,43,893.11,0.004,38250.12,0,1
2024-01-27,上海旗舰店,智能手机,54,4024.05,0.001,217081.4,0,1
2024-01-27,上海旗舰店,智能穿戴,36,1305.67,0.025,45829.02,0,1
2024-01-27,上海旗舰店,笔记本电脑,23,6500.89,0.015,147277.66,0,1
2024-01-27,上海旗舰店,配件耗材,86,198.62,0.046,16295.58,0,1
2024-01-27,北京中关村店,智能家居,35,907.4,0.04,30488.64,0,1
2024-01-27,北京中关村店,智能手机,53,3991.2,0.029,205399.13,0,1
2024-01-27,北京中关村店,智能穿戴,39,1295.06,0.008,50103.28,0,1
2024-01-27,北京中关村店,笔记本电脑,26,6493.02,0.028,164091.6,0,1
2024-01-27,北京中关村店,配件耗材,99,198.89,0.199,15771.78,1,1
2024-01-27,广州天河店,智能家居,37,905.18,0.001,33458.17,0,1
2024-01-27,广州天河店,智能手机,53,3973.81,0.011,208295.2,0,1
2024-01-27,广州天河店,智能穿戴,26,1326.7,0.007,34252.74,0,1
2024-01-27,广州天河店,笔记本电脑,23,6419.77,0.021,144553.96,0,1
2024-01-27,广州天河店,配件耗材,69,199.39,0.015,13551.54,0,1
2024-01-27,成都春熙店,智能家居,21,894.96,0.038,18079.98,0,1
2024-01-27,成都春熙店,智能手机,42,4042.14,0.016,167053.56,0,1
2024-01-27,成都春熙店,智能穿戴,36,1299.62,0.181,38318.0,1,1
2024-01-27,成都春熙店,笔记本电脑,18,6535.04,0.044,112454.97,0,1
2024-01-27,成都春熙店,配件耗材,56,200.28,0.017,11025.01,0,1
2024-01-28,上海旗舰店,智能家居,53,904.45,0.012,47360.62,0,1
2024-01-28,上海旗舰店,智能手机,123,3972.26,0.138,421162.84,1,1
2024-01-28,上海旗舰店,智能穿戴,43,1311.96,0.019,55342.41,0,1
2024-01-28,上海旗舰店,笔记本电脑,26,6487.67,0.014,166317.91,0,1
2024-01-28,上海旗舰店,配件耗材,98,201.31,0.001,19708.65,0,1
2024-01-28,北京中关村店,智能家居,36,898.25,0.02,31690.26,0,1
2024-01-28,北京中关村店,智能手机,39,3941.96,0.015,151430.39,0,1
2024-01-28,北京中关村店,智能穿戴,37,1298.81,0.026,46806.51,0,1
2024-01-28,北京中关村店,笔记本电脑,20,6412.33,0.017,126066.41,0,1
2024-01-28,北京中关村店,配件耗材,82,198.76,0.016,16037.55,0,1
2024-01-28,广州天河店,智能家居,32,894.83,0.01,28348.21,0,1
2024-01-28,广州天河店,智能手机,45,4030.85,0.048,172681.61,0,1
2024-01-28,广州天河店,智能穿戴,31,1305.93,0.013,39957.54,0,1
2024-01-28,广州天河店,笔记本电脑,20,6452.74,0.023,126086.54,0,1
2024-01-28,广州天河店,配件耗材,62,201.02,0.026,12139.2,0,1
2024-01-28,成都春熙店,智能家居,23,891.04,0.013,20227.5,0,1
2024-01-28,成都春熙店,智能手机,37,4050.95,0.034,144789.05,0,1
2024-01-28,成都春熙店,智能穿戴,27,1329.01,0.016,35309.14,0,1
2024-01-28,成都春熙店,笔记本电脑,14,6561.66,0.038,88372.44,0,1
2024-01-28,成都春熙店,配件耗材,44,200.81,0.043,8455.71,0,1
2024-01-29,上海旗舰店,智能家居,46,906.2,0.039,40059.48,0,0
2024-01-29,上海旗舰店,智能手机,50,3987.88,0.013,196801.88,0,0
2024-01-29,上海旗舰店,智能穿戴,38,1302.83,0.027,48170.84,0,0
2024-01-29,上海旗舰店,笔记本电脑,20,6546.73,0.048,124649.74,0,0
2024-01-29,上海旗舰店,配件耗材,71,202.92,0.035,13903.06,0,0
2024-01-29,北京中关村店,智能家居,29,900.61,0.004,26013.22,0,0
2024-01-29,北京中关村店,智能手机,47,4041.33,0.007,188612.91,0,0
2024-01-29,北京中关村店,智能穿戴,37,1325.21,0.015,48297.28,0,0
2024-01-29,北京中关村店,笔记本电脑,18,6375.13,0.003,114408.08,0,0
2024-01-29,北京中关村店,配件耗材,67,199.86,0.014,13203.15,0,0
2024-01-29,广州天河店,智能家居,34,919.08,0.093,28342.59,1,0
2024-01-29,广州天河店,智能手机,51,4030.85,0.024,200639.59,0,0
2024-01-29,广州天河店,智能穿戴,29,1308.21,0.01,37558.71,0,0
2024-01-29,广州天河店,笔记本电脑,27,6553.72,0.093,160494.05,1,0
2024-01-29,广州天河店,配件耗材,65,200.05,0.05,12353.09,0,0
2024-01-29,成都春熙店,智能家居,22,888.62,0.033,18904.5,0,0
2024-01-29,成都春熙店,智能手机,36,4042.12,0.047,138677.05,0,0
2024-01-29,成都春熙店,智能穿戴,21,1302.37,0.044,26146.38,0,0
2024-01-29,成都春熙店,笔记本电脑,15,6646.14,0.041,95604.72,0,0
2024-01-29,成都春熙店,配件耗材,43,201.63,0.032,8392.65,0,0
2024-01-30,上海旗舰店,智能家居,60,900.02,0.097,48763.08,1,0
2024-01-30,上海旗舰店,智能手机,74,3971.36,0.192,237455.56,1,0
2024-01-30,上海旗舰店,智能穿戴,42,1311.97,0.034,53229.25,0,0
2024-01-30,上海旗舰店,笔记本电脑,23,6560.11,0.014,148770.17,0,0
2024-01-30,上海旗舰店,配件耗材,60,201.02,0.009,11952.65,0,0
2024-01-30,北京中关村店,智能家居,31,905.65,0.025,27373.27,0,0
2024-01-30,北京中关村店,智能手机,48,3993.78,0.012,189401.02,0,0
2024-01-30,北京中关村店,智能穿戴,48,1311.73,0.111,55974.14,1,0
2024-01-30,北京中关村店,笔记本电脑,23,6539.62,0.046,143492.34,0,0
2024-01-30,北京中关村店,配件耗材,70,198.2,0.048,13208.05,0,0
2024-01-30,广州天河店,智能家居,30,900.57,0.038,25990.45,0,0
2024-01-30,广州天河店,智能手机,53,4059.62,0.041,206338.31,0,0
2024-01-30,广州天河店,智能穿戴,30,1303.12,0.04,37529.86,0,0
2024-01-30,广州天河店,笔记本电脑,31,6489.34,0.025,196140.3,0,0
2024-01-30,广州天河店,配件耗材,40,197.94,0.038,7616.73,0,0
2024-01-30,成都春熙店,智能家居,19,905.7,0.046,16416.72,0,0
2024-01-30,成都春熙店,智能手机,43,4078.45,0.218,137141.96,1,0
2024-01-30,成都春熙店,智能穿戴,21,1320.27,0.048,26394.84,0,0
2024-01-30,成都春熙店,笔记本电脑,12,6370.13,0.022,74759.85,0,0
2024-01-30,成都春熙店,配件耗材,45,198.28,0.041,8556.77,0,0
2024-01-31,上海旗舰店,智能家居,34,908.29,0.044,29523.06,0,0
2024-01-31,上海旗舰店,智能手机,55,4018.62,0.034,213509.28,0,0
2024-01-31,上海旗舰店,智能穿戴,34,1301.0,0.015,43570.49,0,0
2024-01-31,上海旗舰店,笔记本电脑,23,6582.89,0.03,146864.28,0,0
2024-01-31,上海旗舰店,配件耗材,76,200.21,0.007,15109.45,0,0
2024-01-31,北京中关村店,智能家居,32,900.15,0.018,28286.31,0,0
2024-01-31,北京中关村店,智能手机,63,4093.88,0.117,227738.45,1,0
2024-01-31,北京中关村店,智能穿戴,39,1284.41,0.014,49390.7,0,0
2024-01-31,北京中关村店,笔记本电脑,21,6481.46,0.017,133796.78,0,0
2024-01-31,北京中关村店,配件耗材,73,198.11,0.031,14013.71,0,0
2024-01-31,广州天河店,智能家居,24,891.19,0.048,20361.91,0,0
2024-01-31,广州天河店,智能手机,49,4024.77,0.046,188141.9,0,0
2024-01-31,广州天河店,智能穿戴,35,1298.12,0.042,43525.96,0,0
2024-01-31,广州天河店,笔记本电脑,20,6464.54,0.047,123214.13,0,0
2024-01-31,广州天河店,配件耗材,58,198.27,0.047,10959.18,0,0
2024-01-31,成都春熙店,智能家居,30,901.89,0.063,25352.13,1,0
2024-01-31,成都春熙店,智能手机,29,4034.16,0.021,114533.84,0,0
2024-01-31,成都春熙店,智能穿戴,25,1338.21,0.026,32585.41,0,0
2024-01-31,成都春熙店,笔记本电脑,10,6512.19,0.025,63493.85,0,0
2024-01-31,成都春熙店,配件耗材,41,200.74,0.002,8213.88,0,0
2024-02-01,上海旗舰店,智能家居,29,894.74,0.028,25220.93,0,0
2024-02-01,上海旗舰店,智能手机,40,3984.77,0.046,152058.82,0,0
2024-02-01,上海旗舰店,智能穿戴,26,1300.49,0.015,33305.55,0,0
2024-02-01,上海旗舰店,笔记本电脑,15,6558.8,0.004,97988.47,0,0
2024-02-01,上海旗舰店,配件耗材,54,201.77,0.039,10470.65,0,0
2024-02-01,北京中关村店,智能家居,26,899.51,0.007,23223.55,0,0
2024-02-01,北京中关村店,智能手机,36,4024.72,0.033,140108.55,0,0
2024-02-01,北京中关村店,智能穿戴,25,1328.48,0.003,33112.36,0,0
2024-02-01,北京中关村店,笔记本电脑,20,6528.38,0.017,128347.95,0,0
2024-02-01,北京中关村店,配件耗材,54,196.91,0.018,10441.74,0,0
2024-02-01,广州天河店,智能家居,21,896.64,0.032,18226.9,0,0
2024-02-01,广州天河店,智能手机,37,4020.82,0.036,143414.61,0,0
2024-02-01,广州天河店,智能穿戴,28,1283.85,0.047,34258.25,0,0
2024-02-01,广州天河店,笔记本电脑,13,6479.98,0.029,81796.79,0,0
2024-02-01,广州天河店,配件耗材,60,202.59,0.025,11851.51,0,0
2024-02-01,成都春熙店,智能家居,17,884.03,0.014,14818.11,0,0
2024-02-01,成都春熙店,智能手机,25,3981.16,0.037,95846.43,0,0
2024-02-01,成都春熙店,智能穿戴,20,1308.35,0.015,25774.49,0,0
2024-02-01,成都春熙店,笔记本电脑,12,6426.92,0.001,77045.92,0,0
2024-02-01,成都春熙店,配件耗材,38,202.65,0.042,7377.27,0,0
2024-02-02,上海旗舰店,智能家居,37,897.24,0.016,32666.71,0,0
2024-02-02,上海旗舰店,智能手机,54,4051.75,0.041,209823.93,0,0
2024-02-02,上海旗舰店,智能穿戴,36,1318.21,0.002,47360.65,0,0
2024-02-02,上海旗舰店,笔记本电脑,16,6519.31,0.047,99406.44,0,0
2024-02-02,上海旗舰店,配件耗材,65,196.86,0.036,12335.25,0,0
2024-02-02,北京中关村店,智能家居,32,896.44,0.031,27796.81,0,0
2024-02-02,北京中关村店,智能手机,45,4001.18,0.03,174651.51,0,0
2024-02-02,北京中关村店,智能穿戴,22,1302.8,0.022,28031.04,0,0
2024-02-02,北京中关村店,笔记本电脑,17,6561.45,0.012,110206.11,0,0
2024-02-02,北京中关村店,配件耗材,62,198.56,0.032,11916.78,0,0
2024-02-02,广州天河店,智能家居,25,889.38,0.03,21567.47,0,0
2024-02-02,广州天河店,智能手机,60,4043.66,0.075,224423.13,1,0
2024-02-02,广州天河店,智能穿戴,25,1302.29,0.021,31873.55,0,0
2024-02-02,广州天河店,笔记本电脑,24,6370.57,0.199,122467.84,1,0
2024-02-02,广州天河店,配件耗材,52,201.44,0.015,10317.76,0,0
2024-02-02,成都春熙店,智能家居,16,909.39,0.02,14259.24,0,0
2024-02-02,成都春熙店,智能手机,35,4026.14,0.021,137955.69,0,0
2024-02-02,成都春熙店,智能穿戴,16,1281.09,0.029,19903.01,0,0
2024-02-02,成都春熙店,笔记本电脑,15,6587.41,0.009,97921.85,0,0
2024-02-02,成都春熙店,配件耗材,66,203.78,0.028,13072.89,0,0
2024-02-03,上海旗舰店,智能家居,36,912.79,0.007,32630.42,0,1
2024-02-03,上海旗舰店,智能手机,54,4032.75,0.026,212106.52,0,1
2024-02-03,上海旗舰店,智能穿戴,40,1302.96,0.047,49668.84,0,1
2024-02-03,上海旗舰店,笔记本电脑,16,6612.93,0.023,103373.32,0,1
2024-02-03,上海旗舰店,配件耗材,58,198.55,0.018,11308.61,0,1
2024-02-03,北京中关村店,智能家居,27,894.7,0.006,24011.96,0,1
2024-02-03,北京中关村店,智能手机,58,4015.19,0.032,225428.83,0,1
2024-02-03,北京中关村店,智能穿戴,46,1278.21,0.184,47978.89,1,1
2024-02-03,北京中关村店,笔记本电脑,24,6460.6,0.003,154589.24,0,1
2024-02-03,北京中关村店,配件耗材,63,200.81,0.034,12220.89,0,1
2024-02-03,广州天河店,智能家居,38,918.77,0.03,33865.86,0,1
2024-02-03,广州天河店,智能手机,60,3941.32,0.072,219452.7,1,1
2024-02-03,广州天河店,智能穿戴,33,1303.27,0.084,39395.25,1,1
2024-02-03,广州天河店,笔记本电脑,14,6536.93,0.003,91242.47,0,1
2024-02-03,广州天河店,配件耗材,72,198.54,0.02,14008.98,0,1
2024-02-03,成都春熙店,智能家居,22,904.03,0.047,18953.89,0,1
2024-02-03,成都春熙店,智能手机,33,3947.07,0.01,128950.78,0,1
2024-02-03,成都春熙店,智能穿戴,18,1305.95,0.023,22966.44,0,1
2024-02-03,成都春熙店,笔记本电脑,13,6540.45,0.016,83665.44,0,1
2024-02-03,成都春熙店,配件耗材,43,197.68,0.017,8355.74,0,1
2024-02-04,上海旗舰店,智能家居,34,920.05,0.03,30343.25,0,1
2024-02-04,上海旗舰店,智能手机,59,4078.72,0.13,209360.7,1,1
2024-02-04,上海旗舰店,智能穿戴,34,1286.79,0.045,41782.07,0,1
2024-02-04,上海旗舰店,笔记本电脑,40,6493.35,0.05,246747.3,0,1
2024-02-04,上海旗舰店,配件耗材,95,201.78,0.176,15795.34,1,1
2024-02-04,北京中关村店,智能家居,44,912.22,0.152,34036.75,1,1
2024-02-04,北京中关村店,智能手机,47,3987.83,0.041,179743.46,0,1
2024-02-04,北京中关村店,智能穿戴,31,1323.42,0.018,40287.55,0,1
2024-02-04,北京中关村店,笔记本电脑,21,6519.09,0.024,133615.27,0,1
2024-02-04,北京中关村店,配件耗材,77,199.12,0.006,15240.25,0,1
2024-02-04,广州天河店,智能家居,29,909.75,0.025,25723.18,0,1
2024-02-04,广州天河店,智能手机,59,3987.5,0.021,230321.99,0,1
2024-02-04,广州天河店,智能穿戴,26,1320.34,0.022,33573.61,0,1
2024-02-04,广州天河店,笔记本电脑,18,6512.96,0.016,115357.55,0,1
2024-02-04,广州天河店,配件耗材,57,200.28,0.009,11313.22,0,1
2024-02-04,成都春熙店,智能家居,23,888.66,0.038,19662.49,0,1
2024-02-04,成都春熙店,智能手机,31,4054.67,0.011,124312.13,0,1
2024-02-04,成都春熙店,智能穿戴,28,1309.03,0.016,36066.39,0,1
2024-02-04,成都春熙店,笔记本电脑,12,6489.24,0.023,76079.85,0,1
2024-02-04,成都春熙店,配件耗材,43,198.93,0.009,8477.0,0,1
2024-02-05,上海旗舰店,智能家居,37,915.51,0.048,32247.92,0,0
2024-02-05,上海旗舰店,智能手机,48,4024.61,0.045,184488.12,0,0
2024-02-05,上海旗舰店,智能穿戴,36,1294.49,0.042,44644.37,0,0
2024-02-05,上海旗舰店,笔记本电脑,17,6429.89,0.036,105373.04,0,0
2024-02-05,上海旗舰店,配件耗材,45,203.34,0.043,8756.84,0,0
2024-02-05,北京中关村店,智能家居,33,909.22,0.006,29824.23,0,0
2024-02-05,北京中关村店,智能手机,58,3978.66,0.142,197994.04,1,0
2024-02-05,北京中关村店,智能穿戴,25,1322.5,0.017,32500.44,0,0
2024-02-05,北京中关村店,笔记本电脑,20,6546.3,0.042,125427.11,0,0
2024-02-05,北京中关村店,配件耗材,59,199.05,0.007,11661.74,0,0
2024-02-05,广州天河店,智能家居,25,908.65,0.013,22420.94,0,0
2024-02-05,广州天河店,智能手机,44,4058.09,0.047,170163.83,0,0
2024-02-05,广州天河店,智能穿戴,28,1294.7,0.014,35744.08,0,0
2024-02-05,广州天河店,笔记本电脑,17,6496.07,0.038,106236.73,0,0
2024-02-05,广州天河店,配件耗材,48,197.87,0.012,9383.79,0,0
2024-02-05,成都春熙店,智能家居,18,896.37,0.019,15828.1,0,0
2024-02-05,成都春熙店,智能手机,25,3969.85,0.042,95077.91,0,0
2024-02-05,成都春熙店,智能穿戴,23,1301.39,0.033,28944.21,0,0
2024-02-05,成都春熙店,笔记本电脑,14,6543.11,0.016,90137.88,0,0
2024-02-05,成都春熙店,配件耗材,40,200.89,0.005,7995.42,0,0
2024-02-06,上海旗舰店,智能家居,32,926.49,0.018,29114.02,0,0
2024-02-06,上海旗舰店,智能手机,47,4023.63,0.019,185517.51,0,0
2024-02-06,上海旗舰店,智能穿戴,40,1292.73,0.007,51347.24,0,0
2024-02-06,上海旗舰店,笔记本电脑,14,6581.85,0.002,91961.61,0,0
2024-02-06,上海旗舰店,配件耗材,59,200.46,0.007,11744.35,0,0
2024-02-06,北京中关村店,智能家居,21,916.4,0.029,18686.31,0,0
2024-02-06,北京中关村店,智能手机,35,3968.31,0.025,135418.58,0,0
2024-02-06,北京中关村店,智能穿戴,27,1296.79,0.033,33857.89,0,0
2024-02-06,北京中关村店,笔记本电脑,14,6576.03,0.024,89854.87,0,0
2024-02-06,北京中关村店,配件耗材,50,198.65,0.001,9922.57,0,0
2024-02-06,广州天河店,智能家居,21,907.51,0.009,18886.19,0,0
2024-02-06,广州天河店,智能手机,29,4037.95,0.031,113470.43,0,0
2024-02-06,广州天河店,智能穿戴,27,1301.29,0.046,33518.63,0,0
2024-02-06,广州天河店,笔记本电脑,15,6511.71,0.009,96796.57,0,0
2024-02-06,广州天河店,配件耗材,57,194.56,0.021,10857.03,0,0
2024-02-06,成都春熙店,智能家居,16,905.76,0.025,14129.86,0,0
2024-02-06,成都春熙店,智能手机,33,4003.11,0.005,131442.12,0,0
2024-02-06,成都春熙店,智能穿戴,19,1295.2,0.028,23919.75,0,0
2024-02-06,成都春熙店,笔记本电脑,10,6493.57,0.022,63507.11,0,0
2024-02-06,成都春熙店,配件耗材,29,195.8,0.048,5405.65,0,0
2024-02-07,上海旗舰店,智能家居,30,901.91,0.036,26083.24,0,0
2024-02-07,上海旗舰店,智能手机,56,4009.54,0.012,221839.83,0,0
2024-02-07,上海旗舰店,智能穿戴,26,1268.64,0.045,31500.33,0,0
2024-02-07,上海旗舰店,笔记本电脑,16,6547.51,0.007,104026.84,0,0
2024-02-07,上海旗舰店,配件耗材,50,201.2,0.029,9768.26,0,0
2024-02-07,北京中关村店,智能家居,30,909.81,0.038,26257.12,0,0
2024-02-07,北京中关村店,智能手机,45,4022.79,0.024,176680.94,0,0
2024-02-07,北京中关村店,智能穿戴,33,1295.34,0.014,42147.77,0,0
2024-02-07,北京中关村店,笔记本电脑,16,6547.39,0.032,101405.98,0,0
2024-02-07,北京中关村店,配件耗材,69,201.97,0.1,12542.34,1,0
2024-02-07,广州天河店,智能家居,26,908.76,0.019,23178.83,0,0
2024-02-07,广州天河店,智能手机,39,4041.72,0.023,154001.66,0,0
2024-02-07,广州天河店,智能穿戴,28,1318.74,0.007,36666.25,0,0
2024-02-07,广州天河店,笔记本电脑,15,6481.19,0.044,92940.26,0,0
2024-02-07,广州天河店,配件耗材,46,199.28,0.023,8956.04,0,0
2024-02-07,成都春熙店,智能家居,19,890.99,0.01,16759.52,0,0
2024-02-07,成都春熙店,智能手机,26,3971.94,0.048,98313.46,0,0
2024-02-07,成都春熙店,智能穿戴,23,1314.77,0.142,25945.67,1,0
2024-02-07,成都春熙店,笔记本电脑,10,6507.53,0.011,64359.47,0,0
2024-02-07,成都春熙店,配件耗材,43,197.18,0.036,8173.51,0,0
2024-02-08,上海旗舰店,智能家居,32,905.25,0.049,27548.57,0,0
2024-02-08,上海旗舰店,智能手机,40,4043.08,0.03,156871.5,0,0
2024-02-08,上海旗舰店,智能穿戴,30,1316.98,0.015,38916.76,0,0
2024-02-08,上海旗舰店,笔记本电脑,16,6522.18,0.031,101119.88,0,0
2024-02-08,上海旗舰店,配件耗材,60,203.45,0.005,12145.97,0,0
2024-02-08,北京中关村店,智能家居,28,916.01,0.014,25289.2,0,0
2024-02-08,北京中关村店,智能手机,39,4027.17,0.018,154232.56,0,0
2024-02-08,北京中关村店,智能穿戴,32,1322.91,0.032,40978.46,0,0
2024-02-08,北京中关村店,笔记本电脑,18,6561.38,0.028,114797.9,0,0
2024-02-08,北京中关村店,配件耗材,61,202.23,0.043,11805.58,0,0
2024-02-08,广州天河店,智能家居,30,889.4,0.011,26388.5,0,0
2024-02-08,广州天河店,智能手机,43,3961.59,0.113,151099.0,1,0
2024-02-08,广州天河店,智能穿戴,20,1292.7,0.036,24923.26,0,0
2024-02-08,广州天河店,笔记本电脑,18,6553.97,0.045,112662.74,0,0
2024-02-08,广州天河店,配件耗材,55,196.09,0.025,10515.33,0,0
2024-02-08,成都春熙店,智能家居,21,907.76,0.022,18643.57,0,0
2024-02-08,成都春熙店,智能手机,29,4035.54,0.014,115392.23,0,0
2024-02-08,成都春熙店,智能穿戴,33,1312.43,0.079,39888.68,1,0
2024-02-08,成都春熙店,笔记本电脑,9,6561.16,0.018,57987.53,0,0
2024-02-08,成都春熙店,配件耗材,37,201.49,0.016,7335.85,0,0
2024-02-09,上海旗舰店,智能家居,32,913.23,0.013,28843.46,0,0
2024-02-09,上海旗舰店,智能手机,48,4074.26,0.025,190675.37,0,0
2024-02-09,上海旗舰店,智能穿戴,35,1301.24,0.049,43311.77,0,0
2024-02-09,上海旗舰店,笔记本电脑,18,6513.39,0.007,116420.33,0,0
2024-02-09,上海旗舰店,配件耗材,59,201.46,0.016,11695.96,0,0
2024-02-09,北京中关村店,智能家居,32,891.39,0.013,28153.66,0,0
2024-02-09,北京中关村店,智能手机,51,3993.22,0.013,201006.72,0,0
2024-02-09,北京中关村店,智能穿戴,34,1299.33,0.006,43912.16,0,0
2024-02-09,北京中关村店,笔记本电脑,16,6598.92,0.04,101359.41,0,0
2024-02-09,北京中关村店,配件耗材,61,199.99,0.031,11821.21,0,0
2024-02-09,广州天河店,智能家居,26,902.91,0.035,22654.01,0,0
2024-02-09,广州天河店,智能手机,48,3992.34,0.037,184541.92,0,0
2024-02-09,广州天河店,智能穿戴,29,1310.56,0.036,36638.02,0,0
2024-02-09,广州天河店,笔记本电脑,14,6525.45,0.032,88432.9,0,0
2024-02-09,广州天河店,配件耗材,48,196.42,0.032,9126.46,0,0
2024-02-09,成都春熙店,智能家居,16,904.23,0.02,14178.33,0,0
2024-02-09,成都春熙店,智能手机,29,4012.77,0.01,115206.63,0,0
2024-02-09,成都春熙店,智能穿戴,21,1295.7,0.045,25985.26,0,0
2024-02-09,成都春熙店,笔记本电脑,19,6508.39,0.125,108201.98,1,0
2024-02-09,成都春熙店,配件耗材,30,197.92,0.046,5664.47,0,0
2024-02-10,上海旗舰店,智能家居,33,913.47,0.029,29270.32,0,1
2024-02-10,上海旗舰店,智能手机,42,3984.31,0.034,161651.43,0,1
2024-02-10,上海旗舰店,智能穿戴,39,1307.85,0.039,49016.91,0,1
2024-02-10,上海旗舰店,笔记本电脑,19,6542.17,0.033,120199.29,0,1
2024-02-10,上海旗舰店,配件耗材,61,198.42,0.015,11922.07,0,1
2024-02-10,北京中关村店,智能家居,28,912.61,0.043,24454.3,0,1
2024-02-10,北京中关村店,智能手机,47,4041.41,0.045,181398.69,0,1
2024-02-10,北京中关村店,智能穿戴,43,1306.31,0.197,45105.58,1,1
2024-02-10,北京中关村店,笔记本电脑,21,6534.51,0.033,132696.29,0,1
2024-02-10,北京中关村店,配件耗材,58,202.0,0.021,11469.96,0,1
2024-02-10,广州天河店,智能家居,25,892.62,0.049,21222.04,0,1
2024-02-10,广州天河店,智能手机,42,4031.4,0.018,166271.06,0,1
2024-02-10,广州天河店,智能穿戴,30,1303.81,0.013,38605.81,0,1
2024-02-10,广州天河店,笔记本电脑,21,6520.7,0.028,133100.53,0,1
2024-02-10,广州天河店,配件耗材,50,199.42,0.031,9661.9,0,1
2024-02-10,成都春熙店,智能家居,19,894.73,0.027,16540.87,0,1
2024-02-10,成都春熙店,智能手机,28,3976.34,0.005,110780.83,0,1
2024-02-10,成都春熙店,智能穿戴,25,1305.21,0.038,31390.3,0,1
2024-02-10,成都春熙店,笔记本电脑,12,6478.99,0.029,75493.19,0,1
2024-02-10,成都春熙店,配件耗材,46,195.79,0.003,8979.32,0,1
2024-02-11,上海旗舰店,智能家居,35,890.28,0.017,30630.08,0,1
2024-02-11,上海旗舰店,智能手机,49,3965.37,0.01,192360.1,0,1
2024-02-11,上海旗舰店,智能穿戴,40,1303.22,0.037,50200.03,0,1
2024-02-11,上海旗舰店,笔记本电脑,22,6526.81,0.026,139856.48,0,1
2024-02-11,上海旗舰店,配件耗材,82,195.73,0.019,15744.91,0,1
2024-02-11,北京中关村店,智能家居,24,904.37,0.037,20901.8,0,1
2024-02-11,北京中关村店,智能手机,74,4019.66,0.146,254026.43,1,1
2024-02-11,北京中关村店,智能穿戴,32,1293.27,0.042,39646.49,0,1
2024-02-11,北京中关村店,笔记本电脑,20,6568.57,0.035,126773.4,0,1
2024-02-11,北京中关村店,配件耗材,68,199.07,0.047,12900.53,0,1
2024-02-11,广州天河店,智能家居,22,910.3,0.022,19586.01,0,1
2024-02-11,广州天河店,智能手机,37,4046.51,0.02,146726.45,0,1
2024-02-11,广州天河店,智能穿戴,26,1315.12,0.018,33577.64,0,1
2024-02-11,广州天河店,笔记本电脑,17,6627.39,0.001,112552.96,0,1
2024-02-11,广州天河店,配件耗材,55,194.5,0.017,10515.64,0,1
2024-02-11,成都春熙店,智能家居,19,903.53,0.044,16411.72,0,1
2024-02-11,成都春熙店,智能手机,32,4024.16,0.046,122849.56,0,1
2024-02-11,成都春熙店,智能穿戴,29,1310.98,0.178,31251.14,1,1
2024-02-11,成都春熙店,笔记本电脑,12,6533.66,0.033,75816.59,0,1
2024-02-11,成都春熙店,配件耗材,33,194.46,0.007,6372.26,0,1
2024-02-12,上海旗舰店,智能家居,30,906.27,0.017,26725.9,0,0
2024-02-12,上海旗舰店,智能手机,49,4005.99,0.006,195115.75,0,0
2024-02-12,上海旗舰店,智能穿戴,40,1315.37,0.015,51825.58,0,0
2024-02-12,上海旗舰店,笔记本电脑,17,6546.84,0.015,109626.84,0,0
2024-02-12,上海旗舰店,配件耗材,56,198.11,0.045,10594.92,0,0
2024-02-12,北京中关村店,智能家居,24,888.33,0.025,20786.92,0,0
2024-02-12,北京中关村店,智能手机,44,4037.3,0.009,176042.43,0,0
2024-02-12,北京中关村店,智能穿戴,39,1288.88,0.2,40213.06,1,0
2024-02-12,北京中关村店,笔记本电脑,13,6424.69,0.04,80180.13,0,0
2024-02-12,北京中关村店,配件耗材,65,201.11,0.008,12967.57,0,0
2024-02-12,广州天河店,智能家居,29,897.92,0.049,24763.74,0,0
2024-02-12,广州天河店,智能手机,34,4068.44,0.035,133485.52,0,0
2024-02-12,广州天河店,智能穿戴,28,1308.18,0.046,34944.1,0,0
2024-02-12,广州天河店,笔记本电脑,14,6631.47,0.023,90705.25,0,0
2024-02-12,广州天河店,配件耗材,43,198.97,0.022,8367.48,0,0
2024-02-12,成都春熙店,智能家居,13,899.2,0.042,11198.64,0,0
2024-02-12,成都春熙店,智能手机,29,4034.21,0.043,111961.43,0,0
2024-02-12,成都春熙店,智能穿戴,18,1309.45,0.014,23240.12,0,0
2024-02-12,成都春熙店,笔记本电脑,13,6533.67,0.013,83833.52,0,0
2024-02-12,成都春熙店,配件耗材,40,200.18,0.019,7855.06,0,0
2024-02-13,上海旗舰店,智能家居,28,922.64,0.035,24929.73,0,0
2024-02-13,上海旗舰店,智能手机,53,3991.66,0.033,204576.57,0,0
2024-02-13,上海旗舰店,智能穿戴,38,1295.97,0.037,47424.73,0,0
2024-02-13,上海旗舰店,笔记本电脑,15,6520.92,0.011,96737.85,0,0
2024-02-13,上海旗舰店,配件耗材,44,202.44,0.013,8791.56,0,0
2024-02-13,北京中关村店,智能家居,26,911.66,0.022,23181.69,0,0
2024-02-13,北京中关村店,智能手机,50,4032.07,0.042,193136.15,0,0
2024-02-13,北京中关村店,智能穿戴,28,1329.72,0.019,36524.75,0,0
2024-02-13,北京中关村店,笔记本电脑,18,6590.84,0.008,117686.04,0,0
2024-02-13,北京中关村店,配件耗材,55,203.23,0.008,11088.23,0,0
2024-02-13,广州天河店,智能家居,19,898.72,0.018,16768.32,0,0
2024-02-13,广州天河店,智能手机,34,3987.07,0.046,129324.6,0,0
2024-02-13,广州天河店,智能穿戴,21,1292.81,0.026,26443.14,0,0
2024-02-13,广州天河店,笔记本电脑,13,6554.26,0.01,84353.33,0,0
2024-02-13,广州天河店,配件耗材,48,198.98,0.021,9350.47,0,0
2024-02-13,成都春熙店,智能家居,16,904.69,0.004,14417.14,0,0
2024-02-13,成都春熙店,智能手机,28,4055.51,0.026,110601.87,0,0
2024-02-13,成都春熙店,智能穿戴,19,1313.88,0.018,24514.37,0,0
2024-02-13,成都春熙店,笔记本电脑,11,6395.04,0.038,67672.31,0,0
2024-02-13,成都春熙店,配件耗材,27,202.12,0.035,5266.24,0,0
2024-02-14,上海旗舰店,智能家居,29,917.69,0.048,25335.59,0,0
2024-02-14,上海旗舰店,智能手机,63,4023.75,0.149,215725.31,1,0
2024-02-14,上海旗舰店,智能穿戴,43,1291.32,0.212,43755.09,1,0
2024-02-14,上海旗舰店,笔记本电脑,18,6524.3,0.028,114149.15,0,0
2024-02-14,上海旗舰店,配件耗材,50,203.09,0.024,9910.79,0,0
2024-02-14,北京中关村店,智能家居,28,906.24,0.026,24714.98,0,0
2024-02-14,北京中关村店,智能手机,38,3997.15,0.025,148094.41,0,0
2024-02-14,北京中关村店,智能穿戴,29,1283.68,0.034,35961.01,0,0
2024-02-14,北京中关村店,笔记本电脑,17,6406.95,0.01,107828.97,0,0
2024-02-14,北京中关村店,配件耗材,69,200.85,0.012,13692.35,0,0
2024-02-14,广州天河店,智能家居,24,907.77,0.017,21416.11,0,0
2024-02-14,广州天河店,智能手机,49,4061.24,0.039,191239.73,0,0
2024-02-14,广州天河店,智能穿戴,24,1296.24,0.003,31016.43,0,0
2024-02-14,广州天河店,笔记本电脑,13,6528.6,0.006,84362.57,0,0
2024-02-14,广州天河店,配件耗材,54,199.77,0.034,10420.8,0,0
2024-02-14,成都春熙店,智能家居,19,907.86,0.047,16438.62,0,0
2024-02-14,成都春熙店,智能手机,30,4041.07,0.034,117110.21,0,0
2024-02-14,成都春熙店,智能穿戴,21,1299.6,0.045,26063.48,0,0
2024-02-14,成都春熙店,笔记本电脑,11,6539.11,0.049,68405.63,0,0
2024-02-14,成都春熙店,配件耗材,31,198.28,0.021,6017.6,0,0
2024-02-15,上海旗舰店,智能家居,57,906.96,0.099,46578.74,1,0
2024-02-15,上海旗舰店,智能手机,59,4009.04,0.048,225179.76,0,0
2024-02-15,上海旗舰店,智能穿戴,35,1320.82,0.035,44610.7,0,0
2024-02-15,上海旗舰店,笔记本电脑,15,6553.44,0.027,95647.46,0,0
2024-02-15,上海旗舰店,配件耗材,82,199.18,0.199,13082.54,1,0
2024-02-15,北京中关村店,智能家居,31,905.92,0.018,27578.02,0,0
2024-02-15,北京中关村店,智能手机,64,3967.83,0.046,242259.83,0,0
2024-02-15,北京中关村店,智能穿戴,29,1331.6,0.04,37071.74,0,0
2024-02-15,北京中关村店,笔记本电脑,20,6492.32,0.044,124133.16,0,0
2024-02-15,北京中关村店,配件耗材,50,197.43,0.034,9535.87,0,0
2024-02-15,广州天河店,智能家居,26,913.56,0.05,22564.93,0,0
2024-02-15,广州天河店,智能手机,38,4079.48,0.01,153470.04,0,0
2024-02-15,广州天河店,智能穿戴,19,1286.85,0.05,23227.64,0,0
2024-02-15,广州天河店,笔记本电脑,17,6567.94,0.146,95353.35,1,0
2024-02-15,广州天河店,配件耗材,48,199.58,0.018,9407.4,0,0
2024-02-15,成都春熙店,智能家居,18,906.85,0.008,16192.71,0,0
2024-02-15,成都春熙店,智能手机,28,4030.77,0.031,109362.85,0,0
2024-02-15,成都春熙店,智能穿戴,19,1330.67,0.022,24726.51,0,0
2024-02-15,成都春熙店,笔记本电脑,13,6512.79,0.045,80856.29,0,0
2024-02-15,成都春熙店,配件耗材,43,200.33,0.035,8312.69,0,0
2024-02-16,上海旗舰店,智能家居,36,892.85,0.009,31853.32,0,0
2024-02-16,上海旗舰店,智能手机,51,3991.76,0.039,195640.15,0,0
2024-02-16,上海旗舰店,智能穿戴,42,1285.92,0.14,46447.43,1,0
2024-02-16,上海旗舰店,笔记本电脑,14,6713.9,0.013,92772.67,0,0
2024-02-16,上海旗舰店,配件耗材,70,201.06,0.041,13497.16,0,0
2024-02-16,北京中关村店,智能家居,28,907.41,0.05,24137.11,0,0
2024-02-16,北京中关村店,智能手机,44,4062.18,0.003,178199.71,0,0
2024-02-16,北京中关村店,智能穿戴,24,1315.41,0.018,31001.58,0,0
2024-02-16,北京中关村店,笔记本电脑,20,6564.8,0.045,125387.68,0,0
2024-02-16,北京中关村店,配件耗材,55,201.82,0.008,11011.3,0,0
2024-02-16,广州天河店,智能家居,31,908.29,0.046,26861.77,0,0
2024-02-16,广州天河店,智能手机,47,4066.08,0.007,189768.02,0,0
2024-02-16,广州天河店,智能穿戴,35,1319.87,0.001,46149.25,0,0
2024-02-16,广州天河店,笔记本电脑,14,6418.41,0.02,88060.59,0,0
2024-02-16,广州天河店,配件耗材,53,199.81,0.017,10409.9,0,0
2024-02-16,成都春熙店,智能家居,20,896.32,0.0,17926.4,0,0
2024-02-16,成都春熙店,智能手机,32,3979.34,0.036,122754.68,0,0
2024-02-16,成都春熙店,智能穿戴,17,1299.05,0.017,21708.42,0,0
2024-02-16,成都春熙店,笔记本电脑,13,6580.3,0.031,82892.04,0,0
2024-02-16,成都春熙店,配件耗材,34,200.47,0.037,6563.79,0,0
2024-02-17,上海旗舰店,智能家居,33,915.11,0.037,29081.28,0,1
2024-02-17,上海旗舰店,智能手机,53,4000.26,0.012,209469.61,0,1
2024-02-17,上海旗舰店,智能穿戴,65,1297.92,0.206,66985.65,1,1
2024-02-17,上海旗舰店,笔记本电脑,22,6447.17,0.004,141270.39,0,1
2024-02-17,上海旗舰店,配件耗材,64,202.45,0.005,12892.02,0,1
2024-02-17,北京中关村店,智能家居,24,914.66,0.025,21403.04,0,1
2024-02-17,北京中关村店,智能手机,45,4075.42,0.022,179359.23,0,1
2024-02-17,北京中关村店,智能穿戴,35,1297.16,0.027,44174.78,0,1
2024-02-17,北京中关村店,笔记本电脑,18,6498.63,0.007,116156.51,0,1
2024-02-17,北京中关村店,配件耗材,62,199.98,0.033,11989.6,0,1
2024-02-17,广州天河店,智能家居,24,885.66,0.041,20384.35,0,1
2024-02-17,广州天河店,智能手机,52,3991.73,0.047,197814.17,0,1
2024-02-17,广州天河店,智能穿戴,29,1296.61,0.001,37564.09,0,1
2024-02-17,广州天河店,笔记本电脑,19,6611.49,0.046,119839.87,0,1
2024-02-17,广州天河店,配件耗材,62,199.49,0.045,11811.8,0,1
2024-02-17,成都春熙店,智能家居,19,892.67,0.04,16282.3,0,1
2024-02-17,成都春熙店,智能手机,29,4046.66,0.005,116766.37,0,1
2024-02-17,成都春熙店,智能穿戴,23,1297.35,0.016,29361.63,0,1
2024-02-17,成都春熙店,笔记本电脑,14,6457.87,0.026,88059.52,0,1
2024-02-17,成都春熙店,配件耗材,48,199.79,0.199,7681.53,1,1
2024-02-18,上海旗舰店,智能家居,44,889.95,0.127,34184.76,1,1
2024-02-18,上海旗舰店,智能手机,51,3963.03,0.021,197870.12,0,1
2024-02-18,上海旗舰店,智能穿戴,37,1296.04,0.003,47809.62,0,1
2024-02-18,上海旗舰店,笔记本电脑,15,6537.11,0.044,93742.16,0,1
2024-02-18,上海旗舰店,配件耗材,63,203.91,0.042,12306.78,0,1
2024-02-18,北京中关村店,智能家居,51,912.02,0.04,44652.5,0,1
2024-02-18,北京中关村店,智能手机,39,3997.32,0.018,153089.36,0,1
2024-02-18,北京中关村店,智能穿戴,33,1289.09,0.048,40498.05,0,1
2024-02-18,北京中关村店,笔记本电脑,18,6567.54,0.032,114432.82,0,1
2024-02-18,北京中关村店,配件耗材,91,201.23,0.011,18110.5,0,1
2024-02-18,广州天河店,智能家居,40,903.73,0.216,28340.97,1,1
2024-02-18,广州天河店,智能手机,48,4069.1,0.03,189457.3,0,1
2024-02-18,广州天河店,智能穿戴,23,1303.93,0.03,29090.68,0,1
2024-02-18,广州天河店,笔记本电脑,18,6544.66,0.049,112031.49,0,1
2024-02-18,广州天河店,配件耗材,60,199.99,0.04,11519.42,0,1
2024-02-18,成都春熙店,智能家居,20,902.67,0.043,17277.1,0,1
2024-02-18,成都春熙店,智能手机,42,4070.69,0.035,164985.07,0,1
2024-02-18,成都春熙店,智能穿戴,32,1289.29,0.171,34202.29,1,1
2024-02-18,成都春熙店,笔记本电脑,16,6536.73,0.008,103750.98,0,1
2024-02-18,成都春熙店,配件耗材,46,205.13,0.02,9247.26,0,1
2024-02-19,上海旗舰店,智能家居,32,920.92,0.026,28703.23,0,0
2024-02-19,上海旗舰店,智能手机,40,4139.37,0.012,163587.9,0,0
2024-02-19,上海旗舰店,智能穿戴,36,1317.61,0.011,46912.19,0,0
2024-02-19,上海旗舰店,笔记本电脑,15,6459.83,0.021,94862.6,0,0
2024-02-19,上海旗舰店,配件耗材,68,202.26,0.04,13203.53,0,0
2024-02-19,北京中关村店,智能家居,23,895.76,0.041,19757.78,0,0
2024-02-19,北京中关村店,智能手机,54,4032.69,0.076,201215.1,1,0
2024-02-19,北京中关村店,智能穿戴,31,1300.75,0.016,39678.08,0,0
2024-02-19,北京中关村店,笔记本电脑,15,6661.82,0.043,95630.43,0,0
2024-02-19,北京中关村店,配件耗材,57,199.39,0.046,10842.43,0,0
2024-02-19,广州天河店,智能家居,28,904.54,0.023,24744.6,0,0
2024-02-19,广州天河店,智能手机,36,4101.36,0.02,144695.98,0,0
2024-02-19,广州天河店,智能穿戴,24,1312.2,0.019,30894.44,0,0
2024-02-19,广州天河店,笔记本电脑,17,6520.82,0.038,106641.49,0,0
2024-02-19,广州天河店,配件耗材,43,201.35,0.018,8502.21,0,0
2024-02-19,成都春熙店,智能家居,15,901.01,0.02,13244.85,0,0
2024-02-19,成都春熙店,智能手机,26,3999.58,0.005,103469.13,0,0
2024-02-19,成都春熙店,智能穿戴,22,1315.36,0.014,28532.79,0,0
2024-02-19,成都春熙店,笔记本电脑,17,6624.19,0.171,93354.71,1,0
2024-02-19,成都春熙店,配件耗材,43,201.07,0.035,8343.4,0,0
2024-02-20,上海旗舰店,智能家居,29,904.56,0.023,25628.9,0,0
2024-02-20,上海旗舰店,智能手机,63,3983.29,0.155,212050.44,1,0
2024-02-20,上海旗舰店,智能穿戴,34,1298.53,0.04,42384.02,0,0
2024-02-20,上海旗舰店,笔记本电脑,20,6646.8,0.155,112330.92,1,0
2024-02-20,上海旗舰店,配件耗材,60,200.15,0.049,11420.56,0,0
2024-02-20,北京中关村店,智能家居,26,907.59,0.042,22606.25,0,0
2024-02-20,北京中关村店,智能手机,38,3983.09,0.011,149692.49,0,0
2024-02-20,北京中关村店,智能穿戴,26,1300.53,0.0,33813.78,0,0
2024-02-20,北京中关村店,笔记本电脑,22,6626.05,0.0,145773.1,0,0
2024-02-20,北京中关村店,配件耗材,94,202.73,0.187,15493.03,1,0
2024-02-20,广州天河店,智能家居,22,909.96,0.025,19518.64,0,0
2024-02-20,广州天河店,智能手机,37,3972.26,0.027,143005.33,0,0
2024-02-20,广州天河店,智能穿戴,21,1304.42,0.021,26817.57,0,0
2024-02-20,广州天河店,笔记本电脑,14,6488.97,0.02,89028.67,0,0
2024-02-20,广州天河店,配件耗材,50,204.53,0.033,9889.03,0,0
2024-02-20,成都春熙店,智能家居,14,919.53,0.028,12512.96,0,0
2024-02-20,成都春熙店,智能手机,28,4024.27,0.038,108397.74,0,0
2024-02-20,成都春熙店,智能穿戴,22,1302.0,0.034,27670.1,0,0
2024-02-20,成都春熙店,笔记本电脑,15,6486.76,0.046,92825.54,0,0
2024-02-20,成都春熙店,配件耗材,55,199.15,0.148,9332.17,1,0
2024-02-21,上海旗舰店,智能家居,33,911.62,0.009,29812.71,0,0
2024-02-21,上海旗舰店,智能手机,48,4018.09,0.046,183996.38,0,0
2024-02-21,上海旗舰店,智能穿戴,36,1309.31,0.05,44778.4,0,0
2024-02-21,上海旗舰店,笔记本电脑,17,6506.72,0.016,108844.41,0,0
2024-02-21,上海旗舰店,配件耗材,62,198.37,0.041,11794.68,0,0
2024-02-21,北京中关村店,智能家居,24,891.3,0.008,21220.07,0,0
2024-02-21,北京中关村店,智能手机,38,4019.06,0.021,149517.07,0,0
2024-02-21,北京中关村店,智能穿戴,33,1326.15,0.006,43500.37,0,0
2024-02-21,北京中关村店,笔记本电脑,17,6517.91,0.013,109364.01,0,0
2024-02-21,北京中关村店,配件耗材,61,199.8,0.002,12163.42,0,0
2024-02-21,广州天河店,智能家居,20,923.84,0.041,17719.25,0,0
2024-02-21,广州天河店,智能手机,48,4005.64,0.012,189963.47,0,0
2024-02-21,广州天河店,智能穿戴,24,1306.5,0.029,30446.68,0,0
2024-02-21,广州天河店,笔记本电脑,17,6456.19,0.041,105255.27,0,0
2024-02-21,广州天河店,配件耗材,54,200.95,0.002,10829.6,0,0
2024-02-21,成都春熙店,智能家居,14,885.33,0.016,12196.31,0,0
2024-02-21,成都春熙店,智能手机,29,3991.14,0.032,112039.28,0,0
2024-02-21,成都春熙店,智能穿戴,16,1315.49,0.011,20816.31,0,0
2024-02-21,成都春熙店,笔记本电脑,13,6548.2,0.037,81976.92,0,0
2024-02-21,成都春熙店,配件耗材,35,199.99,0.014,6901.65,0,0
2024-02-22,上海旗舰店,智能家居,31,896.85,0.022,27190.7,0,0
2024-02-22,上海旗舰店,智能手机,45,4001.61,0.001,179892.38,0,0
2024-02-22,上海旗舰店,智能穿戴,39,1308.65,0.039,49046.89,0,0
2024-02-22,上海旗舰店,笔记本电脑,19,6560.45,0.005,124025.31,0,0
2024-02-22,上海旗舰店,配件耗材,73,201.95,0.202,11764.4,1,0
2024-02-22,北京中关村店,智能家居,30,913.85,0.02,26867.19,0,0
2024-02-22,北京中关村店,智能手机,36,4076.46,0.044,140295.45,0,0
2024-02-22,北京中关村店,智能穿戴,26,1315.21,0.015,33682.53,0,0
2024-02-22,北京中关村店,笔记本电脑,24,6580.76,0.026,153831.85,0,0
2024-02-22,北京中关村店,配件耗材,59,200.05,0.026,11496.07,0,0
2024-02-22,广州天河店,智能家居,27,917.87,0.038,23840.76,0,0
2024-02-22,广州天河店,智能手机,42,4025.78,0.001,168913.68,0,0
2024-02-22,广州天河店,智能穿戴,28,1308.63,0.037,35285.9,0,0
2024-02-22,广州天河店,笔记本电脑,19,6513.66,0.121,108784.64,1,0
2024-02-22,广州天河店,配件耗材,53,199.41,0.03,10251.67,0,0
2024-02-22,成都春熙店,智能家居,17,898.64,0.016,15032.45,0,0
2024-02-22,成都春熙店,智能手机,25,3992.36,0.043,95517.21,0,0
2024-02-22,成都春熙店,智能穿戴,19,1298.49,0.011,24399.93,0,0
2024-02-22,成都春熙店,笔记本电脑,11,6550.95,0.045,68817.73,0,0
2024-02-22,成都春熙店,配件耗材,38,199.86,0.042,7275.7,0,0
2024-02-23,上海旗舰店,智能家居,47,900.16,0.204,33676.79,1,0
2024-02-23,上海旗舰店,智能手机,50,4026.57,0.034,194483.33,0,0
2024-02-23,上海旗舰店,智能穿戴,37,1319.84,0.009,48394.57,0,0
2024-02-23,上海旗舰店,笔记本电脑,18,6561.51,0.007,117280.43,0,0
2024-02-23,上海旗舰店,配件耗材,73,198.06,0.028,14053.55,0,0
2024-02-23,北京中关村店,智能家居,39,899.07,0.1,31557.36,1,0
2024-02-23,北京中关村店,智能手机,41,4010.09,0.03,159481.28,0,0
2024-02-23,北京中关村店,智能穿戴,27,1308.29,0.047,33663.61,0,0
2024-02-23,北京中关村店,笔记本电脑,18,6603.61,0.002,118627.25,0,0
2024-02-23,北京中关村店,配件耗材,65,200.05,0.047,12392.1,0,0
2024-02-23,广州天河店,智能家居,26,908.95,0.028,22970.98,0,0
2024-02-23,广州天河店,智能手机,43,4075.36,0.033,169457.54,0,0
2024-02-23,广州天河店,智能穿戴,23,1329.05,0.021,29926.22,0,0
2024-02-23,广州天河店,笔记本电脑,15,6507.62,0.011,96540.54,0,0
2024-02-23,广州天河店,配件耗材,57,203.73,0.005,11554.55,0,0
2024-02-23,成都春熙店,智能家居,16,898.31,0.045,13726.18,0,0
2024-02-23,成都春熙店,智能手机,29,4037.67,0.013,115570.23,0,0
2024-02-23,成都春熙店,智能穿戴,32,1305.09,0.183,34120.27,1,0
2024-02-23,成都春熙店,笔记本电脑,12,6545.53,0.025,76582.7,0,0
2024-02-23,成都春熙店,配件耗材,31,202.19,0.024,6117.46,0,0
2024-02-24,上海旗舰店,智能家居,39,898.28,0.01,34682.59,0,1
2024-02-24,上海旗舰店,智能手机,57,4138.18,0.043,225733.58,0,1
2024-02-24,上海旗舰店,智能穿戴,34,1290.92,0.013,43320.69,0,1
2024-02-24,上海旗舰店,笔记本电脑,21,6514.06,0.003,136384.87,0,1
2024-02-24,上海旗舰店,配件耗材,73,202.02,0.027,14349.28,0,1
2024-02-24,北京中关村店,智能家居,34,897.83,0.01,30220.96,0,1
2024-02-24,北京中关村店,智能手机,51,4051.88,0.111,183708.19,1,1
2024-02-24,北京中关村店,智能穿戴,33,1301.86,0.006,42703.61,0,1
2024-02-24,北京中关村店,笔记本电脑,20,6475.11,0.02,126912.16,0,1
2024-02-24,北京中关村店,配件耗材,67,202.54,0.043,12986.66,0,1
2024-02-24,广州天河店,智能家居,30,900.7,0.015,26615.69,0,1
2024-02-24,广州天河店,智能手机,60,3982.59,0.063,223901.21,1,1
2024-02-24,广州天河店,智能穿戴,24,1311.78,0.028,30601.2,0,1
2024-02-24,广州天河店,笔记本电脑,18,6562.53,0.048,112455.51,0,1
2024-02-24,广州天河店,配件耗材,49,201.71,0.034,9547.74,0,1
2024-02-24,成都春熙店,智能家居,24,917.86,0.035,21257.64,0,1
2024-02-24,成都春熙店,智能手机,31,4054.42,0.017,123550.34,0,1
2024-02-24,成都春熙店,智能穿戴,27,1316.65,0.003,35442.9,0,1
2024-02-24,成都春熙店,笔记本电脑,12,6571.56,0.045,75310.08,0,1
2024-02-24,成都春熙店,配件耗材,44,201.82,0.011,8782.4,0,1
2024-02-25,上海旗舰店,智能家居,31,909.17,0.007,27986.98,0,1
2024-02-25,上海旗舰店,智能手机,55,3980.61,0.029,212584.48,0,1
2024-02-25,上海旗舰店,智能穿戴,46,1310.45,0.033,58291.44,0,1
2024-02-25,上海旗舰店,笔记本电脑,17,6388.83,0.022,106220.69,0,1
2024-02-25,上海旗舰店,配件耗材,63,201.16,0.007,12584.37,0,1
2024-02-25,北京中关村店,智能家居,29,876.78,0.016,25019.79,0,1
2024-02-25,北京中关村店,智能手机,67,4023.42,0.107,240725.24,1,1
2024-02-25,北京中关村店,智能穿戴,38,1271.93,0.026,47076.67,0,1
2024-02-25,北京中关村店,笔记本电脑,19,6552.6,0.024,121511.41,0,1
2024-02-25,北京中关村店,配件耗材,107,200.18,0.038,20605.33,0,1
2024-02-25,广州天河店,智能家居,26,896.24,0.025,22719.68,0,1
2024-02-25,广州天河店,智能手机,38,4047.85,0.008,152587.75,0,1
2024-02-25,广州天河店,智能穿戴,30,1303.84,0.037,37667.94,0,1
2024-02-25,广州天河店,笔记本电脑,22,6645.49,0.018,143569.17,0,1
2024-02-25,广州天河店,配件耗材,53,201.67,0.025,10421.3,0,1
2024-02-25,成都春熙店,智能家居,19,904.78,0.012,16984.53,0,1
2024-02-25,成都春熙店,智能手机,46,3974.28,0.075,169105.61,1,1
2024-02-25,成都春熙店,智能穿戴,17,1310.11,0.049,21180.55,0,1
2024-02-25,成都春熙店,笔记本电脑,17,6532.42,0.043,106275.94,0,1
2024-02-25,成都春熙店,配件耗材,41,196.56,0.039,7744.66,0,1
2024-02-26,上海旗舰店,智能家居,25,893.11,0.023,21814.21,0,0
2024-02-26,上海旗舰店,智能手机,49,4063.21,0.003,198500.0,0,0
2024-02-26,上海旗舰店,智能穿戴,38,1300.47,0.025,48182.41,0,0
2024-02-26,上海旗舰店,笔记本电脑,19,6659.85,0.095,114516.12,1,0
2024-02-26,上海旗舰店,配件耗材,70,201.1,0.032,13626.54,0,0
2024-02-26,北京中关村店,智能家居,22,897.69,0.045,18860.47,0,0
2024-02-26,北京中关村店,智能手机,52,4027.45,0.043,200422.02,0,0
2024-02-26,北京中关村店,智能穿戴,27,1329.36,0.048,34169.87,0,0
2024-02-26,北京中关村店,笔记本电脑,17,6600.26,0.032,108613.88,0,0
2024-02-26,北京中关村店,配件耗材,58,199.27,0.04,11095.35,0,0
2024-02-26,广州天河店,智能家居,22,910.55,0.05,19030.49,0,0
2024-02-26,广州天河店,智能手机,38,4023.5,0.012,151058.28,0,0
2024-02-26,广州天河店,智能穿戴,30,1293.3,0.011,38372.21,0,0
2024-02-26,广州天河店,笔记本电脑,15,6493.8,0.038,93705.53,0,0
2024-02-26,广州天河店,配件耗材,55,198.85,0.015,10772.7,0,0
2024-02-26,成都春熙店,智能家居,18,906.9,0.045,15589.61,0,0
2024-02-26,成都春熙店,智能手机,25,3993.85,0.015,98348.56,0,0
2024-02-26,成都春熙店,智能穿戴,20,1308.44,0.032,25331.4,0,0
2024-02-26,成都春熙店,笔记本电脑,12,6601.59,0.042,75891.88,0,0
2024-02-26,成都春熙店,配件耗材,41,198.09,0.021,7951.13,0,0
2024-02-27,上海旗舰店,智能家居,25,924.45,0.042,22140.58,0,0
2024-02-27,上海旗舰店,智能手机,42,4028.47,0.049,160905.15,0,0
2024-02-27,上海旗舰店,智能穿戴,46,1283.85,0.128,51497.79,1,0
2024-02-27,上海旗舰店,笔记本电脑,19,6443.84,0.021,119861.87,0,0
2024-02-27,上海旗舰店,配件耗材,70,204.75,0.036,13816.53,0,0
2024-02-27,北京中关村店,智能家居,25,904.31,0.049,21499.97,0,0
2024-02-27,北京中关村店,智能手机,32,3986.94,0.014,125795.93,0,0
2024-02-27,北京中关村店,智能穿戴,34,1306.38,0.019,43573.0,0,0
2024-02-27,北京中关村店,笔记本电脑,18,6619.21,0.03,115571.41,0,0
2024-02-27,北京中关村店,配件耗材,63,198.2,0.044,11937.19,0,0
2024-02-27,广州天河店,智能家居,23,898.2,0.002,20617.28,0,0
2024-02-27,广州天河店,智能手机,43,4014.35,0.008,171236.11,0,0
2024-02-27,广州天河店,智能穿戴,28,1328.32,0.012,36746.64,0,0
2024-02-27,广州天河店,笔记本电脑,14,6473.73,0.031,87822.62,0,0
2024-02-27,广州天河店,配件耗材,51,199.2,0.04,9752.83,0,0
2024-02-27,成都春熙店,智能家居,18,898.11,0.033,15632.5,0,0
2024-02-27,成都春熙店,智能手机,24,4050.38,0.015,95750.98,0,0
2024-02-27,成都春熙店,智能穿戴,26,1325.57,0.015,33947.85,0,0
2024-02-27,成都春熙店,笔记本电脑,10,6470.06,0.027,62953.68,0,0
2024-02-27,成都春熙店,配件耗材,38,201.14,0.041,7329.94,0,0
2024-02-28,上海旗舰店,智能家居,30,920.61,0.029,26817.37,0,0
2024-02-28,上海旗舰店,智能手机,44,4086.09,0.007,178529.44,0,0
2024-02-28,上海旗舰店,智能穿戴,30,1292.17,0.016,38144.86,0,0
2024-02-28,上海旗舰店,笔记本电脑,32,6475.66,0.075,191679.54,1,0
2024-02-28,上海旗舰店,配件耗材,43,198.21,0.02,8352.57,0,0
2024-02-28,北京中关村店,智能家居,22,899.22,0.046,18872.83,0,0
2024-02-28,北京中关村店,智能手机,48,4040.26,0.019,190247.76,0,0
2024-02-28,北京中关村店,智能穿戴,32,1308.46,0.035,40405.24,0,0
2024-02-28,北京中关村店,笔记本电脑,19,6568.27,0.184,101834.46,1,0
2024-02-28,北京中关村店,配件耗材,49,199.35,0.049,9289.51,0,0
2024-02-28,广州天河店,智能家居,28,896.42,0.025,24472.27,0,0
2024-02-28,广州天河店,智能手机,32,3996.35,0.014,126092.84,0,0
2024-02-28,广州天河店,智能穿戴,28,1296.71,0.05,34492.49,0,0
2024-02-28,广州天河店,笔记本电脑,20,6423.58,0.002,128214.66,0,0
2024-02-28,广州天河店,配件耗材,40,198.1,0.028,7702.13,0,0
2024-02-28,成都春熙店,智能家居,20,913.18,0.035,17624.37,0,0
2024-02-28,成都春熙店,智能手机,26,4070.98,0.027,102987.65,0,0
2024-02-28,成都春熙店,智能穿戴,17,1293.95,0.022,21513.21,0,0
2024-02-28,成都春熙店,笔记本电脑,9,6583.95,0.013,58485.23,0,0
2024-02-28,成都春熙店,配件耗材,34,201.06,0.025,6665.14,0,0
2024-02-29,上海旗舰店,智能家居,26,892.64,0.034,22419.55,0,0
2024-02-29,上海旗舰店,智能手机,48,4012.33,0.019,188932.6,0,0
2024-02-29,上海旗舰店,智能穿戴,39,1318.55,0.026,50086.44,0,0
2024-02-29,上海旗舰店,笔记本电脑,21,6513.88,0.018,134329.23,0,0
2024-02-29,上海旗舰店,配件耗材,74,204.98,0.023,14819.64,0,0
2024-02-29,北京中关村店,智能家居,49,907.07,0.003,44313.09,0,0
2024-02-29,北京中关村店,智能手机,44,4032.87,0.021,173719.91,0,0
2024-02-29,北京中关村店,智能穿戴,26,1320.91,0.006,34137.6,0,0
2024-02-29,北京中关村店,笔记本电脑,15,6583.24,0.034,95391.15,0,0
2024-02-29,北京中关村店,配件耗材,57,200.67,0.03,11095.04,0,0
2024-02-29,广州天河店,智能家居,19,905.54,0.033,16637.49,0,0
2024-02-29,广州天河店,智能手机,35,4030.74,0.002,140793.75,0,0
2024-02-29,广州天河店,智能穿戴,22,1303.87,0.01,28398.29,0,0
2024-02-29,广州天河店,笔记本电脑,14,6502.1,0.018,89390.87,0,0
2024-02-29,广州天河店,配件耗材,45,200.92,0.047,8616.45,0,0
2024-02-29,成都春熙店,智能家居,20,907.02,0.007,18013.42,0,0
2024-02-29,成都春熙店,智能手机,28,4023.84,0.007,111878.85,0,0
2024-02-29,成都春熙店,智能穿戴,24,1296.71,0.015,30654.22,0,0
2024-02-29,成都春熙店,笔记本电脑,12,6566.58,0.004,78483.76,0,0
2024-02-29,成都春熙店,配件耗材,40,202.62,0.04,7780.61,0,0
2024-03-01,上海旗舰店,智能家居,48,909.07,0.004,43460.82,0,0
2024-03-01,上海旗舰店,智能手机,77,4062.59,0.021,306250.22,0,0
2024-03-01,上海旗舰店,智能穿戴,37,1313.29,0.009,48154.4,0,0
2024-03-01,上海旗舰店,笔记本电脑,23,6503.16,0.025,145833.36,0,0
2024-03-01,上海旗舰店,配件耗材,61,199.17,0.018,11930.68,0,0
2024-03-01,北京中关村店,智能家居,28,904.06,0.045,24174.56,0,0
2024-03-01,北京中关村店,智能手机,55,4045.08,0.029,216027.5,0,0
2024-03-01,北京中关村店,智能穿戴,39,1312.41,0.025,49904.39,0,0
2024-03-01,北京中关村店,笔记本电脑,19,6543.55,0.004,123830.14,0,0
2024-03-01,北京中关村店,配件耗材,72,202.32,0.01,14421.37,0,0
2024-03-01,广州天河店,智能家居,30,899.13,0.026,26272.58,0,0
2024-03-01,广州天河店,智能手机,45,4020.12,0.042,173307.37,0,0
2024-03-01,广州天河店,智能穿戴,26,1295.97,0.022,32953.93,0,0
2024-03-01,广州天河店,笔记本电脑,25,6541.35,0.044,156338.26,0,0
2024-03-01,广州天河店,配件耗材,75,199.11,0.016,14694.32,0,0
2024-03-01,成都春熙店,智能家居,29,898.86,0.045,24893.93,0,0
2024-03-01,成都春熙店,智能手机,36,4105.13,0.002,147489.11,0,0
2024-03-01,成都春熙店,智能穿戴,26,1301.81,0.024,33034.73,0,0
2024-03-01,成都春熙店,笔记本电脑,21,6553.93,0.006,136806.73,0,0
2024-03-01,成都春熙店,配件耗材,38,199.76,0.019,7446.65,0,0
2024-03-02,上海旗舰店,智能家居,47,901.73,0.038,40770.82,0,1
2024-03-02,上海旗舰店,智能手机,60,4080.64,0.019,240186.47,0,1
2024-03-02,上海旗舰店,智能穿戴,47,1302.49,0.039,58829.57,0,1
2024-03-02,上海旗舰店,笔记本电脑,27,6474.45,0.009,173236.86,0,1
2024-03-02,上海旗舰店,配件耗材,77,199.57,0.003,15320.79,0,1
2024-03-02,北京中关村店,智能家居,44,917.8,0.037,38889.02,0,1
2024-03-02,北京中关村店,智能手机,55,3997.3,0.029,213475.81,0,1
2024-03-02,北京中关村店,智能穿戴,47,1299.15,0.013,60266.27,0,1
2024-03-02,北京中关村店,笔记本电脑,20,6581.04,0.04,126355.97,0,1
2024-03-02,北京中关村店,配件耗材,94,200.29,0.002,18789.61,0,1
2024-03-02,广州天河店,智能家居,35,900.0,0.045,30082.5,0,1
2024-03-02,广州天河店,智能手机,52,4048.07,0.024,205447.65,0,1
2024-03-02,广州天河店,智能穿戴,40,1291.9,0.005,51417.62,0,1
2024-03-02,广州天河店,笔记本电脑,23,6435.59,0.047,141061.7,0,1
2024-03-02,广州天河店,配件耗材,79,201.63,0.032,15419.05,0,1
2024-03-02,成都春熙店,智能家居,23,917.4,0.01,20889.2,0,1
2024-03-02,成都春熙店,智能手机,46,4027.54,0.042,177485.63,0,1
2024-03-02,成都春熙店,智能穿戴,31,1316.49,0.042,39097.12,0,1
2024-03-02,成都春熙店,笔记本电脑,19,6582.67,0.03,121318.61,0,1
2024-03-02,成都春熙店,配件耗材,59,199.48,0.021,11522.16,0,1
2024-03-03,上海旗舰店,智能家居,43,897.4,0.005,38395.26,0,1
2024-03-03,上海旗舰店,智能手机,76,4099.01,0.024,304048.17,0,1
2024-03-03,上海旗舰店,智能穿戴,81,1300.12,0.146,89934.5,1,1
2024-03-03,上海旗舰店,笔记本电脑,28,6454.26,0.013,178369.93,0,1
2024-03-03,上海旗舰店,配件耗材,85,197.52,0.028,16319.1,0,1
2024-03-03,北京中关村店,智能家居,40,910.43,0.015,35870.94,0,1
2024-03-03,北京中关村店,智能手机,60,4103.61,0.04,236367.94,0,1
2024-03-03,北京中关村店,智能穿戴,46,1280.18,0.032,57003.86,0,1
2024-03-03,北京中关村店,笔记本电脑,28,6633.94,0.02,182035.31,0,1
2024-03-03,北京中关村店,配件耗材,75,201.4,0.039,14515.9,0,1
2024-03-03,广州天河店,智能家居,29,897.0,0.031,25206.6,0,1
2024-03-03,广州天河店,智能手机,70,4062.84,0.046,271316.46,0,1
2024-03-03,广州天河店,智能穿戴,33,1312.65,0.005,43100.86,0,1
2024-03-03,广州天河店,笔记本电脑,23,6585.64,0.039,145562.4,0,1
2024-03-03,广州天河店,配件耗材,71,201.37,0.026,13925.54,0,1
2024-03-03,成都春熙店,智能家居,22,901.44,0.01,19633.36,0,1
2024-03-03,成都春熙店,智能手机,85,4031.57,0.047,326577.33,0,1
2024-03-03,成都春熙店,智能穿戴,30,1305.03,0.0,39150.9,0,1
2024-03-03,成都春熙店,笔记本电脑,16,6591.51,0.04,101245.59,0,1
2024-03-03,成都春熙店,配件耗材,57,198.2,0.049,10743.83,0,1
2024-03-04,上海旗舰店,智能家居,38,908.13,0.042,33059.56,0,0
2024-03-04,上海旗舰店,智能手机,56,4001.13,0.04,215100.75,0,0
2024-03-04,上海旗舰店,智能穿戴,45,1349.61,0.043,58120.95,0,0
2024-03-04,上海旗舰店,笔记本电脑,19,6571.14,0.01,123603.14,0,0
2024-03-04,上海旗舰店,配件耗材,76,202.38,0.042,14734.88,0,0
2024-03-04,北京中关村店,智能家居,28,889.34,0.031,24129.57,0,0
2024-03-04,北京中关村店,智能手机,57,4014.77,0.01,226553.47,0,0
2024-03-04,北京中关村店,智能穿戴,37,1297.56,0.033,46425.4,0,0
2024-03-04,北京中关村店,笔记本电脑,22,6582.06,0.023,141474.8,0,0
2024-03-04,北京中关村店,配件耗材,81,199.4,0.038,15537.65,0,0
2024-03-04,广州天河店,智能家居,27,899.77,0.048,23127.69,0,0
2024-03-04,广州天河店,智能手机,49,3977.19,0.029,189230.72,0,0
2024-03-04,广州天河店,智能穿戴,31,1281.37,0.022,38848.58,0,0
2024-03-04,广州天河店,笔记本电脑,21,6646.09,0.039,134124.74,0,0
2024-03-04,广州天河店,配件耗材,64,196.68,0.025,12272.83,0,0
2024-03-04,成都春熙店,智能家居,23,905.82,0.029,20229.68,0,0
2024-03-04,成都春熙店,智能手机,36,4046.88,0.043,139423.11,0,0
2024-03-04,成都春熙店,智能穿戴,29,1305.63,0.048,36045.83,0,0
2024-03-04,成都春熙店,笔记本电脑,13,6438.63,0.04,80354.1,0,0
2024-03-04,成都春熙店,配件耗材,54,200.03,0.039,10380.36,0,0
2024-03-05,上海旗舰店,智能家居,44,908.87,0.002,39910.3,0,0
2024-03-05,上海旗舰店,智能手机,63,4032.55,0.01,251510.14,0,0
2024-03-05,上海旗舰店,智能穿戴,40,1303.79,0.006,51838.69,0,0
2024-03-05,上海旗舰店,笔记本电脑,22,6579.67,0.033,139975.9,0,0
2024-03-05,上海旗舰店,配件耗材,76,199.48,0.003,15115.0,0,0
2024-03-05,北京中关村店,智能家居,33,895.71,0.001,29528.87,0,0
2024-03-05,北京中关村店,智能手机,51,3989.37,0.022,198981.8,0,0
2024-03-05,北京中关村店,智能穿戴,35,1294.25,0.039,43532.1,0,0
2024-03-05,北京中关村店,笔记本电脑,24,6528.89,0.032,151679.17,0,0
2024-03-05,北京中关村店,配件耗材,68,197.95,0.026,13110.62,0,0
2024-03-05,广州天河店,智能家居,35,899.92,0.023,30772.76,0,0
2024-03-05,广州天河店,智能手机,94,3989.78,0.03,363788.14,0,0
2024-03-05,广州天河店,智能穿戴,36,1319.25,0.029,46115.7,0,0
2024-03-05,广州天河店,笔记本电脑,15,6506.96,0.003,97311.59,0,0
2024-03-05,广州天河店,配件耗材,67,201.34,0.043,12909.72,0,0
2024-03-05,成都春熙店,智能家居,25,918.55,0.046,21907.42,0,0
2024-03-05,成都春熙店,智能手机,33,4006.66,0.002,131955.34,0,0
2024-03-05,成都春熙店,智能穿戴,19,1300.69,0.044,23625.73,0,0
2024-03-05,成都春熙店,笔记本电脑,15,6407.07,0.02,94183.93,0,0
2024-03-05,成都春熙店,配件耗材,54,199.74,0.08,9923.08,1,0
2024-03-06,上海旗舰店,智能家居,35,911.72,0.017,31367.73,0,0
2024-03-06,上海旗舰店,智能手机,73,3966.84,0.005,288131.42,0,0
2024-03-06,上海旗舰店,智能穿戴,35,1313.04,0.022,44945.36,0,0
2024-03-06,上海旗舰店,笔记本电脑,22,6494.82,0.018,140314.09,0,0
2024-03-06,上海旗舰店,配件耗材,69,201.04,0.003,13830.14,0,0
2024-03-06,北京中关村店,智能家居,28,903.63,0.01,25048.62,0,0
2024-03-06,北京中关村店,智能手机,42,4020.75,0.01,167182.79,0,0
2024-03-06,北京中关村店,智能穿戴,37,1299.44,0.041,46108.03,0,0
2024-03-06,北京中关村店,笔记本电脑,26,6534.94,0.029,164981.1,0,0
2024-03-06,北京中关村店,配件耗材,108,202.6,0.178,17986.02,1,0
2024-03-06,广州天河店,智能家居,29,905.05,0.049,24960.37,0,0
2024-03-06,广州天河店,智能手机,46,4047.97,0.01,184344.55,0,0
2024-03-06,广州天河店,智能穿戴,32,1311.05,0.042,40191.55,0,0
2024-03-06,广州天河店,笔记本电脑,35,6518.87,0.03,221315.64,0,0
2024-03-06,广州天河店,配件耗材,70,201.42,0.039,13549.52,0,0
2024-03-06,成都春熙店,智能家居,23,914.79,0.0,21040.17,0,0
2024-03-06,成都春熙店,智能手机,29,4014.64,0.001,116308.14,0,0
2024-03-06,成都春熙店,智能穿戴,28,1309.84,0.049,34878.42,0,0
2024-03-06,成都春熙店,笔记本电脑,16,6499.48,0.049,98896.09,0,0
2024-03-06,成都春熙店,配件耗材,50,198.89,0.167,8283.77,1,0
2024-03-07,上海旗舰店,智能家居,38,909.11,0.014,34062.53,0,0
2024-03-07,上海旗舰店,智能手机,55,4056.37,0.048,212391.53,0,0
2024-03-07,上海旗舰店,智能穿戴,46,1318.26,0.037,58396.28,0,0
2024-03-07,上海旗舰店,笔记本电脑,22,6421.43,0.042,135338.06,0,0
2024-03-07,上海旗舰店,配件耗材,92,198.72,0.132,15868.98,1,0
2024-03-07,北京中关村店,智能家居,29,915.28,0.019,26038.8,0,0
2024-03-07,北京中关村店,智能手机,77,4004.04,0.145,263605.97,1,0
2024-03-07,北京中关村店,智能穿戴,31,1317.63,0.022,39947.91,0,0
2024-03-07,北京中关村店,笔记本电脑,23,6522.43,0.038,144315.29,0,0
2024-03-07,北京中关村店,配件耗材,70,202.18,0.037,13628.95,0,0
2024-03-07,广州天河店,智能家居,26,908.25,0.029,22929.68,0,0
2024-03-07,广州天河店,智能手机,54,4045.37,0.031,211678.03,0,0
2024-03-07,广州天河店,智能穿戴,34,1327.37,0.035,43551.01,0,0
2024-03-07,广州天河店,笔记本电脑,15,6604.95,0.007,98380.73,0,0
2024-03-07,广州天河店,配件耗材,68,201.77,0.017,13487.11,0,0
2024-03-07,成都春熙店,智能家居,27,926.62,0.141,21491.1,1,0
2024-03-07,成都春熙店,智能手机,44,4060.7,0.158,150440.81,1,0
2024-03-07,成都春熙店,智能穿戴,24,1293.12,0.018,30476.25,0,0
2024-03-07,成都春熙店,笔记本电脑,17,6712.6,0.043,109207.29,0,0
2024-03-07,成都春熙店,配件耗材,42,200.43,0.008,8350.72,0,0
2024-03-08,上海旗舰店,智能家居,55,901.12,0.186,40343.14,1,0
2024-03-08,上海旗舰店,智能手机,62,4004.1,0.047,236586.25,0,0
2024-03-08,上海旗舰店,智能穿戴,50,1306.56,0.023,63825.46,0,0
2024-03-08,上海旗舰店,笔记本电脑,22,6546.92,0.007,143024.01,0,0
2024-03-08,上海旗舰店,配件耗材,88,205.04,0.016,17754.82,0,0
2024-03-08,北京中关村店,智能家居,41,896.55,0.003,36648.27,0,0
2024-03-08,北京中关村店,智能手机,60,4045.38,0.015,239081.96,0,0
2024-03-08,北京中关村店,智能穿戴,39,1317.43,0.01,50865.97,0,0
2024-03-08,北京中关村店,笔记本电脑,23,6557.65,0.014,148714.39,0,0
2024-03-08,北京中关村店,配件耗材,68,196.79,0.006,13301.43,0,0
2024-03-08,广州天河店,智能家居,26,924.7,0.028,23369.02,0,0
2024-03-08,广州天河店,智能手机,49,4108.61,0.036,194074.3,0,0
2024-03-08,广州天河店,智能穿戴,34,1304.8,0.039,42633.04,0,0
2024-03-08,广州天河店,笔记本电脑,18,6564.28,0.024,115321.27,0,0
2024-03-08,广州天河店,配件耗材,65,201.29,0.039,12573.58,0,0
2024-03-08,成都春熙店,智能家居,20,895.51,0.015,17641.55,0,0
2024-03-08,成都春熙店,智能手机,37,4075.72,0.006,149896.83,0,0
2024-03-08,成都春熙店,智能穿戴,26,1297.47,0.03,32722.19,0,0
2024-03-08,成都春熙店,笔记本电脑,13,6589.81,0.042,82069.49,0,0
2024-03-08,成都春熙店,配件耗材,41,200.58,0.013,8116.87,0,0
2024-03-09,上海旗舰店,智能家居,31,895.9,0.048,26439.8,0,1
2024-03-09,上海旗舰店,智能手机,80,3939.26,0.009,312304.53,0,1
2024-03-09,上海旗舰店,智能穿戴,53,1301.62,0.027,67123.24,0,1
2024-03-09,上海旗舰店,笔记本电脑,30,6502.25,0.013,192531.62,0,1
2024-03-09,上海旗舰店,配件耗材,106,201.57,0.011,21131.39,0,1
2024-03-09,北京中关村店,智能家居,36,905.0,0.029,31635.18,0,1
2024-03-09,北京中关村店,智能手机,58,4021.13,0.005,232059.41,0,1
2024-03-09,北京中关村店,智能穿戴,66,1302.67,0.148,73251.74,1,1
2024-03-09,北京中关村店,笔记本电脑,25,6635.59,0.03,160913.06,0,1
2024-03-09,北京中关村店,配件耗材,113,199.24,0.121,19789.91,1,1
2024-03-09,广州天河店,智能家居,27,902.58,0.044,23297.39,0,1
2024-03-09,广州天河店,智能手机,62,4057.52,0.03,244019.25,0,1
2024-03-09,广州天河店,智能穿戴,40,1310.65,0.05,49804.7,0,1
2024-03-09,广州天河店,笔记本电脑,23,6597.98,0.028,147504.44,0,1
2024-03-09,广州天河店,配件耗材,68,198.8,0.013,13342.66,0,1
2024-03-09,成都春熙店,智能家居,29,897.08,0.02,25495.01,0,1
2024-03-09,成都春熙店,智能手机,43,3979.34,0.04,164267.16,0,1
2024-03-09,成都春熙店,智能穿戴,28,1326.49,0.004,36993.15,0,1
2024-03-09,成都春熙店,笔记本电脑,22,6663.64,0.021,143521.48,0,1
2024-03-09,成都春熙店,配件耗材,47,200.38,0.001,9408.44,0,1
2024-03-10,上海旗舰店,智能家居,78,902.79,0.003,70206.37,0,1
2024-03-10,上海旗舰店,智能手机,69,3948.92,0.038,262121.41,0,1
2024-03-10,上海旗舰店,智能穿戴,45,1301.22,0.013,57793.69,0,1
2024-03-10,上海旗舰店,笔记本电脑,23,6640.64,0.027,148610.88,0,1
2024-03-10,上海旗舰店,配件耗材,81,195.91,0.031,15376.78,0,1
2024-03-10,北京中关村店,智能家居,36,916.65,0.029,32042.42,0,1
2024-03-10,北京中关村店,智能手机,45,3982.87,0.039,172239.21,0,1
2024-03-10,北京中关村店,智能穿戴,36,1299.01,0.028,45454.96,0,1
2024-03-10,北京中关村店,笔记本电脑,30,6549.7,0.002,196098.02,0,1
2024-03-10,北京中关村店,配件耗材,75,202.06,0.042,14518.01,0,1
2024-03-10,广州天河店,智能家居,38,904.59,0.112,30524.48,1,1
2024-03-10,广州天河店,智能手机,64,4019.6,0.031,249279.51,0,1
2024-03-10,广州天河店,智能穿戴,35,1310.48,0.045,43802.79,0,1
2024-03-10,广州天河店,笔记本电脑,20,6572.1,0.043,125789.99,0,1
2024-03-10,广州天河店,配件耗材,90,203.57,0.061,17203.7,1,1
2024-03-10,成都春熙店,智能家居,21,902.28,0.012,18720.51,0,1
2024-03-10,成都春熙店,智能手机,40,3903.82,0.044,149282.08,0,1
2024-03-10,成都春熙店,智能穿戴,26,1343.01,0.026,34010.39,0,1
2024-03-10,成都春熙店,笔记本电脑,15,6485.17,0.006,96693.88,0,1
2024-03-10,成都春熙店,配件耗材,40,199.65,0.001,7978.01,0,1
2024-03-11,上海旗舰店,智能家居,37,896.09,0.014,32691.16,0,0
2024-03-11,上海旗舰店,智能手机,48,4047.45,0.006,193111.93,0,0
2024-03-11,上海旗舰店,智能穿戴,46,1318.31,0.006,60278.41,0,0
2024-03-11,上海旗舰店,笔记本电脑,22,6488.4,0.048,135893.05,0,0
2024-03-11,上海旗舰店,配件耗材,64,197.76,0.01,12530.07,0,0
2024-03-11,北京中关村店,智能家居,33,905.33,0.034,28860.11,0,0
2024-03-11,北京中关村店,智能手机,69,4067.04,0.04,269400.73,0,0
2024-03-11,北京中关村店,智能穿戴,30,1313.88,0.034,38076.24,0,0
2024-03-11,北京中关村店,笔记本电脑,23,6598.62,0.026,147822.29,0,0
2024-03-11,北京中关村店,配件耗材,105,201.55,0.12,18623.22,1,0
2024-03-11,广州天河店,智能家居,35,910.54,0.047,30371.06,0,0
2024-03-11,广州天河店,智能手机,49,4092.76,0.023,195932.7,0,0
2024-03-11,广州天河店,智能穿戴,31,1305.42,0.019,39699.13,0,0
2024-03-11,广州天河店,笔记本电脑,21,6614.88,0.043,132939.24,0,0
2024-03-11,广州天河店,配件耗材,115,202.71,0.028,22658.92,0,0
2024-03-11,成都春熙店,智能家居,27,905.59,0.02,23961.91,0,0
2024-03-11,成都春熙店,智能手机,33,4011.0,0.026,128921.56,0,0
2024-03-11,成都春熙店,智能穿戴,27,1327.02,0.001,35793.71,0,0
2024-03-11,成都春熙店,笔记本电脑,16,6573.33,0.005,104647.41,0,0
2024-03-11,成都春熙店,配件耗材,34,203.55,0.033,6692.32,0,0
2024-03-12,上海旗舰店,智能家居,32,913.59,0.02,28650.18,0,0
2024-03-12,上海旗舰店,智能手机,63,4042.46,0.039,244742.66,0,0
2024-03-12,上海旗舰店,智能穿戴,42,1308.73,0.047,52383.23,0,0
2024-03-12,上海旗舰店,笔记本电脑,19,6568.75,0.008,123807.8,0,0
2024-03-12,上海旗舰店,配件耗材,68,198.31,0.02,13215.38,0,0
2024-03-12,北京中关村店,智能家居,35,918.18,0.001,32104.16,0,0
2024-03-12,北京中关村店,智能手机,51,4054.75,0.039,198727.35,0,0
2024-03-12,北京中关村店,智能穿戴,40,1329.84,0.025,51863.76,0,0
2024-03-12,北京中关村店,笔记本电脑,21,6561.73,0.047,131319.9,0,0
2024-03-12,北京中关村店,配件耗材,86,197.17,0.04,16278.36,0,0
2024-03-12,广州天河店,智能家居,29,922.41,0.047,25492.65,0,0
2024-03-12,广州天河店,智能手机,73,4053.56,0.069,275492.1,1,0
2024-03-12,广州天河店,智能穿戴,36,1328.3,0.049,45475.68,0,0
2024-03-12,广州天河店,笔记本电脑,43,6431.81,0.011,273525.58,0,0
2024-03-12,广州天河店,配件耗材,59,201.02,0.032,11480.65,0,0
2024-03-12,成都春熙店,智能家居,21,894.55,0.034,18146.84,0,0
2024-03-12,成都春熙店,智能手机,34,4045.79,0.002,137281.75,0,0
2024-03-12,成都春熙店,智能穿戴,26,1325.14,0.015,33936.84,0,0
2024-03-12,成都春熙店,笔记本电脑,16,6571.56,0.01,104093.51,0,0
2024-03-12,成都春熙店,配件耗材,51,199.88,0.017,10020.58,0,0
2024-03-13,上海旗舰店,智能家居,57,904.03,0.064,48231.81,1,0
2024-03-13,上海旗舰店,智能手机,52,4027.4,0.014,206492.85,0,0
2024-03-13,上海旗舰店,智能穿戴,57,1322.54,0.176,62117.06,1,0
2024-03-13,上海旗舰店,笔记本电脑,20,6575.65,0.035,126910.04,0,0
2024-03-13,上海旗舰店,配件耗材,102,199.43,0.203,16212.46,1,0
2024-03-13,北京中关村店,智能家居,36,907.75,0.039,31404.52,0,0
2024-03-13,北京中关村店,智能手机,112,4069.76,0.006,453078.24,0,0
2024-03-13,北京中关村店,智能穿戴,32,1298.0,0.012,41037.57,0,0
2024-03-13,北京中关村店,笔记本电脑,22,6522.86,0.021,140489.36,0,0
2024-03-13,北京中关村店,配件耗材,67,200.95,0.026,13113.6,0,0
2024-03-13,广州天河店,智能家居,34,900.88,0.0,30629.92,0,0
2024-03-13,广州天河店,智能手机,46,4122.43,0.028,184322.09,0,0
2024-03-13,广州天河店,智能穿戴,28,1318.27,0.047,35176.72,0,0
2024-03-13,广州天河店,笔记本电脑,19,6631.88,0.043,120587.47,0,0
2024-03-13,广州天河店,配件耗材,71,201.62,0.007,14214.81,0,0
2024-03-13,成都春熙店,智能家居,20,898.79,0.034,17364.62,0,0
2024-03-13,成都春熙店,智能手机,40,4022.47,0.039,154623.75,0,0
2024-03-13,成都春熙店,智能穿戴,21,1305.87,0.001,27395.85,0,0
2024-03-13,成都春熙店,笔记本电脑,11,6577.33,0.021,70831.27,0,0
2024-03-13,成都春熙店,配件耗材,48,200.66,0.038,9265.68,0,0
2024-03-14,上海旗舰店,智能家居,50,898.49,0.031,43531.84,0,0
2024-03-14,上海旗舰店,智能手机,52,4093.79,0.047,202871.86,0,0
2024-03-14,上海旗舰店,智能穿戴,68,1319.76,0.075,83012.9,1,0
2024-03-14,上海旗舰店,笔记本电脑,25,6539.17,0.021,160046.19,0,0
2024-03-14,上海旗舰店,配件耗材,81,201.56,0.023,15950.85,0,0
2024-03-14,北京中关村店,智能家居,37,913.23,0.026,32910.98,0,0
2024-03-14,北京中关村店,智能手机,59,4009.51,0.027,230173.94,0,0
2024-03-14,北京中关村店,智能穿戴,30,1306.41,0.001,39153.11,0,0
2024-03-14,北京中关村店,笔记本电脑,20,6683.84,0.012,132072.68,0,0
2024-03-14,北京中关村店,配件耗材,80,200.45,0.002,16003.93,0,0
2024-03-14,广州天河店,智能家居,33,917.5,0.041,29036.12,0,0
2024-03-14,广州天河店,智能手机,65,4008.42,0.021,255075.81,0,0
2024-03-14,广州天河店,智能穿戴,33,1296.09,0.039,41102.9,0,0
2024-03-14,广州天河店,笔记本电脑,17,6561.33,0.031,108084.79,0,0
2024-03-14,广州天河店,配件耗材,85,199.23,0.17,14055.68,1,0
2024-03-14,成都春熙店,智能家居,16,913.11,0.02,14317.56,0,0
2024-03-14,成都春熙店,智能手机,37,4049.08,0.003,149366.51,0,0
2024-03-14,成都春熙店,智能穿戴,38,1298.12,0.198,39561.51,1,0
2024-03-14,成都春熙店,笔记本电脑,17,6505.4,0.003,110260.02,0,0
2024-03-14,成都春熙店,配件耗材,53,199.04,0.014,10401.43,0,0
2024-03-15,上海旗舰店,智能家居,49,889.15,0.026,42435.57,0,0
2024-03-15,上海旗舰店,智能手机,64,4034.97,0.047,246100.89,0,0
2024-03-15,上海旗舰店,智能穿戴,59,1325.56,0.01,77425.96,0,0
2024-03-15,上海旗舰店,笔记本电脑,21,6483.02,0.029,132195.26,0,0
2024-03-15,上海旗舰店,配件耗材,73,198.12,0.023,14130.12,0,0
2024-03-15,北京中关村店,智能家居,41,904.53,0.026,36121.5,0,0
2024-03-15,北京中关村店,智能手机,74,3985.28,0.017,289897.24,0,0
2024-03-15,北京中关村店,智能穿戴,40,1330.02,0.024,51923.98,0,0
2024-03-15,北京中关村店,笔记本电脑,22,6669.16,0.007,145694.47,0,0
2024-03-15,北京中关村店,配件耗材,85,203.82,0.008,17186.1,0,0
2024-03-15,广州天河店,智能家居,30,905.37,0.044,25966.01,0,0
2024-03-15,广州天河店,智能手机,56,4002.13,0.03,217395.7,0,0
2024-03-15,广州天河店,智能穿戴,32,1302.61,0.03,40433.01,0,0
2024-03-15,广州天河店,笔记本电脑,19,6654.96,0.049,120248.47,0,0
2024-03-15,广州天河店,配件耗材,70,205.17,0.006,14275.73,0,0
2024-03-15,成都春熙店,智能家居,22,918.53,0.042,19358.94,0,0
2024-03-15,成都春熙店,智能手机,35,3978.68,0.049,132430.36,0,0
2024-03-15,成都春熙店,智能穿戴,18,1316.12,0.015,23334.81,0,0
2024-03-15,成都春熙店,笔记本电脑,17,6614.91,0.023,109867.04,0,0
2024-03-15,成都春熙店,配件耗材,49,198.1,0.014,9571.0,0,0
2024-03-16,上海旗舰店,智能家居,49,911.32,0.005,44431.41,0,1
2024-03-16,上海旗舰店,智能手机,77,4128.91,0.036,306480.73,0,1
2024-03-16,上海旗舰店,智能穿戴,51,1310.51,0.015,65833.47,0,1
2024-03-16,上海旗舰店,笔记本电脑,24,6489.68,0.036,150145.24,0,1
2024-03-16,上海旗舰店,配件耗材,79,199.55,0.004,15701.39,0,1
2024-03-16,北京中关村店,智能家居,42,914.96,0.013,37928.75,0,1
2024-03-16,北京中关村店,智能手机,48,3998.01,0.036,184995.92,0,1
2024-03-16,北京中关村店,智能穿戴,39,1307.57,0.025,49720.35,0,1
2024-03-16,北京中关村店,笔记本电脑,27,6512.69,0.041,168633.08,0,1
2024-03-16,北京中关村店,配件耗材,102,201.61,0.031,19926.73,0,1
2024-03-16,广州天河店,智能家居,37,898.07,0.019,32597.25,0,1
2024-03-16,广州天河店,智能手机,44,4011.74,0.035,170338.48,0,1
2024-03-16,广州天河店,智能穿戴,48,1312.09,0.211,49691.47,1,1
2024-03-16,广州天河店,笔记本电脑,25,6478.56,0.002,161640.07,0,1
2024-03-16,广州天河店,配件耗材,87,199.31,0.036,16715.73,0,1
2024-03-16,成都春熙店,智能家居,29,906.99,0.048,25040.18,0,1
2024-03-16,成都春熙店,智能手机,51,4050.08,0.111,183626.58,1,1
2024-03-16,成都春熙店,智能穿戴,30,1338.09,0.044,38376.42,0,1
2024-03-16,成都春熙店,笔记本电脑,26,6535.38,0.192,137295.26,1,1
2024-03-16,成都春熙店,配件耗材,44,195.13,0.025,8371.08,0,1
2024-03-17,上海旗舰店,智能家居,45,904.45,0.018,39967.65,0,1
2024-03-17,上海旗舰店,智能手机,81,4039.82,0.006,325262.07,0,1
2024-03-17,上海旗舰店,智能穿戴,55,1291.42,0.035,68542.12,0,1
2024-03-17,上海旗舰店,笔记本电脑,27,6624.62,0.031,173319.93,0,1
2024-03-17,上海旗舰店,配件耗材,70,200.52,0.038,13503.02,0,1
2024-03-17,北京中关村店,智能家居,50,896.09,0.036,43191.54,0,1
2024-03-17,北京中关村店,智能手机,65,3930.98,0.003,254747.16,0,1
2024-03-17,北京中关村店,智能穿戴,38,1304.18,0.016,48765.9,0,1
2024-03-17,北京中关村店,笔记本电脑,29,6538.09,0.047,180693.19,0,1
2024-03-17,北京中关村店,配件耗材,87,197.56,0.035,16586.15,0,1
2024-03-17,广州天河店,智能家居,33,915.24,0.003,30112.31,0,1
2024-03-17,广州天河店,智能手机,66,4044.56,0.006,265339.31,0,1
2024-03-17,广州天河店,智能穿戴,40,1308.53,0.036,50456.92,0,1
2024-03-17,广州天河店,笔记本电脑,22,6572.09,0.036,139380.88,0,1
2024-03-17,广州天河店,配件耗材,96,200.84,0.022,18856.47,0,1
2024-03-17,成都春熙店,智能家居,22,924.57,0.013,20076.11,0,1
2024-03-17,成都春熙店,智能手机,43,4017.13,0.01,171009.22,0,1
2024-03-17,成都春熙店,智能穿戴,26,1309.43,0.012,33636.64,0,1
2024-03-17,成都春熙店,笔记本电脑,28,6520.31,0.079,168145.75,1,1
2024-03-17,成都春熙店,配件耗材,43,200.78,0.03,8374.53,0,1
2024-03-18,上海旗舰店,智能家居,37,890.78,0.026,32101.93,0,0
2024-03-18,上海旗舰店,智能手机,50,4003.9,0.041,191987.01,0,0
2024-03-18,上海旗舰店,智能穿戴,40,1308.81,0.025,51043.59,0,0
2024-03-18,上海旗舰店,笔记本电脑,19,6617.77,0.042,120456.65,0,0
2024-03-18,上海旗舰店,配件耗材,91,199.66,0.005,18078.21,0,0
2024-03-18,北京中关村店,智能家居,37,899.78,0.026,32426.27,0,0
2024-03-18,北京中关村店,智能手机,63,4066.47,0.021,250807.67,0,0
2024-03-18,北京中关村店,智能穿戴,35,1294.11,0.019,44433.27,0,0
2024-03-18,北京中关村店,笔记本电脑,19,6618.09,0.027,122348.63,0,0
2024-03-18,北京中关村店,配件耗材,87,197.79,0.004,17138.9,0,0
2024-03-18,广州天河店,智能家居,30,893.99,0.048,25532.35,0,0
2024-03-18,广州天河店,智能手机,45,4012.98,0.009,178958.84,0,0
2024-03-18,广州天河店,智能穿戴,28,1306.19,0.031,35439.55,0,0
2024-03-18,广州天河店,笔记本电脑,29,6636.61,0.066,179759.22,1,0
2024-03-18,广州天河店,配件耗材,79,197.61,0.033,15096.02,0,0
2024-03-18,成都春熙店,智能家居,23,901.98,0.011,20517.34,0,0
2024-03-18,成都春熙店,智能手机,30,4004.63,0.01,118937.51,0,0
2024-03-18,成都春熙店,智能穿戴,24,1305.93,0.013,30934.87,0,0
2024-03-18,成都春熙店,笔记本电脑,13,6565.76,0.036,82282.1,0,0
2024-03-18,成都春熙店,配件耗材,43,202.73,0.004,8682.52,0,0
2024-03-19,上海旗舰店,智能家居,68,912.19,0.015,61098.49,0,0
2024-03-19,上海旗舰店,智能手机,59,3943.18,0.046,221945.83,0,0
2024-03-19,上海旗舰店,智能穿戴,42,1305.85,0.012,54187.55,0,0
2024-03-19,上海旗舰店,笔记本电脑,26,6538.97,0.031,164742.81,0,0
2024-03-19,上海旗舰店,配件耗材,68,199.04,0.033,13088.07,0,0
2024-03-19,北京中关村店,智能家居,56,892.06,0.005,49705.58,0,0
2024-03-19,北京中关村店,智能手机,51,4090.44,0.035,201311.0,0,0
2024-03-19,北京中关村店,智能穿戴,54,1306.65,0.191,57082.31,1,0
2024-03-19,北京中关村店,笔记本电脑,21,6607.45,0.001,138617.69,0,0
2024-03-19,北京中关村店,配件耗材,84,202.99,0.013,16829.49,0,0
2024-03-19,广州天河店,智能家居,34,920.21,0.037,30129.52,0,0
2024-03-19,广州天河店,智能手机,39,4004.2,0.026,152103.54,0,0
2024-03-19,广州天河店,智能穿戴,34,1300.82,0.029,42945.27,0,0
2024-03-19,广州天河店,笔记本电脑,16,6516.55,0.028,101345.39,0,0
2024-03-19,广州天河店,配件耗材,58,201.18,0.004,11621.77,0,0
2024-03-19,成都春熙店,智能家居,21,902.08,0.025,18470.09,0,0
2024-03-19,成都春熙店,智能手机,30,4070.98,0.045,116633.58,0,0
2024-03-19,成都春熙店,智能穿戴,23,1301.15,0.03,29028.66,0,0
2024-03-19,成都春熙店,笔记本电脑,13,6633.02,0.005,85798.11,0,0
2024-03-19,成都春熙店,配件耗材,37,204.88,0.007,7527.5,0,0
2024-03-20,上海旗舰店,智能家居,43,908.1,0.05,37095.89,0,0
2024-03-20,上海旗舰店,智能手机,62,4042.49,0.014,247125.5,0,0
2024-03-20,上海旗舰店,智能穿戴,35,1328.71,0.04,44644.66,0,0
2024-03-20,上海旗舰店,笔记本电脑,26,6577.44,0.028,166225.06,0,0
2024-03-20,上海旗舰店,配件耗材,59,200.37,0.038,11372.6,0,0
2024-03-20,北京中关村店,智能家居,33,897.17,0.033,28629.59,0,0
2024-03-20,北京中关村店,智能手机,47,4030.16,0.041,181651.4,0,0
2024-03-20,北京中关村店,智能穿戴,42,1317.65,0.015,54511.18,0,0
2024-03-20,北京中关村店,笔记本电脑,27,6580.44,0.208,140716.13,1,0
2024-03-20,北京中关村店,配件耗材,86,198.61,0.149,14535.47,1,0
2024-03-20,广州天河店,智能家居,35,895.48,0.008,31091.07,0,0
2024-03-20,广州天河店,智能手机,39,4114.82,0.044,153416.95,0,0
2024-03-20,广州天河店,智能穿戴,33,1315.86,0.038,41773.29,0,0
2024-03-20,广州天河店,笔记本电脑,20,6612.83,0.027,128685.67,0,0
2024-03-20,广州天河店,配件耗材,81,201.53,0.068,15213.9,1,0
2024-03-20,成都春熙店,智能家居,23,904.43,0.007,20656.28,0,0
2024-03-20,成都春熙店,智能手机,80,3967.75,0.044,303453.52,0,0
2024-03-20,成都春熙店,智能穿戴,22,1309.34,0.048,27422.82,0,0
2024-03-20,成都春熙店,笔记本电脑,12,6663.0,0.036,77077.58,0,0
2024-03-20,成都春熙店,配件耗材,40,194.63,0.049,7403.73,0,0
2024-03-21,上海旗舰店,智能家居,47,917.89,0.049,41026.93,0,0
2024-03-21,上海旗舰店,智能手机,64,4030.14,0.045,246322.16,0,0
2024-03-21,上海旗舰店,智能穿戴,52,1307.97,0.039,65361.88,0,0
2024-03-21,上海旗舰店,笔记本电脑,23,6660.38,0.036,147673.95,0,0
2024-03-21,上海旗舰店,配件耗材,72,200.9,0.023,14132.11,0,0
2024-03-21,北京中关村店,智能家居,33,914.53,0.05,28670.52,0,0
2024-03-21,北京中关村店,智能手机,47,4002.96,0.004,187386.56,0,0
2024-03-21,北京中关村店,智能穿戴,36,1325.09,0.006,47417.02,0,0
2024-03-21,北京中关村店,笔记本电脑,23,6510.19,0.021,146589.95,0,0
2024-03-21,北京中关村店,配件耗材,88,197.8,0.037,16762.36,0,0
2024-03-21,广州天河店,智能家居,28,903.85,0.032,24497.95,0,0
2024-03-21,广州天河店,智能手机,45,4043.11,0.043,174116.53,0,0
2024-03-21,广州天河店,智能穿戴,35,1312.72,0.027,44704.68,0,0
2024-03-21,广州天河店,笔记本电脑,21,6480.42,0.0,136088.82,0,0
2024-03-21,广州天河店,配件耗材,67,200.5,0.183,10975.17,1,0
2024-03-21,成都春熙店,智能家居,27,918.41,0.022,24251.53,0,0
2024-03-21,成都春熙店,智能手机,44,4092.89,0.023,175945.16,0,0
2024-03-21,成都春熙店,智能穿戴,23,1294.53,0.033,28791.64,0,0
2024-03-21,成都春熙店,笔记本电脑,15,6575.25,0.011,97543.83,0,0
2024-03-21,成都春熙店,配件耗材,60,201.85,0.175,9991.57,1,0
2024-03-22,上海旗舰店,智能家居,33,905.7,0.003,29798.44,0,0
2024-03-22,上海旗舰店,智能手机,59,4027.14,0.01,235225.25,0,0
2024-03-22,上海旗舰店,智能穿戴,41,1315.67,0.029,52378.14,0,0
2024-03-22,上海旗舰店,笔记本电脑,24,6585.91,0.039,151897.43,0,0
2024-03-22,上海旗舰店,配件耗材,81,200.91,0.009,16127.25,0,0
2024-03-22,北京中关村店,智能家居,39,899.84,0.019,34426.98,0,0
2024-03-22,北京中关村店,智能手机,46,4044.47,0.007,184743.3,0,0
2024-03-22,北京中关村店,智能穿戴,50,1290.43,0.02,63231.07,0,0
2024-03-22,北京中关村店,笔记本电脑,24,6548.05,0.046,149924.15,0,0
2024-03-22,北京中关村店,配件耗材,72,200.46,0.039,13870.23,0,0
2024-03-22,广州天河店,智能家居,46,914.55,0.007,41774.81,0,0
2024-03-22,广州天河店,智能手机,54,4010.64,0.023,211593.35,0,0
2024-03-22,广州天河店,智能穿戴,29,1290.14,0.047,35655.6,0,0
2024-03-22,广州天河店,笔记本电脑,30,6581.84,0.211,155792.15,1,0
2024-03-22,广州天河店,配件耗材,81,199.24,0.04,15492.9,0,0
2024-03-22,成都春熙店,智能家居,24,906.13,0.038,20920.73,0,0
2024-03-22,成都春熙店,智能手机,34,4067.98,0.04,132778.87,0,0
2024-03-22,成都春熙店,智能穿戴,26,1313.26,0.049,32471.67,0,0
2024-03-22,成都春熙店,笔记本电脑,17,6538.88,0.042,106492.2,0,0
2024-03-22,成都春熙店,配件耗材,48,199.53,0.03,9290.12,0,0
2024-03-23,上海旗舰店,智能家居,49,918.36,0.004,44819.64,0,1
2024-03-23,上海旗舰店,智能手机,73,3978.49,0.068,270680.55,1,1
2024-03-23,上海旗舰店,智能穿戴,49,1287.59,0.028,61325.34,0,1
2024-03-23,上海旗舰店,笔记本电脑,24,6520.7,0.043,149767.44,0,1
2024-03-23,上海旗舰店,配件耗材,100,201.06,0.016,19784.3,0,1
2024-03-23,北京中关村店,智能家居,36,900.17,0.049,30818.22,0,1
2024-03-23,北京中关村店,智能手机,53,4075.0,0.046,206040.15,0,1
2024-03-23,北京中关村店,智能穿戴,66,1318.23,0.061,81695.99,1,1
2024-03-23,北京中关村店,笔记本电脑,36,6643.41,0.022,233901.18,0,1
2024-03-23,北京中关村店,配件耗材,98,197.94,0.039,18641.59,0,1
2024-03-23,广州天河店,智能家居,35,923.16,0.003,32213.67,0,1
2024-03-23,广州天河店,智能手机,75,3981.44,0.162,250233.5,1,1
2024-03-23,广州天河店,智能穿戴,45,1330.85,0.004,59648.7,0,1
2024-03-23,广州天河店,笔记本电脑,25,6602.98,0.019,161938.08,0,1
2024-03-23,广州天河店,配件耗材,66,200.33,0.04,12692.91,0,1
2024-03-23,成都春熙店,智能家居,55,914.46,0.042,48182.9,0,1
2024-03-23,成都春熙店,智能手机,32,4057.57,0.009,128673.66,0,1
2024-03-23,成都春熙店,智能穿戴,31,1308.89,0.048,38627.96,0,1
2024-03-23,成都春熙店,笔记本电脑,15,6583.9,0.026,96190.78,0,1
2024-03-23,成都春熙店,配件耗材,84,205.3,0.158,14520.46,1,1
2024-03-24,上海旗舰店,智能家居,50,893.3,0.002,44575.67,0,1
2024-03-24,上海旗舰店,智能手机,73,4046.82,0.003,294531.61,0,1
2024-03-24,上海旗舰店,智能穿戴,55,1335.5,0.029,71322.38,0,1
2024-03-24,上海旗舰店,笔记本电脑,26,6533.43,0.044,162394.94,0,1
2024-03-24,上海旗舰店,配件耗材,82,200.87,0.033,15927.79,0,1
2024-03-24,北京中关村店,智能家居,38,898.81,0.004,34018.16,0,1
2024-03-24,北京中关村店,智能手机,63,4038.23,0.01,251864.41,0,1
2024-03-24,北京中关村店,智能穿戴,40,1339.9,0.036,51666.54,0,1
2024-03-24,北京中关村店,笔记本电脑,25,6619.3,0.022,161841.89,0,1
2024-03-24,北京中关村店,配件耗材,69,200.45,0.022,13526.77,0,1
2024-03-24,广州天河店,智能家居,30,909.03,0.006,27107.27,0,1
2024-03-24,广州天河店,智能手机,41,4016.26,0.015,162196.66,0,1
2024-03-24,广州天河店,智能穿戴,39,1311.06,0.008,50722.29,0,1
2024-03-24,广州天河店,笔记本电脑,22,6577.44,0.024,141230.79,0,1
2024-03-24,广州天河店,配件耗材,60,201.83,0.017,11903.93,0,1
2024-03-24,成都春熙店,智能家居,25,908.14,0.011,22453.76,0,1
2024-03-24,成都春熙店,智能手机,34,4000.96,0.015,133992.15,0,1
2024-03-24,成都春熙店,智能穿戴,26,1316.35,0.018,33609.05,0,1
2024-03-24,成都春熙店,笔记本电脑,17,6653.55,0.011,111866.14,0,1
2024-03-24,成都春熙店,配件耗材,41,200.57,0.038,7910.88,0,1
2024-03-25,上海旗舰店,智能家居,38,916.21,0.025,33945.58,0,0
2024-03-25,上海旗舰店,智能手机,59,4035.35,0.042,228086.05,0,0
2024-03-25,上海旗舰店,智能穿戴,45,1323.37,0.04,57169.58,0,0
2024-03-25,上海旗舰店,笔记本电脑,21,6708.85,0.024,137504.59,0,0
2024-03-25,上海旗舰店,配件耗材,112,199.79,0.206,17766.93,1,0
2024-03-25,北京中关村店,智能家居,41,893.11,0.042,35079.57,0,0
2024-03-25,北京中关村店,智能手机,61,4037.45,0.044,235447.93,0,0
2024-03-25,北京中关村店,智能穿戴,35,1338.06,0.015,46129.62,0,0
2024-03-25,北京中关村店,笔记本电脑,30,6561.65,0.082,180707.84,1,0
2024-03-25,北京中关村店,配件耗材,58,198.58,0.02,11287.29,0,0
2024-03-25,广州天河店,智能家居,41,909.25,0.029,36198.15,0,0
2024-03-25,广州天河店,智能手机,47,4103.67,0.005,191908.13,0,0
2024-03-25,广州天河店,智能穿戴,42,1296.32,0.009,53955.43,0,0
2024-03-25,广州天河店,笔记本电脑,24,6531.5,0.035,151269.54,0,0
2024-03-25,广州天河店,配件耗材,55,199.67,0.018,10784.18,0,0
2024-03-25,成都春熙店,智能家居,24,900.63,0.038,20793.75,0,0
2024-03-25,成都春熙店,智能手机,38,4038.95,0.03,148875.7,0,0
2024-03-25,成都春熙店,智能穿戴,43,1320.68,0.185,46283.23,1,0
2024-03-25,成都春熙店,笔记本电脑,14,6537.8,0.024,89332.5,0,0
2024-03-25,成都春熙店,配件耗材,47,202.68,0.026,9278.29,0,0
2024-03-26,上海旗舰店,智能家居,38,923.55,0.002,35024.71,0,0
2024-03-26,上海旗舰店,智能手机,51,3979.98,0.032,196483.65,0,0
2024-03-26,上海旗舰店,智能穿戴,45,1283.35,0.034,55787.22,0,0
2024-03-26,上海旗舰店,笔记本电脑,22,6555.37,0.021,141189.56,0,0
2024-03-26,上海旗舰店,配件耗材,80,199.05,0.03,15446.28,0,0
2024-03-26,北京中关村店,智能家居,26,910.22,0.029,22979.41,0,0
2024-03-26,北京中关村店,智能手机,41,4041.33,0.034,160060.92,0,0
2024-03-26,北京中关村店,智能穿戴,40,1329.62,0.012,52546.58,0,0
2024-03-26,北京中关村店,笔记本电脑,19,6541.11,0.024,121298.34,0,0
2024-03-26,北京中关村店,配件耗材,77,198.62,0.018,15018.45,0,0
2024-03-26,广州天河店,智能家居,35,919.06,0.036,31009.08,0,0
2024-03-26,广州天河店,智能手机,55,4048.08,0.028,216410.36,0,0
2024-03-26,广州天河店,智能穿戴,27,1328.95,0.037,34554.03,0,0
2024-03-26,广州天河店,笔记本电脑,22,6460.78,0.005,141426.47,0,0
2024-03-26,广州天河店,配件耗材,60,201.03,0.05,11458.71,0,0
2024-03-26,成都春熙店,智能家居,21,914.11,0.018,18850.78,0,0
2024-03-26,成都春熙店,智能手机,31,3976.25,0.028,119812.36,0,0
2024-03-26,成都春熙店,智能穿戴,27,1307.18,0.005,35117.39,0,0
2024-03-26,成都春熙店,笔记本电脑,14,6611.51,0.032,89599.18,0,0
2024-03-26,成都春熙店,配件耗材,40,201.53,0.009,7988.65,0,0
2024-03-27,上海旗舰店,智能家居,47,904.73,0.029,41289.16,0,0
2024-03-27,上海旗舰店,智能手机,65,3984.43,0.014,255362.12,0,0
2024-03-27,上海旗舰店,智能穿戴,34,1292.33,0.013,43368.01,0,0
2024-03-27,上海旗舰店,笔记本电脑,20,6555.22,0.043,125466.91,0,0
2024-03-27,上海旗舰店,配件耗材,67,202.52,0.048,12917.54,0,0
2024-03-27,北京中关村店,智能家居,34,918.32,0.026,30411.09,0,0
2024-03-27,北京中关村店,智能手机,57,4015.12,0.019,224513.47,0,0
2024-03-27,北京中关村店,智能穿戴,32,1320.57,0.021,41370.82,0,0
2024-03-27,北京中关村店,笔记本电脑,24,6452.44,0.015,152535.68,0,0
2024-03-27,北京中关村店,配件耗材,71,200.84,0.045,13617.96,0,0
2024-03-27,广州天河店,智能家居,32,898.19,0.046,27419.94,0,0
2024-03-27,广州天河店,智能手机,49,4033.55,0.041,189540.55,0,0
2024-03-27,广州天河店,智能穿戴,31,1324.54,0.046,39171.95,0,0
2024-03-27,广州天河店,笔记本电脑,23,6667.97,0.005,152596.49,0,0
2024-03-27,广州天河店,配件耗材,54,199.26,0.046,10265.08,0,0
2024-03-27,成都春熙店,智能家居,21,915.0,0.016,18907.56,0,0
2024-03-27,成都春熙店,智能手机,31,4031.98,0.011,123616.47,0,0
2024-03-27,成都春熙店,智能穿戴,27,1315.63,0.016,34953.66,0,0
2024-03-27,成都春熙店,笔记本电脑,15,6576.78,0.036,95100.24,0,0
2024-03-27,成都春熙店,配件耗材,76,199.51,0.002,15132.43,0,0
2024-03-28,上海旗舰店,智能家居,39,917.7,0.043,34251.32,0,0
2024-03-28,上海旗舰店,智能手机,86,3966.77,0.159,286900.61,1,0
2024-03-28,上海旗舰店,智能穿戴,48,1298.02,0.013,61495.0,0,0
2024-03-28,上海旗舰店,笔记本电脑,23,6560.33,0.002,150585.81,0,0
2024-03-28,上海旗舰店,配件耗材,71,205.32,0.038,14023.77,0,0
2024-03-28,北京中关村店,智能家居,34,883.61,0.006,29862.48,0,0
2024-03-28,北京中关村店,智能手机,46,4051.84,0.041,178742.87,0,0
2024-03-28,北京中关村店,智能穿戴,31,1320.77,0.024,39961.22,0,0
2024-03-28,北京中关村店,笔记本电脑,23,6479.05,0.023,145590.73,0,0
2024-03-28,北京中关村店,配件耗材,65,204.12,0.046,12657.48,0,0
2024-03-28,广州天河店,智能家居,26,896.23,0.042,22323.3,0,0
2024-03-28,广州天河店,智能手机,61,3982.47,0.049,231027.07,0,0
2024-03-28,广州天河店,智能穿戴,29,1308.9,0.043,36325.9,0,0
2024-03-28,广州天河店,笔记本电脑,21,6668.12,0.04,134429.3,0,0
2024-03-28,广州天河店,配件耗材,61,198.72,0.019,11891.6,0,0
2024-03-28,成都春熙店,智能家居,38,920.86,0.02,34292.83,0,0
2024-03-28,成都春熙店,智能手机,32,4027.95,0.019,126445.41,0,0
2024-03-28,成都春熙店,智能穿戴,32,1307.38,0.146,35728.08,1,0
2024-03-28,成都春熙店,笔记本电脑,18,6504.1,0.009,116020.14,0,0
2024-03-28,成都春熙店,配件耗材,34,205.68,0.04,6713.4,0,0
2024-03-29,上海旗舰店,智能家居,34,894.21,0.01,30099.11,0,0
2024-03-29,上海旗舰店,智能手机,59,4014.79,0.005,235688.25,0,0
2024-03-29,上海旗舰店,智能穿戴,47,1324.55,0.025,60697.5,0,0
2024-03-29,上海旗舰店,笔记本电脑,35,6624.49,0.17,192441.43,1,0
2024-03-29,上海旗舰店,配件耗材,62,199.87,0.004,12342.37,0,0
2024-03-29,北京中关村店,智能家居,29,903.66,0.036,25262.72,0,0
2024-03-29,北京中关村店,智能手机,55,4026.66,0.045,211500.32,0,0
2024-03-29,北京中关村店,智能穿戴,32,1299.2,0.026,40493.47,0,0
2024-03-29,北京中关村店,笔记本电脑,21,6470.3,0.022,132887.02,0,0
2024-03-29,北京中关村店,配件耗材,88,201.78,0.017,17454.78,0,0
2024-03-29,广州天河店,智能家居,38,906.28,0.009,34128.69,0,0
2024-03-29,广州天河店,智能手机,59,4021.24,0.037,228474.79,0,0
2024-03-29,广州天河店,智能穿戴,26,1326.81,0.019,33841.62,0,0
2024-03-29,广州天河店,笔记本电脑,26,6555.34,0.007,169245.77,0,0
2024-03-29,广州天河店,配件耗材,58,200.9,0.011,11524.03,0,0
2024-03-29,成都春熙店,智能家居,33,916.27,0.04,29027.43,0,0
2024-03-29,成都春熙店,智能手机,30,4023.6,0.016,118776.67,0,0
2024-03-29,成都春熙店,智能穿戴,31,1333.02,0.014,40745.09,0,0
2024-03-29,成都春熙店,笔记本电脑,18,6650.12,0.014,118026.33,0,0
2024-03-29,成都春熙店,配件耗材,41,202.95,0.023,8129.57,0,0
2024-03-30,上海旗舰店,智能家居,56,906.39,0.027,49387.38,0,1
2024-03-30,上海旗舰店,智能手机,73,4095.09,0.032,289375.44,0,1
2024-03-30,上海旗舰店,智能穿戴,48,1311.13,0.042,60291.0,0,1
2024-03-30,上海旗舰店,笔记本电脑,27,6638.26,0.029,174035.26,0,1
2024-03-30,上海旗舰店,配件耗材,92,201.38,0.015,18249.06,0,1
2024-03-30,北京中关村店,智能家居,51,913.44,0.001,46538.85,0,1
2024-03-30,北京中关村店,智能手机,56,4005.46,0.039,215557.84,0,1
2024-03-30,北京中关村店,智能穿戴,44,1323.7,0.025,56786.73,0,1
2024-03-30,北京中关村店,笔记本电脑,19,6599.18,0.013,123754.42,0,1
2024-03-30,北京中关村店,配件耗材,81,197.69,0.017,15740.67,0,1
2024-03-30,广州天河店,智能家居,36,910.71,0.037,31572.49,0,1
2024-03-30,广州天河店,智能手机,53,4023.76,0.016,209847.13,0,1
2024-03-30,广州天河店,智能穿戴,25,1305.0,0.025,31809.38,0,1
2024-03-30,广州天河店,笔记本电脑,24,6527.23,0.039,150544.03,0,1
2024-03-30,广州天河店,配件耗材,76,199.65,0.027,14763.72,0,1
2024-03-30,成都春熙店,智能家居,23,910.2,0.008,20767.12,0,1
2024-03-30,成都春熙店,智能手机,37,4058.68,0.001,150020.99,0,1
2024-03-30,成都春熙店,智能穿戴,28,1298.87,0.04,34913.63,0,1
2024-03-30,成都春熙店,笔记本电脑,19,6627.93,0.094,114093.19,1,1
2024-03-30,成都春熙店,配件耗材,38,199.72,0.015,7475.52,0,1
2024-03-31,上海旗舰店,智能家居,52,921.0,0.023,46790.48,0,1
2024-03-31,上海旗舰店,智能手机,76,4087.24,0.029,301621.96,0,1
2024-03-31,上海旗舰店,智能穿戴,64,1329.23,0.01,84220.01,0,1
2024-03-31,上海旗舰店,笔记本电脑,26,6515.05,0.01,167697.39,0,1
2024-03-31,上海旗舰店,配件耗材,69,201.78,0.001,13908.9,0,1
2024-03-31,北京中关村店,智能家居,47,921.85,0.031,41983.81,0,1
2024-03-31,北京中关村店,智能手机,54,4011.08,0.008,214865.53,0,1
2024-03-31,北京中关村店,智能穿戴,40,1316.35,0.016,51811.54,0,1
2024-03-31,北京中关村店,笔记本电脑,27,6568.38,0.034,171316.49,0,1
2024-03-31,北京中关村店,配件耗材,89,201.31,0.037,17253.68,0,1
2024-03-31,广州天河店,智能家居,47,910.84,0.031,41482.39,0,1
2024-03-31,广州天河店,智能手机,56,4116.39,0.022,225446.45,0,1
2024-03-31,广州天河店,智能穿戴,33,1311.94,0.026,42168.38,0,1
2024-03-31,广州天河店,笔记本电脑,26,6515.81,0.045,161787.56,0,1
2024-03-31,广州天河店,配件耗材,66,202.48,0.013,13189.95,0,1
2024-03-31,成都春熙店,智能家居,19,901.1,0.017,16829.84,0,1
2024-03-31,成都春熙店,智能手机,38,4029.69,0.001,152975.09,0,1
2024-03-31,成都春熙店,智能穿戴,23,1292.82,0.004,29615.92,0,1
2024-03-31,成都春熙店,笔记本电脑,18,6599.09,0.047,113200.79,0,1
2024-03-31,成都春熙店,配件耗材,59,201.42,0.033,11491.62,0,1
2024-04-01,上海旗舰店,智能家居,35,905.46,0.05,30106.55,0,0
2024-04-01,上海旗舰店,智能手机,63,4126.63,0.025,253478.25,0,0
2024-04-01,上海旗舰店,智能穿戴,45,1355.51,0.002,60875.95,0,0
2024-04-01,上海旗舰店,笔记本电脑,17,6559.63,0.032,107945.27,0,0
2024-04-01,上海旗舰店,配件耗材,76,198.86,0.016,14871.55,0,0
2024-04-01,北京中关村店,智能家居,28,887.51,0.006,24701.18,0,0
2024-04-01,北京中关村店,智能手机,54,4048.71,0.049,207917.45,0,0
2024-04-01,北京中关村店,智能穿戴,31,1328.01,0.01,40756.63,0,0
2024-04-01,北京中关村店,笔记本电脑,30,6513.62,0.114,173132.02,1,0
2024-04-01,北京中关村店,配件耗材,83,202.54,0.104,15062.49,1,0
2024-04-01,广州天河店,智能家居,29,912.48,0.027,25747.45,0,0
2024-04-01,广州天河店,智能手机,49,3997.52,0.022,191569.15,0,0
2024-04-01,广州天河店,智能穿戴,33,1290.97,0.02,41749.97,0,0
2024-04-01,广州天河店,笔记本电脑,28,6626.79,0.15,157717.6,1,0
2024-04-01,广州天河店,配件耗材,110,200.09,0.122,19324.69,1,0
2024-04-01,成都春熙店,智能家居,25,915.65,0.015,22547.88,0,0
2024-04-01,成都春熙店,智能手机,29,4051.22,0.01,116310.53,0,0
2024-04-01,成都春熙店,智能穿戴,19,1307.21,0.05,23595.14,0,0
2024-04-01,成都春熙店,笔记本电脑,14,6535.61,0.039,87930.1,0,0
2024-04-01,成都春熙店,配件耗材,50,201.22,0.028,9779.29,0,0
2024-04-02,上海旗舰店,智能家居,61,913.48,0.113,49425.66,1,0
2024-04-02,上海旗舰店,智能手机,67,4056.62,0.014,267988.43,0,0
2024-04-02,上海旗舰店,智能穿戴,40,1303.49,0.001,52087.46,0,0
2024-04-02,上海旗舰店,笔记本电脑,19,6399.11,0.023,118786.68,0,0
2024-04-02,上海旗舰店,配件耗材,65,204.71,0.044,12720.68,0,0
2024-04-02,北京中关村店,智能家居,33,921.26,0.042,29124.71,0,0
2024-04-02,北京中关村店,智能手机,50,3965.07,0.022,193891.92,0,0
2024-04-02,北京中关村店,智能穿戴,29,1293.72,0.005,37330.29,0,0
2024-04-02,北京中关村店,笔记本电脑,22,6412.75,0.04,135437.28,0,0
2024-04-02,北京中关村店,配件耗材,75,205.12,0.017,15122.47,0,0
2024-04-02,广州天河店,智能家居,29,914.4,0.035,25589.48,0,0
2024-04-02,广州天河店,智能手机,41,4029.59,0.012,163230.63,0,0
2024-04-02,广州天河店,智能穿戴,30,1303.54,0.014,38558.71,0,0
2024-04-02,广州天河店,笔记本电脑,17,6543.08,0.014,109675.11,0,0
2024-04-02,广州天河店,配件耗材,70,201.11,0.026,13711.68,0,0
2024-04-02,成都春熙店,智能家居,19,913.63,0.046,16560.46,0,0
2024-04-02,成都春熙店,智能手机,51,4041.57,0.046,196638.55,0,0
2024-04-02,成都春熙店,智能穿戴,29,1288.93,0.03,36257.6,0,0
2024-04-02,成都春熙店,笔记本电脑,16,6600.95,0.0,105615.2,0,0
2024-04-02,成都春熙店,配件耗材,46,200.81,0.048,8793.87,0,0
2024-04-03,上海旗舰店,智能家居,34,886.05,0.038,28980.92,0,0
2024-04-03,上海旗舰店,智能手机,54,3959.81,0.021,209339.32,0,0
2024-04-03,上海旗舰店,智能穿戴,59,1303.7,0.067,71764.77,1,0
2024-04-03,上海旗舰店,笔记本电脑,22,6628.08,0.039,140130.87,0,0
2024-04-03,上海旗舰店,配件耗材,85,199.63,0.04,16289.81,0,0
2024-04-03,北京中关村店,智能家居,34,914.69,0.047,29637.79,0,0
2024-04-03,北京中关村店,智能手机,52,4067.98,0.01,209419.61,0,0
2024-04-03,北京中关村店,智能穿戴,42,1324.83,0.015,54808.22,0,0
2024-04-03,北京中关村店,笔记本电脑,24,6498.94,0.04,149735.58,0,0
2024-04-03,北京中关村店,配件耗材,75,201.32,0.038,14525.24,0,0
2024-04-03,广州天河店,智能家居,34,902.04,0.142,26314.31,1,0
2024-04-03,广州天河店,智能手机,72,4008.43,0.163,241564.03,1,0
2024-04-03,广州天河店,智能穿戴,39,1293.0,0.046,48107.36,0,0
2024-04-03,广州天河店,笔记本电脑,19,6500.93,0.038,118824.0,0,0
2024-04-03,广州天河店,配件耗材,74,201.39,0.13,12965.49,1,0
2024-04-03,成都春熙店,智能家居,23,909.23,0.005,20807.73,0,0
2024-04-03,成都春熙店,智能手机,29,4041.44,0.049,111458.87,0,0
2024-04-03,成都春熙店,智能穿戴,40,1316.66,0.015,51876.4,0,0
2024-04-03,成都春熙店,笔记本电脑,18,6557.85,0.024,115208.31,0,0
2024-04-03,成都春熙店,配件耗材,40,202.85,0.009,8040.97,0,0
2024-04-04,上海旗舰店,智能家居,56,897.83,0.039,48317.62,0,0
2024-04-04,上海旗舰店,智能手机,59,4088.84,0.002,240759.08,0,0
2024-04-04,上海旗舰店,智能穿戴,48,1303.31,0.032,60557.0,0,0
2024-04-04,上海旗舰店,笔记本电脑,27,6518.53,0.045,168080.3,0,0
2024-04-04,上海旗舰店,配件耗材,80,200.32,0.008,15897.4,0,0
2024-04-04,北京中关村店,智能家居,36,904.51,0.044,31129.62,0,0
2024-04-04,北京中关村店,智能手机,106,4142.5,0.029,426370.96,0,0
2024-04-04,北京中关村店,智能穿戴,40,1300.11,0.016,51172.33,0,0
2024-04-04,北京中关村店,笔记本电脑,25,6542.9,0.007,162427.49,0,0
2024-04-04,北京中关村店,配件耗材,106,201.35,0.031,20681.46,0,0
2024-04-04,广州天河店,智能家居,33,907.19,0.015,29488.21,0,0
2024-04-04,广州天河店,智能手机,61,4057.51,0.038,238102.8,0,0
2024-04-04,广州天河店,智能穿戴,38,1316.06,0.047,47659.8,0,0
2024-04-04,广州天河店,笔记本电脑,19,6573.46,0.003,124521.05,0,0
2024-04-04,广州天河店,配件耗材,60,201.85,0.032,11723.45,0,0
2024-04-04,成都春熙店,智能家居,28,918.19,0.018,25246.55,0,0
2024-04-04,成都春熙店,智能手机,38,4002.9,0.03,147546.89,0,0
2024-04-04,成都春熙店,智能穿戴,25,1324.88,0.016,32592.05,0,0
2024-04-04,成都春熙店,笔记本电脑,16,6676.94,0.029,103732.94,0,0
2024-04-04,成都春熙店,配件耗材,51,198.82,0.038,9754.51,0,0
2024-04-05,上海旗舰店,智能家居,45,906.18,0.012,40288.76,0,0
2024-04-05,上海旗舰店,智能手机,61,4052.08,0.028,240255.93,0,0
2024-04-05,上海旗舰店,智能穿戴,41,1324.56,0.001,54252.65,0,0
2024-04-05,上海旗舰店,笔记本电脑,27,6577.14,0.046,169413.97,0,0
2024-04-05,上海旗舰店,配件耗材,96,200.79,0.036,18581.91,0,0
2024-04-05,北京中关村店,智能家居,53,917.15,0.113,43116.14,1,0
2024-04-05,北京中关村店,智能手机,77,4023.58,0.115,274186.86,1,0
2024-04-05,北京中关村店,智能穿戴,40,1311.13,0.025,51134.07,0,0
2024-04-05,北京中关村店,笔记本电脑,29,6642.11,0.022,188383.52,0,0
2024-04-05,北京中关村店,配件耗材,89,202.08,0.018,17661.39,0,0
2024-04-05,广州天河店,智能家居,35,903.02,0.003,31510.88,0,0
2024-04-05,广州天河店,智能手机,58,4064.31,0.035,227479.43,0,0
2024-04-05,广州天河店,智能穿戴,31,1297.89,0.032,38947.08,0,0
2024-04-05,广州天河店,笔记本电脑,34,6638.76,0.015,222332.07,0,0
2024-04-05,广州天河店,配件耗材,70,200.96,0.02,13785.86,0,0
2024-04-05,成都春熙店,智能家居,26,893.56,0.033,22465.89,0,0
2024-04-05,成都春熙店,智能手机,33,4082.81,0.02,132038.08,0,0
2024-04-05,成都春熙店,智能穿戴,45,1325.03,0.134,51636.42,1,0
2024-04-05,成都春熙店,笔记本电脑,17,6607.4,0.009,111314.87,0,0
2024-04-05,成都春熙店,配件耗材,60,202.33,0.014,11969.84,0,0
2024-04-06,上海旗舰店,智能家居,44,894.75,0.019,38620.99,0,1
2024-04-06,上海旗舰店,智能手机,82,4045.32,0.039,318779.31,0,1
2024-04-06,上海旗舰店,智能穿戴,61,1322.55,0.015,79465.42,0,1
2024-04-06,上海旗舰店,笔记本电脑,40,6610.05,0.139,227650.12,1,1
2024-04-06,上海旗舰店,配件耗材,116,197.8,0.009,22738.3,0,1
2024-04-06,北京中关村店,智能家居,55,881.64,0.064,45386.83,1,1
2024-04-06,北京中关村店,智能手机,69,4040.63,0.03,270439.37,0,1
2024-04-06,北京中关村店,智能穿戴,61,1326.25,0.173,66905.33,1,1
2024-04-06,北京中关村店,笔记本电脑,28,6572.42,0.024,179611.09,0,1
2024-04-06,北京中关村店,配件耗材,73,200.78,0.031,14202.57,0,1
2024-04-06,广州天河店,智能家居,41,903.99,0.037,35692.24,0,1
2024-04-06,广州天河店,智能手机,71,4028.57,0.003,285170.38,0,1
2024-04-06,广州天河店,智能穿戴,38,1333.79,0.037,48808.71,0,1
2024-04-06,广州天河店,笔记本电脑,29,6619.67,0.044,183523.73,0,1
2024-04-06,广州天河店,配件耗材,120,202.18,0.104,21738.39,1,1
2024-04-06,成都春熙店,智能家居,34,901.68,0.002,30595.81,0,1
2024-04-06,成都春熙店,智能手机,46,4059.77,0.019,183201.18,0,1
2024-04-06,成都春熙店,智能穿戴,30,1320.29,0.016,38974.96,0,1
2024-04-06,成都春熙店,笔记本电脑,20,6557.49,0.001,131018.65,0,1
2024-04-06,成都春熙店,配件耗材,55,201.09,0.047,10540.13,0,1
2024-04-07,上海旗舰店,智能家居,45,900.55,0.006,40281.6,0,1
2024-04-07,上海旗舰店,智能手机,82,4069.04,0.026,324986.09,0,1
2024-04-07,上海旗舰店,智能穿戴,36,1315.32,0.046,45173.35,0,1
2024-04-07,上海旗舰店,笔记本电脑,25,6585.89,0.014,162342.19,0,1
2024-04-07,上海旗舰店,配件耗材,93,204.91,0.006,18942.29,0,1
2024-04-07,北京中关村店,智能家居,31,917.87,0.004,28340.15,0,1
2024-04-07,北京中关村店,智能手机,63,4052.44,0.023,249431.73,0,1
2024-04-07,北京中关村店,智能穿戴,36,1336.44,0.033,46524.15,0,1
2024-04-07,北京中关村店,笔记本电脑,24,6650.88,0.047,152118.93,0,1
2024-04-07,北京中关村店,配件耗材,82,204.63,0.049,15957.46,0,1
2024-04-07,广州天河店,智能家居,44,908.69,0.039,38423.05,0,1
2024-04-07,广州天河店,智能手机,56,4084.07,0.009,226649.55,0,1
2024-04-07,广州天河店,智能穿戴,30,1289.35,0.024,37752.17,0,1
2024-04-07,广州天河店,笔记本电脑,29,6611.45,0.034,185213.16,0,1
2024-04-07,广州天河店,配件耗材,57,200.93,0.039,11006.34,0,1
2024-04-07,成都春熙店,智能家居,32,907.35,0.015,28599.67,0,1
2024-04-07,成都春熙店,智能手机,44,4056.16,0.037,171867.61,0,1
2024-04-07,成都春熙店,智能穿戴,32,1332.69,0.003,42518.14,0,1
2024-04-07,成都春熙店,笔记本电脑,16,6488.73,0.042,99459.25,0,1
2024-04-07,成都春熙店,配件耗材,70,202.45,0.04,13604.64,0,1
2024-04-08,上海旗舰店,智能家居,43,909.31,0.032,37849.12,0,0
2024-04-08,上海旗舰店,智能手机,55,4011.57,0.026,214899.8,0,0
2024-04-08,上海旗舰店,智能穿戴,38,1302.38,0.029,48055.22,0,0
2024-04-08,上海旗舰店,笔记本电脑,22,6416.39,0.005,140454.78,0,0
2024-04-08,上海旗舰店,配件耗材,75,200.95,0.034,14558.83,0,0
2024-04-08,北京中关村店,智能家居,36,916.64,0.01,32669.05,0,0
2024-04-08,北京中关村店,智能手机,53,4033.47,0.047,203726.54,0,0
2024-04-08,北京中关村店,智能穿戴,41,1324.99,0.018,53346.75,0,0
2024-04-08,北京中关村店,笔记本电脑,22,6567.77,0.033,139722.74,0,0
2024-04-08,北京中关村店,配件耗材,92,203.76,0.039,18014.83,0,0
2024-04-08,广州天河店,智能家居,33,895.47,0.012,29195.9,0,0
2024-04-08,广州天河店,智能手机,53,4043.26,0.107,191363.45,1,0
2024-04-08,广州天河店,智能穿戴,30,1300.66,0.048,37146.85,0,0
2024-04-08,广州天河店,笔记本电脑,20,6567.97,0.006,130571.24,0,0
2024-04-08,广州天河店,配件耗材,104,200.97,0.159,17577.64,1,0
2024-04-08,成都春熙店,智能家居,19,924.11,0.013,17329.83,0,0
2024-04-08,成都春熙店,智能手机,32,4046.57,0.013,127806.87,0,0
2024-04-08,成都春熙店,智能穿戴,24,1324.32,0.025,30989.09,0,0
2024-04-08,成都春熙店,笔记本电脑,15,6608.52,0.026,96550.48,0,0
2024-04-08,成都春熙店,配件耗材,44,200.95,0.046,8435.08,0,0
2024-04-09,上海旗舰店,智能家居,56,901.46,0.144,43212.39,1,0
2024-04-09,上海旗舰店,智能手机,64,4061.34,0.006,258366.21,0,0
2024-04-09,上海旗舰店,智能穿戴,53,1304.93,0.031,67017.29,0,0
2024-04-09,上海旗舰店,笔记本电脑,23,6612.94,0.037,146470.01,0,0
2024-04-09,上海旗舰店,配件耗材,66,198.13,0.03,12684.28,0,0
2024-04-09,北京中关村店,智能家居,45,902.86,0.087,37094.0,1,0
2024-04-09,北京中关村店,智能手机,54,4073.66,0.029,213598.29,0,0
2024-04-09,北京中关村店,智能穿戴,35,1312.74,0.048,43740.5,0,0
2024-04-09,北京中关村店,笔记本电脑,21,6656.13,0.046,133348.91,0,0
2024-04-09,北京中关村店,配件耗材,86,205.21,0.186,14365.52,1,0
2024-04-09,广州天河店,智能家居,79,902.65,0.025,69526.62,0,0
2024-04-09,广州天河店,智能手机,42,4029.85,0.013,167053.4,0,0
2024-04-09,广州天河店,智能穿戴,52,1295.57,0.021,65954.88,0,0
2024-04-09,广州天河店,笔记本电脑,18,6537.64,0.004,117206.81,0,0
2024-04-09,广州天河店,配件耗材,62,203.74,0.013,12467.67,0,0
2024-04-09,成都春熙店,智能家居,22,907.32,0.041,19142.64,0,0
2024-04-09,成都春熙店,智能手机,47,4085.05,0.075,177597.55,1,0
2024-04-09,成都春熙店,智能穿戴,25,1330.41,0.022,32528.52,0,0
2024-04-09,成都春熙店,笔记本电脑,32,6443.24,0.024,201235.27,0,0
2024-04-09,成都春熙店,配件耗材,42,201.35,0.028,8219.91,0,0
2024-04-10,上海旗舰店,智能家居,40,927.11,0.017,36453.97,0,0
2024-04-10,上海旗舰店,智能手机,58,3972.87,0.017,226509.21,0,0
2024-04-10,上海旗舰店,智能穿戴,51,1296.24,0.031,64058.88,0,0
2024-04-10,上海旗舰店,笔记本电脑,21,6651.11,0.01,138276.58,0,0
2024-04-10,上海旗舰店,配件耗材,78,198.95,0.027,15099.11,0,0
2024-04-10,北京中关村店,智能家居,33,898.01,0.034,28626.76,0,0
2024-04-10,北京中关村店,智能手机,53,3987.51,0.029,205209.23,0,0
2024-04-10,北京中关村店,智能穿戴,36,1305.97,0.047,44805.22,0,0
2024-04-10,北京中关村店,笔记本电脑,21,6548.48,0.037,132429.91,0,0
2024-04-10,北京中关村店,配件耗材,114,200.08,0.117,20140.45,1,0
2024-04-10,广州天河店,智能家居,28,912.04,0.021,25000.84,0,0
2024-04-10,广州天河店,智能手机,44,4080.81,0.016,176682.75,0,0
2024-04-10,广州天河店,智能穿戴,39,1321.9,0.035,49749.71,0,0
2024-04-10,广州天河店,笔记本电脑,22,6593.83,0.047,138246.24,0,0
2024-04-10,广州天河店,配件耗材,67,204.12,0.019,13416.2,0,0
2024-04-10,成都春熙店,智能家居,27,900.16,0.021,23793.93,0,0
2024-04-10,成都春熙店,智能手机,37,4055.25,0.017,147493.5,0,0
2024-04-10,成都春熙店,智能穿戴,36,1310.02,0.075,43623.67,1,0
2024-04-10,成都春熙店,笔记本电脑,13,6595.25,0.039,82394.46,0,0
2024-04-10,成都春熙店,配件耗材,37,199.53,0.046,7043.01,0,0
2024-04-11,上海旗舰店,智能家居,36,916.34,0.017,32427.44,0,0
2024-04-11,上海旗舰店,智能手机,68,4083.7,0.192,224374.81,1,0
2024-04-11,上海旗舰店,智能穿戴,49,1310.52,0.007,63765.97,0,0
2024-04-11,上海旗舰店,笔记本电脑,22,6625.96,0.028,141689.53,0,0
2024-04-11,上海旗舰店,配件耗材,72,202.8,0.03,14163.55,0,0
2024-04-11,北京中关村店,智能家居,36,900.95,0.023,31688.21,0,0
2024-04-11,北京中关村店,智能手机,50,4102.36,0.015,202041.23,0,0
2024-04-11,北京中关村店,智能穿戴,37,1307.73,0.038,46547.34,0,0
2024-04-11,北京中关村店,笔记本电脑,42,6678.25,0.103,251596.39,1,0
2024-04-11,北京中关村店,配件耗材,78,199.9,0.006,15498.65,0,0
2024-04-11,广州天河店,智能家居,33,919.19,0.027,29514.27,0,0
2024-04-11,广州天河店,智能手机,47,4033.09,0.02,185764.13,0,0
2024-04-11,广州天河店,智能穿戴,29,1337.77,0.006,38562.56,0,0
2024-04-11,广州天河店,笔记本电脑,18,6629.62,0.046,113843.83,0,0
2024-04-11,广州天河店,配件耗材,57,200.87,0.005,11392.34,0,0
2024-04-11,成都春熙店,智能家居,23,911.12,0.007,20809.07,0,0
2024-04-11,成都春熙店,智能手机,33,4082.53,0.006,133915.15,0,0
2024-04-11,成都春熙店,智能穿戴,34,1310.75,0.024,43495.93,0,0
2024-04-11,成都春熙店,笔记本电脑,19,6502.91,0.01,122319.74,0,0
2024-04-11,成都春熙店,配件耗材,52,201.41,0.002,10452.37,0,0
2024-04-12,上海旗舰店,智能家居,34,914.79,0.01,30791.83,0,0
2024-04-12,上海旗舰店,智能手机,44,4145.92,0.006,181325.96,0,0
2024-04-12,上海旗舰店,智能穿戴,58,1300.64,0.044,72117.89,0,0
2024-04-12,上海旗舰店,笔记本电脑,27,6645.0,0.034,173314.89,0,0
2024-04-12,上海旗舰店,配件耗材,76,201.12,0.014,15071.13,0,0
2024-04-12,北京中关村店,智能家居,38,910.42,0.036,33350.51,0,0
2024-04-12,北京中关村店,智能手机,57,4044.04,0.033,222903.44,0,0
2024-04-12,北京中关村店,智能穿戴,35,1308.63,0.032,44336.38,0,0
2024-04-12,北京中关村店,笔记本电脑,21,6508.22,0.033,132162.42,0,0
2024-04-12,北京中关村店,配件耗材,80,202.63,0.002,16177.98,0,0
2024-04-12,广州天河店,智能家居,35,910.55,0.032,30849.43,0,0
2024-04-12,广州天河店,智能手机,58,4024.79,0.031,226201.25,0,0
2024-04-12,广州天河店,智能穿戴,37,1310.57,0.042,46454.46,0,0
2024-04-12,广州天河店,笔记本电脑,19,6660.51,0.0,126549.69,0,0
2024-04-12,广州天河店,配件耗材,71,203.89,0.022,14157.71,0,0
2024-04-12,成都春熙店,智能家居,21,915.92,0.035,18561.12,0,0
2024-04-12,成都春熙店,智能手机,43,4039.88,0.004,173019.98,0,0
2024-04-12,成都春熙店,智能穿戴,31,1322.46,0.005,40791.28,0,0
2024-04-12,成都春熙店,笔记本电脑,18,6661.93,0.019,117636.36,0,0
2024-04-12,成都春熙店,配件耗材,40,203.11,0.027,7905.04,0,0
2024-04-13,上海旗舰店,智能家居,40,899.67,0.026,35051.14,0,1
2024-04-13,上海旗舰店,智能手机,76,4036.39,0.016,301857.39,0,1
2024-04-13,上海旗舰店,智能穿戴,47,1334.87,0.02,61484.11,0,1
2024-04-13,上海旗舰店,笔记本电脑,24,6528.9,0.011,154969.97,0,1
2024-04-13,上海旗舰店,配件耗材,90,198.99,0.034,17300.19,0,1
2024-04-13,北京中关村店,智能家居,36,899.9,0.009,32104.83,0,1
2024-04-13,北京中关村店,智能手机,67,4064.63,0.01,269606.91,0,1
2024-04-13,北京中关村店,智能穿戴,38,1306.1,0.029,48192.48,0,1
2024-04-13,北京中关村店,笔记本电脑,27,6615.35,0.024,174327.7,0,1
2024-04-13,北京中关村店,配件耗材,79,202.94,0.021,15695.58,0,1
2024-04-13,广州天河店,智能家居,34,907.47,0.043,29527.26,0,1
2024-04-13,广州天河店,智能手机,63,4030.87,0.045,242517.29,0,1
2024-04-13,广州天河店,智能穿戴,43,1316.0,0.046,53984.95,0,1
2024-04-13,广州天河店,笔记本电脑,28,6526.24,0.039,175608.07,0,1
2024-04-13,广州天河店,配件耗材,74,202.02,0.002,14919.58,0,1
2024-04-13,成都春熙店,智能家居,27,914.46,0.024,24097.85,0,1
2024-04-13,成都春熙店,智能手机,47,4056.42,0.022,186457.4,0,1
2024-04-13,成都春熙店,智能穿戴,30,1294.81,0.004,38688.92,0,1
2024-04-13,成都春熙店,笔记本电脑,24,6502.99,0.095,141244.94,1,1
2024-04-13,成都春熙店,配件耗材,44,201.25,0.048,8429.96,0,1
2024-04-14,上海旗舰店,智能家居,40,901.72,0.039,34662.12,0,1
2024-04-14,上海旗舰店,智能手机,76,4075.97,0.001,309463.95,0,1
2024-04-14,上海旗舰店,智能穿戴,96,1307.34,0.009,124375.1,0,1
2024-04-14,上海旗舰店,笔记本电脑,23,6671.1,0.013,151440.64,0,1
2024-04-14,上海旗舰店,配件耗材,104,198.84,0.159,17391.34,1,1
2024-04-14,北京中关村店,智能家居,29,892.18,0.048,24631.31,0,1
2024-04-14,北京中关村店,智能手机,68,4058.74,0.036,266058.52,0,1
2024-04-14,北京中关村店,智能穿戴,46,1306.59,0.044,57458.6,0,1
2024-04-14,北京中关村店,笔记本电脑,28,6516.68,0.048,173708.62,0,1
2024-04-14,北京中关村店,配件耗材,66,203.32,0.004,13365.44,0,1
2024-04-14,广州天河店,智能家居,41,909.34,0.003,37171.09,0,1
2024-04-14,广州天河店,智能手机,45,4057.29,0.013,180204.54,0,1
2024-04-14,广州天河店,智能穿戴,33,1330.02,0.018,43100.63,0,1
2024-04-14,广州天河店,笔记本电脑,29,6563.43,0.006,189197.43,0,1
2024-04-14,广州天河店,配件耗材,68,202.79,0.001,13775.93,0,1
2024-04-14,成都春熙店,智能家居,28,922.48,0.03,25054.56,0,1
2024-04-14,成都春熙店,智能手机,53,4050.09,0.196,172582.44,1,1
2024-04-14,成都春熙店,智能穿戴,24,1317.88,0.005,31470.97,0,1
2024-04-14,成都春熙店,笔记本电脑,34,6588.52,0.01,221769.58,0,1
2024-04-14,成都春熙店,配件耗材,46,200.5,0.046,8798.74,0,1
2024-04-15,上海旗舰店,智能家居,39,904.65,0.004,35140.22,0,0
2024-04-15,上海旗舰店,智能手机,75,4013.44,0.042,288365.66,0,0
2024-04-15,上海旗舰店,智能穿戴,47,1312.38,0.004,61435.13,0,0
2024-04-15,上海旗舰店,笔记本电脑,24,6808.19,0.003,162906.37,0,0
2024-04-15,上海旗舰店,配件耗材,72,201.05,0.049,13766.3,0,0
2024-04-15,北京中关村店,智能家居,51,919.24,0.091,42615.05,1,0
2024-04-15,北京中关村店,智能手机,51,3999.1,0.005,202934.33,0,0
2024-04-15,北京中关村店,智能穿戴,28,1353.1,0.008,37583.71,0,0
2024-04-15,北京中关村店,笔记本电脑,18,6631.56,0.038,114832.09,0,0
2024-04-15,北京中关村店,配件耗材,84,201.37,0.001,16898.16,0,0
2024-04-15,广州天河店,智能家居,32,904.66,0.037,27878.0,0,0
2024-04-15,广州天河店,智能手机,54,3989.37,0.05,204654.68,0,0
2024-04-15,广州天河店,智能穿戴,38,1310.24,0.043,47648.19,0,0
2024-04-15,广州天河店,笔记本电脑,20,6596.22,0.002,131660.55,0,0
2024-04-15,广州天河店,配件耗材,57,200.38,0.012,11284.6,0,0
2024-04-15,成都春熙店,智能家居,22,915.04,0.045,19224.99,0,0
2024-04-15,成都春熙店,智能手机,46,4056.52,0.114,165327.53,1,0
2024-04-15,成都春熙店,智能穿戴,26,1307.79,0.014,33526.5,0,0
2024-04-15,成都春熙店,笔记本电脑,15,6528.21,0.042,93810.38,0,0
2024-04-15,成都春熙店,配件耗材,48,201.34,0.005,9616.0,0,0
2024-04-16,上海旗舰店,智能家居,49,915.02,0.029,43535.74,0,0
2024-04-16,上海旗舰店,智能手机,71,4108.79,0.007,289682.02,0,0
2024-04-16,上海旗舰店,智能穿戴,37,1306.46,0.011,47807.29,0,0
2024-04-16,上海旗舰店,笔记本电脑,27,6587.88,0.039,170935.72,0,0
2024-04-16,上海旗舰店,配件耗材,80,200.82,0.021,15728.22,0,0
2024-04-16,北京中关村店,智能家居,27,919.07,0.045,23698.22,0,0
2024-04-16,北京中关村店,智能手机,48,4071.62,0.014,192701.63,0,0
2024-04-16,北京中关村店,智能穿戴,34,1300.91,0.026,43080.94,0,0
2024-04-16,北京中关村店,笔记本电脑,19,6582.11,0.048,119057.21,0,0
2024-04-16,北京中关村店,配件耗材,77,200.71,0.023,15099.21,0,0
2024-04-16,广州天河店,智能家居,40,918.17,0.034,35478.09,0,0
2024-04-16,广州天河店,智能手机,42,4040.54,0.042,162575.17,0,0
2024-04-16,广州天河店,智能穿戴,42,1320.26,0.004,55229.12,0,0
2024-04-16,广州天河店,笔记本电脑,27,6684.7,0.002,180125.93,0,0
2024-04-16,广州天河店,配件耗材,98,203.5,0.147,17011.38,1,0
2024-04-16,成都春熙店,智能家居,23,910.01,0.048,19925.58,0,0
2024-04-16,成都春熙店,智能手机,44,4024.27,0.018,173880.66,0,0
2024-04-16,成都春熙店,智能穿戴,33,1325.37,0.039,42031.46,0,0
2024-04-16,成都春熙店,笔记本电脑,16,6608.0,0.021,103507.71,0,0
2024-04-16,成都春熙店,配件耗材,61,203.82,0.107,11102.69,1,0
2024-04-17,上海旗舰店,智能家居,34,921.2,0.026,30506.46,0,0
2024-04-17,上海旗舰店,智能手机,74,4012.23,0.022,290373.11,0,0
2024-04-17,上海旗舰店,智能穿戴,46,1315.51,0.034,58456.0,0,0
2024-04-17,上海旗舰店,笔记本电脑,19,6678.19,0.013,125236.1,0,0
2024-04-17,上海旗舰店,配件耗材,80,203.35,0.029,15796.23,0,0
2024-04-17,北京中关村店,智能家居,40,917.1,0.013,36207.11,0,0
2024-04-17,北京中关村店,智能手机,61,4089.05,0.029,242198.52,0,0
2024-04-17,北京中关村店,智能穿戴,35,1315.39,0.017,45255.99,0,0
2024-04-17,北京中关村店,笔记本电脑,30,6546.54,0.104,175971.0,1,0
2024-04-17,北京中关村店,配件耗材,83,199.33,0.027,16097.69,0,0
2024-04-17,广州天河店,智能家居,57,912.02,0.216,40756.35,1,0
2024-04-17,广州天河店,智能手机,53,4075.15,0.035,208423.55,0,0
2024-04-17,广州天河店,智能穿戴,37,1325.6,0.042,46987.22,0,0
2024-04-17,广州天河店,笔记本电脑,20,6619.44,0.005,131726.86,0,0
2024-04-17,广州天河店,配件耗材,70,201.54,0.006,14023.15,0,0
2024-04-17,成都春熙店,智能家居,17,908.92,0.006,15358.93,0,0
2024-04-17,成都春熙店,智能手机,32,4058.83,0.037,125076.91,0,0
2024-04-17,成都春熙店,智能穿戴,29,1329.23,0.044,36851.57,0,0
2024-04-17,成都春熙店,笔记本电脑,12,6530.08,0.034,75696.69,0,0
2024-04-17,成都春熙店,配件耗材,39,198.99,0.001,7752.85,0,0
2024-04-18,上海旗舰店,智能家居,40,898.03,0.017,35310.54,0,0
2024-04-18,上海旗舰店,智能手机,50,4029.0,0.002,201047.1,0,0
2024-04-18,上海旗舰店,智能穿戴,49,1308.71,0.021,62780.13,0,0
2024-04-18,上海旗舰店,笔记本电脑,22,6607.01,0.017,142883.2,0,0
2024-04-18,上海旗舰店,配件耗材,90,200.33,0.0,18029.7,0,0
2024-04-18,北京中关村店,智能家居,37,904.26,0.015,32955.76,0,0
2024-04-18,北京中关村店,智能手机,57,4103.73,0.0,233912.61,0,0
2024-04-18,北京中关村店,智能穿戴,42,1323.1,0.02,54458.8,0,0
2024-04-18,北京中关村店,笔记本电脑,24,6504.14,0.046,148918.79,0,0
2024-04-18,北京中关村店,配件耗材,80,203.41,0.033,15735.8,0,0
2024-04-18,广州天河店,智能家居,38,905.52,0.005,34237.71,0,0
2024-04-18,广州天河店,智能手机,70,4073.46,0.123,250069.71,1,0
2024-04-18,广州天河店,智能穿戴,33,1308.73,0.02,42324.33,0,0
2024-04-18,广州天河店,笔记本电脑,19,6497.92,0.007,122596.26,0,0
2024-04-18,广州天河店,配件耗材,97,200.14,0.203,15472.62,1,0
2024-04-18,成都春熙店,智能家居,23,908.9,0.045,19963.99,0,0
2024-04-18,成都春熙店,智能手机,36,4013.72,0.014,142471.01,0,0
2024-04-18,成都春熙店,智能穿戴,23,1296.82,0.032,28872.4,0,0
2024-04-18,成都春熙店,笔记本电脑,13,6521.51,0.004,84440.51,0,0
2024-04-18,成都春熙店,配件耗材,32,201.4,0.02,6315.9,0,0
2024-04-19,上海旗舰店,智能家居,45,914.97,0.021,40309.0,0,0
2024-04-19,上海旗舰店,智能手机,58,4017.83,0.025,227208.29,0,0
2024-04-19,上海旗舰店,智能穿戴,42,1322.3,0.044,53092.99,0,0
2024-04-19,上海旗舰店,笔记本电脑,27,6496.58,0.004,174706.03,0,0
2024-04-19,上海旗舰店,配件耗材,75,203.71,0.024,14911.57,0,0
2024-04-19,北京中关村店,智能家居,38,908.01,0.031,33434.74,0,0
2024-04-19,北京中关村店,智能手机,51,4107.08,0.016,206109.7,0,0
2024-04-19,北京中关村店,智能穿戴,46,1326.78,0.003,60848.78,0,0
2024-04-19,北京中关村店,笔记本电脑,22,6543.71,0.011,142378.04,0,0
2024-04-19,北京中关村店,配件耗材,93,199.81,0.011,18377.92,0,0
2024-04-19,广州天河店,智能家居,30,914.14,0.02,26875.72,0,0
2024-04-19,广州天河店,智能手机,50,4018.0,0.018,197283.8,0,0
2024-04-19,广州天河店,智能穿戴,34,1315.9,0.027,43532.6,0,0
2024-04-19,广州天河店,笔记本电脑,21,6590.47,0.04,132863.88,0,0
2024-04-19,广州天河店,配件耗材,58,202.42,0.035,11329.45,0,0
2024-04-19,成都春熙店,智能家居,23,933.37,0.033,20759.08,0,0
2024-04-19,成都春熙店,智能手机,43,4053.74,0.023,170301.67,0,0
2024-04-19,成都春熙店,智能穿戴,34,1313.79,0.115,39531.94,1,0
2024-04-19,成都春熙店,笔记本电脑,18,6626.78,0.004,118804.91,0,0
2024-04-19,成都春熙店,配件耗材,54,203.91,0.048,10482.61,0,0
2024-04-20,上海旗舰店,智能家居,50,920.69,0.035,44423.29,0,1
2024-04-20,上海旗舰店,智能手机,70,4060.03,0.032,275107.63,0,1
2024-04-20,上海旗舰店,智能穿戴,57,1319.38,0.013,74227.0,0,1
2024-04-20,上海旗舰店,笔记本电脑,27,6509.88,0.048,167329.96,0,1
2024-04-20,上海旗舰店,配件耗材,101,202.47,0.04,19631.49,0,1
2024-04-20,北京中关村店,智能家居,36,920.41,0.047,31577.43,0,1
2024-04-20,北京中关村店,智能手机,71,4057.82,0.019,282631.22,0,1
2024-04-20,北京中关村店,智能穿戴,55,1319.47,0.018,71264.57,0,1
2024-04-20,北京中关村店,笔记本电脑,25,6584.53,0.011,162802.5,0,1
2024-04-20,北京中关村店,配件耗材,80,202.23,0.0,16178.4,0,1
2024-04-20,广州天河店,智能家居,45,898.36,0.02,39617.68,0,1
2024-04-20,广州天河店,智能手机,62,4071.38,0.001,252173.13,0,1
2024-04-20,广州天河店,智能穿戴,38,1310.44,0.021,48750.99,0,1
2024-04-20,广州天河店,笔记本电脑,23,6587.5,0.029,147118.64,0,1
2024-04-20,广州天河店,配件耗材,72,199.39,0.017,14112.03,0,1
2024-04-20,成都春熙店,智能家居,32,909.21,0.004,28978.34,0,1
2024-04-20,成都春熙店,智能手机,37,4017.52,0.032,143891.5,0,1
2024-04-20,成都春熙店,智能穿戴,26,1316.98,0.041,32837.58,0,1
2024-04-20,成都春熙店,笔记本电脑,22,6539.47,0.039,138257.47,0,1
2024-04-20,成都春熙店,配件耗材,48,199.36,0.026,9320.48,0,1
2024-04-21,上海旗舰店,智能家居,45,910.28,0.032,39651.8,0,1
2024-04-21,上海旗舰店,智能手机,75,4074.82,0.027,297359.99,0,1
2024-04-21,上海旗舰店,智能穿戴,47,1330.24,0.035,60333.04,0,1
2024-04-21,上海旗舰店,笔记本电脑,28,6625.54,0.026,180691.73,0,1
2024-04-21,上海旗舰店,配件耗材,76,203.52,0.003,15421.12,0,1
2024-04-21,北京中关村店,智能家居,43,907.29,0.038,37530.96,0,1
2024-04-21,北京中关村店,智能手机,56,4023.84,0.026,219476.33,0,1
2024-04-21,北京中关村店,智能穿戴,37,1309.5,0.043,46368.09,0,1
2024-04-21,北京中关村店,笔记本电脑,29,6446.71,0.021,183028.54,0,1
2024-04-21,北京中关村店,配件耗材,142,203.71,0.15,24587.8,1,1
2024-04-21,广州天河店,智能家居,34,907.24,0.025,30075.01,0,1
2024-04-21,广州天河店,智能手机,61,4046.02,0.007,245079.57,0,1
2024-04-21,广州天河店,智能穿戴,63,1317.54,0.146,70886.29,1,1
2024-04-21,广州天河店,笔记本电脑,21,6660.45,0.012,138191.02,0,1
2024-04-21,广州天河店,配件耗材,72,201.79,0.018,14267.36,0,1
2024-04-21,成都春熙店,智能家居,29,901.26,0.002,26084.27,0,1
2024-04-21,成都春熙店,智能手机,98,4025.33,0.008,391326.48,0,1
2024-04-21,成都春熙店,智能穿戴,31,1326.12,0.033,39753.1,0,1
2024-04-21,成都春熙店,笔记本电脑,18,6527.76,0.019,115267.19,0,1
2024-04-21,成都春熙店,配件耗材,60,200.28,0.04,11536.13,0,1
2024-04-22,上海旗舰店,智能家居,48,895.76,0.015,42351.53,0,0
2024-04-22,上海旗舰店,智能手机,60,4022.21,0.043,230955.3,0,0
2024-04-22,上海旗舰店,智能穿戴,63,1315.61,0.042,79402.33,0,0
2024-04-22,上海旗舰店,笔记本电脑,21,6515.81,0.05,129990.41,0,0
2024-04-22,上海旗舰店,配件耗材,82,205.41,0.048,16035.13,0,0
2024-04-22,北京中关村店,智能家居,36,910.21,0.011,32407.12,0,0
2024-04-22,北京中关村店,智能手机,55,4103.84,0.008,223905.51,0,0
2024-04-22,北京中关村店,智能穿戴,57,1310.08,0.129,65041.54,1,0
2024-04-22,北京中关村店,笔记本电脑,22,6530.32,0.041,137776.69,0,0
2024-04-22,北京中关村店,配件耗材,81,200.79,0.007,16150.14,0,0
2024-04-22,广州天河店,智能家居,32,891.4,0.027,27754.63,0,0
2024-04-22,广州天河店,智能手机,52,3979.28,0.011,204646.41,0,0
2024-04-22,广州天河店,智能穿戴,46,1316.9,0.017,59547.58,0,0
2024-04-22,广州天河店,笔记本电脑,19,6613.15,0.043,120246.91,0,0
2024-04-22,广州天河店,配件耗材,63,203.33,0.03,12425.5,0,0
2024-04-22,成都春熙店,智能家居,22,911.85,0.009,19880.15,0,0
2024-04-22,成都春熙店,智能手机,49,4081.68,0.016,196802.28,0,0
2024-04-22,成都春熙店,智能穿戴,33,1307.35,0.032,41761.99,0,0
2024-04-22,成都春熙店,笔记本电脑,19,6748.17,0.027,124753.42,0,0
2024-04-22,成都春熙店,配件耗材,56,203.85,0.022,11164.46,0,0
2024-04-23,上海旗舰店,智能家居,36,920.3,0.023,32368.79,0,0
2024-04-23,上海旗舰店,智能手机,53,4066.78,0.017,211875.17,0,0
2024-04-23,上海旗舰店,智能穿戴,43,1313.52,0.026,55012.84,0,0
2024-04-23,上海旗舰店,笔记本电脑,24,6535.37,0.002,156535.18,0,0
2024-04-23,上海旗舰店,配件耗材,79,198.87,0.014,15490.78,0,0
2024-04-23,北京中关村店,智能家居,49,910.49,0.145,38144.98,1,0
2024-04-23,北京中关村店,智能手机,65,4090.95,0.12,234002.34,1,0
2024-04-23,北京中关村店,智能穿戴,34,1325.08,0.039,43295.66,0,0
2024-04-23,北京中关村店,笔记本电脑,23,6580.17,0.004,150738.53,0,0
2024-04-23,北京中关村店,配件耗材,61,199.69,0.011,12047.1,0,0
2024-04-23,广州天河店,智能家居,37,929.13,0.021,33655.88,0,0
2024-04-23,广州天河店,智能手机,48,3981.7,0.043,182903.37,0,0
2024-04-23,广州天河店,智能穿戴,32,1315.91,0.02,41266.94,0,0
2024-04-23,广州天河店,笔记本电脑,20,6611.03,0.04,126931.78,0,0
2024-04-23,广州天河店,配件耗材,51,202.28,0.046,9841.73,0,0
2024-04-23,成都春熙店,智能家居,19,905.33,0.047,16392.81,0,0
2024-04-23,成都春熙店,智能手机,48,4025.24,0.025,188381.23,0,0
2024-04-23,成都春熙店,智能穿戴,22,1315.01,0.002,28872.36,0,0
2024-04-23,成都春熙店,笔记本电脑,16,6523.68,0.007,103648.23,0,0
2024-04-23,成都春熙店,配件耗材,46,202.74,0.019,9148.85,0,0
2024-04-24,上海旗舰店,智能家居,42,916.35,0.01,38101.83,0,0
2024-04-24,上海旗舰店,智能手机,68,4047.23,0.009,272734.74,0,0
2024-04-24,上海旗舰店,智能穿戴,43,1312.36,0.048,53722.77,0,0
2024-04-24,上海旗舰店,笔记本电脑,20,6586.0,0.0,131720.0,0,0
2024-04-24,上海旗舰店,配件耗材,88,197.35,0.011,17175.77,0,0
2024-04-24,北京中关村店,智能家居,37,914.96,0.007,33616.55,0,0
2024-04-24,北京中关村店,智能手机,58,4068.53,0.042,226063.8,0,0
2024-04-24,北京中关村店,智能穿戴,50,1317.24,0.033,63688.55,0,0
2024-04-24,北京中关村店,笔记本电脑,30,6544.83,0.034,189669.17,0,0
2024-04-24,北京中关村店,配件耗材,67,204.82,0.011,13571.99,0,0
2024-04-24,广州天河店,智能家居,34,910.4,0.0,30953.6,0,0
2024-04-24,广州天河店,智能手机,63,4023.95,0.031,245650.08,0,0
2024-04-24,广州天河店,智能穿戴,31,1316.34,0.026,39745.57,0,0
2024-04-24,广州天河店,笔记本电脑,24,6576.64,0.003,157365.84,0,0
2024-04-24,广州天河店,配件耗材,61,199.37,0.018,11942.66,0,0
2024-04-24,成都春熙店,智能家居,23,915.74,0.03,20430.16,0,0
2024-04-24,成都春熙店,智能手机,47,4056.49,0.013,188176.51,0,0
2024-04-24,成都春熙店,智能穿戴,21,1325.45,0.021,27249.93,0,0
2024-04-24,成都春熙店,笔记本电脑,15,6564.52,0.042,94332.15,0,0
2024-04-24,成都春熙店,配件耗材,54,203.97,0.028,10705.98,0,0
2024-04-25,上海旗舰店,智能家居,35,915.85,0.037,30868.72,0,0
2024-04-25,上海旗舰店,智能手机,63,4051.43,0.022,249624.81,0,0
2024-04-25,上海旗舰店,智能穿戴,37,1311.57,0.046,46295.8,0,0
2024-04-25,上海旗舰店,笔记本电脑,23,6728.48,0.008,153517.0,0,0
2024-04-25,上海旗舰店,配件耗材,89,204.65,0.013,17977.07,0,0
2024-04-25,北京中关村店,智能家居,29,903.88,0.033,25347.51,0,0
2024-04-25,北京中关村店,智能手机,67,4030.38,0.022,264094.68,0,0
2024-04-25,北京中关村店,智能穿戴,40,1329.85,0.167,44310.6,1,0
2024-04-25,北京中关村店,笔记本电脑,18,6558.85,0.0,118059.3,0,0
2024-04-25,北京中关村店,配件耗材,125,203.63,0.215,19981.19,1,0
2024-04-25,广州天河店,智能家居,37,891.73,0.026,32136.17,0,0
2024-04-25,广州天河店,智能手机,49,4147.74,0.033,196532.36,0,0
2024-04-25,广州天河店,智能穿戴,32,1313.7,0.019,41239.67,0,0
2024-04-25,广州天河店,笔记本电脑,17,6749.84,0.044,109698.4,0,0
2024-04-25,广州天河店,配件耗材,86,200.08,0.021,16845.54,0,0
2024-04-25,成都春熙店,智能家居,24,903.53,0.041,20795.65,0,0
2024-04-25,成都春熙店,智能手机,32,3920.08,0.048,119421.32,0,0
2024-04-25,成都春熙店,智能穿戴,33,1311.98,0.102,38879.22,1,0
2024-04-25,成都春熙店,笔记本电脑,25,6558.38,0.159,137889.94,1,0
2024-04-25,成都春熙店,配件耗材,35,199.23,0.012,6889.37,0,0
2024-04-26,上海旗舰店,智能家居,41,894.75,0.037,35327.41,0,0
2024-04-26,上海旗舰店,智能手机,66,4108.84,0.035,261692.02,0,0
2024-04-26,上海旗舰店,智能穿戴,44,1325.29,0.047,55572.06,0,0
2024-04-26,上海旗舰店,笔记本电脑,27,6673.65,0.004,179467.8,0,0
2024-04-26,上海旗舰店,配件耗材,81,201.33,0.041,15639.11,0,0
2024-04-26,北京中关村店,智能家居,37,901.13,0.02,32674.97,0,0
2024-04-26,北京中关村店,智能手机,53,3985.55,0.009,209333.04,0,0
2024-04-26,北京中关村店,智能穿戴,36,1317.89,0.025,46257.94,0,0
2024-04-26,北京中关村店,笔记本电脑,25,6529.24,0.019,160129.61,0,0
2024-04-26,北京中关村店,配件耗材,93,200.2,0.037,17929.71,0,0
2024-04-26,广州天河店,智能家居,30,916.26,0.011,27185.43,0,0
2024-04-26,广州天河店,智能手机,49,4088.97,0.019,196552.7,0,0
2024-04-26,广州天河店,智能穿戴,38,1313.24,0.038,48006.8,0,0
2024-04-26,广州天河店,笔记本电脑,23,6613.63,0.001,151961.38,0,0
2024-04-26,广州天河店,配件耗材,81,200.27,0.039,15589.22,0,0
2024-04-26,成都春熙店,智能家居,25,923.43,0.035,22277.75,0,0
2024-04-26,成都春熙店,智能手机,37,4016.31,0.006,147711.85,0,0
2024-04-26,成都春熙店,智能穿戴,24,1335.98,0.041,30748.92,0,0
2024-04-26,成都春熙店,笔记本电脑,19,6567.3,0.007,123905.25,0,0
2024-04-26,成都春熙店,配件耗材,39,206.86,0.036,7777.11,0,0
2024-04-27,上海旗舰店,智能家居,57,923.01,0.039,50559.72,0,1
2024-04-27,上海旗舰店,智能手机,76,4008.25,0.038,293051.17,0,1
2024-04-27,上海旗舰店,智能穿戴,48,1330.02,0.005,63521.76,0,1
2024-04-27,上海旗舰店,笔记本电脑,23,6611.22,0.02,149016.9,0,1
2024-04-27,上海旗舰店,配件耗材,85,201.0,0.019,16760.38,0,1
2024-04-27,北京中关村店,智能家居,37,926.19,0.01,33926.34,0,1
2024-04-27,北京中关村店,智能手机,86,3971.54,0.104,306030.99,1,1
2024-04-27,北京中关村店,智能穿戴,41,1310.21,0.023,52483.08,0,1
2024-04-27,北京中关村店,笔记本电脑,34,6651.54,0.044,216201.66,0,1
2024-04-27,北京中关村店,配件耗材,109,200.41,0.005,21735.47,0,1
2024-04-27,广州天河店,智能家居,35,909.97,0.046,30383.9,0,1
2024-04-27,广州天河店,智能手机,57,4063.05,0.044,221403.72,0,1
2024-04-27,广州天河店,智能穿戴,34,1296.74,0.011,43604.18,0,1
2024-04-27,广州天河店,笔记本电脑,29,6691.87,0.013,191541.4,0,1
2024-04-27,广州天河店,配件耗材,73,202.23,0.007,14659.45,0,1
2024-04-27,成都春熙店,智能家居,27,903.87,0.015,24038.42,0,1
2024-04-27,成都春熙店,智能手机,54,4037.8,0.133,189041.72,1,1
2024-04-27,成都春熙店,智能穿戴,35,1306.6,0.015,45045.03,0,1
2024-04-27,成都春熙店,笔记本电脑,18,6614.86,0.032,115257.32,0,1
2024-04-27,成都春熙店,配件耗材,45,202.51,0.046,8693.75,0,1
2024-04-28,上海旗舰店,智能家居,52,916.03,0.026,46395.09,0,1
2024-04-28,上海旗舰店,智能手机,75,4007.91,0.043,287667.74,0,1
2024-04-28,上海旗舰店,智能穿戴,42,1300.79,0.024,53321.98,0,1
2024-04-28,上海旗舰店,笔记本电脑,29,6682.61,0.024,189144.59,0,1
2024-04-28,上海旗舰店,配件耗材,78,200.57,0.012,15456.73,0,1
2024-04-28,北京中关村店,智能家居,45,924.37,0.013,41055.89,0,1
2024-04-28,北京中关村店,智能手机,72,4073.99,0.003,292447.3,0,1
2024-04-28,北京中关村店,智能穿戴,56,1309.7,0.0,73343.2,0,1
2024-04-28,北京中关村店,笔记本电脑,31,6572.41,0.217,159532.11,1,1
2024-04-28,北京中关村店,配件耗材,137,200.75,0.079,25330.03,1,1
2024-04-28,广州天河店,智能家居,30,917.33,0.029,26721.82,0,1
2024-04-28,广州天河店,智能手机,55,4093.6,0.008,223346.82,0,1
2024-04-28,广州天河店,智能穿戴,51,1290.74,0.084,60298.21,1,1
2024-04-28,广州天河店,笔记本电脑,22,6605.2,0.041,139356.51,0,1
2024-04-28,广州天河店,配件耗材,84,201.92,0.008,16825.59,0,1
2024-04-28,成都春熙店,智能家居,21,915.41,0.019,18858.36,0,1
2024-04-28,成都春熙店,智能手机,39,3968.01,0.044,147943.28,0,1
2024-04-28,成都春熙店,智能穿戴,23,1331.39,0.046,29213.36,0,1
2024-04-28,成都春熙店,笔记本电脑,21,6637.42,0.189,113041.9,1,1
2024-04-28,成都春熙店,配件耗材,54,201.07,0.002,10836.06,0,1
2024-04-29,上海旗舰店,智能家居,50,919.88,0.003,45856.02,0,0
2024-04-29,上海旗舰店,智能手机,76,4066.21,0.033,298833.91,0,0
2024-04-29,上海旗舰店,智能穿戴,48,1305.25,0.014,61774.87,0,0
2024-04-29,上海旗舰店,笔记本电脑,36,6569.16,0.08,217570.58,1,0
2024-04-29,上海旗舰店,配件耗材,85,204.78,0.036,16779.67,0,0
2024-04-29,北京中关村店,智能家居,37,914.57,0.048,32214.81,0,0
2024-04-29,北京中关村店,智能手机,41,4050.38,0.01,164404.92,0,0
2024-04-29,北京中关村店,智能穿戴,29,1322.8,0.002,38284.48,0,0
2024-04-29,北京中关村店,笔记本电脑,28,6694.82,0.034,181081.49,0,0
2024-04-29,北京中关村店,配件耗材,63,204.17,0.025,12541.14,0,0
2024-04-29,广州天河店,智能家居,35,900.59,0.001,31489.13,0,0
2024-04-29,广州天河店,智能手机,55,4005.32,0.036,212362.07,0,0
2024-04-29,广州天河店,智能穿戴,30,1303.68,0.005,38914.85,0,0
2024-04-29,广州天河店,笔记本电脑,23,6526.79,0.016,147714.31,0,0
2024-04-29,广州天河店,配件耗材,81,199.33,0.015,15903.54,0,0
2024-04-29,成都春熙店,智能家居,22,917.54,0.04,19378.44,0,0
2024-04-29,成都春熙店,智能手机,55,4014.49,0.123,193638.93,1,0
2024-04-29,成都春熙店,智能穿戴,24,1293.72,0.016,30552.49,0,0
2024-04-29,成都春熙店,笔记本电脑,16,6600.8,0.027,102761.25,0,0
2024-04-29,成都春熙店,配件耗材,42,200.03,0.007,8342.45,0,0
2024-04-30,上海旗舰店,智能家居,31,930.9,0.015,28425.03,0,0
2024-04-30,上海旗舰店,智能手机,56,4004.62,0.037,215961.15,0,0
2024-04-30,上海旗舰店,智能穿戴,40,1326.25,0.041,50874.95,0,0
2024-04-30,上海旗舰店,笔记本电脑,25,6584.67,0.026,160336.71,0,0
2024-04-30,上海旗舰店,配件耗材,63,201.92,0.021,12453.82,0,0
2024-04-30,北京中关村店,智能家居,38,909.11,0.009,34235.26,0,0
2024-04-30,北京中关村店,智能手机,48,4041.79,0.005,193035.89,0,0
2024-04-30,北京中关村店,智能穿戴,44,1273.09,0.039,53831.34,0,0
2024-04-30,北京中关村店,笔记本电脑,22,6548.6,0.047,137297.95,0,0
2024-04-30,北京中关村店,配件耗材,76,199.59,0.033,14668.27,0,0
2024-04-30,广州天河店,智能家居,29,911.14,0.02,25894.6,0,0
2024-04-30,广州天河店,智能手机,41,4037.86,0.046,157936.86,0,0
2024-04-30,广州天河店,智能穿戴,25,1308.91,0.013,32297.35,0,0
2024-04-30,广州天河店,笔记本电脑,18,6587.44,0.041,113712.39,0,0
2024-04-30,广州天河店,配件耗材,59,203.39,0.042,11496.01,0,0
2024-04-30,成都春熙店,智能家居,26,913.06,0.027,23098.59,0,0
2024-04-30,成都春熙店,智能手机,38,4025.29,0.032,148066.27,0,0
2024-04-30,成都春熙店,智能穿戴,17,1310.67,0.042,21345.57,0,0
2024-04-30,成都春熙店,笔记本电脑,11,6563.86,0.024,70469.6,0,0
2024-04-30,成都春熙店,配件耗材,43,201.71,0.005,8630.16,0,0
2024-05-01,上海旗舰店,智能家居,50,909.84,0.148,38759.18,1,0
2024-05-01,上海旗舰店,智能手机,69,3985.05,0.024,268369.21,0,0
2024-05-01,上海旗舰店,智能穿戴,96,1319.89,0.034,122401.32,0,0
2024-05-01,上海旗舰店,笔记本电脑,26,6567.89,0.047,162739.18,0,0
2024-05-01,上海旗舰店,配件耗材,73,202.21,0.01,14613.72,0,0
2024-05-01,北京中关村店,智能家居,37,899.92,0.01,32964.07,0,0
2024-05-01,北京中关村店,智能手机,48,4105.8,0.015,194122.22,0,0
2024-05-01,北京中关村店,智能穿戴,41,1320.39,0.041,51916.41,0,0
2024-05-01,北京中关村店,笔记本电脑,23,6549.35,0.034,145513.46,0,0
2024-05-01,北京中关村店,配件耗材,72,200.8,0.046,13792.55,0,0
2024-05-01,广州天河店,智能家居,33,912.98,0.043,28832.82,0,0
2024-05-01,广州天河店,智能手机,49,3985.49,0.046,186305.72,0,0
2024-05-01,广州天河店,智能穿戴,29,1320.77,0.018,37612.89,0,0
2024-05-01,广州天河店,笔记本电脑,20,6527.21,0.041,125191.89,0,0
2024-05-01,广州天河店,配件耗材,69,201.95,0.023,13614.06,0,0
2024-05-01,成都春熙店,智能家居,24,903.99,0.016,21348.63,0,0
2024-05-01,成都春熙店,智能手机,33,4040.34,0.039,128131.3,0,0
2024-05-01,成都春熙店,智能穿戴,24,1323.2,0.025,30962.88,0,0
2024-05-01,成都春熙店,笔记本电脑,18,6600.27,0.016,116903.98,0,0
2024-05-01,成都春熙店,配件耗材,33,199.87,0.038,6345.07,0,0
2024-05-02,上海旗舰店,智能家居,63,901.0,0.133,49213.52,1,0
2024-05-02,上海旗舰店,智能手机,75,4031.71,0.04,290283.12,0,0
2024-05-02,上海旗舰店,智能穿戴,47,1315.51,0.017,60777.88,0,0
2024-05-02,上海旗舰店,笔记本电脑,38,6548.69,0.028,241882.41,0,0
2024-05-02,上海旗舰店,配件耗材,72,202.31,0.044,13925.4,0,0
2024-05-02,北京中关村店,智能家居,31,901.63,0.018,27447.42,0,0
2024-05-02,北京中关村店,智能手机,67,4066.88,0.08,250682.48,1,0
2024-05-02,北京中关村店,智能穿戴,36,1294.15,0.045,44492.88,0,0
2024-05-02,北京中关村店,笔记本电脑,21,6706.76,0.009,139574.38,0,0
2024-05-02,北京中关村店,配件耗材,69,201.16,0.004,13824.52,0,0
2024-05-02,广州天河店,智能家居,46,898.91,0.046,39447.77,0,0
2024-05-02,广州天河店,智能手机,55,4014.34,0.022,215931.35,0,0
2024-05-02,广州天河店,智能穿戴,55,1327.26,0.126,63801.39,1,0
2024-05-02,广州天河店,笔记本电脑,35,6547.29,0.181,187678.07,1,0
2024-05-02,广州天河店,配件耗材,72,202.26,0.014,14358.84,0,0
2024-05-02,成都春熙店,智能家居,30,912.58,0.089,24940.81,1,0
2024-05-02,成都春熙店,智能手机,34,4103.21,0.154,118024.73,1,0
2024-05-02,成都春熙店,智能穿戴,26,1324.13,0.042,32981.43,0,0
2024-05-02,成都春熙店,笔记本电脑,19,6662.58,0.013,124943.36,0,0
2024-05-02,成都春熙店,配件耗材,59,201.43,0.03,11527.84,0,0
2024-05-03,上海旗舰店,智能家居,37,902.09,0.019,32743.16,0,0
2024-05-03,上海旗舰店,智能手机,70,4079.86,0.041,273881.0,0,0
2024-05-03,上海旗舰店,智能穿戴,64,1321.89,0.021,82824.34,0,0
2024-05-03,上海旗舰店,笔记本电脑,33,6654.6,0.003,218942.99,0,0
2024-05-03,上海旗舰店,配件耗材,96,199.83,0.033,18550.62,0,0
2024-05-03,北京中关村店,智能家居,42,923.83,0.037,37365.23,0,0
2024-05-03,北京中关村店,智能手机,62,4106.44,0.035,245688.31,0,0
2024-05-03,北京中关村店,智能穿戴,30,1313.77,0.038,37915.4,0,0
2024-05-03,北京中关村店,笔记本电脑,23,6664.64,0.033,148228.26,0,0
2024-05-03,北京中关村店,配件耗材,81,200.39,0.006,16134.2,0,0
2024-05-03,广州天河店,智能家居,38,916.56,0.025,33958.55,0,0
2024-05-03,广州天河店,智能手机,48,4028.03,0.034,186771.7,0,0
2024-05-03,广州天河店,智能穿戴,33,1309.92,0.031,41887.31,0,0
2024-05-03,广州天河店,笔记本电脑,23,6603.48,0.037,146260.48,0,0
2024-05-03,广州天河店,配件耗材,82,201.57,0.021,16181.64,0,0
2024-05-03,成都春熙店,智能家居,24,905.44,0.028,21122.1,0,0
2024-05-03,成都春熙店,智能手机,41,4094.46,0.026,163508.17,0,0
2024-05-03,成都春熙店,智能穿戴,27,1311.16,0.029,34374.68,0,0
2024-05-03,成都春熙店,笔记本电脑,14,6584.96,0.022,90161.27,0,0
2024-05-03,成都春熙店,配件耗材,50,201.05,0.025,9801.19,0,0
2024-05-04,上海旗舰店,智能家居,44,908.16,0.018,39239.78,0,1
2024-05-04,上海旗舰店,智能手机,83,4025.77,0.168,278003.57,1,1
2024-05-04,上海旗舰店,智能穿戴,47,1334.89,0.048,59728.32,0,1
2024-05-04,上海旗舰店,笔记本电脑,34,6676.79,0.21,179338.58,1,1
2024-05-04,上海旗舰店,配件耗材,95,204.54,0.017,19100.97,0,1
2024-05-04,北京中关村店,智能家居,44,914.24,0.04,38617.5,0,1
2024-05-04,北京中关村店,智能手机,71,4106.2,0.012,288041.72,0,1
2024-05-04,北京中关村店,智能穿戴,33,1299.39,0.008,42536.83,0,1
2024-05-04,北京中关村店,笔记本电脑,31,6623.63,0.028,199583.22,0,1
2024-05-04,北京中关村店,配件耗材,109,201.5,0.027,21370.49,0,1
2024-05-04,广州天河店,智能家居,42,908.65,0.039,36674.93,0,1
2024-05-04,广州天河店,智能手机,72,4042.75,0.001,290786.92,0,1
2024-05-04,广州天河店,智能穿戴,45,1322.19,0.016,58546.57,0,1
2024-05-04,广州天河店,笔记本电脑,30,6543.99,0.045,187485.31,0,1
2024-05-04,广州天河店,配件耗材,81,201.7,0.005,16256.01,0,1
2024-05-04,成都春熙店,智能家居,29,901.01,0.029,25371.54,0,1
2024-05-04,成都春熙店,智能手机,76,4024.76,0.189,248070.11,1,1
2024-05-04,成都春熙店,智能穿戴,30,1323.04,0.016,39056.14,0,1
2024-05-04,成都春熙店,笔记本电脑,19,6478.2,0.017,120993.34,0,1
2024-05-04,成都春熙店,配件耗材,68,201.83,0.086,12544.14,1,1
2024-05-05,上海旗舰店,智能家居,47,910.32,0.015,42143.26,0,1
2024-05-05,上海旗舰店,智能手机,72,4117.89,0.04,284628.56,0,1
2024-05-05,上海旗舰店,智能穿戴,52,1315.97,0.016,67335.55,0,1
2024-05-05,上海旗舰店,笔记本电脑,38,6638.75,0.063,236379.33,1,1
2024-05-05,上海旗舰店,配件耗材,102,201.13,0.047,19551.04,0,1
2024-05-05,北京中关村店,智能家居,35,918.5,0.017,31600.99,0,1
2024-05-05,北京中关村店,智能手机,78,4064.79,0.172,262520.4,1,1
2024-05-05,北京中关村店,智能穿戴,50,1312.25,0.037,63184.84,0,1
2024-05-05,北京中关村店,笔记本电脑,27,6623.93,0.037,172228.8,0,1
2024-05-05,北京中关村店,配件耗材,79,202.03,0.044,15258.11,0,1
2024-05-05,广州天河店,智能家居,44,908.1,0.007,39676.71,0,1
2024-05-05,广州天河店,智能手机,56,4068.18,0.034,220072.27,0,1
2024-05-05,广州天河店,智能穿戴,36,1327.54,0.009,47361.32,0,1
2024-05-05,广州天河店,笔记本电脑,41,6521.83,0.185,217926.95,1,1
2024-05-05,广州天河店,配件耗材,73,202.79,0.009,14670.44,0,1
2024-05-05,成都春熙店,智能家居,35,922.9,0.074,29911.19,1,1
2024-05-05,成都春熙店,智能手机,52,4033.32,0.008,208054.78,0,1
2024-05-05,成都春熙店,智能穿戴,29,1294.24,0.04,36031.64,0,1
2024-05-05,成都春熙店,笔记本电脑,33,6598.26,0.038,209468.36,0,1
2024-05-05,成都春熙店,配件耗材,45,204.75,0.029,8946.55,0,1
2024-05-06,上海旗舰店,智能家居,44,920.91,0.015,39912.24,0,0
2024-05-06,上海旗舰店,智能手机,65,4078.59,0.0,265108.35,0,0
2024-05-06,上海旗舰店,智能穿戴,53,1323.86,0.004,69883.92,0,0
2024-05-06,上海旗舰店,笔记本电脑,21,6528.09,0.006,136267.35,0,0
2024-05-06,上海旗舰店,配件耗材,67,202.3,0.026,13201.69,0,0
2024-05-06,北京中关村店,智能家居,30,903.35,0.036,26124.88,0,0
2024-05-06,北京中关村店,智能手机,57,4019.87,0.034,221342.08,0,0
2024-05-06,北京中关村店,智能穿戴,43,1311.41,0.104,50526.0,1,0
2024-05-06,北京中关村店,笔记本电脑,24,6519.68,0.008,155220.54,0,0
2024-05-06,北京中关村店,配件耗材,82,202.0,0.039,15918.0,0,0
2024-05-06,广州天河店,智能家居,36,904.16,0.031,31540.72,0,0
2024-05-06,广州天河店,智能手机,70,4060.67,0.096,256959.2,1,0
2024-05-06,广州天河店,智能穿戴,35,1316.67,0.008,45714.78,0,0
2024-05-06,广州天河店,笔记本电脑,23,6627.55,0.027,148317.94,0,0
2024-05-06,广州天河店,配件耗材,72,204.75,0.028,14329.22,0,0
2024-05-06,成都春熙店,智能家居,27,928.65,0.025,24446.71,0,0
2024-05-06,成都春熙店,智能手机,39,4090.74,0.016,156986.24,0,0
2024-05-06,成都春熙店,智能穿戴,27,1299.13,0.026,34164.52,0,0
2024-05-06,成都春熙店,笔记本电脑,13,6594.47,0.019,84099.28,0,0
2024-05-06,成都春熙店,配件耗材,57,205.21,0.037,11264.18,0,0
2024-05-07,上海旗舰店,智能家居,38,900.15,0.028,33247.94,0,0
2024-05-07,上海旗舰店,智能手机,73,3961.99,0.045,276210.13,0,0
2024-05-07,上海旗舰店,智能穿戴,49,1346.73,0.023,64472.01,0,0
2024-05-07,上海旗舰店,笔记本电脑,24,6631.09,0.038,153098.61,0,0
2024-05-07,上海旗舰店,配件耗材,77,198.92,0.033,14811.38,0,0
2024-05-07,北京中关村店,智能家居,39,921.87,0.028,34946.25,0,0
2024-05-07,北京中关村店,智能手机,64,4056.5,0.008,257539.07,0,0
2024-05-07,北京中关村店,智能穿戴,34,1315.54,0.04,42939.23,0,0
2024-05-07,北京中关村店,笔记本电脑,27,6642.94,0.034,173261.16,0,0
2024-05-07,北京中关村店,配件耗材,77,197.55,0.03,14755.01,0,0
2024-05-07,广州天河店,智能家居,28,915.51,0.036,24711.45,0,0
2024-05-07,广州天河店,智能手机,49,4088.16,0.036,193108.33,0,0
2024-05-07,广州天河店,智能穿戴,25,1299.9,0.043,31100.11,0,0
2024-05-07,广州天河店,笔记本电脑,21,6516.71,0.002,136577.21,0,0
2024-05-07,广州天河店,配件耗材,76,197.95,0.04,14442.43,0,0
2024-05-07,成都春熙店,智能家居,18,917.81,0.046,15760.63,0,0
2024-05-07,成都春熙店,智能手机,31,3976.18,0.02,120796.35,0,0
2024-05-07,成都春熙店,智能穿戴,23,1322.12,0.024,29678.95,0,0
2024-05-07,成都春熙店,笔记本电脑,20,6602.64,0.001,131920.75,0,0
2024-05-07,成都春熙店,配件耗材,43,204.83,0.026,8578.69,0,0
2024-05-08,上海旗舰店,智能家居,48,920.61,0.015,43526.44,0,0
2024-05-08,上海旗舰店,智能手机,59,4047.82,0.043,228552.06,0,0
2024-05-08,上海旗舰店,智能穿戴,42,1319.13,0.027,53907.57,0,0
2024-05-08,上海旗舰店,笔记本电脑,23,6630.66,0.003,152047.66,0,0
2024-05-08,上海旗舰店,配件耗材,59,200.93,0.017,11653.34,0,0
2024-05-08,北京中关村店,智能家居,56,899.42,0.215,39538.5,1,0
2024-05-08,北京中关村店,智能手机,54,4044.94,0.049,207723.85,0,0
2024-05-08,北京中关村店,智能穿戴,36,1301.86,0.001,46820.09,0,0
2024-05-08,北京中关村店,笔记本电脑,22,6493.1,0.033,138134.21,0,0
2024-05-08,北京中关村店,配件耗材,74,203.31,0.019,14759.09,0,0
2024-05-08,广州天河店,智能家居,25,915.59,0.017,22500.62,0,0
2024-05-08,广州天河店,智能手机,53,4053.67,0.03,208399.17,0,0
2024-05-08,广州天河店,智能穿戴,37,1346.43,0.025,48572.46,0,0
2024-05-08,广州天河店,笔记本电脑,20,6651.21,0.024,129831.62,0,0
2024-05-08,广州天河店,配件耗材,88,201.53,0.062,16635.09,1,0
2024-05-08,成都春熙店,智能家居,28,915.09,0.026,24956.33,0,0
2024-05-08,成都春熙店,智能手机,31,4032.27,0.044,119500.35,0,0
2024-05-08,成都春熙店,智能穿戴,29,1317.77,0.022,37374.59,0,0
2024-05-08,成都春熙店,笔记本电脑,17,6551.21,0.005,110813.72,0,0
2024-05-08,成都春熙店,配件耗材,46,203.32,0.022,9146.96,0,0
2024-05-09,上海旗舰店,智能家居,55,922.27,0.084,46463.96,1,0
2024-05-09,上海旗舰店,智能手机,55,4082.2,0.044,214642.08,0,0
2024-05-09,上海旗舰店,智能穿戴,41,1305.6,0.035,51656.06,0,0
2024-05-09,上海旗舰店,笔记本电脑,28,6673.36,0.048,177885.08,0,0
2024-05-09,上海旗舰店,配件耗材,87,200.54,0.039,16766.55,0,0
2024-05-09,北京中关村店,智能家居,47,915.95,0.062,40380.57,1,0
2024-05-09,北京中关村店,智能手机,82,4077.52,0.14,287546.71,1,0
2024-05-09,北京中关村店,智能穿戴,52,1323.75,0.039,66150.43,0,0
2024-05-09,北京中关村店,笔记本电脑,20,6592.89,0.022,128956.93,0,0
2024-05-09,北京中关村店,配件耗材,78,205.46,0.002,15993.83,0,0
2024-05-09,广州天河店,智能家居,29,925.97,0.02,26316.07,0,0
2024-05-09,广州天河店,智能手机,63,4112.91,0.05,246157.66,0,0
2024-05-09,广州天河店,智能穿戴,34,1321.47,0.023,43896.59,0,0
2024-05-09,广州天河店,笔记本电脑,30,6597.79,0.197,158940.76,1,0
2024-05-09,广州天河店,配件耗材,73,201.33,0.046,14021.02,0,0
2024-05-09,成都春熙店,智能家居,23,908.12,0.034,20176.61,0,0
2024-05-09,成都春熙店,智能手机,40,4038.34,0.043,154587.66,0,0
2024-05-09,成都春熙店,智能穿戴,25,1308.77,0.045,31246.88,0,0
2024-05-09,成都春熙店,笔记本电脑,20,6579.13,0.004,131056.27,0,0
2024-05-09,成都春熙店,配件耗材,43,197.62,0.003,8472.17,0,0
2024-05-10,上海旗舰店,智能家居,56,913.72,0.001,51117.15,0,0
2024-05-10,上海旗舰店,智能手机,87,4047.68,0.04,338062.23,0,0
2024-05-10,上海旗舰店,智能穿戴,49,1308.89,0.035,61890.86,0,0
2024-05-10,上海旗舰店,笔记本电脑,27,6569.57,0.027,172589.17,0,0
2024-05-10,上海旗舰店,配件耗材,84,199.68,0.002,16739.57,0,0
2024-05-10,北京中关村店,智能家居,37,920.35,0.024,33235.68,0,0
2024-05-10,北京中关村店,智能手机,94,4029.9,0.172,313655.18,1,0
2024-05-10,北京中关村店,智能穿戴,46,1295.96,0.021,58362.26,0,0
2024-05-10,北京中关村店,笔记本电脑,35,6664.52,0.193,188239.37,1,0
2024-05-10,北京中关村店,配件耗材,89,200.76,0.023,17456.68,0,0
2024-05-10,广州天河店,智能家居,39,916.96,0.003,35654.16,0,0
2024-05-10,广州天河店,智能手机,54,4079.96,0.034,212827.03,0,0
2024-05-10,广州天河店,智能穿戴,42,1314.08,0.163,46195.17,1,0
2024-05-10,广州天河店,笔记本电脑,26,6559.1,0.026,166102.65,0,0
2024-05-10,广州天河店,配件耗材,81,200.57,0.025,15840.02,0,0
2024-05-10,成都春熙店,智能家居,23,909.44,0.019,20519.69,0,0
2024-05-10,成都春熙店,智能手机,47,4074.25,0.038,184213.14,0,0
2024-05-10,成都春熙店,智能穿戴,24,1314.11,0.017,31002.48,0,0
2024-05-10,成都春熙店,笔记本电脑,17,6450.19,0.037,105596.06,0,0
2024-05-10,成都春熙店,配件耗材,51,200.32,0.023,9981.34,0,0
2024-05-11,上海旗舰店,智能家居,46,912.78,0.032,40644.27,0,1
2024-05-11,上海旗舰店,智能手机,59,4046.0,0.029,231791.29,0,1
2024-05-11,上海旗舰店,智能穿戴,63,1319.1,0.038,79945.37,0,1
2024-05-11,上海旗舰店,笔记本电脑,27,6623.78,0.029,173655.64,0,1
2024-05-11,上海旗舰店,配件耗材,93,201.23,0.033,18096.82,0,1
2024-05-11,北京中关村店,智能家居,41,907.77,0.022,36399.76,0,1
2024-05-11,北京中关村店,智能手机,62,4065.09,0.025,245734.69,0,1
2024-05-11,北京中关村店,智能穿戴,45,1342.55,0.023,59025.21,0,1
2024-05-11,北京中关村店,笔记本电脑,29,6552.22,0.043,181843.76,0,1
2024-05-11,北京中关村店,配件耗材,96,203.36,0.026,19014.97,0,1
2024-05-11,广州天河店,智能家居,49,915.98,0.047,42773.52,0,1
2024-05-11,广州天河店,智能手机,53,4065.01,0.005,214368.3,0,1
2024-05-11,广州天河店,智能穿戴,33,1326.39,0.004,43595.79,0,1
2024-05-11,广州天河店,笔记本电脑,21,6702.35,0.0,140749.35,0,1
2024-05-11,广州天河店,配件耗材,86,206.35,0.049,16876.54,0,1
2024-05-11,成都春熙店,智能家居,39,924.1,0.132,31282.63,1,1
2024-05-11,成都春熙店,智能手机,55,4050.82,0.044,212992.12,0,1
2024-05-11,成都春熙店,智能穿戴,34,1312.31,0.008,44261.59,0,1
2024-05-11,成都春熙店,笔记本电脑,22,6482.72,0.004,142049.36,0,1
2024-05-11,成都春熙店,配件耗材,51,202.89,0.036,9974.88,0,1
2024-05-12,上海旗舰店,智能家居,45,916.05,0.018,40480.25,0,1
2024-05-12,上海旗舰店,智能手机,88,4086.2,0.007,357068.5,0,1
2024-05-12,上海旗舰店,智能穿戴,57,1326.42,0.006,75152.3,0,1
2024-05-12,上海旗舰店,笔记本电脑,31,6628.0,0.142,176291.54,1,1
2024-05-12,上海旗舰店,配件耗材,115,205.37,0.04,22672.85,0,1
2024-05-12,北京中关村店,智能家居,27,914.4,0.047,23528.43,0,1
2024-05-12,北京中关村店,智能手机,77,4069.99,0.045,299286.71,0,1
2024-05-12,北京中关村店,智能穿戴,36,1337.52,0.027,46850.65,0,1
2024-05-12,北京中关村店,笔记本电脑,26,6659.66,0.032,167610.32,0,1
2024-05-12,北京中关村店,配件耗材,71,201.96,0.01,14195.77,0,1
2024-05-12,广州天河店,智能家居,33,920.56,0.009,30105.07,0,1
2024-05-12,广州天河店,智能手机,70,4125.33,0.034,278954.81,0,1
2024-05-12,广州天河店,智能穿戴,36,1333.26,0.047,45741.48,0,1
2024-05-12,广州天河店,笔记本电脑,33,6607.8,0.07,202793.38,1,1
2024-05-12,广州天河店,配件耗材,85,201.02,0.008,16950.01,0,1
2024-05-12,成都春熙店,智能家居,27,920.17,0.025,24223.48,0,1
2024-05-12,成都春熙店,智能手机,48,4099.05,0.0,196754.4,0,1
2024-05-12,成都春熙店,智能穿戴,41,1307.74,0.183,43805.37,1,1
2024-05-12,成都春熙店,笔记本电脑,17,6491.46,0.006,109692.69,0,1
2024-05-12,成都春熙店,配件耗材,64,201.18,0.152,10918.44,1,1
2024-05-13,上海旗舰店,智能家居,87,905.26,0.035,76001.1,0,0
2024-05-13,上海旗舰店,智能手机,87,4049.67,0.133,305462.56,1,0
2024-05-13,上海旗舰店,智能穿戴,43,1320.54,0.022,55533.99,0,0
2024-05-13,上海旗舰店,笔记本电脑,23,6586.91,0.01,149983.94,0,0
2024-05-13,上海旗舰店,配件耗材,80,203.59,0.029,15814.87,0,0
2024-05-13,北京中关村店,智能家居,31,917.17,0.024,27749.9,0,0
2024-05-13,北京中关村店,智能手机,71,4093.37,0.011,287432.35,0,0
2024-05-13,北京中关村店,智能穿戴,37,1325.93,0.049,46655.5,0,0
2024-05-13,北京中关村店,笔记本电脑,26,6668.14,0.045,165569.92,0,0
2024-05-13,北京中关村店,配件耗材,62,202.04,0.039,12037.95,0,0
2024-05-13,广州天河店,智能家居,40,912.96,0.02,35788.03,0,0
2024-05-13,广州天河店,智能手机,53,4104.63,0.043,208190.94,0,0
2024-05-13,广州天河店,智能穿戴,31,1305.09,0.023,39527.26,0,0
2024-05-13,广州天河店,笔记本电脑,23,6583.84,0.017,148854.04,0,0
2024-05-13,广州天河店,配件耗材,76,203.54,0.039,14865.75,0,0
2024-05-13,成都春熙店,智能家居,37,920.79,0.024,33251.57,0,0
2024-05-13,成都春熙店,智能手机,33,4080.97,0.046,128477.1,0,0
2024-05-13,成都春熙店,智能穿戴,32,1309.07,0.023,40926.76,0,0
2024-05-13,成都春熙店,笔记本电脑,17,6521.1,0.025,108087.23,0,0
2024-05-13,成都春熙店,配件耗材,45,203.02,0.009,9053.68,0,0
2024-05-14,上海旗舰店,智能家居,49,909.69,0.009,44173.64,0,0
2024-05-14,上海旗舰店,智能手机,54,4059.99,0.038,210908.36,0,0
2024-05-14,上海旗舰店,智能穿戴,37,1301.61,0.049,45799.75,0,0
2024-05-14,上海旗舰店,笔记本电脑,29,6656.19,0.011,190906.19,0,0
2024-05-14,上海旗舰店,配件耗材,123,199.08,0.157,20642.41,1,0
2024-05-14,北京中关村店,智能家居,38,928.96,0.108,31488.03,1,0
2024-05-14,北京中关村店,智能手机,54,4044.98,0.044,208818.05,0,0
2024-05-14,北京中关村店,智能穿戴,32,1311.06,0.012,41450.47,0,0
2024-05-14,北京中关村店,笔记本电脑,26,6689.2,0.085,159136.07,1,0
2024-05-14,北京中关村店,配件耗材,116,202.79,0.029,22841.45,0,0
2024-05-14,广州天河店,智能家居,40,897.93,0.214,28230.92,1,0
2024-05-14,广州天河店,智能手机,47,4009.25,0.036,181651.1,0,0
2024-05-14,广州天河店,智能穿戴,36,1329.16,0.035,46175.02,0,0
2024-05-14,广州天河店,笔记本电脑,22,6558.37,0.03,139955.62,0,0
2024-05-14,广州天河店,配件耗材,68,203.34,0.014,13633.54,0,0
2024-05-14,成都春熙店,智能家居,26,914.1,0.081,21841.51,1,0
2024-05-14,成都春熙店,智能手机,32,4124.43,0.037,127098.43,0,0
2024-05-14,成都春熙店,智能穿戴,28,1319.79,0.043,35365.09,0,0
2024-05-14,成都春熙店,笔记本电脑,15,6637.27,0.001,99459.49,0,0
2024-05-14,成都春熙店,配件耗材,58,201.2,0.049,11097.79,0,0
2024-05-15,上海旗舰店,智能家居,49,925.05,0.033,43831.64,0,0
2024-05-15,上海旗舰店,智能手机,66,3959.56,0.016,257149.66,0,0
2024-05-15,上海旗舰店,智能穿戴,62,1314.94,0.152,69134.29,1,0
2024-05-15,上海旗舰店,笔记本电脑,30,6559.37,0.008,195206.85,0,0
2024-05-15,上海旗舰店,配件耗材,112,203.09,0.203,18128.63,1,0
2024-05-15,北京中关村店,智能家居,53,891.44,0.196,37986.04,1,0
2024-05-15,北京中关村店,智能手机,51,4071.64,0.028,201839.34,0,0
2024-05-15,北京中关村店,智能穿戴,40,1331.57,0.018,52304.07,0,0
2024-05-15,北京中关村店,笔记本电脑,20,6626.73,0.018,130148.98,0,0
2024-05-15,北京中关村店,配件耗材,92,203.12,0.026,18201.18,0,0
2024-05-15,广州天河店,智能家居,33,912.66,0.021,29485.31,0,0
2024-05-15,广州天河店,智能手机,52,4063.33,0.005,210236.69,0,0
2024-05-15,广州天河店,智能穿戴,28,1315.38,0.017,36204.52,0,0
2024-05-15,广州天河店,笔记本电脑,19,6663.23,0.039,121663.92,0,0
2024-05-15,广州天河店,配件耗材,67,201.26,0.025,13147.31,0,0
2024-05-15,成都春熙店,智能家居,23,907.09,0.031,20216.31,0,0
2024-05-15,成都春熙店,智能手机,44,4093.98,0.033,174190.66,0,0
2024-05-15,成都春熙店,智能穿戴,22,1333.03,0.004,29209.35,0,0
2024-05-15,成都春熙店,笔记本电脑,14,6690.08,0.035,90382.98,0,0
2024-05-15,成都春熙店,配件耗材,43,199.5,0.026,8355.46,0,0
2024-05-16,上海旗舰店,智能家居,44,908.55,0.014,39416.53,0,0
2024-05-16,上海旗舰店,智能手机,58,4098.23,0.033,229853.33,0,0
2024-05-16,上海旗舰店,智能穿戴,43,1330.71,0.023,55904.46,0,0
2024-05-16,上海旗舰店,笔记本电脑,23,6547.88,0.026,146685.61,0,0
2024-05-16,上海旗舰店,配件耗材,65,205.08,0.015,13130.25,0,0
2024-05-16,北京中关村店,智能家居,44,909.9,0.028,38914.6,0,0
2024-05-16,北京中关村店,智能手机,66,4125.03,0.047,259456.14,0,0
2024-05-16,北京中关村店,智能穿戴,41,1302.01,0.041,51193.73,0,0
2024-05-16,北京中关村店,笔记本电脑,23,6714.59,0.003,153972.26,0,0
2024-05-16,北京中关村店,配件耗材,80,203.45,0.033,15738.89,0,0
2024-05-16,广州天河店,智能家居,30,919.86,0.006,27430.23,0,0
2024-05-16,广州天河店,智能手机,42,4064.75,0.017,167817.27,0,0
2024-05-16,广州天河店,智能穿戴,34,1329.93,0.002,45127.18,0,0
2024-05-16,广州天河店,笔记本电脑,26,6639.77,0.018,169526.61,0,0
2024-05-16,广州天河店,配件耗材,80,201.8,0.023,15772.69,0,0
2024-05-16,成都春熙店,智能家居,24,917.39,0.009,21819.2,0,0
2024-05-16,成都春熙店,智能手机,43,4051.22,0.014,171763.63,0,0
2024-05-16,成都春熙店,智能穿戴,31,1330.71,0.045,39395.67,0,0
2024-05-16,成都春熙店,笔记本电脑,18,6759.14,0.024,118744.57,0,0
2024-05-16,成都春熙店,配件耗材,49,201.23,0.034,9525.02,0,0
2024-05-17,上海旗舰店,智能家居,41,914.67,0.034,36226.42,0,0
2024-05-17,上海旗舰店,智能手机,70,4080.5,0.044,273067.06,0,0
2024-05-17,上海旗舰店,智能穿戴,46,1334.64,0.05,58323.77,0,0
2024-05-17,上海旗舰店,笔记本电脑,28,6562.28,0.038,176761.57,0,0
2024-05-17,上海旗舰店,配件耗材,76,203.11,0.021,15112.2,0,0
2024-05-17,北京中关村店,智能家居,38,916.19,0.027,33875.21,0,0
2024-05-17,北京中关村店,智能手机,80,4098.57,0.019,321655.77,0,0
2024-05-17,北京中关村店,智能穿戴,50,1315.67,0.046,62757.46,0,0
2024-05-17,北京中关村店,笔记本电脑,35,6542.93,0.141,196713.19,1,0
2024-05-17,北京中关村店,配件耗材,81,202.17,0.045,15638.86,0,0
2024-05-17,广州天河店,智能家居,36,910.41,0.032,31725.97,0,0
2024-05-17,广州天河店,智能手机,95,4057.89,0.13,335384.61,1,0
2024-05-17,广州天河店,智能穿戴,28,1321.27,0.045,35330.76,0,0
2024-05-17,广州天河店,笔记本电脑,24,6621.86,0.043,152090.88,0,0
2024-05-17,广州天河店,配件耗材,77,203.05,0.05,14853.11,0,0
2024-05-17,成都春熙店,智能家居,24,910.9,0.005,21752.29,0,0
2024-05-17,成都春熙店,智能手机,33,4077.61,0.048,128102.2,0,0
2024-05-17,成都春熙店,智能穿戴,27,1323.92,0.004,35602.86,0,0
2024-05-17,成都春熙店,笔记本电脑,17,6549.06,0.049,105878.65,0,0
2024-05-17,成都春熙店,配件耗材,45,202.71,0.04,8757.07,0,0
2024-05-18,上海旗舰店,智能家居,62,923.11,0.042,54829.04,0,1
2024-05-18,上海旗舰店,智能手机,81,4044.03,0.022,320359.97,0,1
2024-05-18,上海旗舰店,智能穿戴,61,1301.88,0.023,77588.14,0,1
2024-05-18,上海旗舰店,笔记本电脑,27,6558.9,0.001,176913.21,0,1
2024-05-18,上海旗舰店,配件耗材,109,200.03,0.034,21061.96,0,1
2024-05-18,北京中关村店,智能家居,46,915.71,0.006,41869.92,0,1
2024-05-18,北京中关村店,智能手机,130,4082.29,0.019,520614.44,0,1
2024-05-18,北京中关村店,智能穿戴,49,1321.52,0.041,62099.55,0,1
2024-05-18,北京中关村店,笔记本电脑,33,6599.72,0.005,216701.81,0,1
2024-05-18,北京中关村店,配件耗材,94,200.89,0.039,18147.2,0,1
2024-05-18,广州天河店,智能家居,42,898.18,0.005,37534.94,0,1
2024-05-18,广州天河店,智能手机,58,4082.0,0.024,231073.86,0,1
2024-05-18,广州天河店,智能穿戴,43,1333.22,0.013,56583.19,0,1
2024-05-18,广州天河店,笔记本电脑,27,6650.6,0.005,178668.37,0,1
2024-05-18,广州天河店,配件耗材,93,204.04,0.043,18159.76,0,1
2024-05-18,成都春熙店,智能家居,25,926.02,0.048,22039.28,0,1
2024-05-18,成都春熙店,智能手机,48,4109.48,0.044,188575.82,0,1
2024-05-18,成都春熙店,智能穿戴,26,1308.31,0.036,32791.48,0,1
2024-05-18,成都春熙店,笔记本电脑,16,6638.04,0.039,102066.5,0,1
2024-05-18,成都春熙店,配件耗材,46,203.16,0.019,9167.8,0,1
2024-05-19,上海旗舰店,智能家居,52,918.93,0.024,46637.54,0,1
2024-05-19,上海旗舰店,智能手机,67,4097.85,0.045,262200.93,0,1
2024-05-19,上海旗舰店,智能穿戴,57,1318.53,0.036,72450.59,0,1
2024-05-19,上海旗舰店,笔记本电脑,28,6745.61,0.019,185288.42,0,1
2024-05-19,上海旗舰店,配件耗材,110,200.8,0.05,20983.6,0,1
2024-05-19,北京中关村店,智能家居,44,921.85,0.025,39547.36,0,1
2024-05-19,北京中关村店,智能手机,53,4016.06,0.038,204762.84,0,1
2024-05-19,北京中关村店,智能穿戴,41,1315.31,0.026,52525.59,0,1
2024-05-19,北京中关村店,笔记本电脑,28,6558.85,0.008,182178.62,0,1
2024-05-19,北京中关村店,配件耗材,81,199.69,0.035,15608.77,0,1
2024-05-19,广州天河店,智能家居,43,906.69,0.036,37584.11,0,1
2024-05-19,广州天河店,智能手机,62,4091.23,0.031,245792.92,0,1
2024-05-19,广州天河店,智能穿戴,40,1326.58,0.037,51099.86,0,1
2024-05-19,广州天河店,笔记本电脑,20,6565.65,0.049,124878.66,0,1
2024-05-19,广州天河店,配件耗材,73,202.11,0.022,14429.44,0,1
2024-05-19,成都春熙店,智能家居,25,904.48,0.045,21594.46,0,1
2024-05-19,成都春熙店,智能手机,49,4056.07,0.033,192188.76,0,1
2024-05-19,成都春熙店,智能穿戴,26,1326.44,0.005,34315.0,0,1
2024-05-19,成都春熙店,笔记本电脑,19,6652.12,0.028,122851.35,0,1
2024-05-19,成都春熙店,配件耗材,52,199.16,0.035,9993.85,0,1
2024-05-20,上海旗舰店,智能家居,64,912.22,0.133,50617.26,1,0
2024-05-20,上海旗舰店,智能手机,81,4056.19,0.164,274668.96,1,0
2024-05-20,上海旗舰店,智能穿戴,44,1322.38,0.03,56439.18,0,0
2024-05-20,上海旗舰店,笔记本电脑,35,6611.05,0.179,189968.52,1,0
2024-05-20,上海旗舰店,配件耗材,80,204.99,0.011,16218.81,0,0
2024-05-20,北京中关村店,智能家居,36,905.7,0.026,31757.46,0,0
2024-05-20,北京中关村店,智能手机,60,4035.83,0.046,231010.91,0,0
2024-05-20,北京中关村店,智能穿戴,41,1325.7,0.023,53103.56,0,0
2024-05-20,北京中关村店,笔记本电脑,27,6589.57,0.02,174360.02,0,0
2024-05-20,北京中关村店,配件耗材,88,198.76,0.027,17018.63,0,0
2024-05-20,广州天河店,智能家居,28,902.95,0.025,24650.53,0,0
2024-05-20,广州天河店,智能手机,60,4099.74,0.031,238358.88,0,0
2024-05-20,广州天河店,智能穿戴,35,1339.55,0.045,44774.46,0,0
2024-05-20,广州天河店,笔记本电脑,27,6492.0,0.039,168447.92,0,0
2024-05-20,广州天河店,配件耗材,62,202.17,0.047,11945.42,0,0
2024-05-20,成都春熙店,智能家居,21,903.08,0.007,18831.93,0,0
2024-05-20,成都春熙店,智能手机,41,4074.95,0.027,162561.98,0,0
2024-05-20,成都春熙店,智能穿戴,23,1306.1,0.046,28658.45,0,0
2024-05-20,成都春熙店,笔记本电脑,16,6686.81,0.001,106881.97,0,0
2024-05-20,成都春熙店,配件耗材,52,201.19,0.008,10378.18,0,0
2024-05-21,上海旗舰店,智能家居,39,924.7,0.035,34801.08,0,0
2024-05-21,上海旗舰店,智能手机,74,3972.3,0.214,231044.86,1,0
2024-05-21,上海旗舰店,智能穿戴,45,1310.02,0.036,56828.67,0,0
2024-05-21,上海旗舰店,笔记本电脑,32,6573.14,0.06,197720.05,1,0
2024-05-21,上海旗舰店,配件耗材,77,203.86,0.006,15603.04,0,0
2024-05-21,北京中关村店,智能家居,32,897.77,0.036,27694.41,0,0
2024-05-21,北京中关村店,智能手机,65,4107.15,0.001,266697.79,0,0
2024-05-21,北京中关村店,智能穿戴,37,1317.75,0.05,46318.91,0,0
2024-05-21,北京中关村店,笔记本电脑,23,6672.01,0.007,152382.04,0,0
2024-05-21,北京中关村店,配件耗材,78,203.86,0.009,15757.97,0,0
2024-05-21,广州天河店,智能家居,28,918.98,0.0,25731.44,0,0
2024-05-21,广州天河店,智能手机,51,4045.8,0.031,199939.39,0,0
2024-05-21,广州天河店,智能穿戴,53,1320.75,0.201,55929.8,1,0
2024-05-21,广州天河店,笔记本电脑,19,6516.1,0.014,122072.62,0,0
2024-05-21,广州天河店,配件耗材,72,199.32,0.015,14135.77,0,0
2024-05-21,成都春熙店,智能家居,26,910.44,0.04,22724.58,0,0
2024-05-21,成都春熙店,智能手机,34,4089.51,0.002,138765.25,0,0
2024-05-21,成都春熙店,智能穿戴,35,1338.53,0.135,40524.0,1,0
2024-05-21,成都春熙店,笔记本电脑,18,6591.13,0.036,114369.29,0,0
2024-05-21,成都春熙店,配件耗材,44,203.81,0.041,8599.97,0,0
2024-05-22,上海旗舰店,智能家居,43,925.99,0.004,39658.3,0,0
2024-05-22,上海旗舰店,智能手机,82,4057.18,0.133,288441.15,1,0
2024-05-22,上海旗舰店,智能穿戴,38,1310.82,0.02,48814.94,0,0
2024-05-22,上海旗舰店,笔记本电脑,22,6510.88,0.011,141663.73,0,0
2024-05-22,上海旗舰店,配件耗材,83,203.62,0.025,16477.95,0,0
2024-05-22,北京中关村店,智能家居,47,900.55,0.206,33606.72,1,0
2024-05-22,北京中关村店,智能手机,44,4042.93,0.002,177533.14,0,0
2024-05-22,北京中关村店,智能穿戴,38,1301.51,0.034,47775.83,0,0
2024-05-22,北京中关村店,笔记本电脑,28,6627.15,0.009,183890.16,0,0
2024-05-22,北京中关村店,配件耗材,63,206.35,0.006,12922.05,0,0
2024-05-22,广州天河店,智能家居,35,912.63,0.038,30728.25,0,0
2024-05-22,广州天河店,智能手机,45,4058.05,0.015,179873.07,0,0
2024-05-22,广州天河店,智能穿戴,36,1298.02,0.014,46074.52,0,0
2024-05-22,广州天河店,笔记本电脑,20,6670.22,0.046,127267.8,0,0
2024-05-22,广州天河店,配件耗材,65,201.24,0.047,12465.81,0,0
2024-05-22,成都春熙店,智能家居,36,919.4,0.102,29722.36,1,0
2024-05-22,成都春熙店,智能手机,45,4101.14,0.151,156684.05,1,0
2024-05-22,成都春熙店,智能穿戴,29,1338.35,0.03,37647.79,0,0
2024-05-22,成都春熙店,笔记本电脑,17,6591.5,0.037,107909.45,0,0
2024-05-22,成都春熙店,配件耗材,53,203.65,0.033,10437.27,0,0
2024-05-23,上海旗舰店,智能家居,38,919.64,0.013,34492.02,0,0
2024-05-23,上海旗舰店,智能手机,99,4030.58,0.122,350346.07,1,0
2024-05-23,上海旗舰店,智能穿戴,44,1333.16,0.01,58072.45,0,0
2024-05-23,上海旗舰店,笔记本电脑,24,6641.73,0.012,157488.7,0,0
2024-05-23,上海旗舰店,配件耗材,113,202.89,0.211,18089.06,1,0
2024-05-23,北京中关村店,智能家居,36,915.82,0.038,31716.68,0,0
2024-05-23,北京中关村店,智能手机,51,4014.93,0.038,196980.5,0,0
2024-05-23,北京中关村店,智能穿戴,36,1311.56,0.009,46791.21,0,0
2024-05-23,北京中关村店,笔记本电脑,25,6741.65,0.039,161968.14,0,0
2024-05-23,北京中关村店,配件耗材,76,204.2,0.021,15193.3,0,0
2024-05-23,广州天河店,智能家居,35,915.78,0.047,30545.84,0,0
2024-05-23,广州天河店,智能手机,71,3973.82,0.048,268598.44,0,0
2024-05-23,广州天河店,智能穿戴,54,1323.81,0.152,60619.91,1,0
2024-05-23,广州天河店,笔记本电脑,20,6570.05,0.032,127196.17,0,0
2024-05-23,广州天河店,配件耗材,77,202.13,0.021,15237.17,0,0
2024-05-23,成都春熙店,智能家居,21,932.65,0.045,18704.3,0,0
2024-05-23,成都春熙店,智能手机,40,4013.84,0.03,155736.99,0,0
2024-05-23,成都春熙店,智能穿戴,42,1330.43,0.082,51296.06,1,0
2024-05-23,成都春熙店,笔记本电脑,21,6599.46,0.018,136094.06,0,0
2024-05-23,成都春熙店,配件耗材,67,202.7,0.197,10905.46,1,0
2024-05-24,上海旗舰店,智能家居,47,914.15,0.001,42922.08,0,0
2024-05-24,上海旗舰店,智能手机,122,4025.99,0.02,481347.36,0,0
2024-05-24,上海旗舰店,智能穿戴,45,1326.0,0.03,57879.9,0,0
2024-05-24,上海旗舰店,笔记本电脑,33,6712.36,0.019,217299.23,0,0
2024-05-24,上海旗舰店,配件耗材,100,202.49,0.154,17130.65,1,0
2024-05-24,北京中关村店,智能家居,33,903.32,0.008,29571.08,0,0
2024-05-24,北京中关村店,智能手机,74,4139.3,0.169,254542.11,1,0
2024-05-24,北京中关村店,智能穿戴,47,1318.98,0.05,58892.46,0,0
2024-05-24,北京中关村店,笔记本电脑,34,6692.85,0.174,187962.0,1,0
2024-05-24,北京中关村店,配件耗材,99,201.54,0.021,19533.46,0,0
2024-05-24,广州天河店,智能家居,42,906.69,0.192,30769.43,1,0
2024-05-24,广州天河店,智能手机,54,4073.91,0.042,210751.51,0,0
2024-05-24,广州天河店,智能穿戴,31,1320.66,0.023,39998.83,0,0
2024-05-24,广州天河店,笔记本电脑,26,6677.87,0.001,173451.0,0,0
2024-05-24,广州天河店,配件耗材,83,199.28,0.035,15961.33,0,0
2024-05-24,成都春熙店,智能家居,23,918.8,0.038,20329.37,0,0
2024-05-24,成都春熙店,智能手机,57,4080.4,0.132,201881.87,1,0
2024-05-24,成都春熙店,智能穿戴,25,1293.61,0.026,31499.4,0,0
2024-05-24,成都春熙店,笔记本电脑,17,6693.84,0.027,110722.81,0,0
2024-05-24,成都春熙店,配件耗材,49,203.74,0.017,9813.54,0,0
2024-05-25,上海旗舰店,智能家居,72,916.5,0.023,64470.28,0,1
2024-05-25,上海旗舰店,智能手机,86,4096.48,0.141,302623.36,1,1
2024-05-25,上海旗舰店,智能穿戴,55,1331.46,0.041,70227.86,0,1
2024-05-25,上海旗舰店,笔记本电脑,26,6580.94,0.015,168537.87,0,1
2024-05-25,上海旗舰店,配件耗材,83,203.83,0.027,16461.11,0,1
2024-05-25,北京中关村店,智能家居,48,916.93,0.043,42120.1,0,1
2024-05-25,北京中关村店,智能手机,63,4116.14,0.042,248425.51,0,1
2024-05-25,北京中关村店,智能穿戴,49,1297.99,0.044,60803.04,0,1
2024-05-25,北京中关村店,笔记本电脑,30,6695.27,0.035,193828.07,0,1
2024-05-25,北京中关村店,配件耗材,145,202.61,0.108,26205.58,1,1
2024-05-25,广州天河店,智能家居,39,912.55,0.047,33916.75,0,1
2024-05-25,广州天河店,智能手机,78,4032.63,0.045,300390.61,0,1
2024-05-25,广州天河店,智能穿戴,37,1327.81,0.009,48686.81,0,1
2024-05-25,广州天河店,笔记本电脑,23,6507.17,0.032,144875.63,0,1
2024-05-25,广州天河店,配件耗材,68,202.23,0.025,13407.85,0,1
2024-05-25,成都春熙店,智能家居,32,913.07,0.041,28020.29,0,1
2024-05-25,成都春熙店,智能手机,52,4049.65,0.007,209107.73,0,1
2024-05-25,成都春熙店,智能穿戴,38,1343.47,0.036,49213.99,0,1
2024-05-25,成都春熙店,笔记本电脑,14,6586.98,0.001,92125.5,0,1
2024-05-25,成都春熙店,配件耗材,39,204.18,0.002,7947.09,0,1
2024-05-26,上海旗舰店,智能家居,49,906.39,0.003,44279.87,0,1
2024-05-26,上海旗舰店,智能手机,70,3976.26,0.042,266648.0,0,1
2024-05-26,上海旗舰店,智能穿戴,59,1322.32,0.183,63739.79,1,1
2024-05-26,上海旗舰店,笔记本电脑,21,6607.5,0.046,132374.65,0,1
2024-05-26,上海旗舰店,配件耗材,80,202.39,0.037,15592.13,0,1
2024-05-26,北京中关村店,智能家居,39,918.32,0.035,34560.97,0,1
2024-05-26,北京中关村店,智能手机,81,4014.65,0.063,304699.89,1,1
2024-05-26,北京中关村店,智能穿戴,35,1329.99,0.013,45944.5,0,1
2024-05-26,北京中关村店,笔记本电脑,31,6610.95,0.003,204324.63,0,1
2024-05-26,北京中关村店,配件耗材,82,203.57,0.02,16358.89,0,1
2024-05-26,广州天河店,智能家居,36,933.88,0.035,32442.99,0,1
2024-05-26,广州天河店,智能手机,75,4062.29,0.148,259580.33,1,1
2024-05-26,广州天河店,智能穿戴,38,1305.19,0.038,47712.53,0,1
2024-05-26,广州天河店,笔记本电脑,19,6619.1,0.021,123121.88,0,1
2024-05-26,广州天河店,配件耗材,81,200.4,0.007,16118.77,0,1
2024-05-26,成都春熙店,智能家居,26,917.69,0.031,23120.28,0,1
2024-05-26,成都春熙店,智能手机,66,4091.65,0.214,212258.44,1,1
2024-05-26,成都春熙店,智能穿戴,36,1298.29,0.016,45990.62,0,1
2024-05-26,成都春熙店,笔记本电脑,17,6570.09,0.035,107782.33,0,1
2024-05-26,成都春熙店,配件耗材,56,204.31,0.034,11052.35,0,1
2024-05-27,上海旗舰店,智能家居,55,920.71,0.012,50031.38,0,0
2024-05-27,上海旗舰店,智能手机,77,4100.77,0.034,305023.47,0,0
2024-05-27,上海旗舰店,智能穿戴,39,1321.62,0.017,50666.95,0,0
2024-05-27,上海旗舰店,笔记本电脑,26,6464.49,0.028,163370.59,0,0
2024-05-27,上海旗舰店,配件耗材,75,197.69,0.033,14337.47,0,0
2024-05-27,北京中关村店,智能家居,35,897.48,0.004,31286.15,0,0
2024-05-27,北京中关村店,智能手机,65,4108.1,0.013,263555.16,0,0
2024-05-27,北京中关村店,智能穿戴,33,1324.65,0.044,41790.06,0,0
2024-05-27,北京中关村店,笔记本电脑,31,6652.96,0.093,187061.28,1,0
2024-05-27,北京中关村店,配件耗材,81,204.33,0.005,16467.98,0,0
2024-05-27,广州天河店,智能家居,27,913.58,0.006,24518.66,0,0
2024-05-27,广州天河店,智能手机,50,4059.68,0.034,196082.54,0,0
2024-05-27,广州天河店,智能穿戴,34,1332.33,0.046,43215.46,0,0
2024-05-27,广州天河店,笔记本电脑,19,6648.6,0.045,120638.85,0,0
2024-05-27,广州天河店,配件耗材,73,202.19,0.034,14258.03,0,0
2024-05-27,成都春熙店,智能家居,24,928.48,0.04,21392.18,0,0
2024-05-27,成都春熙店,智能手机,35,4075.26,0.048,135787.66,0,0
2024-05-27,成都春熙店,智能穿戴,21,1333.19,0.034,27045.09,0,0
2024-05-27,成都春熙店,笔记本电脑,17,6657.53,0.015,111480.34,0,0
2024-05-27,成都春熙店,配件耗材,41,200.1,0.001,8195.9,0,0
2024-05-28,上海旗舰店,智能家居,51,921.79,0.027,45741.99,0,0
2024-05-28,上海旗舰店,智能手机,88,4092.36,0.134,311870.57,1,0
2024-05-28,上海旗舰店,智能穿戴,37,1326.5,0.041,47068.2,0,0
2024-05-28,上海旗舰店,笔记本电脑,23,6620.3,0.033,147242.09,0,0
2024-05-28,上海旗舰店,配件耗材,91,203.43,0.003,18456.59,0,0
2024-05-28,北京中关村店,智能家居,38,910.96,0.043,33127.97,0,0
2024-05-28,北京中关村店,智能手机,73,4112.05,0.111,266859.71,1,0
2024-05-28,北京中关村店,智能穿戴,39,1311.87,0.049,48655.95,0,0
2024-05-28,北京中关村店,笔记本电脑,21,6671.05,0.029,136029.38,0,0
2024-05-28,北京中关村店,配件耗材,67,202.82,0.02,13317.16,0,0
2024-05-28,广州天河店,智能家居,34,917.97,0.047,29744.06,0,0
2024-05-28,广州天河店,智能手机,44,3988.48,0.016,172685.23,0,0
2024-05-28,广州天河店,智能穿戴,35,1308.53,0.027,44561.99,0,0
2024-05-28,广州天河店,笔记本电脑,23,6541.0,0.048,143221.74,0,0
2024-05-28,广州天河店,配件耗材,64,202.45,0.019,12710.62,0,0
2024-05-28,成都春熙店,智能家居,20,900.0,0.003,17946.0,0,0
2024-05-28,成都春熙店,智能手机,43,4046.87,0.047,165836.69,0,0
2024-05-28,成都春熙店,智能穿戴,41,1336.4,0.112,48655.65,1,0
2024-05-28,成都春熙店,笔记本电脑,14,6582.92,0.02,90317.66,0,0
2024-05-28,成都春熙店,配件耗材,40,200.53,0.044,7668.27,0,0
2024-05-29,上海旗舰店,智能家居,49,907.32,0.018,43658.42,0,0
2024-05-29,上海旗舰店,智能手机,64,4103.35,0.046,250534.14,0,0
2024-05-29,上海旗舰店,智能穿戴,35,1349.36,0.044,45149.59,0,0
2024-05-29,上海旗舰店,笔记本电脑,22,6591.21,0.002,144716.61,0,0
2024-05-29,上海旗舰店,配件耗材,95,205.32,0.046,18608.15,0,0
2024-05-29,北京中关村店,智能家居,26,920.07,0.029,23228.09,0,0
2024-05-29,北京中关村店,智能手机,59,4120.68,0.028,236312.76,0,0
2024-05-29,北京中关村店,智能穿戴,46,1339.22,0.006,61234.5,0,0
2024-05-29,北京中关村店,笔记本电脑,24,6552.46,0.042,150654.16,0,0
2024-05-29,北京中关村店,配件耗材,91,199.94,0.118,16047.58,1,0
2024-05-29,广州天河店,智能家居,23,908.04,0.048,19882.44,0,0
2024-05-29,广州天河店,智能手机,39,4009.61,0.028,151996.3,0,0
2024-05-29,广州天河店,智能穿戴,40,1311.75,0.014,51735.42,0,0
2024-05-29,广州天河店,笔记本电脑,16,6624.9,0.022,103666.44,0,0
2024-05-29,广州天河店,配件耗材,52,206.17,0.041,10281.29,0,0
2024-05-29,成都春熙店,智能家居,23,903.48,0.047,19803.38,0,0
2024-05-29,成都春熙店,智能手机,39,4037.29,0.029,152888.14,0,0
2024-05-29,成都春熙店,智能穿戴,35,1335.6,0.046,44595.68,0,0
2024-05-29,成都春熙店,笔记本电脑,16,6495.5,0.003,103616.22,0,0
2024-05-29,成都春熙店,配件耗材,51,203.25,0.023,10127.34,0,0
2024-05-30,上海旗舰店,智能家居,38,924.11,0.011,34729.9,0,0
2024-05-30,上海旗舰店,智能手机,99,4029.43,0.159,335486.31,1,0
2024-05-30,上海旗舰店,智能穿戴,42,1330.65,0.012,55216.65,0,0
2024-05-30,上海旗舰店,笔记本电脑,26,6591.52,0.048,163153.3,0,0
2024-05-30,上海旗舰店,配件耗材,81,205.75,0.018,16365.77,0,0
2024-05-30,北京中关村店,智能家居,40,918.95,0.04,35287.68,0,0
2024-05-30,北京中关村店,智能手机,64,4052.68,0.048,246921.69,0,0
2024-05-30,北京中关村店,智能穿戴,37,1312.73,0.038,46725.31,0,0
2024-05-30,北京中关村店,笔记本电脑,21,6595.81,0.01,137126.89,0,0
2024-05-30,北京中关村店,配件耗材,78,205.35,0.029,15552.8,0,0
2024-05-30,广州天河店,智能家居,49,901.03,0.165,36865.64,1,0
2024-05-30,广州天河店,智能手机,52,4116.05,0.017,210396.01,0,0
2024-05-30,广州天河店,智能穿戴,40,1313.29,0.039,50482.87,0,0
2024-05-30,广州天河店,笔记本电脑,23,6674.3,0.025,149671.18,0,0
2024-05-30,广州天河店,配件耗材,65,203.49,0.005,13160.72,0,0
2024-05-30,成都春熙店,智能家居,26,921.88,0.008,23777.13,0,0
2024-05-30,成都春熙店,智能手机,43,4038.03,0.045,165821.7,0,0
2024-05-30,成都春熙店,智能穿戴,25,1338.53,0.022,32727.06,0,0
2024-05-30,成都春熙店,笔记本电脑,19,6712.53,0.011,126135.15,0,0
2024-05-30,成都春熙店,配件耗材,74,206.41,0.174,12616.6,1,0
2024-05-31,上海旗舰店,智能家居,62,909.15,0.142,48363.14,1,0
2024-05-31,上海旗舰店,智能手机,76,4092.48,0.0,311028.48,0,0
2024-05-31,上海旗舰店,智能穿戴,50,1319.0,0.011,65224.55,0,0
2024-05-31,上海旗舰店,笔记本电脑,30,6604.91,0.05,188239.93,0,0
2024-05-31,上海旗舰店,配件耗材,86,203.88,0.038,16867.4,0,0
2024-05-31,北京中关村店,智能家居,41,932.5,0.024,37314.92,0,0
2024-05-31,北京中关村店,智能手机,108,4106.75,0.072,411594.91,1,0
2024-05-31,北京中关村店,智能穿戴,36,1317.82,0.05,45069.44,0,0
2024-05-31,北京中关村店,笔记本电脑,38,6574.83,0.125,218613.1,1,0
2024-05-31,北京中关村店,配件耗材,104,203.98,0.036,20450.22,0,0
2024-05-31,广州天河店,智能家居,30,904.44,0.034,26210.67,0,0
2024-05-31,广州天河店,智能手机,47,4155.29,0.04,187486.68,0,0
2024-05-31,广州天河店,智能穿戴,50,1315.24,0.032,63657.62,0,0
2024-05-31,广州天河店,笔记本电脑,20,6756.42,0.008,134047.37,0,0
2024-05-31,广州天河店,配件耗材,96,201.86,0.049,18429.01,0,0
2024-05-31,成都春熙店,智能家居,28,915.22,0.043,24524.24,0,0
2024-05-31,成都春熙店,智能手机,45,4100.57,0.023,180281.56,0,0
2024-05-31,成都春熙店,智能穿戴,25,1323.84,0.001,33062.9,0,0
2024-05-31,成都春熙店,笔记本电脑,15,6603.17,0.007,98354.22,0,0
2024-05-31,成都春熙店,配件耗材,55,200.95,0.001,11041.2,0,0
2024-06-01,上海旗舰店,智能家居,72,920.69,0.159,55749.62,1,1
2024-06-01,上海旗舰店,智能手机,82,4030.61,0.043,316298.09,0,1
2024-06-01,上海旗舰店,智能穿戴,60,1314.6,0.01,78087.24,0,1
2024-06-01,上海旗舰店,笔记本电脑,26,6542.35,0.002,169760.9,0,1
2024-06-01,上海旗舰店,配件耗材,169,205.95,0.153,29480.3,1,1
2024-06-01,北京中关村店,智能家居,44,912.15,0.014,39572.72,0,1
2024-06-01,北京中关村店,智能手机,97,4057.8,0.064,368415.78,1,1
2024-06-01,北京中关村店,智能穿戴,46,1328.74,0.049,58127.06,0,1
2024-06-01,北京中关村店,笔记本电脑,32,6589.48,0.025,205591.78,0,1
2024-06-01,北京中关村店,配件耗材,127,204.31,0.062,24338.63,1,1
2024-06-01,广州天河店,智能家居,62,913.09,0.184,46195.05,1,1
2024-06-01,广州天河店,智能手机,60,4109.69,0.028,239677.12,0,1
2024-06-01,广州天河店,智能穿戴,44,1333.1,0.034,56662.08,0,1
2024-06-01,广州天河店,笔记本电脑,22,6581.63,0.03,140451.98,0,1
2024-06-01,广州天河店,配件耗材,138,200.18,0.118,24365.11,1,1
2024-06-01,成都春熙店,智能家居,27,908.75,0.01,24290.89,0,1
2024-06-01,成都春熙店,智能手机,46,4016.49,0.026,179954.82,0,1
2024-06-01,成都春熙店,智能穿戴,44,1331.85,0.145,50104.2,1,1
2024-06-01,成都春熙店,笔记本电脑,21,6492.99,0.039,131035.03,0,1
2024-06-01,成都春熙店,配件耗材,76,206.26,0.111,13935.75,1,1
2024-06-02,上海旗舰店,智能家居,52,906.53,0.016,46385.33,0,1
2024-06-02,上海旗舰店,智能手机,91,4107.24,0.049,355444.66,0,1
2024-06-02,上海旗舰店,智能穿戴,50,1322.95,0.027,64361.52,0,1
2024-06-02,上海旗舰店,笔记本电脑,31,6609.56,0.193,165351.36,1,1
2024-06-02,上海旗舰店,配件耗材,113,199.99,0.005,22485.88,0,1
2024-06-02,北京中关村店,智能家居,68,915.3,0.062,58381.5,1,1
2024-06-02,北京中关村店,智能手机,71,4011.73,0.023,278281.67,0,1
2024-06-02,北京中关村店,智能穿戴,66,1314.82,0.111,77145.75,1,1
2024-06-02,北京中关村店,笔记本电脑,30,6611.24,0.032,191990.41,0,1
2024-06-02,北京中关村店,配件耗材,107,202.36,0.003,21587.56,0,1
2024-06-02,广州天河店,智能家居,59,906.44,0.144,45778.85,1,1
2024-06-02,广州天河店,智能手机,58,4113.96,0.041,228826.68,0,1
2024-06-02,广州天河店,智能穿戴,42,1328.46,0.027,54288.85,0,1
2024-06-02,广州天河店,笔记本电脑,31,6614.76,0.013,202391.81,0,1
2024-06-02,广州天河店,配件耗材,69,201.71,0.01,13778.81,0,1
2024-06-02,成都春熙店,智能家居,31,933.25,0.027,28149.62,0,1
2024-06-02,成都春熙店,智能手机,66,4056.82,0.086,244723.61,1,1
2024-06-02,成都春熙店,智能穿戴,45,1330.2,0.15,50880.15,1,1
2024-06-02,成都春熙店,笔记本电脑,20,6516.96,0.028,126689.7,0,1
2024-06-02,成都春熙店,配件耗材,50,203.1,0.038,9769.11,0,1
2024-06-03,上海旗舰店,智能家居,55,911.66,0.001,50091.16,0,0
2024-06-03,上海旗舰店,智能手机,82,4103.04,0.03,326355.8,0,0
2024-06-03,上海旗舰店,智能穿戴,53,1322.1,0.027,68179.37,0,0
2024-06-03,上海旗舰店,笔记本电脑,35,6650.53,0.012,229975.33,0,0
2024-06-03,上海旗舰店,配件耗材,117,202.61,0.082,21761.53,1,0
2024-06-03,北京中关村店,智能家居,31,916.35,0.029,27583.05,0,0
2024-06-03,北京中关村店,智能手机,83,4078.72,0.034,327023.61,0,0
2024-06-03,北京中关村店,智能穿戴,68,1304.05,0.183,72447.8,1,0
2024-06-03,北京中关村店,笔记本电脑,32,6600.21,0.123,185228.29,1,0
2024-06-03,北京中关村店,配件耗材,93,204.73,0.005,18944.69,0,0
2024-06-03,广州天河店,智能家居,61,916.34,0.171,46338.4,1,0
2024-06-03,广州天河店,智能手机,72,4179.01,0.197,241613.64,1,0
2024-06-03,广州天河店,智能穿戴,43,1307.53,0.006,55886.45,0,0
2024-06-03,广州天河店,笔记本电脑,20,6554.37,0.024,127941.3,0,0
2024-06-03,广州天河店,配件耗材,108,200.41,0.218,16925.83,1,0
2024-06-03,成都春熙店,智能家居,21,927.81,0.049,18529.29,0,0
2024-06-03,成都春熙店,智能手机,53,4087.4,0.107,193452.55,1,0
2024-06-03,成都春熙店,智能穿戴,36,1306.89,0.044,44977.93,0,0
2024-06-03,成都春熙店,笔记本电脑,17,6671.6,0.002,113190.37,0,0
2024-06-03,成都春熙店,配件耗材,46,201.47,0.01,9174.94,0,0
2024-06-04,上海旗舰店,智能家居,64,903.64,0.115,51182.17,1,0
2024-06-04,上海旗舰店,智能手机,73,4050.73,0.065,276482.58,1,0
2024-06-04,上海旗舰店,智能穿戴,51,1358.32,0.002,69135.77,0,0
2024-06-04,上海旗舰店,笔记本电脑,34,6660.33,0.106,202447.39,1,0
2024-06-04,上海旗舰店,配件耗材,84,201.6,0.024,16527.97,0,0
2024-06-04,北京中关村店,智能家居,39,919.34,0.005,35674.99,0,0
2024-06-04,北京中关村店,智能手机,62,4062.58,0.196,202511.49,1,0
2024-06-04,北京中关村店,智能穿戴,45,1306.79,0.045,56159.3,0,0
2024-06-04,北京中关村店,笔记本电脑,32,6624.73,0.039,203723.7,0,0
2024-06-04,北京中关村店,配件耗材,107,203.82,0.088,19889.57,1,0
2024-06-04,广州天河店,智能家居,38,914.9,0.041,33340.79,0,0
2024-06-04,广州天河店,智能手机,51,4079.68,0.016,204734.66,0,0
2024-06-04,广州天河店,智能穿戴,34,1318.83,0.029,43539.85,0,0
2024-06-04,广州天河店,笔记本电脑,29,6647.18,0.05,183129.81,0,0
2024-06-04,广州天河店,配件耗材,102,207.51,0.104,18964.75,1,0
2024-06-04,成都春熙店,智能家居,30,930.86,0.017,27451.06,0,0
2024-06-04,成都春熙店,智能手机,49,4098.94,0.035,193818.38,0,0
2024-06-04,成都春熙店,智能穿戴,40,1347.52,0.16,45276.67,1,0
2024-06-04,成都春熙店,笔记本电脑,23,6706.56,0.213,121395.44,1,0
2024-06-04,成都春熙店,配件耗材,53,202.81,0.009,10652.19,0,0
2024-06-05,上海旗舰店,智能家居,56,913.77,0.128,44621.22,1,0
2024-06-05,上海旗舰店,智能手机,87,4084.26,0.035,342894.05,0,0
2024-06-05,上海旗舰店,智能穿戴,48,1305.85,0.04,60173.57,0,0
2024-06-05,上海旗舰店,笔记本电脑,28,6549.46,0.005,182467.96,0,0
2024-06-05,上海旗舰店,配件耗材,125,199.84,0.17,20733.4,1,0
2024-06-05,北京中关村店,智能家居,51,906.9,0.168,38481.58,1,0
2024-06-05,北京中关村店,智能手机,82,4072.9,0.102,299912.06,1,0
2024-06-05,北京中关村店,智能穿戴,58,1346.54,0.179,64119.54,1,0
2024-06-05,北京中关村店,笔记本电脑,34,6607.75,0.09,204443.79,1,0
2024-06-05,北京中关村店,配件耗材,92,199.75,0.041,17623.54,0,0
2024-06-05,广州天河店,智能家居,36,898.51,0.033,31278.93,0,0
2024-06-05,广州天河店,智能手机,89,4084.25,0.208,287890.61,1,0
2024-06-05,广州天河店,智能穿戴,36,1339.39,0.013,47591.21,0,0
2024-06-05,广州天河店,笔记本电脑,24,6655.04,0.013,157644.59,0,0
2024-06-05,广州天河店,配件耗材,88,199.85,0.067,16408.48,1,0
2024-06-05,成都春熙店,智能家居,51,928.18,0.185,38579.8,1,0
2024-06-05,成都春熙店,智能手机,45,4101.64,0.04,177190.85,0,0
2024-06-05,成都春熙店,智能穿戴,43,1330.18,0.132,49647.64,1,0
2024-06-05,成都春熙店,笔记本电脑,23,6583.61,0.208,119927.04,1,0
2024-06-05,成都春熙店,配件耗材,60,205.63,0.029,11980.0,0,0
2024-06-06,上海旗舰店,智能家居,45,902.74,0.031,39363.98,0,0
2024-06-06,上海旗舰店,智能手机,73,4090.52,0.006,296816.31,0,0
2024-06-06,上海旗舰店,智能穿戴,55,1320.35,0.045,69351.38,0,0
2024-06-06,上海旗舰店,笔记本电脑,29,6590.69,0.043,182911.42,0,0
2024-06-06,上海旗舰店,配件耗材,80,206.26,0.001,16484.3,0,0
2024-06-06,北京中关村店,智能家居,54,923.12,0.198,39978.48,1,0
2024-06-06,北京中关村店,智能手机,70,4150.45,0.046,277167.05,0,0
2024-06-06,北京中关村店,智能穿戴,53,1331.04,0.182,57705.91,1,0
2024-06-06,北京中关村店,笔记本电脑,36,6607.74,0.188,193157.46,1,0
2024-06-06,北京中关村店,配件耗材,110,204.35,0.045,21466.97,0,0
2024-06-06,广州天河店,智能家居,40,919.24,0.006,36548.98,0,0
2024-06-06,广州天河店,智能手机,46,4028.26,0.002,184929.36,0,0
2024-06-06,广州天河店,智能穿戴,34,1303.09,0.021,43374.65,0,0
2024-06-06,广州天河店,笔记本电脑,27,6488.59,0.011,173264.82,0,0
2024-06-06,广州天河店,配件耗材,72,204.43,0.048,14012.45,0,0
2024-06-06,成都春熙店,智能家居,35,915.6,0.033,30988.48,0,0
2024-06-06,成都春熙店,智能手机,43,4100.76,0.006,175274.68,0,0
2024-06-06,成都春熙店,智能穿戴,38,1293.61,0.173,40652.99,1,0
2024-06-06,成都春熙店,笔记本电脑,18,6727.22,0.039,116367.45,0,0
2024-06-06,成都春熙店,配件耗材,58,201.71,0.019,11476.9,0,0
2024-06-07,上海旗舰店,智能家居,57,899.19,0.043,49049.92,0,0
2024-06-07,上海旗舰店,智能手机,74,4148.07,0.05,291609.32,0,0
2024-06-07,上海旗舰店,智能穿戴,56,1324.94,0.01,73454.67,0,0
2024-06-07,上海旗舰店,笔记本电脑,29,6576.82,0.023,186341.04,0,0
2024-06-07,上海旗舰店,配件耗材,85,202.06,0.011,16986.17,0,0
2024-06-07,北京中关村店,智能家居,43,905.09,0.046,37128.6,0,0
2024-06-07,北京中关村店,智能手机,101,4121.33,0.094,377126.42,1,0
2024-06-07,北京中关村店,智能穿戴,52,1337.06,0.049,66120.29,0,0
2024-06-07,北京中关村店,笔记本电脑,32,6620.05,0.196,170320.65,1,0
2024-06-07,北京中关村店,配件耗材,107,203.04,0.151,18444.76,1,0
2024-06-07,广州天河店,智能家居,42,916.59,0.022,37649.85,0,0
2024-06-07,广州天河店,智能手机,79,4058.18,0.014,316107.87,0,0
2024-06-07,广州天河店,智能穿戴,37,1331.79,0.041,47255.9,0,0
2024-06-07,广州天河店,笔记本电脑,33,6523.23,0.135,186205.6,1,0
2024-06-07,广州天河店,配件耗材,73,203.96,0.005,14814.63,0,0
2024-06-07,成都春熙店,智能家居,42,930.87,0.038,37610.87,0,0
2024-06-07,成都春熙店,智能手机,42,4047.85,0.095,153858.78,1,0
2024-06-07,成都春熙店,智能穿戴,38,1326.06,0.185,41068.08,1,0
2024-06-07,成都春熙店,笔记本电脑,17,6617.62,0.009,111487.04,0,0
2024-06-07,成都春熙店,配件耗材,58,201.29,0.025,11382.95,0,0
2024-06-08,上海旗舰店,智能家居,60,908.6,0.04,52335.36,0,1
2024-06-08,上海旗舰店,智能手机,85,4067.03,0.006,343623.36,0,1
2024-06-08,上海旗舰店,智能穿戴,49,1301.33,0.015,62808.69,0,1
2024-06-08,上海旗舰店,笔记本电脑,52,6639.21,0.181,282750.68,1,1
2024-06-08,上海旗舰店,配件耗材,132,200.46,0.002,26407.8,0,1
2024-06-08,北京中关村店,智能家居,62,934.67,0.164,48445.82,1,1
2024-06-08,北京中关村店,智能手机,94,4098.68,0.191,311688.22,1,1
2024-06-08,北京中关村店,智能穿戴,66,1316.6,0.161,72905.41,1,1
2024-06-08,北京中关村店,笔记本电脑,34,6588.28,0.102,201153.36,1,1
2024-06-08,北京中关村店,配件耗材,141,202.18,0.071,26483.36,1,1
2024-06-08,广州天河店,智能家居,50,918.66,0.04,44095.68,0,1
2024-06-08,广州天河店,智能手机,110,4080.21,0.213,353223.78,1,1
2024-06-08,广州天河店,智能穿戴,48,1320.61,0.04,60853.71,0,1
2024-06-08,广州天河店,笔记本电脑,40,6598.93,0.097,238353.35,1,1
2024-06-08,广州天河店,配件耗材,99,203.4,0.026,19613.05,0,1
2024-06-08,成都春熙店,智能家居,32,929.8,0.037,28652.72,0,1
2024-06-08,成都春熙店,智能手机,74,4111.39,0.029,295419.82,0,1
2024-06-08,成都春熙店,智能穿戴,32,1298.69,0.027,40436.01,0,1
2024-06-08,成都春熙店,笔记本电脑,30,6738.34,0.111,179711.53,1,1
2024-06-08,成都春熙店,配件耗材,61,200.81,0.023,11967.67,0,1
2024-06-09,上海旗舰店,智能家居,58,905.12,0.035,50659.57,0,1
2024-06-09,上海旗舰店,智能手机,71,4096.62,0.014,286787.98,0,1
2024-06-09,上海旗舰店,智能穿戴,52,1331.72,0.048,65925.47,0,1
2024-06-09,上海旗舰店,笔记本电脑,37,6673.22,0.006,245427.69,0,1
2024-06-09,上海旗舰店,配件耗材,139,204.08,0.093,25728.98,1,1
2024-06-09,北京中关村店,智能家居,53,903.87,0.098,43210.41,1,1
2024-06-09,北京中关村店,智能手机,89,4032.08,0.141,308256.55,1,1
2024-06-09,北京中关村店,智能穿戴,60,1305.99,0.147,66840.57,1,1
2024-06-09,北京中关村店,笔记本电脑,27,6655.1,0.018,176453.32,0,1
2024-06-09,北京中关村店,配件耗材,118,201.73,0.012,23518.49,0,1
2024-06-09,广州天河店,智能家居,39,924.26,0.023,35217.08,0,1
2024-06-09,广州天河店,智能手机,63,4098.7,0.003,257443.45,0,1
2024-06-09,广州天河店,智能穿戴,51,1312.99,0.218,52364.67,1,1
2024-06-09,广州天河店,笔记本电脑,24,6607.69,0.036,152875.52,0,1
2024-06-09,广州天河店,配件耗材,94,202.6,0.01,18853.96,0,1
2024-06-09,成都春熙店,智能家居,32,930.24,0.032,28815.11,0,1
2024-06-09,成都春熙店,智能手机,45,4011.87,0.017,177465.07,0,1
2024-06-09,成都春熙店,智能穿戴,35,1324.83,0.011,45858.99,0,1
2024-06-09,成都春熙店,笔记本电脑,31,6601.46,0.149,174153.12,1,1
2024-06-09,成都春熙店,配件耗材,55,203.76,0.046,10691.29,0,1
2024-06-10,上海旗舰店,智能家居,56,912.6,0.123,44819.61,1,0
2024-06-10,上海旗舰店,智能手机,69,4119.44,0.042,272303.22,0,0
2024-06-10,上海旗舰店,智能穿戴,47,1304.69,0.012,60584.58,0,0
2024-06-10,上海旗舰店,笔记本电脑,33,6645.19,0.182,179380.26,1,0
2024-06-10,上海旗舰店,配件耗材,130,205.77,0.179,21961.83,1,0
2024-06-10,北京中关村店,智能家居,55,935.2,0.188,41766.03,1,0
2024-06-10,北京中关村店,智能手机,76,4128.47,0.131,272660.67,1,0
2024-06-10,北京中关村店,智能穿戴,67,1345.53,0.184,73562.82,1,0
2024-06-10,北京中关村店,笔记本电脑,29,6719.5,0.192,157451.32,1,0
2024-06-10,北京中关村店,配件耗材,101,201.74,0.028,19805.22,0,0
2024-06-10,广州天河店,智能家居,31,918.02,0.025,27747.15,0,0
2024-06-10,广州天河店,智能手机,55,4010.42,0.042,211309.03,0,0
2024-06-10,广州天河店,智能穿戴,39,1322.01,0.009,51094.36,0,0
2024-06-10,广州天河店,笔记本电脑,27,6785.53,0.005,182293.26,0,0
2024-06-10,广州天河店,配件耗材,102,203.95,0.202,16600.71,1,0
2024-06-10,成都春熙店,智能家居,40,928.7,0.106,33210.31,1,0
2024-06-10,成都春熙店,智能手机,57,4044.1,0.175,190173.8,1,0
2024-06-10,成都春熙店,智能穿戴,26,1328.03,0.004,34390.66,0,0
2024-06-10,成都春熙店,笔记本电脑,21,6621.36,0.005,138353.32,0,0
2024-06-10,成都春熙店,配件耗材,81,201.51,0.075,15098.14,1,0
2024-06-11,上海旗舰店,智能家居,49,918.33,0.03,43648.22,0,0
2024-06-11,上海旗舰店,智能手机,61,4090.79,0.013,246294.19,0,0
2024-06-11,上海旗舰店,智能穿戴,45,1336.77,0.041,57688.31,0,0
2024-06-11,上海旗舰店,笔记本电脑,31,6531.15,0.043,193759.63,0,0
2024-06-11,上海旗舰店,配件耗材,79,203.37,0.037,15471.78,0,0
2024-06-11,北京中关村店,智能家居,60,920.52,0.069,51420.25,1,0
2024-06-11,北京中关村店,智能手机,83,4167.17,0.206,274624.84,1,0
2024-06-11,北京中关村店,智能穿戴,46,1301.61,0.027,58257.46,0,0
2024-06-11,北京中关村店,笔记本电脑,33,6609.89,0.156,184098.66,1,0
2024-06-11,北京中关村店,配件耗材,97,201.82,0.108,17462.27,1,0
2024-06-11,广州天河店,智能家居,38,929.55,0.11,31437.38,1,0
2024-06-11,广州天河店,智能手机,64,4093.1,0.028,254623.56,0,0
2024-06-11,广州天河店,智能穿戴,34,1339.06,0.01,45072.76,0,0
2024-06-11,广州天河店,笔记本电脑,29,6636.97,0.183,157249.73,1,0
2024-06-11,广州天河店,配件耗材,94,201.65,0.067,17685.11,1,0
2024-06-11,成都春熙店,智能家居,33,906.42,0.191,24198.69,1,0
2024-06-11,成都春熙店,智能手机,41,4080.09,0.023,163436.17,0,0
2024-06-11,成都春熙店,智能穿戴,25,1308.98,0.031,31710.04,0,0
2024-06-11,成都春熙店,笔记本电脑,28,6796.78,0.158,160240.89,1,0
2024-06-11,成都春熙店,配件耗材,64,202.29,0.147,11043.42,1,0
2024-06-12,上海旗舰店,智能家居,42,912.97,0.045,36619.23,0,0
2024-06-12,上海旗舰店,智能手机,80,4026.49,0.036,310522.91,0,0
2024-06-12,上海旗舰店,智能穿戴,52,1328.43,0.013,68180.34,0,0
2024-06-12,上海旗舰店,笔记本电脑,30,6533.98,0.012,193667.17,0,0
2024-06-12,上海旗舰店,配件耗材,120,204.4,0.201,19597.87,1,0
2024-06-12,北京中关村店,智能家居,34,916.12,0.016,30649.71,0,0
2024-06-12,北京中关村店,智能手机,56,4048.99,0.032,219487.65,0,0
2024-06-12,北京中关村店,智能穿戴,48,1341.42,0.026,62714.07,0,0
2024-06-12,北京中关村店,笔记本电脑,27,6580.25,0.035,171448.41,0,0
2024-06-12,北京中关村店,配件耗材,175,199.88,0.138,30151.9,1,0
2024-06-12,广州天河店,智能家居,42,912.01,0.0,38304.42,0,0
2024-06-12,广州天河店,智能手机,88,4058.39,0.172,295710.53,1,0
2024-06-12,广州天河店,智能穿戴,43,1345.53,0.012,57163.5,0,0
2024-06-12,广州天河店,笔记本电脑,24,6578.18,0.02,154718.79,0,0
2024-06-12,广州天河店,配件耗材,73,202.19,0.047,14066.16,0,0
2024-06-12,成都春熙店,智能家居,25,909.93,0.004,22657.26,0,0
2024-06-12,成都春熙店,智能手机,42,4143.76,0.036,167772.55,0,0
2024-06-12,成都春熙店,智能穿戴,42,1323.12,0.118,49013.66,1,0
2024-06-12,成都春熙店,笔记本电脑,21,6698.7,0.103,126183.41,1,0
2024-06-12,成都春熙店,配件耗材,71,201.56,0.001,14296.45,0,0
2024-06-13,上海旗舰店,智能家居,63,913.91,0.099,51876.27,1,0
2024-06-13,上海旗舰店,智能手机,69,4088.01,0.026,274738.8,0,0
2024-06-13,上海旗舰店,智能穿戴,59,1322.83,0.033,75471.42,0,0
2024-06-13,上海旗舰店,笔记本电脑,28,6661.95,0.024,182057.77,0,0
2024-06-13,上海旗舰店,配件耗材,119,201.77,0.129,20913.26,1,0
2024-06-13,北京中关村店,智能家居,39,897.33,0.027,34050.98,0,0
2024-06-13,北京中关村店,智能手机,83,4164.64,0.187,281025.74,1,0
2024-06-13,北京中关村店,智能穿戴,44,1313.22,0.0,57781.68,0,0
2024-06-13,北京中关村店,笔记本电脑,37,6515.96,0.179,197935.32,1,0
2024-06-13,北京中关村店,配件耗材,132,202.38,0.089,24336.6,1,0
2024-06-13,广州天河店,智能家居,37,905.97,0.016,32984.56,0,0
2024-06-13,广州天河店,智能手机,73,4052.95,0.02,289948.04,0,0
2024-06-13,广州天河店,智能穿戴,42,1325.87,0.04,53459.08,0,0
2024-06-13,广州天河店,笔记本电脑,22,6637.03,0.026,142218.28,0,0
2024-06-13,广州天河店,配件耗材,88,200.29,0.025,17184.88,0,0
2024-06-13,成都春熙店,智能家居,24,916.89,0.023,21499.24,0,0
2024-06-13,成都春熙店,智能手机,40,4072.88,0.047,155258.19,0,0
2024-06-13,成都春熙店,智能穿戴,30,1317.56,0.011,39092.01,0,0
2024-06-13,成都春熙店,笔记本电脑,25,6693.97,0.037,161157.33,0,0
2024-06-13,成都春熙店,配件耗材,58,200.88,0.015,11476.27,0,0
2024-06-14,上海旗舰店,智能家居,50,933.4,0.026,45456.58,0,0
2024-06-14,上海旗舰店,智能手机,77,4088.14,0.005,313212.85,0,0
2024-06-14,上海旗舰店,智能穿戴,68,1326.41,0.045,86137.07,0,0
2024-06-14,上海旗舰店,笔记本电脑,37,6599.65,0.007,242477.74,0,0
2024-06-14,上海旗舰店,配件耗材,136,202.92,0.061,25913.7,1,0
2024-06-14,北京中关村店,智能家居,41,908.43,0.042,35681.31,0,0
2024-06-14,北京中关村店,智能手机,64,4074.78,0.026,254005.49,0,0
2024-06-14,北京中关村店,智能穿戴,58,1328.63,0.13,67042.67,1,0
2024-06-14,北京中关村店,笔记本电脑,30,6576.85,0.006,196121.67,0,0
2024-06-14,北京中关村店,配件耗材,109,202.59,0.011,21839.4,0,0
2024-06-14,广州天河店,智能家居,57,925.5,0.14,45368.01,1,0
2024-06-14,广州天河店,智能手机,87,4131.81,0.184,293325.46,1,0
2024-06-14,广州天河店,智能穿戴,52,1319.34,0.125,60029.97,1,0
2024-06-14,广州天河店,笔记本电脑,37,6720.1,0.16,208860.71,1,0
2024-06-14,广州天河店,配件耗材,120,203.48,0.099,22000.26,1,0
2024-06-14,成都春熙店,智能家居,30,909.81,0.046,26038.76,0,0
2024-06-14,成都春熙店,智能手机,61,4136.19,0.204,200836.84,1,0
2024-06-14,成都春熙店,智能穿戴,38,1311.62,0.102,44757.72,1,0
2024-06-14,成都春熙店,笔记本电脑,18,6858.5,0.025,120366.68,0,0
2024-06-14,成都春熙店,配件耗材,94,202.26,0.037,18308.98,0,0
2024-06-15,上海旗舰店,智能家居,75,916.45,0.219,53681.06,1,1
2024-06-15,上海旗舰店,智能手机,105,4031.26,0.214,332699.89,1,1
2024-06-15,上海旗舰店,智能穿戴,57,1286.49,0.019,71936.66,0,1
2024-06-15,上海旗舰店,笔记本电脑,29,6485.4,0.025,183374.68,0,1
2024-06-15,上海旗舰店,配件耗材,100,202.78,0.03,19669.66,0,1
2024-06-15,北京中关村店,智能家居,61,923.96,0.196,45314.69,1,1
2024-06-15,北京中关村店,智能手机,85,4118.97,0.039,336458.06,0,1
2024-06-15,北京中关村店,智能穿戴,54,1337.96,0.048,68781.85,0,1
2024-06-15,北京中关村店,笔记本电脑,39,6723.79,0.032,253836.52,0,1
2024-06-15,北京中关村店,配件耗材,117,203.25,0.024,23209.52,0,1
2024-06-15,广州天河店,智能家居,48,917.51,0.042,42190.78,0,1
2024-06-15,广州天河店,智能手机,78,4081.89,0.033,307880.64,0,1
2024-06-15,广州天河店,智能穿戴,41,1309.9,0.037,51718.78,0,1
2024-06-15,广州天河店,笔记本电脑,29,6678.86,0.033,187295.27,0,1
2024-06-15,广州天河店,配件耗材,178,203.26,0.207,28690.96,1,1
2024-06-15,成都春熙店,智能家居,47,918.93,0.135,37359.1,1,1
2024-06-15,成都春熙店,智能手机,54,4094.2,0.049,210253.55,0,1
2024-06-15,成都春熙店,智能穿戴,51,1306.86,0.13,57985.38,1,1
2024-06-15,成都春熙店,笔记本电脑,30,6653.64,0.17,165675.64,1,1
2024-06-15,成都春熙店,配件耗材,101,201.31,0.219,15879.53,1,1
2024-06-16,上海旗舰店,智能家居,66,918.91,0.183,49549.47,1,1
2024-06-16,上海旗舰店,智能手机,79,4074.34,0.037,309963.56,0,1
2024-06-16,上海旗舰店,智能穿戴,67,1336.72,0.047,85350.91,0,1
2024-06-16,上海旗舰店,笔记本电脑,42,6657.36,0.176,230397.91,1,1
2024-06-16,上海旗舰店,配件耗材,109,198.19,0.016,21257.07,0,1
2024-06-16,北京中关村店,智能家居,44,924.57,0.03,39460.65,0,1
2024-06-16,北京中关村店,智能手机,111,4001.63,0.066,414864.99,1,1
2024-06-16,北京中关村店,智能穿戴,75,1310.05,0.176,80961.09,1,1
2024-06-16,北京中关村店,笔记本电脑,27,6605.22,0.012,176200.85,0,1
2024-06-16,北京中关村店,配件耗材,111,202.92,0.02,22073.64,0,1
2024-06-16,广州天河店,智能家居,45,909.9,0.023,40003.75,0,1
2024-06-16,广州天河店,智能手机,90,4082.19,0.142,315226.71,1,1
2024-06-16,广州天河店,智能穿戴,37,1345.83,0.034,48102.66,0,1
2024-06-16,广州天河店,笔记本电脑,40,6627.63,0.191,214470.11,1,1
2024-06-16,广州天河店,配件耗材,118,201.82,0.162,19956.77,1,1
2024-06-16,成都春熙店,智能家居,40,912.26,0.186,29703.19,1,1
2024-06-16,成都春熙店,智能手机,74,4003.31,0.188,240550.89,1,1
2024-06-16,成都春熙店,智能穿戴,28,1322.18,0.042,35466.16,0,1
2024-06-16,成都春熙店,笔记本电脑,19,6592.04,0.031,121366.05,0,1
2024-06-16,成都春熙店,配件耗材,66,201.89,0.049,12671.83,0,1
2024-06-17,上海旗舰店,智能家居,49,911.79,0.012,44141.58,0,0
2024-06-17,上海旗舰店,智能手机,74,4033.61,0.037,287443.12,0,0
2024-06-17,上海旗舰店,智能穿戴,50,1316.81,0.003,65642.98,0,0
2024-06-17,上海旗舰店,笔记本电脑,37,6613.65,0.168,203594.6,1,0
2024-06-17,上海旗舰店,配件耗材,87,201.81,0.034,16960.52,0,0
2024-06-17,北京中关村店,智能家居,41,929.97,0.049,36260.46,0,0
2024-06-17,北京中关村店,智能手机,89,4104.33,0.097,329852.69,1,0
2024-06-17,北京中关村店,智能穿戴,45,1316.13,0.05,56264.56,0,0
2024-06-17,北京中关村店,笔记本电脑,31,6626.23,0.122,180352.73,1,0
2024-06-17,北京中关村店,配件耗材,102,202.79,0.0,20684.58,0,0
2024-06-17,广州天河店,智能家居,50,914.12,0.008,45340.35,0,0
2024-06-17,广州天河店,智能手机,67,4093.39,0.043,262464.07,0,0
2024-06-17,广州天河店,智能穿戴,40,1336.89,0.005,53208.22,0,0
2024-06-17,广州天河店,笔记本电脑,32,6633.22,0.067,198041.42,1,0
2024-06-17,广州天河店,配件耗材,86,204.13,0.037,16905.64,0,0
2024-06-17,成都春熙店,智能家居,20,916.66,0.034,17709.87,0,0
2024-06-17,成都春熙店,智能手机,39,4094.34,0.02,156485.67,0,0
2024-06-17,成都春熙店,智能穿戴,40,1320.69,0.072,49024.01,1,0
2024-06-17,成都春熙店,笔记本电脑,17,6649.18,0.031,109531.94,0,0
2024-06-17,成都春熙店,配件耗材,63,202.0,0.191,10295.33,1,0
2024-06-18,上海旗舰店,智能家居,81,930.52,0.143,64593.91,1,0
2024-06-18,上海旗舰店,智能手机,61,4138.34,0.043,241583.87,0,0
2024-06-18,上海旗舰店,智能穿戴,61,1312.7,0.034,77352.16,0,0
2024-06-18,上海旗舰店,笔记本电脑,29,6589.57,0.001,190906.43,0,0
2024-06-18,上海旗舰店,配件耗材,82,205.45,0.032,16307.8,0,0
2024-06-18,北京中关村店,智能家居,32,914.77,0.024,28570.1,0,0
2024-06-18,北京中关村店,智能手机,77,4031.18,0.048,295501.62,0,0
2024-06-18,北京中关村店,智能穿戴,58,1329.55,0.147,65778.16,1,0
2024-06-18,北京中关村店,笔记本电脑,18,6676.52,0.039,115490.44,0,0
2024-06-18,北京中关村店,配件耗材,98,209.42,0.028,19948.51,0,0
2024-06-18,广州天河店,智能家居,33,913.2,0.05,28628.82,0,0
2024-06-18,广州天河店,智能手机,56,4002.69,0.151,190303.89,1,0
2024-06-18,广州天河店,智能穿戴,31,1310.77,0.006,40390.07,0,0
2024-06-18,广州天河店,笔记本电脑,25,6678.53,0.029,162121.32,0,0
2024-06-18,广州天河店,配件耗材,65,205.88,0.012,13221.61,0,0
2024-06-18,成都春熙店,智能家居,25,935.19,0.001,23356.37,0,0
2024-06-18,成都春熙店,智能手机,67,4060.44,0.095,246204.78,1,0
2024-06-18,成都春熙店,智能穿戴,29,1347.34,0.032,37822.53,0,0
2024-06-18,成都春熙店,笔记本电脑,25,6649.26,0.134,143956.48,1,0
2024-06-18,成都春熙店,配件耗材,45,202.12,0.004,9059.02,0,0
2024-06-19,上海旗舰店,智能家居,61,910.03,0.016,54623.64,0,0
2024-06-19,上海旗舰店,智能手机,89,4152.14,0.001,369170.92,0,0
2024-06-19,上海旗舰店,智能穿戴,54,1331.14,0.004,71594.03,0,0
2024-06-19,上海旗舰店,笔记本电脑,38,6628.04,0.19,204011.07,1,0
2024-06-19,上海旗舰店,配件耗材,104,202.27,0.012,20783.65,0,0
2024-06-19,北京中关村店,智能家居,37,896.39,0.01,32834.77,0,0
2024-06-19,北京中关村店,智能手机,65,4078.26,0.012,261905.86,0,0
2024-06-19,北京中关村店,智能穿戴,43,1334.63,0.003,57216.92,0,0
2024-06-19,北京中关村店,笔记本电脑,27,6638.21,0.023,175109.34,0,0
2024-06-19,北京中关村店,配件耗材,135,207.77,0.097,25328.2,1,0
2024-06-19,广州天河店,智能家居,42,930.52,0.026,38065.71,0,0
2024-06-19,广州天河店,智能手机,54,4039.54,0.003,217480.75,0,0
2024-06-19,广州天河店,智能穿戴,45,1325.89,0.02,58471.75,0,0
2024-06-19,广州天河店,笔记本电脑,22,6691.71,0.001,147070.4,0,0
2024-06-19,广州天河店,配件耗材,53,203.41,0.036,10392.62,0,0
2024-06-19,成都春熙店,智能家居,27,902.4,0.039,23414.57,0,0
2024-06-19,成都春熙店,智能手机,52,4133.12,0.028,208904.42,0,0
2024-06-19,成都春熙店,智能穿戴,49,1345.11,0.114,58396.61,1,0
2024-06-19,成都春熙店,笔记本电脑,18,6572.82,0.02,115944.54,0,0
2024-06-19,成都春熙店,配件耗材,72,201.73,0.118,12810.66,1,0
2024-06-20,上海旗舰店,智能家居,51,911.98,0.013,45906.34,0,0
2024-06-20,上海旗舰店,智能手机,75,4115.8,0.02,302511.3,0,0
2024-06-20,上海旗舰店,智能穿戴,63,1335.05,0.047,80155.07,0,0
2024-06-20,上海旗舰店,笔记本电脑,43,6631.56,0.149,242668.68,1,0
2024-06-20,上海旗舰店,配件耗材,85,201.13,0.027,16634.46,0,0
2024-06-20,北京中关村店,智能家居,47,920.65,0.1,38943.49,1,0
2024-06-20,北京中关村店,智能手机,64,4057.18,0.048,247195.86,0,0
2024-06-20,北京中关村店,智能穿戴,47,1341.59,0.021,61730.58,0,0
2024-06-20,北京中关村店,笔记本电脑,26,6617.33,0.043,164652.41,0,0
2024-06-20,北京中关村店,配件耗材,76,202.98,0.026,15025.39,0,0
2024-06-20,广州天河店,智能家居,37,921.61,0.003,33997.27,0,0
2024-06-20,广州天河店,智能手机,59,4118.3,0.039,233503.49,0,0
2024-06-20,广州天河店,智能穿戴,43,1322.16,0.027,55317.85,0,0
2024-06-20,广州天河店,笔记本电脑,25,6633.74,0.005,165014.28,0,0
2024-06-20,广州天河店,配件耗材,76,202.1,0.039,14760.58,0,0
2024-06-20,成都春熙店,智能家居,34,922.83,0.031,30403.56,0,0
2024-06-20,成都春熙店,智能手机,68,4145.55,0.103,252861.97,1,0
2024-06-20,成都春熙店,智能穿戴,25,1317.19,0.045,31447.91,0,0
2024-06-20,成都春熙店,笔记本电脑,28,6577.16,0.129,160403.78,1,0
2024-06-20,成都春熙店,配件耗材,67,202.88,0.008,13484.22,0,0
2024-06-21,上海旗舰店,智能家居,57,903.07,0.01,50960.24,0,0
2024-06-21,上海旗舰店,智能手机,71,4118.62,0.03,283649.36,0,0
2024-06-21,上海旗舰店,智能穿戴,73,1325.03,0.008,95953.37,0,0
2024-06-21,上海旗舰店,笔记本电脑,36,6583.38,0.118,209035.48,1,0
2024-06-21,上海旗舰店,配件耗材,150,204.47,0.179,25180.48,1,0
2024-06-21,北京中关村店,智能家居,50,904.52,0.2,36180.8,1,0
2024-06-21,北京中关村店,智能手机,70,4105.6,0.019,281931.55,0,0
2024-06-21,北京中关村店,智能穿戴,36,1330.34,0.039,46024.44,0,0
2024-06-21,北京中关村店,笔记本电脑,42,6668.35,0.161,234979.32,1,0
2024-06-21,北京中关村店,配件耗材,88,204.42,0.016,17701.14,0,0
2024-06-21,广州天河店,智能家居,61,928.53,0.134,49050.53,1,0
2024-06-21,广州天河店,智能手机,62,4060.58,0.003,251000.69,0,0
2024-06-21,广州天河店,智能穿戴,38,1319.91,0.003,50006.11,0,0
2024-06-21,广州天河店,笔记本电脑,30,6543.42,0.216,153901.24,1,0
2024-06-21,广州天河店,配件耗材,92,204.07,0.018,18436.5,0,0
2024-06-21,成都春熙店,智能家居,26,919.34,0.102,21464.75,1,0
2024-06-21,成都春熙店,智能手机,34,4105.93,0.013,137786.8,0,0
2024-06-21,成都春熙店,智能穿戴,32,1324.38,0.031,41066.38,0,0
2024-06-21,成都春熙店,笔记本电脑,21,6625.5,0.021,136213.65,0,0
2024-06-21,成都春熙店,配件耗材,53,203.83,0.043,10338.46,0,0
2024-06-22,上海旗舰店,智能家居,84,916.88,0.21,60844.16,1,1
2024-06-22,上海旗舰店,智能手机,83,4099.37,0.02,333442.76,0,1
2024-06-22,上海旗舰店,智能穿戴,85,1312.84,0.021,109247.98,0,1
2024-06-22,上海旗舰店,笔记本电脑,40,6651.01,0.138,229326.82,1,1
2024-06-22,上海旗舰店,配件耗材,143,201.18,0.188,23360.22,1,1
2024-06-22,北京中关村店,智能家居,45,899.52,0.041,38818.79,0,1
2024-06-22,北京中关村店,智能手机,108,4077.63,0.196,354068.77,1,1
2024-06-22,北京中关村店,智能穿戴,55,1335.06,0.031,71152.02,0,1
2024-06-22,北京中关村店,笔记本电脑,42,6666.25,0.008,277742.64,0,1
2024-06-22,北京中关村店,配件耗材,104,201.07,0.041,20053.92,0,1
2024-06-22,广州天河店,智能家居,47,909.19,0.008,42390.07,0,1
2024-06-22,广州天河店,智能手机,79,4096.97,0.042,310066.88,0,1
2024-06-22,广州天河店,智能穿戴,49,1322.29,0.02,63496.37,0,1
2024-06-22,广州天河店,笔记本电脑,32,6708.0,0.115,189970.56,1,1
2024-06-22,广州天河店,配件耗材,79,203.57,0.048,15310.09,0,1
2024-06-22,成都春熙店,智能家居,30,907.78,0.006,27070.0,0,1
2024-06-22,成都春熙店,智能手机,51,4016.17,0.033,198065.46,0,1
2024-06-22,成都春熙店,智能穿戴,44,1348.41,0.111,52744.41,1,1
2024-06-22,成都春熙店,笔记本电脑,22,6597.28,0.007,144124.18,0,1
2024-06-22,成都春熙店,配件耗材,59,197.55,0.028,11329.1,0,1
2024-06-23,上海旗舰店,智能家居,55,912.81,0.018,49300.87,0,1
2024-06-23,上海旗舰店,智能手机,94,4080.11,0.213,301838.38,1,1
2024-06-23,上海旗舰店,智能穿戴,57,1339.86,0.03,74080.86,0,1
2024-06-23,上海旗舰店,笔记本电脑,33,6631.92,0.049,208129.55,0,1
2024-06-23,上海旗舰店,配件耗材,125,203.92,0.101,22915.51,1,1
2024-06-23,北京中关村店,智能家居,51,937.46,0.033,46232.71,0,1
2024-06-23,北京中关村店,智能手机,77,4103.59,0.033,305549.21,0,1
2024-06-23,北京中关村店,智能穿戴,51,1333.09,0.013,67103.75,0,1
2024-06-23,北京中关村店,笔记本电脑,34,6536.71,0.01,220025.66,0,1
2024-06-23,北京中关村店,配件耗材,120,206.03,0.02,24229.13,0,1
2024-06-23,广州天河店,智能家居,57,935.03,0.11,47434.07,1,1
2024-06-23,广州天河店,智能手机,64,4112.07,0.033,254487.79,0,1
2024-06-23,广州天河店,智能穿戴,40,1325.88,0.001,52982.16,0,1
2024-06-23,广州天河店,笔记本电脑,26,6774.84,0.046,168043.13,0,1
2024-06-23,广州天河店,配件耗材,76,201.24,0.01,15141.3,0,1
2024-06-23,成都春熙店,智能家居,35,910.11,0.187,25897.18,1,1
2024-06-23,成都春熙店,智能手机,78,4166.03,0.119,286281.25,1,1
2024-06-23,成都春熙店,智能穿戴,57,1315.56,0.06,70487.7,1,1
2024-06-23,成都春熙店,笔记本电脑,25,6604.18,0.194,133074.23,1,1
2024-06-23,成都春熙店,配件耗材,53,202.86,0.036,10364.52,0,1
2024-06-24,上海旗舰店,智能家居,38,906.76,0.041,33044.15,0,0
2024-06-24,上海旗舰店,智能手机,79,4066.36,0.014,316745.05,0,0
2024-06-24,上海旗舰店,智能穿戴,67,1379.67,0.124,80975.59,1,0
2024-06-24,上海旗舰店,笔记本电脑,28,6747.87,0.032,182894.27,0,0
2024-06-24,上海旗舰店,配件耗材,92,203.73,0.039,18012.18,0,0
2024-06-24,北京中关村店,智能家居,55,912.52,0.21,39648.99,1,0
2024-06-24,北京中关村店,智能手机,66,4102.92,0.081,248858.51,1,0
2024-06-24,北京中关村店,智能穿戴,51,1332.1,0.105,60803.7,1,0
2024-06-24,北京中关村店,笔记本电脑,36,6722.58,0.072,224587.95,1,0
2024-06-24,北京中关村店,配件耗材,99,202.64,0.018,19700.26,0,0
2024-06-24,广州天河店,智能家居,40,917.29,0.021,35921.08,0,0
2024-06-24,广州天河店,智能手机,84,4037.34,0.207,268935.29,1,0
2024-06-24,广州天河店,智能穿戴,34,1348.08,0.077,42305.45,1,0
2024-06-24,广州天河店,笔记本电脑,32,6711.64,0.033,207684.99,0,0
2024-06-24,广州天河店,配件耗材,72,202.85,0.018,14342.31,0,0
2024-06-24,成都春熙店,智能家居,29,923.43,0.03,25976.09,0,0
2024-06-24,成都春熙店,智能手机,37,4063.33,0.024,146734.97,0,0
2024-06-24,成都春熙店,智能穿戴,27,1303.41,0.048,33502.85,0,0
2024-06-24,成都春熙店,笔记本电脑,23,6622.0,0.211,120169.43,1,0
2024-06-24,成都春熙店,配件耗材,50,202.28,0.043,9679.1,0,0
2024-06-25,上海旗舰店,智能家居,56,894.41,0.219,39117.92,1,0
2024-06-25,上海旗舰店,智能手机,71,4113.03,0.013,288228.8,0,0
2024-06-25,上海旗舰店,智能穿戴,43,1323.6,0.0,56914.8,0,0
2024-06-25,上海旗舰店,笔记本电脑,26,6576.3,0.01,169273.96,0,0
2024-06-25,上海旗舰店,配件耗材,89,204.34,0.159,15294.64,1,0
2024-06-25,北京中关村店,智能家居,39,922.57,0.018,35332.59,0,0
2024-06-25,北京中关村店,智能手机,68,4104.3,0.021,273231.46,0,0
2024-06-25,北京中关村店,智能穿戴,64,1327.54,0.103,76211.42,1,0
2024-06-25,北京中关村店,笔记本电脑,25,6564.62,0.012,162146.11,0,0
2024-06-25,北京中关村店,配件耗材,154,204.81,0.024,30783.76,0,0
2024-06-25,广州天河店,智能家居,39,914.23,0.013,35191.46,0,0
2024-06-25,广州天河店,智能手机,78,4049.61,0.078,291231.75,1,0
2024-06-25,广州天河店,智能穿戴,42,1334.91,0.129,48833.68,1,0
2024-06-25,广州天河店,笔记本电脑,20,6602.26,0.047,125839.08,0,0
2024-06-25,广州天河店,配件耗材,85,205.16,0.036,16810.81,0,0
2024-06-25,成都春熙店,智能家居,18,907.48,0.038,15713.92,0,0
2024-06-25,成都春熙店,智能手机,56,4154.52,0.153,197057.19,1,0
2024-06-25,成都春熙店,智能穿戴,30,1327.77,0.013,39315.27,0,0
2024-06-25,成都春熙店,笔记本电脑,21,6626.74,0.012,137491.6,0,0
2024-06-25,成都春熙店,配件耗材,51,203.34,0.035,10007.38,0,0
2024-06-26,上海旗舰店,智能家居,41,912.64,0.038,35996.35,0,0
2024-06-26,上海旗舰店,智能手机,54,4074.91,0.025,214544.01,0,0
2024-06-26,上海旗舰店,智能穿戴,88,1324.48,0.06,109560.99,1,0
2024-06-26,上海旗舰店,笔记本电脑,39,6605.28,0.113,228496.45,1,0
2024-06-26,上海旗舰店,配件耗材,120,205.57,0.192,19932.07,1,0
2024-06-26,北京中关村店,智能家居,52,909.62,0.102,42475.62,1,0
2024-06-26,北京中关村店,智能手机,61,4058.57,0.046,236184.42,0,0
2024-06-26,北京中关村店,智能穿戴,60,1317.82,0.036,76222.71,0,0
2024-06-26,北京中关村店,笔记本电脑,28,6653.03,0.007,184980.85,0,0
2024-06-26,北京中关村店,配件耗材,100,204.4,0.025,19929.0,0,0
2024-06-26,广州天河店,智能家居,50,932.27,0.094,42231.83,1,0
2024-06-26,广州天河店,智能手机,69,4053.72,0.013,276070.49,0,0
2024-06-26,广州天河店,智能穿戴,42,1316.36,0.008,54844.82,0,0
2024-06-26,广州天河店,笔记本电脑,28,6672.73,0.016,183847.06,0,0
2024-06-26,广州天河店,配件耗材,83,203.47,0.025,16465.81,0,0
2024-06-26,成都春熙店,智能家居,30,911.23,0.045,26106.74,0,0
2024-06-26,成都春熙店,智能手机,31,4138.79,0.03,124453.42,0,0
2024-06-26,成都春熙店,智能穿戴,51,1359.47,0.13,60319.68,1,0
2024-06-26,成都春熙店,笔记本电脑,17,6648.12,0.039,108610.34,0,0
2024-06-26,成都春熙店,配件耗材,59,202.82,0.031,11595.42,0,0
2024-06-27,上海旗舰店,智能家居,49,940.91,0.003,45966.28,0,0
2024-06-27,上海旗舰店,智能手机,73,4039.04,0.044,281876.52,0,0
2024-06-27,上海旗舰店,智能穿戴,71,1336.2,0.134,82157.59,1,0
2024-06-27,上海旗舰店,笔记本电脑,26,6709.88,0.033,168699.8,0,0
2024-06-27,上海旗舰店,配件耗材,91,203.8,0.015,18267.61,0,0
2024-06-27,北京中关村店,智能家居,43,918.37,0.12,34751.12,1,0
2024-06-27,北京中关村店,智能手机,72,4123.85,0.041,284743.59,0,0
2024-06-27,北京中关村店,智能穿戴,39,1317.78,0.004,51187.85,0,0
2024-06-27,北京中关村店,笔记本电脑,28,6632.22,0.018,182359.52,0,0
2024-06-27,北京中关村店,配件耗材,118,202.05,0.011,23579.64,0,0
2024-06-27,广州天河店,智能家居,41,917.8,0.065,35183.86,1,0
2024-06-27,广州天河店,智能手机,43,4069.1,0.017,171996.79,0,0
2024-06-27,广州天河店,智能穿戴,34,1324.79,0.034,43511.4,0,0
2024-06-27,广州天河店,笔记本电脑,23,6627.69,0.014,150302.75,0,0
2024-06-27,广州天河店,配件耗材,148,203.3,0.132,26116.73,1,0
2024-06-27,成都春熙店,智能家居,36,908.43,0.038,31460.75,0,0
2024-06-27,成都春熙店,智能手机,48,4080.87,0.046,186871.2,0,0
2024-06-27,成都春熙店,智能穿戴,32,1335.28,0.035,41233.45,0,0
2024-06-27,成都春熙店,笔记本电脑,17,6733.83,0.027,111384.28,0,0
2024-06-27,成都春熙店,配件耗材,77,202.95,0.214,12282.94,1,0
2024-06-28,上海旗舰店,智能家居,65,932.73,0.029,58869.25,0,0
2024-06-28,上海旗舰店,智能手机,78,4067.28,0.004,315978.85,0,0
2024-06-28,上海旗舰店,智能穿戴,50,1336.65,0.019,65562.68,0,0
2024-06-28,上海旗舰店,笔记本电脑,36,6688.36,0.077,222240.83,1,0
2024-06-28,上海旗舰店,配件耗材,123,199.22,0.036,23621.91,0,0
2024-06-28,北京中关村店,智能家居,42,932.74,0.036,37764.78,0,0
2024-06-28,北京中关村店,智能手机,81,4087.38,0.006,329091.31,0,0
2024-06-28,北京中关村店,智能穿戴,44,1340.84,0.019,57876.02,0,0
2024-06-28,北京中关村店,笔记本电脑,30,6585.4,0.007,196179.07,0,0
2024-06-28,北京中关村店,配件耗材,81,202.5,0.022,16041.65,0,0
2024-06-28,广州天河店,智能家居,60,915.91,0.154,46491.59,1,0
2024-06-28,广州天河店,智能手机,76,4095.22,0.178,255836.58,1,0
2024-06-28,广州天河店,智能穿戴,42,1315.63,0.026,53819.79,0,0
2024-06-28,广州天河店,笔记本电脑,40,6775.58,0.191,219257.77,1,0
2024-06-28,广州天河店,配件耗材,99,203.08,0.098,18134.64,1,0
2024-06-28,成都春熙店,智能家居,35,913.44,0.09,29093.06,1,0
2024-06-28,成都春熙店,智能手机,41,4118.84,0.037,162624.16,0,0
2024-06-28,成都春熙店,智能穿戴,50,1325.19,0.176,54597.83,1,0
2024-06-28,成都春熙店,笔记本电脑,19,6537.72,0.043,118875.36,0,0
2024-06-28,成都春熙店,配件耗材,78,199.56,0.044,14880.79,0,0
2024-06-29,上海旗舰店,智能家居,82,921.1,0.063,70771.8,1,1
2024-06-29,上海旗舰店,智能手机,101,4068.69,0.195,330804.84,1,1
2024-06-29,上海旗舰店,智能穿戴,92,1334.25,0.109,109371.14,1,1
2024-06-29,上海旗舰店,笔记本电脑,36,6628.14,0.023,233124.94,0,1
2024-06-29,上海旗舰店,配件耗材,93,202.53,0.024,18383.24,0,1
2024-06-29,北京中关村店,智能家居,45,901.07,0.017,39858.83,0,1
2024-06-29,北京中关村店,智能手机,83,4058.09,0.024,328737.75,0,1
2024-06-29,北京中关村店,智能穿戴,51,1332.81,0.08,62535.45,1,1
2024-06-29,北京中关村店,笔记本电脑,41,6716.37,0.069,256370.56,1,1
2024-06-29,北京中关村店,配件耗材,95,200.89,0.041,18302.08,0,1
2024-06-29,广州天河店,智能家居,42,936.13,0.045,37548.17,0,1
2024-06-29,广州天河店,智能手机,66,4050.93,0.007,265489.85,0,1
2024-06-29,广州天河店,智能穿戴,59,1339.93,0.176,65142.04,1,1
2024-06-29,广州天河店,笔记本电脑,28,6611.15,0.036,178448.16,0,1
2024-06-29,广州天河店,配件耗材,90,204.18,0.019,18027.05,0,1
2024-06-29,成都春熙店,智能家居,37,903.09,0.032,32345.07,0,1
2024-06-29,成都春熙店,智能手机,43,4053.73,0.039,167512.28,0,1
2024-06-29,成都春熙店,智能穿戴,41,1335.45,0.015,53932.15,0,1
2024-06-29,成都春熙店,笔记本电脑,23,6642.45,0.038,146970.85,0,1
2024-06-29,成都春熙店,配件耗材,44,208.58,0.026,8938.9,0,1
2024-06-30,上海旗舰店,智能家居,56,918.46,0.017,50559.39,0,1
2024-06-30,上海旗舰店,智能手机,123,4050.63,0.086,455379.93,1,1
2024-06-30,上海旗舰店,智能穿戴,65,1339.46,0.015,85758.93,0,1
2024-06-30,上海旗舰店,笔记本电脑,32,6693.88,0.022,209491.67,0,1
2024-06-30,上海旗舰店,配件耗材,90,201.51,0.038,17446.74,0,1
2024-06-30,北京中关村店,智能家居,49,927.18,0.01,44977.5,0,1
2024-06-30,北京中关村店,智能手机,76,4146.05,0.041,302180.71,0,1
2024-06-30,北京中关村店,智能穿戴,71,1335.84,0.183,77488.07,1,1
2024-06-30,北京中关村店,笔记本电脑,44,6475.61,0.082,261562.84,1,1
2024-06-30,北京中关村店,配件耗材,103,205.39,0.01,20943.62,0,1
2024-06-30,广州天河店,智能家居,52,928.08,0.106,43144.58,1,1
2024-06-30,广州天河店,智能手机,81,4183.47,0.216,265667.08,1,1
2024-06-30,广州天河店,智能穿戴,52,1320.96,0.008,68140.4,0,1
2024-06-30,广州天河店,笔记本电脑,34,6614.3,0.204,179009.42,1,1
2024-06-30,广州天河店,配件耗材,123,204.65,0.072,23359.57,1,1
2024-06-30,成都春熙店,智能家居,49,930.45,0.157,38434.1,1,1
2024-06-30,成都春熙店,智能手机,51,4175.84,0.005,211903.0,0,1
2024-06-30,成都春熙店,智能穿戴,55,1344.33,0.176,60925.04,1,1
2024-06-30,成都春熙店,笔记本电脑,34,6522.91,0.176,182745.85,1,1
2024-06-30,成都春熙店,配件耗材,58,199.58,0.118,10209.71,1,1
2024-07-01,上海旗舰店,智能家居,38,917.81,0.008,34597.77,0,0
2024-07-01,上海旗舰店,智能手机,64,4080.31,0.019,256178.18,0,0
2024-07-01,上海旗舰店,智能穿戴,73,1343.98,0.21,77507.33,1,0
2024-07-01,上海旗舰店,笔记本电脑,19,6693.09,0.045,121446.12,0,0
2024-07-01,上海旗舰店,配件耗材,110,203.05,0.046,21308.07,0,0
2024-07-01,北京中关村店,智能家居,42,913.35,0.095,34716.43,1,0
2024-07-01,北京中关村店,智能手机,56,4139.73,0.04,222551.88,0,0
2024-07-01,北京中关村店,智能穿戴,40,1334.26,0.018,52409.73,0,0
2024-07-01,北京中关村店,笔记本电脑,26,6782.21,0.048,167873.26,0,0
2024-07-01,北京中关村店,配件耗材,71,204.11,0.036,13970.1,0,0
2024-07-01,广州天河店,智能家居,35,923.76,0.007,32105.28,0,0
2024-07-01,广州天河店,智能手机,57,4097.52,0.027,227252.56,0,0
2024-07-01,广州天河店,智能穿戴,39,1324.04,0.075,47764.74,1,0
2024-07-01,广州天河店,笔记本电脑,21,6705.48,0.018,138280.41,0,0
2024-07-01,广州天河店,配件耗材,68,204.01,0.04,13317.77,0,0
2024-07-01,成都春熙店,智能家居,21,933.03,0.017,19260.54,0,0
2024-07-01,成都春熙店,智能手机,29,4124.16,0.043,114457.81,0,0
2024-07-01,成都春熙店,智能穿戴,24,1313.5,0.02,30893.52,0,0
2024-07-01,成都春熙店,笔记本电脑,14,6545.53,0.007,90995.96,0,0
2024-07-01,成都春熙店,配件耗材,51,206.75,0.042,10101.39,0,0
2024-07-02,上海旗舰店,智能家居,40,927.66,0.036,35770.57,0,0
2024-07-02,上海旗舰店,智能手机,78,4034.63,0.047,299910.19,0,0
2024-07-02,上海旗舰店,智能穿戴,40,1324.74,0.04,50870.02,0,0
2024-07-02,上海旗舰店,笔记本电脑,23,6710.74,0.01,152803.55,0,0
2024-07-02,上海旗舰店,配件耗材,69,206.78,0.035,13768.45,0,0
2024-07-02,北京中关村店,智能家居,33,911.22,0.019,29498.93,0,0
2024-07-02,北京中关村店,智能手机,60,4100.35,0.045,234950.06,0,0
2024-07-02,北京中关村店,智能穿戴,50,1333.36,0.064,62401.25,1,0
2024-07-02,北京中关村店,笔记本电脑,25,6647.05,0.012,164182.14,0,0
2024-07-02,北京中关村店,配件耗材,86,204.01,0.019,17211.51,0,0
2024-07-02,广州天河店,智能家居,38,925.63,0.102,31586.2,1,0
2024-07-02,广州天河店,智能手机,50,4023.35,0.012,198753.49,0,0
2024-07-02,广州天河店,智能穿戴,29,1320.76,0.03,37152.98,0,0
2024-07-02,广州天河店,笔记本电脑,26,6667.87,0.111,154121.15,1,0
2024-07-02,广州天河店,配件耗材,72,203.58,0.033,14174.05,0,0
2024-07-02,成都春熙店,智能家居,21,910.84,0.007,18993.75,0,0
2024-07-02,成都春熙店,智能手机,33,4081.03,0.0,134673.99,0,0
2024-07-02,成都春熙店,智能穿戴,22,1334.15,0.001,29321.95,0,0
2024-07-02,成都春熙店,笔记本电脑,16,6601.9,0.029,102567.12,0,0
2024-07-02,成都春熙店,配件耗材,42,199.53,0.012,8279.7,0,0
2024-07-03,上海旗舰店,智能家居,37,905.99,0.003,33421.07,0,0
2024-07-03,上海旗舰店,智能手机,55,4110.01,0.042,216556.43,0,0
2024-07-03,上海旗舰店,智能穿戴,49,1313.75,0.029,62506.91,0,0
2024-07-03,上海旗舰店,笔记本电脑,25,6737.58,0.014,166081.35,0,0
2024-07-03,上海旗舰店,配件耗材,67,202.88,0.006,13511.4,0,0
2024-07-03,北京中关村店,智能家居,38,918.8,0.04,33517.82,0,0
2024-07-03,北京中关村店,智能手机,35,4058.9,0.032,137515.53,0,0
2024-07-03,北京中关村店,智能穿戴,56,1332.8,0.011,73815.8,0,0
2024-07-03,北京中关村店,笔记本电脑,23,6724.35,0.04,148473.65,0,0
2024-07-03,北京中关村店,配件耗材,82,210.96,0.001,17281.42,0,0
2024-07-03,广州天河店,智能家居,40,920.57,0.042,35276.24,0,0
2024-07-03,广州天河店,智能手机,43,4068.33,0.04,167940.66,0,0
2024-07-03,广州天河店,智能穿戴,40,1310.49,0.019,51423.63,0,0
2024-07-03,广州天河店,笔记本电脑,19,6596.12,0.027,121942.47,0,0
2024-07-03,广州天河店,配件耗材,67,202.24,0.037,13048.73,0,0
2024-07-03,成都春熙店,智能家居,23,922.7,0.002,21179.66,0,0
2024-07-03,成都春熙店,智能手机,56,4138.99,0.064,216949.3,1,0
2024-07-03,成都春熙店,智能穿戴,29,1334.07,0.021,37875.58,0,0
2024-07-03,成都春熙店,笔记本电脑,15,6591.13,0.029,95999.81,0,0
2024-07-03,成都春熙店,配件耗材,38,204.43,0.008,7706.19,0,0
2024-07-04,上海旗舰店,智能家居,39,916.93,0.027,34794.74,0,0
2024-07-04,上海旗舰店,智能手机,72,4048.42,0.036,280992.74,0,0
2024-07-04,上海旗舰店,智能穿戴,56,1341.89,0.02,73642.92,0,0
2024-07-04,上海旗舰店,笔记本电脑,31,6642.76,0.009,204072.23,0,0
2024-07-04,上海旗舰店,配件耗材,72,202.06,0.03,14111.87,0,0
2024-07-04,北京中关村店,智能家居,31,917.56,0.033,27505.7,0,0
2024-07-04,北京中关村店,智能手机,69,4085.97,0.085,257967.72,1,0
2024-07-04,北京中关村店,智能穿戴,43,1340.76,0.039,55404.23,0,0
2024-07-04,北京中关村店,笔记本电脑,26,6622.69,0.018,169090.52,0,0
2024-07-04,北京中关村店,配件耗材,73,202.2,0.046,14081.61,0,0
2024-07-04,广州天河店,智能家居,38,928.53,0.03,34225.62,0,0
2024-07-04,广州天河店,智能手机,59,4066.73,0.005,238737.38,0,0
2024-07-04,广州天河店,智能穿戴,43,1313.86,0.03,54801.1,0,0
2024-07-04,广州天河店,笔记本电脑,23,6676.07,0.02,150478.62,0,0
2024-07-04,广州天河店,配件耗材,84,204.09,0.106,15326.34,1,0
2024-07-04,成都春熙店,智能家居,26,925.76,0.099,21686.85,1,0
2024-07-04,成都春熙店,智能手机,30,4168.53,0.012,123555.23,0,0
2024-07-04,成都春熙店,智能穿戴,31,1350.69,0.043,40070.92,0,0
2024-07-04,成都春熙店,笔记本电脑,19,6540.02,0.029,120656.83,0,0
2024-07-04,成都春熙店,配件耗材,51,206.96,0.022,10322.75,0,0
2024-07-05,上海旗舰店,智能家居,42,908.61,0.022,37322.06,0,0
2024-07-05,上海旗舰店,智能手机,51,4052.81,0.012,204212.99,0,0
2024-07-05,上海旗舰店,智能穿戴,41,1327.48,0.018,53447.0,0,0
2024-07-05,上海旗舰店,笔记本电脑,27,6689.94,0.002,180267.12,0,0
2024-07-05,上海旗舰店,配件耗材,81,204.96,0.026,16170.11,0,0
2024-07-05,北京中关村店,智能家居,26,903.3,0.043,22475.91,0,0
2024-07-05,北京中关村店,智能手机,59,4033.46,0.013,234880.48,0,0
2024-07-05,北京中关村店,智能穿戴,43,1321.62,0.006,56488.68,0,0
2024-07-05,北京中关村店,笔记本电脑,31,6623.87,0.037,197742.39,0,0
2024-07-05,北京中关村店,配件耗材,72,201.98,0.015,14324.42,0,0
2024-07-05,广州天河店,智能家居,34,912.35,0.033,29996.24,0,0
2024-07-05,广州天河店,智能手机,92,4152.13,0.184,311708.7,1,0
2024-07-05,广州天河店,智能穿戴,35,1337.82,0.023,45746.75,0,0
2024-07-05,广州天河店,笔记本电脑,17,6619.49,0.018,110505.77,0,0
2024-07-05,广州天河店,配件耗材,106,205.29,0.048,20716.22,0,0
2024-07-05,成都春熙店,智能家居,26,918.91,0.007,23724.42,0,0
2024-07-05,成都春熙店,智能手机,45,4140.29,0.02,182586.79,0,0
2024-07-05,成都春熙店,智能穿戴,26,1326.0,0.025,33614.1,0,0
2024-07-05,成都春熙店,笔记本电脑,24,6501.21,0.141,134028.95,1,0
2024-07-05,成都春熙店,配件耗材,40,205.09,0.031,7949.29,0,0
2024-07-06,上海旗舰店,智能家居,51,931.42,0.019,46599.87,0,1
2024-07-06,上海旗舰店,智能手机,71,4081.8,0.039,278505.3,0,1
2024-07-06,上海旗舰店,智能穿戴,59,1325.8,0.001,78143.98,0,1
2024-07-06,上海旗舰店,笔记本电脑,23,6682.36,0.016,151235.17,0,1
2024-07-06,上海旗舰店,配件耗材,114,202.67,0.014,22780.92,0,1
2024-07-06,北京中关村店,智能家居,36,928.02,0.048,31805.1,0,1
2024-07-06,北京中关村店,智能手机,61,4064.6,0.003,247196.78,0,1
2024-07-06,北京中关村店,智能穿戴,54,1343.94,0.065,67855.53,1,1
2024-07-06,北京中关村店,笔记本电脑,27,6635.59,0.006,178085.96,0,1
2024-07-06,北京中关村店,配件耗材,159,203.15,0.149,27488.02,1,1
2024-07-06,广州天河店,智能家居,37,942.17,0.029,33849.34,0,1
2024-07-06,广州天河店,智能手机,79,4087.81,0.214,253828.47,1,1
2024-07-06,广州天河店,智能穿戴,38,1348.9,0.006,50950.65,0,1
2024-07-06,广州天河店,笔记本电脑,27,6555.46,0.013,174696.45,0,1
2024-07-06,广州天河店,配件耗材,64,199.16,0.046,12159.91,0,1
2024-07-06,成都春熙店,智能家居,31,929.74,0.001,28793.12,0,1
2024-07-06,成都春熙店,智能手机,45,4138.95,0.015,183458.96,0,1
2024-07-06,成都春熙店,智能穿戴,31,1333.97,0.003,41229.01,0,1
2024-07-06,成都春熙店,笔记本电脑,29,6616.1,0.004,191099.43,0,1
2024-07-06,成都春熙店,配件耗材,43,206.36,0.026,8642.77,0,1
2024-07-07,上海旗舰店,智能家居,49,922.29,0.04,43384.52,0,1
2024-07-07,上海旗舰店,智能手机,70,4107.55,0.022,281202.87,0,1
2024-07-07,上海旗舰店,智能穿戴,54,1325.73,0.01,70873.53,0,1
2024-07-07,上海旗舰店,笔记本电脑,26,6654.7,0.006,171984.07,0,1
2024-07-07,上海旗舰店,配件耗材,89,203.72,0.05,17224.53,0,1
2024-07-07,北京中关村店,智能家居,39,916.5,0.005,35564.78,0,1
2024-07-07,北京中关村店,智能手机,61,4120.83,0.019,246594.59,0,1
2024-07-07,北京中关村店,智能穿戴,43,1322.99,0.018,55864.58,0,1
2024-07-07,北京中关村店,笔记本电脑,25,6643.15,0.011,164251.88,0,1
2024-07-07,北京中关村店,配件耗材,122,198.36,0.025,23594.92,0,1
2024-07-07,广州天河店,智能家居,34,911.8,0.0,31001.2,0,1
2024-07-07,广州天河店,智能手机,59,4053.24,0.009,236988.89,0,1
2024-07-07,广州天河店,智能穿戴,50,1328.59,0.038,63905.18,0,1
2024-07-07,广州天河店,笔记本电脑,30,6779.75,0.037,195866.98,0,1
2024-07-07,广州天河店,配件耗材,105,204.65,0.179,17641.85,1,1
2024-07-07,成都春熙店,智能家居,34,909.36,0.154,26156.83,1,1
2024-07-07,成都春熙店,智能手机,55,4034.87,0.087,202611.0,1,1
2024-07-07,成都春熙店,智能穿戴,29,1315.36,0.04,36619.62,0,1
2024-07-07,成都春熙店,笔记本电脑,16,6676.29,0.018,104897.87,0,1
2024-07-07,成都春熙店,配件耗材,53,206.58,0.004,10904.95,0,1
2024-07-08,上海旗舰店,智能家居,46,914.01,0.004,41876.28,0,0
2024-07-08,上海旗舰店,智能手机,64,4042.63,0.048,246309.36,0,0
2024-07-08,上海旗舰店,智能穿戴,49,1320.83,0.045,61808.24,0,0
2024-07-08,上海旗舰店,笔记本电脑,22,6670.21,0.029,142489.03,0,0
2024-07-08,上海旗舰店,配件耗材,92,204.6,0.0,18823.2,0,0
2024-07-08,北京中关村店,智能家居,31,919.64,0.04,27368.49,0,0
2024-07-08,北京中关村店,智能手机,46,4153.9,0.041,183245.14,0,0
2024-07-08,北京中关村店,智能穿戴,36,1315.67,0.042,45374.83,0,0
2024-07-08,北京中关村店,笔记本电脑,24,6656.03,0.043,152875.7,0,0
2024-07-08,北京中关村店,配件耗材,75,200.82,0.032,14579.53,0,0
2024-07-08,广州天河店,智能家居,38,914.22,0.015,34219.25,0,0
2024-07-08,广州天河店,智能手机,62,4118.03,0.009,253020.0,0,0
2024-07-08,广州天河店,智能穿戴,33,1322.94,0.042,41823.43,0,0
2024-07-08,广州天河店,笔记本电脑,15,6729.99,0.03,97921.35,0,0
2024-07-08,广州天河店,配件耗材,71,207.79,0.01,14605.56,0,0
2024-07-08,成都春熙店,智能家居,33,930.01,0.037,29554.79,0,0
2024-07-08,成都春熙店,智能手机,44,4091.92,0.041,172662.66,0,0
2024-07-08,成都春熙店,智能穿戴,25,1310.11,0.003,32654.49,0,0
2024-07-08,成都春熙店,笔记本电脑,14,6626.66,0.015,91381.64,0,0
2024-07-08,成都春熙店,配件耗材,44,203.07,0.028,8684.9,0,0
2024-07-09,上海旗舰店,智能家居,39,926.64,0.002,36066.68,0,0
2024-07-09,上海旗舰店,智能手机,67,4126.43,0.002,275917.87,0,0
2024-07-09,上海旗舰店,智能穿戴,49,1342.93,0.019,64553.3,0,0
2024-07-09,上海旗舰店,笔记本电脑,25,6699.79,0.004,166824.77,0,0
2024-07-09,上海旗舰店,配件耗材,84,205.61,0.0,17271.24,0,0
2024-07-09,北京中关村店,智能家居,37,916.27,0.032,32817.13,0,0
2024-07-09,北京中关村店,智能手机,67,4154.79,0.012,275030.48,0,0
2024-07-09,北京中关村店,智能穿戴,42,1318.56,0.016,54493.45,0,0
2024-07-09,北京中关村店,笔记本电脑,22,6654.27,0.013,144490.82,0,0
2024-07-09,北京中关村店,配件耗材,74,201.77,0.041,14318.81,0,0
2024-07-09,广州天河店,智能家居,64,921.56,0.036,56856.57,0,0
2024-07-09,广州天河店,智能手机,49,4094.06,0.004,199806.5,0,0
2024-07-09,广州天河店,智能穿戴,32,1317.0,0.02,41301.12,0,0
2024-07-09,广州天河店,笔记本电脑,28,6608.67,0.067,172644.9,1,0
2024-07-09,广州天河店,配件耗材,62,202.33,0.037,12080.31,0,0
2024-07-09,成都春熙店,智能家居,20,912.87,0.045,17435.82,0,0
2024-07-09,成都春熙店,智能手机,29,4122.35,0.014,117874.48,0,0
2024-07-09,成都春熙店,智能穿戴,34,1324.64,0.192,36390.51,1,0
2024-07-09,成都春熙店,笔记本电脑,15,6700.13,0.029,97587.39,0,0
2024-07-09,成都春熙店,配件耗材,49,201.52,0.038,9499.25,0,0
2024-07-10,上海旗舰店,智能家居,41,919.42,0.006,37470.04,0,0
2024-07-10,上海旗舰店,智能手机,63,4104.4,0.023,252629.92,0,0
2024-07-10,上海旗舰店,智能穿戴,38,1319.64,0.017,49293.83,0,0
2024-07-10,上海旗舰店,笔记本电脑,23,6599.16,0.044,145102.33,0,0
2024-07-10,上海旗舰店,配件耗材,101,203.25,0.004,20446.14,0,0
2024-07-10,北京中关村店,智能家居,30,935.25,0.045,26794.91,0,0
2024-07-10,北京中关村店,智能手机,51,4124.79,0.039,202160.08,0,0
2024-07-10,北京中关村店,智能穿戴,30,1340.16,0.047,38315.17,0,0
2024-07-10,北京中关村店,笔记本电脑,19,6648.04,0.014,124544.38,0,0
2024-07-10,北京中关村店,配件耗材,85,204.52,0.017,17088.67,0,0
2024-07-10,广州天河店,智能家居,26,909.77,0.018,23228.25,0,0
2024-07-10,广州天河店,智能手机,62,4089.43,0.042,242895.78,0,0
2024-07-10,广州天河店,智能穿戴,31,1334.36,0.037,39834.65,0,0
2024-07-10,广州天河店,笔记本电脑,25,6605.59,0.115,146148.68,1,0
2024-07-10,广州天河店,配件耗材,81,201.44,0.045,15582.39,0,0
2024-07-10,成都春熙店,智能家居,26,904.06,0.001,23482.05,0,0
2024-07-10,成都春熙店,智能手机,45,4139.93,0.024,181825.73,0,0
2024-07-10,成都春熙店,智能穿戴,27,1334.1,0.026,35084.16,0,0
2024-07-10,成都春熙店,笔记本电脑,19,6600.11,0.043,120009.8,0,0
2024-07-10,成都春熙店,配件耗材,40,200.99,0.004,8007.44,0,0
2024-07-11,上海旗舰店,智能家居,42,919.8,0.034,37318.13,0,0
2024-07-11,上海旗舰店,智能手机,39,4109.62,0.041,153703.9,0,0
2024-07-11,上海旗舰店,智能穿戴,46,1312.48,0.02,59166.6,0,0
2024-07-11,上海旗舰店,笔记本电脑,35,6444.42,0.105,201871.46,1,0
2024-07-11,上海旗舰店,配件耗材,83,201.5,0.154,14148.93,1,0
2024-07-11,北京中关村店,智能家居,53,896.71,0.136,41062.14,1,0
2024-07-11,北京中关村店,智能手机,57,4146.4,0.035,228072.73,0,0
2024-07-11,北京中关村店,智能穿戴,35,1346.42,0.048,44862.71,0,0
2024-07-11,北京中关村店,笔记本电脑,21,6663.32,0.017,137550.91,0,0
2024-07-11,北京中关村店,配件耗材,59,204.56,0.013,11912.14,0,0
2024-07-11,广州天河店,智能家居,31,928.61,0.008,28556.61,0,0
2024-07-11,广州天河店,智能手机,79,4174.03,0.094,298752.02,1,0
2024-07-11,广州天河店,智能穿戴,35,1336.07,0.011,46248.06,0,0
2024-07-11,广州天河店,笔记本电脑,17,6582.31,0.021,109549.39,0,0
2024-07-11,广州天河店,配件耗材,93,201.41,0.18,15359.53,1,0
2024-07-11,成都春熙店,智能家居,25,915.21,0.036,22056.56,0,0
2024-07-11,成都春熙店,智能手机,39,4116.86,0.002,160236.42,0,0
2024-07-11,成都春熙店,智能穿戴,30,1342.02,0.033,38932.0,0,0
2024-07-11,成都春熙店,笔记本电脑,14,6725.74,0.015,92747.95,0,0
2024-07-11,成都春熙店,配件耗材,55,201.64,0.028,10779.67,0,0
2024-07-12,上海旗舰店,智能家居,50,943.3,0.004,46976.34,0,0
2024-07-12,上海旗舰店,智能手机,60,4071.81,0.017,240155.35,0,0
2024-07-12,上海旗舰店,智能穿戴,47,1332.17,0.02,61359.75,0,0
2024-07-12,上海旗舰店,笔记本电脑,27,6758.71,0.004,181755.23,0,0
2024-07-12,上海旗舰店,配件耗材,130,202.01,0.22,20483.81,1,0
2024-07-12,北京中关村店,智能家居,39,921.46,0.031,34822.89,0,0
2024-07-12,北京中关村店,智能手机,49,4053.41,0.004,197822.62,0,0
2024-07-12,北京中关村店,智能穿戴,39,1340.69,0.028,50822.88,0,0
2024-07-12,北京中关村店,笔记本电脑,24,6621.84,0.046,151613.65,0,0
2024-07-12,北京中关村店,配件耗材,136,202.27,0.194,22172.03,1,0
2024-07-12,广州天河店,智能家居,49,910.22,0.138,38445.87,1,0
2024-07-12,广州天河店,智能手机,59,4072.6,0.009,238120.85,0,0
2024-07-12,广州天河店,智能穿戴,34,1321.06,0.021,43972.8,0,0
2024-07-12,广州天河店,笔记本电脑,20,6588.92,0.035,127166.16,0,0
2024-07-12,广州天河店,配件耗材,81,206.1,0.002,16660.71,0,0
2024-07-12,成都春熙店,智能家居,25,915.44,0.044,21879.02,0,0
2024-07-12,成都春熙店,智能手机,36,4099.78,0.107,131799.73,1,0
2024-07-12,成都春熙店,智能穿戴,27,1329.63,0.016,35325.61,0,0
2024-07-12,成都春熙店,笔记本电脑,17,6689.47,0.037,109513.31,0,0
2024-07-12,成都春熙店,配件耗材,55,200.6,0.004,10988.87,0,0
2024-07-13,上海旗舰店,智能家居,73,919.31,0.02,65767.44,0,1
2024-07-13,上海旗舰店,智能手机,77,4097.46,0.038,303515.25,0,1
2024-07-13,上海旗舰店,智能穿戴,58,1313.11,0.016,74941.81,0,1
2024-07-13,上海旗舰店,笔记本电脑,30,6719.76,0.017,198165.72,0,1
2024-07-13,上海旗舰店,配件耗材,85,203.98,0.044,16575.41,0,1
2024-07-13,北京中关村店,智能家居,40,922.58,0.047,35168.75,0,1
2024-07-13,北京中关村店,智能手机,61,4081.55,0.034,240509.42,0,1
2024-07-13,北京中关村店,智能穿戴,41,1340.24,0.022,53740.94,0,1
2024-07-13,北京中关村店,笔记本电脑,31,6580.33,0.031,197666.53,0,1
2024-07-13,北京中关村店,配件耗材,98,201.75,0.04,18980.64,0,1
2024-07-13,广州天河店,智能家居,50,914.34,0.085,41831.06,1,1
2024-07-13,广州天河店,智能手机,74,3987.98,0.019,289503.42,0,1
2024-07-13,广州天河店,智能穿戴,38,1333.7,0.042,48552.01,0,1
2024-07-13,广州天河店,笔记本电脑,23,6717.3,0.004,153879.91,0,1
2024-07-13,广州天河店,配件耗材,80,204.58,0.022,16006.34,0,1
2024-07-13,成都春熙店,智能家居,33,911.3,0.037,28960.2,0,1
2024-07-13,成都春熙店,智能手机,47,4065.8,0.045,182493.43,0,1
2024-07-13,成都春熙店,智能穿戴,35,1329.71,0.047,44352.48,0,1
2024-07-13,成都春熙店,笔记本电脑,19,6626.56,0.009,124771.5,0,1
2024-07-13,成都春熙店,配件耗材,50,200.44,0.043,9591.05,0,1
2024-07-14,上海旗舰店,智能家居,41,915.68,0.043,35928.54,0,1
2024-07-14,上海旗舰店,智能手机,69,4082.11,0.032,272652.29,0,1
2024-07-14,上海旗舰店,智能穿戴,56,1337.38,0.021,73320.52,0,1
2024-07-14,上海旗舰店,笔记本电脑,20,6701.69,0.024,130816.99,0,1
2024-07-14,上海旗舰店,配件耗材,167,206.64,0.002,34439.86,0,1
2024-07-14,北京中关村店,智能家居,43,891.78,0.006,38116.46,0,1
2024-07-14,北京中关村店,智能手机,66,4057.84,0.04,257104.74,0,1
2024-07-14,北京中关村店,智能穿戴,43,1330.82,0.027,55680.18,0,1
2024-07-14,北京中关村店,笔记本电脑,26,6631.97,0.014,170017.18,0,1
2024-07-14,北京中关村店,配件耗材,92,204.24,0.005,18696.13,0,1
2024-07-14,广州天河店,智能家居,37,909.94,0.049,32018.06,0,1
2024-07-14,广州天河店,智能手机,54,4087.01,0.023,215622.47,0,1
2024-07-14,广州天河店,智能穿戴,45,1341.92,0.046,57608.63,0,1
2024-07-14,广州天河店,笔记本电脑,24,6629.51,0.042,152425.69,0,1
2024-07-14,广州天河店,配件耗材,75,204.77,0.016,15112.03,0,1
2024-07-14,成都春熙店,智能家居,25,928.88,0.008,23036.22,0,1
2024-07-14,成都春熙店,智能手机,46,4096.39,0.04,180896.58,0,1
2024-07-14,成都春熙店,智能穿戴,27,1323.92,0.049,33994.29,0,1
2024-07-14,成都春熙店,笔记本电脑,18,6751.46,0.044,116179.12,0,1
2024-07-14,成都春熙店,配件耗材,61,204.02,0.019,12208.76,0,1
2024-07-15,上海旗舰店,智能家居,51,908.96,0.03,44966.25,0,0
2024-07-15,上海旗舰店,智能手机,84,4088.71,0.133,297772.57,1,0
2024-07-15,上海旗舰店,智能穿戴,43,1321.16,0.035,54821.53,0,0
2024-07-15,上海旗舰店,笔记本电脑,25,6632.22,0.033,160333.92,0,0
2024-07-15,上海旗舰店,配件耗材,92,201.66,0.021,18163.11,0,0
2024-07-15,北京中关村店,智能家居,30,914.86,0.013,27089.0,0,0
2024-07-15,北京中关村店,智能手机,49,4095.29,0.003,200067.2,0,0
2024-07-15,北京中关村店,智能穿戴,37,1332.56,0.018,48417.24,0,0
2024-07-15,北京中关村店,笔记本电脑,33,6707.21,0.015,218017.86,0,0
2024-07-15,北京中关村店,配件耗材,89,203.17,0.044,17286.52,0,0
2024-07-15,广州天河店,智能家居,33,926.32,0.003,30476.85,0,0
2024-07-15,广州天河店,智能手机,52,4079.24,0.019,208090.19,0,0
2024-07-15,广州天河店,智能穿戴,28,1335.78,0.0,37401.84,0,0
2024-07-15,广州天河店,笔记本电脑,19,6719.27,0.019,125240.47,0,0
2024-07-15,广州天河店,配件耗材,67,203.86,0.003,13617.64,0,0
2024-07-15,成都春熙店,智能家居,24,918.06,0.03,21372.44,0,0
2024-07-15,成都春熙店,智能手机,42,4124.88,0.032,167701.12,0,0
2024-07-15,成都春熙店,智能穿戴,28,1331.24,0.025,36342.85,0,0
2024-07-15,成都春熙店,笔记本电脑,12,6604.76,0.001,79177.86,0,0
2024-07-15,成都春熙店,配件耗材,45,203.37,0.045,8739.83,0,0
2024-07-16,上海旗舰店,智能家居,44,924.61,0.015,40072.6,0,0
2024-07-16,上海旗舰店,智能手机,53,4138.76,0.046,209263.98,0,0
2024-07-16,上海旗舰店,智能穿戴,39,1334.6,0.049,49498.98,0,0
2024-07-16,上海旗舰店,笔记本电脑,29,6622.14,0.049,182632.0,0,0
2024-07-16,上海旗舰店,配件耗材,71,204.2,0.001,14483.7,0,0
2024-07-16,北京中关村店,智能家居,25,930.65,0.013,22963.79,0,0
2024-07-16,北京中关村店,智能手机,61,4041.84,0.004,245566.03,0,0
2024-07-16,北京中关村店,智能穿戴,36,1326.43,0.04,45841.42,0,0
2024-07-16,北京中关村店,笔记本电脑,25,6559.19,0.011,162175.97,0,0
2024-07-16,北京中关村店,配件耗材,79,202.58,0.021,15667.74,0,0
2024-07-16,广州天河店,智能家居,30,909.48,0.002,27229.83,0,0
2024-07-16,广州天河店,智能手机,67,4066.24,0.082,250098.16,1,0
2024-07-16,广州天河店,智能穿戴,31,1353.6,0.009,41583.95,0,0
2024-07-16,广州天河店,笔记本电脑,21,6746.42,0.033,136999.55,0,0
2024-07-16,广州天河店,配件耗材,57,200.0,0.039,10955.4,0,0
2024-07-16,成都春熙店,智能家居,29,934.81,0.043,25943.78,0,0
2024-07-16,成都春熙店,智能手机,40,4109.7,0.034,158798.81,0,0
2024-07-16,成都春熙店,智能穿戴,29,1303.05,0.038,36352.49,0,0
2024-07-16,成都春熙店,笔记本电脑,13,6621.84,0.041,82554.48,0,0
2024-07-16,成都春熙店,配件耗材,38,205.28,0.009,7730.43,0,0
2024-07-17,上海旗舰店,智能家居,42,919.36,0.008,38304.22,0,0
2024-07-17,上海旗舰店,智能手机,65,4031.35,0.03,254176.62,0,0
2024-07-17,上海旗舰店,智能穿戴,41,1325.18,0.042,52050.42,0,0
2024-07-17,上海旗舰店,笔记本电脑,25,6703.79,0.004,166924.37,0,0
2024-07-17,上海旗舰店,配件耗材,95,204.43,0.016,19110.12,0,0
2024-07-17,北京中关村店,智能家居,29,916.9,0.019,26084.89,0,0
2024-07-17,北京中关村店,智能手机,79,4105.57,0.034,313312.47,0,0
2024-07-17,北京中关村店,智能穿戴,34,1321.4,0.018,44118.9,0,0
2024-07-17,北京中关村店,笔记本电脑,22,6594.61,0.007,144065.85,0,0
2024-07-17,北京中关村店,配件耗材,95,201.68,0.034,18508.17,0,0
2024-07-17,广州天河店,智能家居,47,920.19,0.11,38491.55,1,0
2024-07-17,广州天河店,智能手机,39,4057.14,0.006,157279.09,0,0
2024-07-17,广州天河店,智能穿戴,74,1307.52,0.195,77888.97,1,0
2024-07-17,广州天河店,笔记本电脑,43,6735.0,0.026,282075.27,0,0
2024-07-17,广州天河店,配件耗材,66,200.65,0.039,12726.43,0,0
2024-07-17,成都春熙店,智能家居,26,923.16,0.037,23114.08,0,0
2024-07-17,成都春熙店,智能手机,38,4090.95,0.024,151725.15,0,0
2024-07-17,成都春熙店,智能穿戴,25,1315.89,0.008,32634.07,0,0
2024-07-17,成都春熙店,笔记本电脑,13,6721.68,0.032,84585.62,0,0
2024-07-17,成都春熙店,配件耗材,52,204.61,0.021,10416.29,0,0
2024-07-18,上海旗舰店,智能家居,36,921.91,0.004,33056.0,0,0
2024-07-18,上海旗舰店,智能手机,66,4037.0,0.034,257382.97,0,0
2024-07-18,上海旗舰店,智能穿戴,41,1330.03,0.044,52131.86,0,0
2024-07-18,上海旗舰店,笔记本电脑,26,6779.99,0.045,168347.15,0,0
2024-07-18,上海旗舰店,配件耗材,77,203.4,0.021,15332.9,0,0
2024-07-18,北京中关村店,智能家居,32,917.25,0.017,28853.02,0,0
2024-07-18,北京中关村店,智能手机,63,4039.99,0.017,250192.54,0,0
2024-07-18,北京中关村店,智能穿戴,39,1328.65,0.031,50211.01,0,0
2024-07-18,北京中关村店,笔记本电脑,25,6621.08,0.042,158574.87,0,0
2024-07-18,北京中关村店,配件耗材,61,203.62,0.032,12023.35,0,0
2024-07-18,广州天河店,智能家居,41,924.56,0.009,37565.8,0,0
2024-07-18,广州天河店,智能手机,64,4115.56,0.018,258654.71,0,0
2024-07-18,广州天河店,智能穿戴,28,1294.55,0.029,35196.23,0,0
2024-07-18,广州天河店,笔记本电脑,20,6731.15,0.006,133815.26,0,0
2024-07-18,广州天河店,配件耗材,97,207.25,0.165,16786.21,1,0
2024-07-18,成都春熙店,智能家居,29,921.57,0.013,26378.1,0,0
2024-07-18,成都春熙店,智能手机,31,4128.41,0.039,122989.46,0,0
2024-07-18,成都春熙店,智能穿戴,28,1320.89,0.029,35912.36,0,0
2024-07-18,成都春熙店,笔记本电脑,16,6619.49,0.037,101993.1,0,0
2024-07-18,成都春熙店,配件耗材,46,203.62,0.031,9076.16,0,0
2024-07-19,上海旗舰店,智能家居,55,916.62,0.05,47893.39,0,0
2024-07-19,上海旗舰店,智能手机,71,4075.21,0.037,278634.33,0,0
2024-07-19,上海旗舰店,智能穿戴,43,1335.61,0.015,56569.76,0,0
2024-07-19,上海旗舰店,笔记本电脑,26,6647.28,0.025,168508.55,0,0
2024-07-19,上海旗舰店,配件耗材,94,201.71,0.026,18467.76,0,0
2024-07-19,北京中关村店,智能家居,36,932.96,0.008,33317.87,0,0
2024-07-19,北京中关村店,智能手机,63,4132.66,0.0,260357.58,0,0
2024-07-19,北京中关村店,智能穿戴,32,1336.68,0.021,41875.51,0,0
2024-07-19,北京中关村店,笔记本电脑,28,6606.55,0.026,180173.83,0,0
2024-07-19,北京中关村店,配件耗材,93,200.95,0.001,18669.66,0,0
2024-07-19,广州天河店,智能家居,35,912.91,0.007,31728.19,0,0
2024-07-19,广州天河店,智能手机,54,4053.25,0.01,216686.74,0,0
2024-07-19,广州天河店,智能穿戴,34,1315.64,0.022,43747.66,0,0
2024-07-19,广州天河店,笔记本电脑,21,6713.8,0.013,139156.93,0,0
2024-07-19,广州天河店,配件耗材,79,202.81,0.025,15621.44,0,0
2024-07-19,成都春熙店,智能家居,26,929.25,0.01,23918.9,0,0
2024-07-19,成都春熙店,智能手机,41,4070.48,0.019,163718.78,0,0
2024-07-19,成都春熙店,智能穿戴,42,1336.29,0.064,52532.23,1,0
2024-07-19,成都春熙店,笔记本电脑,21,6599.07,0.022,135531.7,0,0
2024-07-19,成都春熙店,配件耗材,60,202.56,0.045,11606.69,0,0
2024-07-20,上海旗舰店,智能家居,53,931.73,0.044,47208.9,0,1
2024-07-20,上海旗舰店,智能手机,92,4090.96,0.047,358679.01,0,1
2024-07-20,上海旗舰店,智能穿戴,61,1313.65,0.017,78770.39,0,1
2024-07-20,上海旗舰店,笔记本电脑,34,6627.0,0.031,218333.14,0,1
2024-07-20,上海旗舰店,配件耗材,77,201.54,0.044,14835.76,0,1
2024-07-20,北京中关村店,智能家居,39,894.55,0.042,33422.18,0,1
2024-07-20,北京中关村店,智能手机,69,4143.86,0.048,272201.88,0,1
2024-07-20,北京中关村店,智能穿戴,57,1337.28,0.177,62733.14,1,1
2024-07-20,北京中关村店,笔记本电脑,33,6457.88,0.044,203733.2,0,1
2024-07-20,北京中关村店,配件耗材,92,199.44,0.004,18275.09,0,1
2024-07-20,广州天河店,智能家居,32,919.24,0.024,28709.7,0,1
2024-07-20,广州天河店,智能手机,54,4097.31,0.04,212404.55,0,1
2024-07-20,广州天河店,智能穿戴,52,1328.82,0.147,58941.14,1,1
2024-07-20,广州天河店,笔记本电脑,21,6599.72,0.029,134574.89,0,1
2024-07-20,广州天河店,配件耗材,90,203.96,0.037,17677.21,0,1
2024-07-20,成都春熙店,智能家居,23,914.07,0.028,20434.95,0,1
2024-07-20,成都春熙店,智能手机,41,4077.54,0.012,165172.99,0,1
2024-07-20,成都春熙店,智能穿戴,49,1313.92,0.08,59231.51,1,1
2024-07-20,成都春熙店,笔记本电脑,17,6591.03,0.011,110814.99,0,1
2024-07-20,成都春熙店,配件耗材,52,204.01,0.04,10184.18,0,1
2024-07-21,上海旗舰店,智能家居,50,920.87,0.044,44017.59,0,1
2024-07-21,上海旗舰店,智能手机,70,4129.68,0.036,278670.81,0,1
2024-07-21,上海旗舰店,智能穿戴,65,1324.89,0.048,81984.19,0,1
2024-07-21,上海旗舰店,笔记本电脑,26,6619.87,0.03,166953.12,0,1
2024-07-21,上海旗舰店,配件耗材,75,207.26,0.047,14813.91,0,1
2024-07-21,北京中关村店,智能家居,36,925.42,0.034,32182.41,0,1
2024-07-21,北京中关村店,智能手机,51,4088.73,0.009,206648.5,0,1
2024-07-21,北京中关村店,智能穿戴,37,1341.8,0.029,48206.85,0,1
2024-07-21,北京中关村店,笔记本电脑,26,6561.7,0.009,169068.76,0,1
2024-07-21,北京中关村店,配件耗材,76,205.1,0.019,15291.44,0,1
2024-07-21,广州天河店,智能家居,42,926.8,0.006,38692.05,0,1
2024-07-21,广州天河店,智能手机,60,4084.76,0.035,236507.6,0,1
2024-07-21,广州天河店,智能穿戴,40,1337.43,0.03,51892.28,0,1
2024-07-21,广州天河店,笔记本电脑,24,6722.87,0.041,154733.58,0,1
2024-07-21,广州天河店,配件耗材,78,205.94,0.005,15983.0,0,1
2024-07-21,成都春熙店,智能家居,28,910.86,0.035,24611.44,0,1
2024-07-21,成都春熙店,智能手机,45,4169.0,0.022,183477.69,0,1
2024-07-21,成都春熙店,智能穿戴,30,1312.04,0.016,38731.42,0,1
2024-07-21,成都春熙店,笔记本电脑,20,6600.04,0.034,127512.77,0,1
2024-07-21,成都春熙店,配件耗材,54,204.47,0.001,11030.34,0,1
2024-07-22,上海旗舰店,智能家居,44,905.31,0.038,38319.96,0,0
2024-07-22,上海旗舰店,智能手机,59,4096.54,0.017,237587.03,0,0
2024-07-22,上海旗舰店,智能穿戴,68,1329.35,0.048,86056.8,0,0
2024-07-22,上海旗舰店,笔记本电脑,22,6696.65,0.012,145558.38,0,0
2024-07-22,上海旗舰店,配件耗材,94,204.71,0.044,18396.06,0,0
2024-07-22,北京中关村店,智能家居,36,921.87,0.046,31660.7,0,0
2024-07-22,北京中关村店,智能手机,50,4132.29,0.041,198143.31,0,0
2024-07-22,北京中关村店,智能穿戴,36,1343.01,0.022,47284.7,0,0
2024-07-22,北京中关村店,笔记本电脑,25,6723.35,0.015,165562.49,0,0
2024-07-22,北京中关村店,配件耗材,81,199.13,0.044,15419.83,0,0
2024-07-22,广州天河店,智能家居,26,918.68,0.028,23216.88,0,0
2024-07-22,广州天河店,智能手机,62,4037.93,0.022,244843.92,0,0
2024-07-22,广州天河店,智能穿戴,38,1319.97,0.024,48955.05,0,0
2024-07-22,广州天河店,笔记本电脑,21,6680.88,0.014,138334.3,0,0
2024-07-22,广州天河店,配件耗材,59,202.31,0.001,11924.35,0,0
2024-07-22,成都春熙店,智能家居,22,921.64,0.005,20174.7,0,0
2024-07-22,成都春熙店,智能手机,35,4096.27,0.007,142365.86,0,0
2024-07-22,成都春熙店,智能穿戴,24,1350.14,0.011,32046.92,0,0
2024-07-22,成都春熙店,笔记本电脑,19,6681.63,0.036,122380.74,0,0
2024-07-22,成都春熙店,配件耗材,47,203.84,0.032,9273.9,0,0
2024-07-23,上海旗舰店,智能家居,47,919.15,0.019,42379.25,0,0
2024-07-23,上海旗舰店,智能手机,57,4112.42,0.033,226672.48,0,0
2024-07-23,上海旗舰店,智能穿戴,44,1325.13,0.038,56090.1,0,0
2024-07-23,上海旗舰店,笔记本电脑,32,6780.57,0.081,199403.0,1,0
2024-07-23,上海旗舰店,配件耗材,65,206.79,0.021,13159.08,0,0
2024-07-23,北京中关村店,智能家居,37,922.79,0.012,33733.51,0,0
2024-07-23,北京中关村店,智能手机,58,4063.76,0.039,226505.85,0,0
2024-07-23,北京中关村店,智能穿戴,42,1343.11,0.022,55169.59,0,0
2024-07-23,北京中关村店,笔记本电脑,23,6636.49,0.048,145312.59,0,0
2024-07-23,北京中关村店,配件耗材,97,201.56,0.01,19355.81,0,0
2024-07-23,广州天河店,智能家居,35,928.4,0.012,32104.07,0,0
2024-07-23,广州天河店,智能手机,59,4060.95,0.033,231689.38,0,0
2024-07-23,广州天河店,智能穿戴,31,1348.34,0.002,41714.94,0,0
2024-07-23,广州天河店,笔记本电脑,21,6679.71,0.01,138871.17,0,0
2024-07-23,广州天河店,配件耗材,60,204.59,0.049,11673.91,0,0
2024-07-23,成都春熙店,智能家居,20,914.19,0.004,18210.66,0,0
2024-07-23,成都春熙店,智能手机,30,4068.74,0.01,120841.58,0,0
2024-07-23,成都春熙店,智能穿戴,26,1347.74,0.045,33464.38,0,0
2024-07-23,成都春熙店,笔记本电脑,18,6536.28,0.033,113770.49,0,0
2024-07-23,成都春熙店,配件耗材,102,203.72,0.002,20737.88,0,0
2024-07-24,上海旗舰店,智能家居,44,925.37,0.027,39616.94,0,0
2024-07-24,上海旗舰店,智能手机,57,4054.56,0.01,228798.82,0,0
2024-07-24,上海旗舰店,智能穿戴,47,1317.66,0.009,61372.65,0,0
2024-07-24,上海旗舰店,笔记本电脑,27,6590.07,0.014,175440.84,0,0
2024-07-24,上海旗舰店,配件耗材,61,202.51,0.01,12229.58,0,0
2024-07-24,北京中关村店,智能家居,28,927.2,0.025,25312.56,0,0
2024-07-24,北京中关村店,智能手机,88,4116.25,0.174,299201.98,1,0
2024-07-24,北京中关村店,智能穿戴,99,1295.84,0.029,124567.8,0,0
2024-07-24,北京中关村店,笔记本电脑,24,6707.68,0.036,155188.88,0,0
2024-07-24,北京中关村店,配件耗材,87,204.45,0.021,17413.62,0,0
2024-07-24,广州天河店,智能家居,28,912.16,0.031,24748.73,0,0
2024-07-24,广州天河店,智能手机,48,4110.04,0.044,188601.52,0,0
2024-07-24,广州天河店,智能穿戴,37,1333.85,0.019,48414.75,0,0
2024-07-24,广州天河店,笔记本电脑,22,6657.5,0.029,142217.51,0,0
2024-07-24,广州天河店,配件耗材,55,206.28,0.008,11254.64,0,0
2024-07-24,成都春熙店,智能家居,23,908.29,0.024,20389.29,0,0
2024-07-24,成都春熙店,智能手机,38,4091.82,0.036,149891.55,0,0
2024-07-24,成都春熙店,智能穿戴,26,1347.07,0.004,34883.72,0,0
2024-07-24,成都春熙店,笔记本电脑,16,6682.62,0.034,103286.57,0,0
2024-07-24,成都春熙店,配件耗材,51,202.34,0.033,9978.8,0,0
2024-07-25,上海旗舰店,智能家居,57,935.42,0.035,51452.78,0,0
2024-07-25,上海旗舰店,智能手机,60,4123.25,0.006,245910.63,0,0
2024-07-25,上海旗舰店,智能穿戴,48,1334.1,0.043,61283.22,0,0
2024-07-25,上海旗舰店,笔记本电脑,22,6680.52,0.043,140651.67,0,0
2024-07-25,上海旗舰店,配件耗材,78,204.74,0.04,15330.93,0,0
2024-07-25,北京中关村店,智能家居,35,925.17,0.031,31377.14,0,0
2024-07-25,北京中关村店,智能手机,55,4145.52,0.03,221163.49,0,0
2024-07-25,北京中关村店,智能穿戴,46,1343.92,0.036,59594.79,0,0
2024-07-25,北京中关村店,笔记本电脑,28,6705.26,0.037,180800.63,0,0
2024-07-25,北京中关村店,配件耗材,76,205.04,0.031,15099.97,0,0
2024-07-25,广州天河店,智能家居,31,910.69,0.043,27017.44,0,0
2024-07-25,广州天河店,智能手机,53,4110.75,0.046,207847.74,0,0
2024-07-25,广州天河店,智能穿戴,43,1331.05,0.026,55747.04,0,0
2024-07-25,广州天河店,笔记本电脑,23,6594.19,0.01,150149.71,0,0
2024-07-25,广州天河店,配件耗材,77,204.43,0.047,15001.28,0,0
2024-07-25,成都春熙店,智能家居,25,926.9,0.008,22987.12,0,0
2024-07-25,成都春熙店,智能手机,41,4131.19,0.042,162264.88,0,0
2024-07-25,成都春熙店,智能穿戴,30,1323.93,0.012,39241.29,0,0
2024-07-25,成都春熙店,笔记本电脑,25,6564.65,0.071,152464.0,1,0
2024-07-25,成都春熙店,配件耗材,49,203.49,0.013,9841.39,0,0
2024-07-26,上海旗舰店,智能家居,44,919.51,0.049,38475.98,0,0
2024-07-26,上海旗舰店,智能手机,69,4011.94,0.046,264089.96,0,0
2024-07-26,上海旗舰店,智能穿戴,42,1333.75,0.04,53776.8,0,0
2024-07-26,上海旗舰店,笔记本电脑,23,6620.11,0.024,148608.23,0,0
2024-07-26,上海旗舰店,配件耗材,68,200.52,0.004,13580.82,0,0
2024-07-26,北京中关村店,智能家居,34,924.78,0.029,30530.69,0,0
2024-07-26,北京中关村店,智能手机,55,4148.18,0.003,227465.45,0,0
2024-07-26,北京中关村店,智能穿戴,46,1308.66,0.028,58512.81,0,0
2024-07-26,北京中关村店,笔记本电脑,19,6694.89,0.043,121733.18,0,0
2024-07-26,北京中关村店,配件耗材,88,201.69,0.038,17074.27,0,0
2024-07-26,广州天河店,智能家居,33,931.97,0.007,30539.72,0,0
2024-07-26,广州天河店,智能手机,53,4095.13,0.01,214871.47,0,0
2024-07-26,广州天河店,智能穿戴,31,1323.34,0.011,40572.28,0,0
2024-07-26,广州天河店,笔记本电脑,27,6634.71,0.199,143488.87,1,0
2024-07-26,广州天河店,配件耗材,72,204.6,0.04,14141.95,0,0
2024-07-26,成都春熙店,智能家居,31,913.06,0.04,27172.67,0,0
2024-07-26,成都春熙店,智能手机,40,4129.32,0.017,162364.86,0,0
2024-07-26,成都春熙店,智能穿戴,32,1310.24,0.031,40627.92,0,0
2024-07-26,成都春熙店,笔记本电脑,15,6682.71,0.007,99538.97,0,0
2024-07-26,成都春熙店,配件耗材,48,201.75,0.01,9587.16,0,0
2024-07-27,上海旗舰店,智能家居,68,931.44,0.004,63084.57,0,1
2024-07-27,上海旗舰店,智能手机,74,4141.67,0.031,296982.59,0,1
2024-07-27,上海旗舰店,智能穿戴,51,1328.73,0.01,67087.58,0,1
2024-07-27,上海旗舰店,笔记本电脑,33,6658.4,0.003,219068.02,0,1
2024-07-27,上海旗舰店,配件耗材,83,206.96,0.02,16834.13,0,1
2024-07-27,北京中关村店,智能家居,36,926.73,0.002,33295.56,0,1
2024-07-27,北京中关村店,智能手机,66,4114.64,0.001,271294.67,0,1
2024-07-27,北京中关村店,智能穿戴,36,1330.55,0.011,47372.9,0,1
2024-07-27,北京中关村店,笔记本电脑,24,6751.86,0.001,161882.6,0,1
2024-07-27,北京中关村店,配件耗材,100,202.88,0.022,19841.66,0,1
2024-07-27,广州天河店,智能家居,38,914.82,0.047,33129.29,0,1
2024-07-27,广州天河店,智能手机,56,4205.32,0.008,233613.94,0,1
2024-07-27,广州天河店,智能穿戴,33,1344.04,0.05,42135.65,0,1
2024-07-27,广州天河店,笔记本电脑,24,6577.66,0.05,149970.65,0,1
2024-07-27,广州天河店,配件耗材,71,201.99,0.036,13825.0,0,1
2024-07-27,成都春熙店,智能家居,27,916.55,0.005,24623.12,0,1
2024-07-27,成都春熙店,智能手机,47,4089.43,0.034,185668.3,0,1
2024-07-27,成都春熙店,智能穿戴,29,1321.5,0.045,36598.94,0,1
2024-07-27,成都春熙店,笔记本电脑,19,6595.47,0.042,120050.74,0,1
2024-07-27,成都春熙店,配件耗材,50,202.87,0.03,9839.19,0,1
2024-07-28,上海旗舰店,智能家居,49,918.3,0.031,43601.8,0,1
2024-07-28,上海旗舰店,智能手机,65,4077.65,0.02,259746.3,0,1
2024-07-28,上海旗舰店,智能穿戴,47,1335.23,0.028,60998.65,0,1
2024-07-28,上海旗舰店,笔记本电脑,25,6646.26,0.025,162002.59,0,1
2024-07-28,上海旗舰店,配件耗材,87,206.75,0.002,17951.28,0,1
2024-07-28,北京中关村店,智能家居,130,933.42,0.217,95012.82,1,1
2024-07-28,北京中关村店,智能手机,85,4014.99,0.185,278138.43,1,1
2024-07-28,北京中关村店,智能穿戴,47,1345.17,0.02,61958.53,0,1
2024-07-28,北京中关村店,笔记本电脑,34,6687.36,0.044,217365.95,0,1
2024-07-28,北京中关村店,配件耗材,89,204.18,0.028,17663.2,0,1
2024-07-28,广州天河店,智能家居,34,922.85,0.029,30466.97,0,1
2024-07-28,广州天河店,智能手机,57,4130.31,0.049,223891.71,0,1
2024-07-28,广州天河店,智能穿戴,49,1324.23,0.167,54051.1,1,1
2024-07-28,广州天河店,笔记本电脑,26,6755.86,0.033,169855.83,0,1
2024-07-28,广州天河店,配件耗材,77,206.74,0.007,15807.55,0,1
2024-07-28,成都春熙店,智能家居,27,907.07,0.016,24099.04,0,1
2024-07-28,成都春熙店,智能手机,38,4101.06,0.002,155528.6,0,1
2024-07-28,成都春熙店,智能穿戴,32,1340.27,0.047,40872.87,0,1
2024-07-28,成都春熙店,笔记本电脑,18,6616.34,0.024,116235.86,0,1
2024-07-28,成都春熙店,配件耗材,57,206.82,0.045,11258.25,0,1
2024-07-29,上海旗舰店,智能家居,51,919.24,0.048,44630.94,0,0
2024-07-29,上海旗舰店,智能手机,58,4127.55,0.031,231976.57,0,0
2024-07-29,上海旗舰店,智能穿戴,46,1332.21,0.033,59259.37,0,0
2024-07-29,上海旗舰店,笔记本电脑,26,6672.47,0.011,171575.89,0,0
2024-07-29,上海旗舰店,配件耗材,74,203.29,0.005,14968.24,0,0
2024-07-29,北京中关村店,智能家居,45,905.67,0.039,39165.7,0,0
2024-07-29,北京中关村店,智能手机,59,4187.3,0.05,234698.17,0,0
2024-07-29,北京中关村店,智能穿戴,37,1335.14,0.013,48757.98,0,0
2024-07-29,北京中关村店,笔记本电脑,27,6589.4,0.021,174177.61,0,0
2024-07-29,北京中关村店,配件耗材,85,205.25,0.036,16818.18,0,0
2024-07-29,广州天河店,智能家居,43,917.01,0.04,37854.17,0,0
2024-07-29,广州天河店,智能手机,56,4160.59,0.035,224838.28,0,0
2024-07-29,广州天河店,智能穿戴,35,1350.45,0.028,45942.31,0,0
2024-07-29,广州天河店,笔记本电脑,19,6632.73,0.049,119846.8,0,0
2024-07-29,广州天河店,配件耗材,69,204.45,0.014,13909.55,0,0
2024-07-29,成都春熙店,智能家居,19,929.91,0.006,17562.28,0,0
2024-07-29,成都春熙店,智能手机,39,4101.77,0.023,156289.74,0,0
2024-07-29,成都春熙店,智能穿戴,26,1335.98,0.035,33519.74,0,0
2024-07-29,成都春熙店,笔记本电脑,20,6672.07,0.036,128637.51,0,0
2024-07-29,成都春熙店,配件耗材,52,206.76,0.042,10299.96,0,0
2024-07-30,上海旗舰店,智能家居,49,931.81,0.019,44791.17,0,0
2024-07-30,上海旗舰店,智能手机,66,4069.0,0.027,261303.04,0,0
2024-07-30,上海旗舰店,智能穿戴,39,1340.77,0.018,51348.81,0,0
2024-07-30,上海旗舰店,笔记本电脑,33,6600.59,0.131,189285.12,1,0
2024-07-30,上海旗舰店,配件耗材,75,204.48,0.05,14569.2,0,0
2024-07-30,北京中关村店,智能家居,36,909.09,0.015,32236.33,0,0
2024-07-30,北京中关村店,智能手机,75,4073.8,0.038,293924.67,0,0
2024-07-30,北京中关村店,智能穿戴,46,1341.34,0.039,59295.28,0,0
2024-07-30,北京中关村店,笔记本电脑,27,6669.93,0.027,175225.73,0,0
2024-07-30,北京中关村店,配件耗材,86,205.59,0.005,17592.34,0,0
2024-07-30,广州天河店,智能家居,29,905.09,0.039,25223.95,0,0
2024-07-30,广州天河店,智能手机,49,4152.4,0.044,194515.03,0,0
2024-07-30,广州天河店,智能穿戴,40,1329.24,0.021,52053.04,0,0
2024-07-30,广州天河店,笔记本电脑,33,6667.3,0.187,178876.99,1,0
2024-07-30,广州天河店,配件耗材,70,200.33,0.024,13686.55,0,0
2024-07-30,成都春熙店,智能家居,24,946.36,0.019,22281.1,0,0
2024-07-30,成都春熙店,智能手机,42,4104.27,0.039,165656.55,0,0
2024-07-30,成都春熙店,智能穿戴,28,1333.99,0.041,35820.3,0,0
2024-07-30,成都春熙店,笔记本电脑,15,6674.29,0.015,98612.63,0,0
2024-07-30,成都春熙店,配件耗材,45,205.4,0.004,9206.03,0,0
2024-07-31,上海旗舰店,智能家居,45,927.17,0.031,40429.25,0,0
2024-07-31,上海旗舰店,智能手机,66,4118.68,0.046,259328.57,0,0
2024-07-31,上海旗舰店,智能穿戴,89,1347.11,0.105,107304.05,1,0
2024-07-31,上海旗舰店,笔记本电脑,26,6832.32,0.014,175153.36,0,0
2024-07-31,上海旗舰店,配件耗材,87,206.1,0.014,17679.67,0,0
2024-07-31,北京中关村店,智能家居,38,943.9,0.022,35079.1,0,0
2024-07-31,北京中关村店,智能手机,57,4091.35,0.037,224578.29,0,0
2024-07-31,北京中关村店,智能穿戴,49,1337.16,0.017,64406.99,0,0
2024-07-31,北京中关村店,笔记本电脑,24,6596.56,0.04,151984.74,0,0
2024-07-31,北京中关村店,配件耗材,68,204.36,0.023,13576.86,0,0
2024-07-31,广州天河店,智能家居,36,915.06,0.038,31690.36,0,0
2024-07-31,广州天河店,智能手机,59,4141.27,0.037,235294.54,0,0
2024-07-31,广州天河店,智能穿戴,35,1339.33,0.006,46595.29,0,0
2024-07-31,广州天河店,笔记本电脑,27,6631.67,0.04,171892.89,0,0
2024-07-31,广州天河店,配件耗材,96,205.36,0.13,17151.67,1,0
2024-07-31,成都春熙店,智能家居,23,922.02,0.033,20506.65,0,0
2024-07-31,成都春熙店,智能手机,47,4134.88,0.026,189286.54,0,0
2024-07-31,成都春熙店,智能穿戴,35,1316.09,0.019,45187.95,0,0
2024-07-31,成都春熙店,笔记本电脑,16,6730.49,0.043,103057.26,0,0
2024-07-31,成都春熙店,配件耗材,38,201.47,0.015,7541.02,0,0
2024-08-01,上海旗舰店,智能家居,42,907.3,0.006,37877.96,0,0
2024-08-01,上海旗舰店,智能手机,62,4044.73,0.038,241243.88,0,0
2024-08-01,上海旗舰店,智能穿戴,44,1337.62,0.041,56442.21,0,0
2024-08-01,上海旗舰店,笔记本电脑,27,6612.66,0.029,173364.11,0,0
2024-08-01,上海旗舰店,配件耗材,89,206.57,0.004,18311.19,0,0
2024-08-01,北京中关村店,智能家居,37,931.02,0.031,33379.86,0,0
2024-08-01,北京中关村店,智能手机,62,4086.43,0.02,248291.49,0,0
2024-08-01,北京中关村店,智能穿戴,77,1316.16,0.02,99317.43,0,0
2024-08-01,北京中关村店,笔记本电脑,18,6618.41,0.037,114723.52,0,0
2024-08-01,北京中关村店,配件耗材,92,204.06,0.04,18022.58,0,0
2024-08-01,广州天河店,智能家居,34,930.92,0.016,31144.86,0,0
2024-08-01,广州天河店,智能手机,52,4051.06,0.029,204546.12,0,0
2024-08-01,广州天河店,智能穿戴,42,1328.8,0.134,48331.11,1,0
2024-08-01,广州天河店,笔记本电脑,19,6682.71,0.034,122654.46,0,0
2024-08-01,广州天河店,配件耗材,62,205.28,0.025,12409.18,0,0
2024-08-01,成都春熙店,智能家居,24,913.34,0.006,21788.64,0,0
2024-08-01,成都春熙店,智能手机,32,4036.44,0.029,125420.26,0,0
2024-08-01,成都春熙店,智能穿戴,23,1319.78,0.024,29626.42,0,0
2024-08-01,成都春熙店,笔记本电脑,15,6688.82,0.038,96519.67,0,0
2024-08-01,成都春熙店,配件耗材,36,207.9,0.024,7304.77,0,0
2024-08-02,上海旗舰店,智能家居,43,922.98,0.012,39211.88,0,0
2024-08-02,上海旗舰店,智能手机,68,4119.94,0.032,271190.93,0,0
2024-08-02,上海旗舰店,智能穿戴,46,1342.01,0.039,59324.89,0,0
2024-08-02,上海旗舰店,笔记本电脑,24,6675.99,0.007,159102.19,0,0
2024-08-02,上海旗舰店,配件耗材,80,205.15,0.017,16133.0,0,0
2024-08-02,北京中关村店,智能家居,58,915.21,0.074,49154.1,1,0
2024-08-02,北京中关村店,智能手机,51,4071.58,0.007,206197.03,0,0
2024-08-02,北京中关村店,智能穿戴,37,1343.46,0.05,47222.62,0,0
2024-08-02,北京中关村店,笔记本电脑,25,6599.73,0.032,159713.47,0,0
2024-08-02,北京中关村店,配件耗材,96,206.24,0.031,19185.27,0,0
2024-08-02,广州天河店,智能家居,54,913.48,0.183,40300.91,1,0
2024-08-02,广州天河店,智能手机,66,4062.2,0.02,262743.1,0,0
2024-08-02,广州天河店,智能穿戴,32,1332.43,0.038,41017.53,0,0
2024-08-02,广州天河店,笔记本电脑,17,6667.48,0.036,109266.66,0,0
2024-08-02,广州天河店,配件耗材,72,203.95,0.039,14111.71,0,0
2024-08-02,成都春熙店,智能家居,28,914.93,0.037,24670.17,0,0
2024-08-02,成都春熙店,智能手机,52,4105.79,0.011,211152.57,0,0
2024-08-02,成都春熙店,智能穿戴,33,1341.21,0.01,43817.33,0,0
2024-08-02,成都春熙店,笔记本电脑,15,6625.44,0.029,96499.53,0,0
2024-08-02,成都春熙店,配件耗材,47,206.01,0.025,9440.41,0,0
2024-08-03,上海旗舰店,智能家居,46,922.73,0.038,40832.65,0,1
2024-08-03,上海旗舰店,智能手机,68,4075.74,0.011,274101.67,0,1
2024-08-03,上海旗舰店,智能穿戴,59,1338.76,0.035,76222.3,0,1
2024-08-03,上海旗舰店,笔记本电脑,30,6604.04,0.048,188611.38,0,1
2024-08-03,上海旗舰店,配件耗材,77,203.86,0.009,15555.95,0,1
2024-08-03,北京中关村店,智能家居,52,914.99,0.002,47484.32,0,1
2024-08-03,北京中关村店,智能手机,85,4126.2,0.22,273567.06,1,1
2024-08-03,北京中关村店,智能穿戴,56,1338.91,0.032,72579.63,0,1
2024-08-03,北京中关村店,笔记本电脑,31,6580.51,0.085,186656.17,1,1
2024-08-03,北京中关村店,配件耗材,97,204.91,0.035,19180.6,0,1
2024-08-03,广州天河店,智能家居,51,937.29,0.03,46367.74,0,1
2024-08-03,广州天河店,智能手机,58,4097.01,0.043,227408.64,0,1
2024-08-03,广州天河店,智能穿戴,34,1326.95,0.049,42905.6,0,1
2024-08-03,广州天河店,笔记本电脑,29,6675.89,0.012,191277.6,0,1
2024-08-03,广州天河店,配件耗材,87,205.13,0.022,17453.69,0,1
2024-08-03,成都春熙店,智能家居,23,941.99,0.047,20647.48,0,1
2024-08-03,成都春熙店,智能手机,61,4126.69,0.162,210948.14,1,1
2024-08-03,成都春熙店,智能穿戴,37,1322.2,0.086,44714.16,1,1
2024-08-03,成都春熙店,笔记本电脑,21,6667.71,0.041,134281.01,0,1
2024-08-03,成都春熙店,配件耗材,61,203.02,0.044,11839.31,0,1
2024-08-04,上海旗舰店,智能家居,50,944.63,0.026,46003.48,0,1
2024-08-04,上海旗舰店,智能手机,98,4099.48,0.114,355949.65,1,1
2024-08-04,上海旗舰店,智能穿戴,48,1340.75,0.03,62425.32,0,1
2024-08-04,上海旗舰店,笔记本电脑,28,6626.02,0.042,177736.36,0,1
2024-08-04,上海旗舰店,配件耗材,81,204.18,0.042,15843.96,0,1
2024-08-04,北京中关村店,智能家居,33,920.05,0.032,29390.08,0,1
2024-08-04,北京中关村店,智能手机,71,3964.1,0.023,274977.72,0,1
2024-08-04,北京中关村店,智能穿戴,45,1339.98,0.008,59816.71,0,1
2024-08-04,北京中关村店,笔记本电脑,24,6659.51,0.04,153435.11,0,1
2024-08-04,北京中关村店,配件耗材,76,201.66,0.049,14575.18,0,1
2024-08-04,广州天河店,智能家居,64,919.77,0.06,55333.36,1,1
2024-08-04,广州天河店,智能手机,65,4128.01,0.043,256782.86,0,1
2024-08-04,广州天河店,智能穿戴,38,1354.68,0.009,51014.54,0,1
2024-08-04,广州天河店,笔记本电脑,30,6694.62,0.132,174327.9,1,1
2024-08-04,广州天河店,配件耗材,108,204.92,0.158,18634.61,1,1
2024-08-04,成都春熙店,智能家居,20,930.01,0.02,18228.2,0,1
2024-08-04,成都春熙店,智能手机,41,4077.03,0.041,160304.74,0,1
2024-08-04,成都春熙店,智能穿戴,28,1335.14,0.044,35739.03,0,1
2024-08-04,成都春熙店,笔记本电脑,16,6629.3,0.026,103311.01,0,1
2024-08-04,成都春熙店,配件耗材,52,204.86,0.045,10173.35,0,1
2024-08-05,上海旗舰店,智能家居,41,913.45,0.007,37189.29,0,0
2024-08-05,上海旗舰店,智能手机,59,4065.68,0.006,238435.87,0,0
2024-08-05,上海旗舰店,智能穿戴,44,1326.97,0.0,58386.68,0,0
2024-08-05,上海旗舰店,笔记本电脑,28,6655.23,0.134,161376.02,1,0
2024-08-05,上海旗舰店,配件耗材,78,207.18,0.008,16030.76,0,0
2024-08-05,北京中关村店,智能家居,31,906.86,0.029,27297.39,0,0
2024-08-05,北京中关村店,智能手机,65,4119.05,0.049,254619.08,0,0
2024-08-05,北京中关村店,智能穿戴,58,1333.11,0.184,63093.43,1,0
2024-08-05,北京中关村店,笔记本电脑,28,6778.68,0.013,187335.6,0,0
2024-08-05,北京中关村店,配件耗材,88,204.84,0.004,17953.82,0,0
2024-08-05,广州天河店,智能家居,35,935.79,0.032,31704.57,0,0
2024-08-05,广州天河店,智能手机,50,4057.66,0.029,196999.39,0,0
2024-08-05,广州天河店,智能穿戴,33,1341.81,0.045,42287.14,0,0
2024-08-05,广州天河店,笔记本电脑,22,6662.47,0.043,140271.64,0,0
2024-08-05,广州天河店,配件耗材,68,200.17,0.038,13094.32,0,0
2024-08-05,成都春熙店,智能家居,19,907.9,0.033,16680.85,0,0
2024-08-05,成都春熙店,智能手机,53,4045.54,0.109,191042.54,1,0
2024-08-05,成都春熙店,智能穿戴,27,1329.3,0.016,35316.84,0,0
2024-08-05,成都春熙店,笔记本电脑,18,6641.59,0.029,116081.71,0,0
2024-08-05,成都春熙店,配件耗材,46,201.07,0.036,8916.25,0,0
2024-08-06,上海旗舰店,智能家居,39,913.43,0.025,34733.18,0,0
2024-08-06,上海旗舰店,智能手机,85,4162.51,0.021,346383.27,0,0
2024-08-06,上海旗舰店,智能穿戴,48,1314.36,0.034,60944.24,0,0
2024-08-06,上海旗舰店,笔记本电脑,25,6619.46,0.022,161845.8,0,0
2024-08-06,上海旗舰店,配件耗材,74,205.0,0.013,14972.79,0,0
2024-08-06,北京中关村店,智能家居,29,930.16,0.021,26408.17,0,0
2024-08-06,北京中关村店,智能手机,52,4114.5,0.048,203684.21,0,0
2024-08-06,北京中关村店,智能穿戴,48,1338.82,0.033,62142.67,0,0
2024-08-06,北京中关村店,笔记本电脑,26,6688.07,0.013,171629.25,0,0
2024-08-06,北京中关村店,配件耗材,70,203.0,0.011,14053.69,0,0
2024-08-06,广州天河店,智能家居,33,915.1,0.048,28748.78,0,0
2024-08-06,广州天河店,智能手机,45,4163.83,0.008,185873.37,0,0
2024-08-06,广州天河店,智能穿戴,30,1339.56,0.026,39141.94,0,0
2024-08-06,广州天河店,笔记本电脑,21,6635.71,0.02,136562.91,0,0
2024-08-06,广州天河店,配件耗材,69,205.81,0.028,13803.27,0,0
2024-08-06,成都春熙店,智能家居,22,924.36,0.046,19400.47,0,0
2024-08-06,成都春熙店,智能手机,30,4082.32,0.028,119040.45,0,0
2024-08-06,成都春熙店,智能穿戴,21,1343.13,0.003,28121.11,0,0
2024-08-06,成都春熙店,笔记本电脑,11,6643.99,0.038,70306.7,0,0
2024-08-06,成都春熙店,配件耗材,40,205.28,0.027,7989.5,0,0
2024-08-07,上海旗舰店,智能家居,48,937.02,0.035,43402.77,0,0
2024-08-07,上海旗舰店,智能手机,86,4108.62,0.082,324367.33,1,0
2024-08-07,上海旗舰店,智能穿戴,49,1333.25,0.043,62520.09,0,0
2024-08-07,上海旗舰店,笔记本电脑,26,6741.77,0.047,167047.58,0,0
2024-08-07,上海旗舰店,配件耗材,75,204.18,0.011,15145.05,0,0
2024-08-07,北京中关村店,智能家居,33,932.14,0.008,30514.54,0,0
2024-08-07,北京中关村店,智能手机,66,4163.31,0.041,263512.54,0,0
2024-08-07,北京中关村店,智能穿戴,40,1337.39,0.037,51516.26,0,0
2024-08-07,北京中关村店,笔记本电脑,21,6715.09,0.029,136927.4,0,0
2024-08-07,北京中关村店,配件耗材,74,203.73,0.036,14533.28,0,0
2024-08-07,广州天河店,智能家居,28,941.85,0.006,26213.57,0,0
2024-08-07,广州天河店,智能手机,48,4158.85,0.025,194634.18,0,0
2024-08-07,广州天河店,智能穿戴,34,1333.16,0.034,43786.31,0,0
2024-08-07,广州天河店,笔记本电脑,20,6735.97,0.045,128657.03,0,0
2024-08-07,广州天河店,配件耗材,69,203.97,0.002,14045.78,0,0
2024-08-07,成都春熙店,智能家居,51,936.64,0.143,40937.72,1,0
2024-08-07,成都春熙店,智能手机,42,4096.49,0.024,167923.32,0,0
2024-08-07,成都春熙店,智能穿戴,31,1297.23,0.015,39610.92,0,0
2024-08-07,成都春熙店,笔记本电脑,15,6665.57,0.028,97184.01,0,0
2024-08-07,成都春熙店,配件耗材,47,205.78,0.005,9623.3,0,0
2024-08-08,上海旗舰店,智能家居,55,923.32,0.003,50630.25,0,0
2024-08-08,上海旗舰店,智能手机,50,4093.22,0.006,203433.03,0,0
2024-08-08,上海旗舰店,智能穿戴,52,1325.2,0.02,67532.19,0,0
2024-08-08,上海旗舰店,笔记本电脑,23,6688.47,0.027,149681.27,0,0
2024-08-08,上海旗舰店,配件耗材,88,200.67,0.004,17588.32,0,0
2024-08-08,北京中关村店,智能家居,36,919.76,0.017,32548.47,0,0
2024-08-08,北京中关村店,智能手机,61,4146.31,0.044,241796.21,0,0
2024-08-08,北京中关村店,智能穿戴,39,1342.72,0.02,51318.76,0,0
2024-08-08,北京中关村店,笔记本电脑,26,6527.13,0.01,168008.33,0,0
2024-08-08,北京中关村店,配件耗材,92,200.59,0.029,17919.11,0,0
2024-08-08,广州天河店,智能家居,33,907.84,0.0,29958.72,0,0
2024-08-08,广州天河店,智能手机,48,4146.08,0.036,191847.41,0,0
2024-08-08,广州天河店,智能穿戴,36,1328.53,0.04,45914.0,0,0
2024-08-08,广州天河店,笔记本电脑,23,6723.71,0.004,154026.75,0,0
2024-08-08,广州天河店,配件耗材,66,203.51,0.037,12934.69,0,0
2024-08-08,成都春熙店,智能家居,31,934.26,0.02,28382.82,0,0
2024-08-08,成都春熙店,智能手机,40,4074.87,0.022,159408.91,0,0
2024-08-08,成都春熙店,智能穿戴,29,1322.86,0.044,36674.97,0,0
2024-08-08,成都春熙店,笔记本电脑,15,6752.32,0.004,100879.66,0,0
2024-08-08,成都春熙店,配件耗材,56,205.37,0.155,9718.11,1,0
2024-08-09,上海旗舰店,智能家居,46,928.26,0.03,41418.96,0,0
2024-08-09,上海旗舰店,智能手机,72,4078.12,0.025,286284.02,0,0
2024-08-09,上海旗舰店,智能穿戴,35,1340.5,0.005,46682.91,0,0
2024-08-09,上海旗舰店,笔记本电脑,27,6617.53,0.035,172419.74,0,0
2024-08-09,上海旗舰店,配件耗材,82,204.05,0.034,16163.21,0,0
2024-08-09,北京中关村店,智能家居,35,919.7,0.017,31642.28,0,0
2024-08-09,北京中关村店,智能手机,66,4106.49,0.036,261271.32,0,0
2024-08-09,北京中关村店,智能穿戴,44,1353.2,0.025,58052.28,0,0
2024-08-09,北京中关村店,笔记本电脑,25,6675.05,0.029,162036.84,0,0
2024-08-09,北京中关村店,配件耗材,138,203.47,0.174,23193.14,1,0
2024-08-09,广州天河店,智能家居,29,921.66,0.023,26113.39,0,0
2024-08-09,广州天河店,智能手机,63,4157.08,0.004,260848.46,0,0
2024-08-09,广州天河店,智能穿戴,33,1349.99,0.036,42945.88,0,0
2024-08-09,广州天河店,笔记本电脑,25,6654.79,0.03,161378.66,0,0
2024-08-09,广州天河店,配件耗材,73,205.98,0.031,14570.41,0,0
2024-08-09,成都春熙店,智能家居,24,935.53,0.005,22340.46,0,0
2024-08-09,成都春熙店,智能手机,36,4059.27,0.044,139703.84,0,0
2024-08-09,成都春熙店,智能穿戴,30,1334.71,0.034,38679.9,0,0
2024-08-09,成都春熙店,笔记本电脑,14,6742.57,0.007,93735.21,0,0
2024-08-09,成都春熙店,配件耗材,55,207.39,0.024,11132.7,0,0
2024-08-10,上海旗舰店,智能家居,72,928.17,0.207,52994.79,1,1
2024-08-10,上海旗舰店,智能手机,89,4145.51,0.026,359357.68,0,1
2024-08-10,上海旗舰店,智能穿戴,42,1326.07,0.007,55305.08,0,1
2024-08-10,上海旗舰店,笔记本电脑,27,6613.23,0.039,171593.48,0,1
2024-08-10,上海旗舰店,配件耗材,76,204.25,0.004,15460.91,0,1
2024-08-10,北京中关村店,智能家居,44,937.26,0.046,39342.43,0,1
2024-08-10,北京中关村店,智能手机,94,4092.7,0.173,318158.31,1,1
2024-08-10,北京中关村店,智能穿戴,47,1321.78,0.022,60756.94,0,1
2024-08-10,北京中关村店,笔记本电脑,22,6680.43,0.002,146675.52,0,1
2024-08-10,北京中关村店,配件耗材,87,203.84,0.046,16918.31,0,1
2024-08-10,广州天河店,智能家居,36,914.34,0.018,32323.75,0,1
2024-08-10,广州天河店,智能手机,58,4108.04,0.007,236598.46,0,1
2024-08-10,广州天河店,智能穿戴,34,1348.37,0.044,43827.42,0,1
2024-08-10,广州天河店,笔记本电脑,22,6698.78,0.027,143394.08,0,1
2024-08-10,广州天河店,配件耗材,86,205.65,0.028,17190.69,0,1
2024-08-10,成都春熙店,智能家居,30,923.66,0.037,26684.54,0,1
2024-08-10,成都春熙店,智能手机,51,4121.52,0.034,203050.8,0,1
2024-08-10,成都春熙店,智能穿戴,31,1349.36,0.041,40115.12,0,1
2024-08-10,成都春熙店,笔记本电脑,16,6800.77,0.037,104786.26,0,1
2024-08-10,成都春熙店,配件耗材,65,208.62,0.008,13451.82,0,1
2024-08-11,上海旗舰店,智能家居,45,924.5,0.038,40021.6,0,1
2024-08-11,上海旗舰店,智能手机,74,4127.35,0.023,298399.15,0,1
2024-08-11,上海旗舰店,智能穿戴,50,1323.42,0.013,65310.78,0,1
2024-08-11,上海旗舰店,笔记本电脑,31,6692.09,0.037,199778.96,0,1
2024-08-11,上海旗舰店,配件耗材,102,205.47,0.029,20350.16,0,1
2024-08-11,北京中关村店,智能家居,34,932.88,0.025,30924.97,0,1
2024-08-11,北京中关村店,智能手机,70,4115.75,0.049,273985.48,0,1
2024-08-11,北京中关村店,智能穿戴,50,1339.97,0.04,64318.56,0,1
2024-08-11,北京中关村店,笔记本电脑,25,6673.72,0.006,165841.94,0,1
2024-08-11,北京中关村店,配件耗材,100,202.49,0.043,19378.29,0,1
2024-08-11,广州天河店,智能家居,27,929.97,0.039,24129.93,0,1
2024-08-11,广州天河店,智能手机,71,4141.5,0.032,284637.01,0,1
2024-08-11,广州天河店,智能穿戴,39,1344.05,0.036,50530.9,0,1
2024-08-11,广州天河店,笔记本电脑,26,6756.31,0.023,171623.79,0,1
2024-08-11,广州天河店,配件耗材,84,204.59,0.039,16515.32,0,1
2024-08-11,成都春熙店,智能家居,28,923.85,0.046,24677.88,0,1
2024-08-11,成都春熙店,智能手机,37,4139.81,0.031,148424.61,0,1
2024-08-11,成都春熙店,智能穿戴,35,1354.81,0.003,47276.09,0,1
2024-08-11,成都春熙店,笔记本电脑,15,6738.78,0.006,100475.21,0,1
2024-08-11,成都春熙店,配件耗材,60,201.62,0.014,11927.84,0,1
2024-08-12,上海旗舰店,智能家居,51,915.86,0.043,44700.38,0,0
2024-08-12,上海旗舰店,智能手机,51,4160.02,0.039,203886.74,0,0
2024-08-12,上海旗舰店,智能穿戴,61,1355.7,0.037,79637.89,0,0
2024-08-12,上海旗舰店,笔记本电脑,29,6649.89,0.08,177419.07,1,0
2024-08-12,上海旗舰店,配件耗材,67,201.59,0.013,13330.95,0,0
2024-08-12,北京中关村店,智能家居,33,930.12,0.005,30540.49,0,0
2024-08-12,北京中关村店,智能手机,66,4071.33,0.035,259303.01,0,0
2024-08-12,北京中关村店,智能穿戴,32,1328.29,0.045,40592.54,0,0
2024-08-12,北京中关村店,笔记本电脑,22,6756.76,0.034,143594.66,0,0
2024-08-12,北京中关村店,配件耗材,89,203.35,0.042,17338.03,0,0
2024-08-12,广州天河店,智能家居,37,920.2,0.019,33400.5,0,0
2024-08-12,广州天河店,智能手机,45,4120.33,0.044,177256.6,0,0
2024-08-12,广州天河店,智能穿戴,30,1325.37,0.002,39681.58,0,0
2024-08-12,广州天河店,笔记本电脑,25,6651.45,0.013,164124.53,0,0
2024-08-12,广州天河店,配件耗材,72,203.03,0.008,14501.21,0,0
2024-08-12,成都春熙店,智能家居,30,923.48,0.048,26374.59,0,0
2024-08-12,成都春熙店,智能手机,37,4158.53,0.012,152019.22,0,0
2024-08-12,成都春熙店,智能穿戴,28,1336.24,0.044,35768.47,0,0
2024-08-12,成都春熙店,笔记本电脑,18,6717.55,0.009,119827.66,0,0
2024-08-12,成都春熙店,配件耗材,41,203.06,0.037,8017.42,0,0
2024-08-13,上海旗舰店,智能家居,45,924.74,0.021,40739.42,0,0
2024-08-13,上海旗舰店,智能手机,57,4097.1,0.037,224893.92,0,0
2024-08-13,上海旗舰店,智能穿戴,92,1354.13,0.013,122960.42,0,0
2024-08-13,上海旗舰店,笔记本电脑,23,6696.16,0.021,150777.43,0,0
2024-08-13,上海旗舰店,配件耗材,86,202.58,0.105,15592.58,1,0
2024-08-13,北京中关村店,智能家居,35,928.14,0.037,31282.96,0,0
2024-08-13,北京中关村店,智能手机,34,4106.82,0.022,136559.98,0,0
2024-08-13,北京中关村店,智能穿戴,35,1338.66,0.01,46384.57,0,0
2024-08-13,北京中关村店,笔记本电脑,22,6753.6,0.003,148133.46,0,0
2024-08-13,北京中关村店,配件耗材,78,202.97,0.022,15483.36,0,0
2024-08-13,广州天河店,智能家居,51,925.47,0.091,42903.86,1,0
2024-08-13,广州天河店,智能手机,68,4091.87,0.013,274629.95,0,0
2024-08-13,广州天河店,智能穿戴,34,1333.99,0.026,44176.41,0,0
2024-08-13,广州天河店,笔记本电脑,20,6656.68,0.009,131935.4,0,0
2024-08-13,广州天河店,配件耗材,66,203.67,0.043,12864.2,0,0
2024-08-13,成都春熙店,智能家居,24,917.81,0.014,21719.06,0,0
2024-08-13,成都春熙店,智能手机,45,4088.48,0.049,174966.5,0,0
2024-08-13,成都春熙店,智能穿戴,33,1337.04,0.213,34724.27,1,0
2024-08-13,成都春熙店,笔记本电脑,14,6596.66,0.003,92076.18,0,0
2024-08-13,成都春熙店,配件耗材,48,202.88,0.031,9436.35,0,0
2024-08-14,上海旗舰店,智能家居,61,923.9,0.068,52525.56,1,0
2024-08-14,上海旗舰店,智能手机,70,4121.91,0.044,275838.22,0,0
2024-08-14,上海旗舰店,智能穿戴,39,1309.93,0.025,49810.09,0,0
2024-08-14,上海旗舰店,笔记本电脑,23,6525.68,0.007,149040.01,0,0
2024-08-14,上海旗舰店,配件耗材,68,204.05,0.028,13486.89,0,0
2024-08-14,北京中关村店,智能家居,35,917.2,0.019,31492.06,0,0
2024-08-14,北京中关村店,智能手机,56,4088.21,0.021,224132.03,0,0
2024-08-14,北京中关村店,智能穿戴,46,1333.32,0.026,59738.07,0,0
2024-08-14,北京中关村店,笔记本电脑,27,6659.06,0.179,147611.38,1,0
2024-08-14,北京中关村店,配件耗材,68,203.98,0.041,13301.94,0,0
2024-08-14,广州天河店,智能家居,41,936.56,0.029,37285.39,0,0
2024-08-14,广州天河店,智能手机,52,4123.98,0.002,214018.07,0,0
2024-08-14,广州天河店,智能穿戴,40,1339.5,0.039,51490.38,0,0
2024-08-14,广州天河店,笔记本电脑,19,6567.75,0.045,119171.82,0,0
2024-08-14,广州天河店,配件耗材,66,203.49,0.038,12919.99,0,0
2024-08-14,成都春熙店,智能家居,19,929.56,0.028,17167.11,0,0
2024-08-14,成都春熙店,智能手机,41,4120.62,0.01,167255.97,0,0
2024-08-14,成都春熙店,智能穿戴,23,1333.09,0.042,29373.31,0,0
2024-08-14,成都春熙店,笔记本电脑,15,6591.92,0.035,95418.04,0,0
2024-08-14,成都春熙店,配件耗材,47,205.45,0.006,9598.21,0,0
2024-08-15,上海旗舰店,智能家居,48,907.04,0.038,41883.48,0,0
2024-08-15,上海旗舰店,智能手机,84,4098.25,0.068,320843.8,1,0
2024-08-15,上海旗舰店,智能穿戴,48,1315.35,0.03,61242.7,0,0
2024-08-15,上海旗舰店,笔记本电脑,22,6730.33,0.006,147178.86,0,0
2024-08-15,上海旗舰店,配件耗材,76,204.37,0.033,15019.56,0,0
2024-08-15,北京中关村店,智能家居,35,930.24,0.015,32070.02,0,0
2024-08-15,北京中关村店,智能手机,56,4061.74,0.045,217221.86,0,0
2024-08-15,北京中关村店,智能穿戴,34,1326.13,0.018,44276.83,0,0
2024-08-15,北京中关村店,笔记本电脑,25,6611.15,0.048,157345.37,0,0
2024-08-15,北京中关村店,配件耗材,67,202.63,0.035,13101.04,0,0
2024-08-15,广州天河店,智能家居,42,926.93,0.039,37412.75,0,0
2024-08-15,广州天河店,智能手机,53,4150.22,0.042,210723.27,0,0
2024-08-15,广州天河店,智能穿戴,56,1336.75,0.104,67072.77,1,0
2024-08-15,广州天河店,笔记本电脑,19,6659.54,0.029,122861.85,0,0
2024-08-15,广州天河店,配件耗材,66,207.31,0.03,13271.99,0,0
2024-08-15,成都春熙店,智能家居,25,918.23,0.002,22909.84,0,0
2024-08-15,成都春熙店,智能手机,30,4118.35,0.02,121079.49,0,0
2024-08-15,成都春熙店,智能穿戴,31,1319.21,0.039,39300.59,0,0
2024-08-15,成都春熙店,笔记本电脑,11,6585.86,0.012,71575.13,0,0
2024-08-15,成都春熙店,配件耗材,46,208.29,0.044,9159.76,0,0
2024-08-16,上海旗舰店,智能家居,39,919.91,0.036,34584.94,0,0
2024-08-16,上海旗舰店,智能手机,110,4098.39,0.164,376887.94,1,0
2024-08-16,上海旗舰店,智能穿戴,54,1324.43,0.007,71018.59,0,0
2024-08-16,上海旗舰店,笔记本电脑,26,6671.58,0.001,173287.62,0,0
2024-08-16,上海旗舰店,配件耗材,99,206.01,0.031,19762.75,0,0
2024-08-16,北京中关村店,智能家居,28,935.94,0.004,26101.49,0,0
2024-08-16,北京中关村店,智能手机,54,4112.3,0.017,218289.11,0,0
2024-08-16,北京中关村店,智能穿戴,44,1349.11,0.02,58173.62,0,0
2024-08-16,北京中关村店,笔记本电脑,24,6648.12,0.009,158118.89,0,0
2024-08-16,北京中关村店,配件耗材,79,202.14,0.045,15250.45,0,0
2024-08-16,广州天河店,智能家居,30,921.77,0.048,26325.75,0,0
2024-08-16,广州天河店,智能手机,48,4168.26,0.047,190672.89,0,0
2024-08-16,广州天河店,智能穿戴,30,1364.37,0.023,39989.68,0,0
2024-08-16,广州天河店,笔记本电脑,39,6632.02,0.215,203039.29,1,0
2024-08-16,广州天河店,配件耗材,73,202.74,0.043,14163.62,0,0
2024-08-16,成都春熙店,智能家居,28,910.71,0.041,24454.38,0,0
2024-08-16,成都春熙店,智能手机,45,4089.98,0.032,178159.53,0,0
2024-08-16,成都春熙店,智能穿戴,32,1356.31,0.004,43228.31,0,0
2024-08-16,成都春熙店,笔记本电脑,15,6694.94,0.004,100022.4,0,0
2024-08-16,成都春熙店,配件耗材,122,206.16,0.041,24120.31,0,0
2024-08-17,上海旗舰店,智能家居,58,920.92,0.083,48980.05,1,1
2024-08-17,上海旗舰店,智能手机,70,4165.67,0.041,279641.43,0,1
2024-08-17,上海旗舰店,智能穿戴,41,1362.51,0.015,55024.97,0,1
2024-08-17,上海旗舰店,笔记本电脑,32,6607.43,0.039,203191.69,0,1
2024-08-17,上海旗舰店,配件耗材,89,203.67,0.012,17909.11,0,1
2024-08-17,北京中关村店,智能家居,46,928.53,0.007,42413.39,0,1
2024-08-17,北京中关村店,智能手机,61,4140.53,0.023,246763.17,0,1
2024-08-17,北京中关村店,智能穿戴,49,1344.03,0.029,63947.6,0,1
2024-08-17,北京中关村店,笔记本电脑,28,6720.06,0.029,182704.99,0,1
2024-08-17,北京中关村店,配件耗材,94,202.46,0.016,18726.74,0,1
2024-08-17,广州天河店,智能家居,47,927.79,0.049,41469.43,0,1
2024-08-17,广州天河店,智能手机,60,4067.88,0.026,237726.91,0,1
2024-08-17,广州天河店,智能穿戴,43,1339.42,0.014,56788.73,0,1
2024-08-17,广州天河店,笔记本电脑,19,6643.28,0.0,126222.32,0,1
2024-08-17,广州天河店,配件耗材,84,207.49,0.046,16627.42,0,1
2024-08-17,成都春熙店,智能家居,41,914.79,0.146,32030.46,1,1
2024-08-17,成都春熙店,智能手机,68,4098.74,0.161,233841.31,1,1
2024-08-17,成都春熙店,智能穿戴,32,1301.84,0.002,41575.56,0,1
2024-08-17,成都春熙店,笔记本电脑,19,6739.29,0.031,124077.07,0,1
2024-08-17,成都春熙店,配件耗材,61,207.01,0.01,12501.33,0,1
2024-08-18,上海旗舰店,智能家居,54,919.92,0.037,47837.68,0,1
2024-08-18,上海旗舰店,智能手机,69,4105.72,0.037,272812.78,0,1
2024-08-18,上海旗舰店,智能穿戴,49,1327.99,0.018,63900.22,0,1
2024-08-18,上海旗舰店,笔记本电脑,28,6582.91,0.022,180266.41,0,1
2024-08-18,上海旗舰店,配件耗材,102,204.43,0.035,20122.04,0,1
2024-08-18,北京中关村店,智能家居,43,935.51,0.049,38255.81,0,1
2024-08-18,北京中关村店,智能手机,68,4047.05,0.037,265017.02,0,1
2024-08-18,北京中关村店,智能穿戴,40,1327.83,0.006,52794.52,0,1
2024-08-18,北京中关村店,笔记本电脑,28,6720.38,0.039,180831.99,0,1
2024-08-18,北京中关村店,配件耗材,77,205.54,0.037,15241.0,0,1
2024-08-18,广州天河店,智能家居,34,917.78,0.006,31017.29,0,1
2024-08-18,广州天河店,智能手机,50,4114.64,0.014,202851.75,0,1
2024-08-18,广州天河店,智能穿戴,35,1328.44,0.021,45519.0,0,1
2024-08-18,广州天河店,笔记本电脑,26,6728.0,0.002,174578.14,0,1
2024-08-18,广州天河店,配件耗材,71,205.73,0.016,14373.12,0,1
2024-08-18,成都春熙店,智能家居,31,928.31,0.036,27741.62,0,1
2024-08-18,成都春熙店,智能手机,39,4069.77,0.024,154911.73,0,1
2024-08-18,成都春熙店,智能穿戴,24,1318.37,0.015,31166.27,0,1
2024-08-18,成都春熙店,笔记本电脑,18,6771.59,0.047,116159.85,0,1
2024-08-18,成都春熙店,配件耗材,53,204.27,0.045,10339.13,0,1
2024-08-19,上海旗舰店,智能家居,48,911.01,0.033,42285.44,0,0
2024-08-19,上海旗舰店,智能手机,45,4087.53,0.023,179708.26,0,0
2024-08-19,上海旗舰店,智能穿戴,43,1338.92,0.031,55788.78,0,0
2024-08-19,上海旗舰店,笔记本电脑,25,6613.23,0.029,160536.16,0,0
2024-08-19,上海旗舰店,配件耗材,68,204.29,0.044,13280.48,0,0
2024-08-19,北京中关村店,智能家居,48,940.08,0.081,41468.81,1,0
2024-08-19,北京中关村店,智能手机,46,4162.58,0.011,189372.41,0,0
2024-08-19,北京中关村店,智能穿戴,38,1347.74,0.04,49165.56,0,0
2024-08-19,北京中关村店,笔记本电脑,25,6778.55,0.023,165566.08,0,0
2024-08-19,北京中关村店,配件耗材,74,204.17,0.029,14670.43,0,0
2024-08-19,广州天河店,智能家居,53,914.33,0.14,41675.16,1,0
2024-08-19,广州天河店,智能手机,52,4163.57,0.018,212608.54,0,0
2024-08-19,广州天河店,智能穿戴,31,1317.67,0.009,40480.14,0,0
2024-08-19,广州天河店,笔记本电脑,28,6677.28,0.008,185468.13,0,0
2024-08-19,广州天河店,配件耗材,41,203.89,0.04,8025.11,0,0
2024-08-19,成都春熙店,智能家居,20,925.17,0.018,18170.34,0,0
2024-08-19,成都春熙店,智能手机,50,4191.06,0.175,172881.23,1,0
2024-08-19,成都春熙店,智能穿戴,32,1340.66,0.084,39297.43,1,0
2024-08-19,成都春熙店,笔记本电脑,17,6631.08,0.043,107881.04,0,0
2024-08-19,成都春熙店,配件耗材,53,199.16,0.017,10376.04,0,0
2024-08-20,上海旗舰店,智能家居,36,925.71,0.031,32292.47,0,0
2024-08-20,上海旗舰店,智能手机,63,4152.22,0.006,260020.32,0,0
2024-08-20,上海旗舰店,智能穿戴,42,1353.64,0.026,55374.71,0,0
2024-08-20,上海旗舰店,笔记本电脑,35,6787.24,0.019,233039.89,0,0
2024-08-20,上海旗舰店,配件耗材,82,203.85,0.035,16130.65,0,0
2024-08-20,北京中关村店,智能家居,35,925.86,0.011,32048.64,0,0
2024-08-20,北京中关村店,智能手机,57,4114.39,0.031,227250.1,0,0
2024-08-20,北京中关村店,智能穿戴,34,1331.1,0.017,44488.02,0,0
2024-08-20,北京中关村店,笔记本电脑,25,6666.97,0.023,162840.74,0,0
2024-08-20,北京中关村店,配件耗材,100,204.73,0.1,18425.7,1,0
2024-08-20,广州天河店,智能家居,35,936.26,0.039,31491.11,0,0
2024-08-20,广州天河店,智能手机,55,4134.83,0.191,183979.26,1,0
2024-08-20,广州天河店,智能穿戴,30,1361.48,0.038,39292.31,0,0
2024-08-20,广州天河店,笔记本电脑,21,6802.0,0.04,137128.32,0,0
2024-08-20,广州天河店,配件耗材,71,202.97,0.014,14209.12,0,0
2024-08-20,成都春熙店,智能家居,23,935.52,0.045,20548.7,0,0
2024-08-20,成都春熙店,智能手机,42,4129.54,0.016,170665.63,0,0
2024-08-20,成都春熙店,智能穿戴,30,1334.51,0.018,39314.66,0,0
2024-08-20,成都春熙店,笔记本电脑,16,6693.54,0.032,103669.55,0,0
2024-08-20,成都春熙店,配件耗材,41,201.9,0.011,8186.84,0,0
2024-08-21,上海旗舰店,智能家居,49,934.76,0.017,45024.58,0,0
2024-08-21,上海旗舰店,智能手机,69,4087.73,0.02,276412.3,0,0
2024-08-21,上海旗舰店,智能穿戴,36,1335.69,0.029,46690.38,0,0
2024-08-21,上海旗舰店,笔记本电脑,21,6580.63,0.017,135843.95,0,0
2024-08-21,上海旗舰店,配件耗材,87,202.84,0.029,17135.31,0,0
2024-08-21,北京中关村店,智能家居,32,912.53,0.011,28879.75,0,0
2024-08-21,北京中关村店,智能手机,52,4155.07,0.011,213686.94,0,0
2024-08-21,北京中关村店,智能穿戴,45,1345.38,0.049,57575.54,0,0
2024-08-21,北京中关村店,笔记本电脑,22,6657.75,0.017,143980.5,0,0
2024-08-21,北京中关村店,配件耗材,73,205.76,0.008,14900.32,0,0
2024-08-21,广州天河店,智能家居,32,912.48,0.012,28848.97,0,0
2024-08-21,广州天河店,智能手机,50,4061.05,0.018,199397.55,0,0
2024-08-21,广州天河店,智能穿戴,50,1350.47,0.062,63337.04,1,0
2024-08-21,广州天河店,笔记本电脑,18,6600.97,0.035,114658.85,0,0
2024-08-21,广州天河店,配件耗材,83,206.63,0.034,16567.18,0,0
2024-08-21,成都春熙店,智能家居,21,927.88,0.012,19251.65,0,0
2024-08-21,成都春熙店,智能手机,41,4062.08,0.025,162381.65,0,0
2024-08-21,成都春熙店,智能穿戴,23,1341.1,0.038,29673.18,0,0
2024-08-21,成都春熙店,笔记本电脑,12,6697.56,0.026,78281.08,0,0
2024-08-21,成都春熙店,配件耗材,51,204.98,0.126,9136.78,1,0
2024-08-22,上海旗舰店,智能家居,43,927.59,0.033,38570.12,0,0
2024-08-22,上海旗舰店,智能手机,62,4010.53,0.02,243679.8,0,0
2024-08-22,上海旗舰店,智能穿戴,46,1324.99,0.018,59852.45,0,0
2024-08-22,上海旗舰店,笔记本电脑,18,6725.19,0.02,118632.35,0,0
2024-08-22,上海旗舰店,配件耗材,66,207.25,0.005,13610.11,0,0
2024-08-22,北京中关村店,智能家居,37,924.18,0.011,33818.52,0,0
2024-08-22,北京中关村店,智能手机,54,4089.25,0.007,219273.76,0,0
2024-08-22,北京中关村店,智能穿戴,37,1346.91,0.048,47443.56,0,0
2024-08-22,北京中关村店,笔记本电脑,24,6701.45,0.015,158422.28,0,0
2024-08-22,北京中关村店,配件耗材,73,205.68,0.044,14354.0,0,0
2024-08-22,广州天河店,智能家居,40,923.24,0.109,32904.27,1,0
2024-08-22,广州天河店,智能手机,51,4113.84,0.012,207288.17,0,0
2024-08-22,广州天河店,智能穿戴,32,1336.56,0.029,41529.59,0,0
2024-08-22,广州天河店,笔记本电脑,16,6686.99,0.027,104103.06,0,0
2024-08-22,广州天河店,配件耗材,55,204.61,0.009,11152.27,0,0
2024-08-22,成都春熙店,智能家居,25,920.85,0.004,22929.17,0,0
2024-08-22,成都春熙店,智能手机,37,4141.75,0.029,148800.65,0,0
2024-08-22,成都春熙店,智能穿戴,26,1345.5,0.028,34003.48,0,0
2024-08-22,成都春熙店,笔记本电脑,17,6606.21,0.05,106690.29,0,0
2024-08-22,成都春熙店,配件耗材,65,205.03,0.113,11821.0,1,0
2024-08-23,上海旗舰店,智能家居,48,923.86,0.007,44034.86,0,0
2024-08-23,上海旗舰店,智能手机,62,4049.79,0.011,248325.02,0,0
2024-08-23,上海旗舰店,智能穿戴,50,1341.62,0.026,65336.89,0,0
2024-08-23,上海旗舰店,笔记本电脑,23,6677.5,0.035,148207.11,0,0
2024-08-23,上海旗舰店,配件耗材,79,203.22,0.017,15781.46,0,0
2024-08-23,北京中关村店,智能家居,35,918.76,0.029,31224.06,0,0
2024-08-23,北京中关村店,智能手机,62,4069.51,0.025,246001.88,0,0
2024-08-23,北京中关村店,智能穿戴,34,1322.11,0.018,44142.61,0,0
2024-08-23,北京中关村店,笔记本电脑,23,6716.3,0.016,152003.3,0,0
2024-08-23,北京中关村店,配件耗材,84,204.42,0.048,16347.06,0,0
2024-08-23,广州天河店,智能家居,34,913.53,0.035,29972.92,0,0
2024-08-23,广州天河店,智能手机,49,4064.71,0.039,191403.13,0,0
2024-08-23,广州天河店,智能穿戴,37,1351.78,0.021,48965.53,0,0
2024-08-23,广州天河店,笔记本电脑,24,6758.12,0.01,160572.93,0,0
2024-08-23,广州天河店,配件耗材,93,205.11,0.009,18903.55,0,0
2024-08-23,成都春熙店,智能家居,25,926.7,0.006,23028.49,0,0
2024-08-23,成都春熙店,智能手机,51,4148.61,0.035,204173.84,0,0
2024-08-23,成都春熙店,智能穿戴,39,1331.43,0.026,50575.7,0,0
2024-08-23,成都春熙店,笔记本电脑,18,6643.52,0.05,113604.19,0,0
2024-08-23,成都春熙店,配件耗材,52,203.49,0.007,10507.41,0,0
2024-08-24,上海旗舰店,智能家居,51,934.32,0.033,46077.86,0,1
2024-08-24,上海旗舰店,智能手机,100,4095.32,0.028,398065.1,0,1
2024-08-24,上海旗舰店,智能穿戴,67,1320.3,0.184,72183.44,1,1
2024-08-24,上海旗舰店,笔记本电脑,34,6703.98,0.04,218817.91,0,1
2024-08-24,上海旗舰店,配件耗材,112,207.37,0.076,21460.31,1,1
2024-08-24,北京中关村店,智能家居,69,932.5,0.098,58036.94,1,1
2024-08-24,北京中关村店,智能手机,109,4049.8,0.072,409645.37,1,1
2024-08-24,北京中关村店,智能穿戴,45,1314.06,0.045,56471.73,0,1
2024-08-24,北京中关村店,笔记本电脑,27,6705.96,0.038,174180.61,0,1
2024-08-24,北京中关村店,配件耗材,97,202.45,0.027,19107.43,0,1
2024-08-24,广州天河店,智能家居,34,936.03,0.015,31347.64,0,1
2024-08-24,广州天河店,智能手机,62,4153.2,0.028,250288.44,0,1
2024-08-24,广州天河店,智能穿戴,42,1345.09,0.006,56154.82,0,1
2024-08-24,广州天河店,笔记本电脑,23,6648.47,0.027,148786.11,0,1
2024-08-24,广州天河店,配件耗材,84,208.04,0.005,17387.98,0,1
2024-08-24,成都春熙店,智能家居,35,932.91,0.0,32651.85,0,1
2024-08-24,成都春熙店,智能手机,49,4117.49,0.005,200748.22,0,1
2024-08-24,成都春熙店,智能穿戴,32,1327.14,0.017,41746.52,0,1
2024-08-24,成都春熙店,笔记本电脑,19,6735.33,0.007,127075.47,0,1
2024-08-24,成都春熙店,配件耗材,58,204.68,0.05,11277.87,0,1
2024-08-25,上海旗舰店,智能家居,46,929.56,0.018,41990.08,0,1
2024-08-25,上海旗舰店,智能手机,73,4071.69,0.156,250864.96,1,1
2024-08-25,上海旗舰店,智能穿戴,47,1320.66,0.027,60395.1,0,1
2024-08-25,上海旗舰店,笔记本电脑,23,6816.25,0.036,151129.89,0,1
2024-08-25,上海旗舰店,配件耗材,75,202.67,0.036,14653.04,0,1
2024-08-25,北京中关村店,智能家居,34,917.75,0.046,29768.14,0,1
2024-08-25,北京中关村店,智能手机,66,4146.13,0.003,272823.65,0,1
2024-08-25,北京中关村店,智能穿戴,39,1324.19,0.03,50094.11,0,1
2024-08-25,北京中关村店,笔记本电脑,26,6821.56,0.031,171862.38,0,1
2024-08-25,北京中关村店,配件耗材,71,204.61,0.043,13902.64,0,1
2024-08-25,广州天河店,智能家居,37,924.11,0.005,34021.11,0,1
2024-08-25,广州天河店,智能手机,70,4105.84,0.174,237399.67,1,1
2024-08-25,广州天河店,智能穿戴,36,1332.05,0.018,47090.63,0,1
2024-08-25,广州天河店,笔记本电脑,23,6586.7,0.014,149373.18,0,1
2024-08-25,广州天河店,配件耗材,87,201.94,0.145,15021.31,1,1
2024-08-25,成都春熙店,智能家居,27,930.14,0.045,23983.66,0,1
2024-08-25,成都春熙店,智能手机,42,4127.95,0.018,170253.17,0,1
2024-08-25,成都春熙店,智能穿戴,26,1334.15,0.016,34132.89,0,1
2024-08-25,成都春熙店,笔记本电脑,20,6705.64,0.038,129016.51,0,1
2024-08-25,成都春熙店,配件耗材,55,203.04,0.009,11066.7,0,1
2024-08-26,上海旗舰店,智能家居,49,929.18,0.034,43981.81,0,0
2024-08-26,上海旗舰店,智能手机,56,4128.27,0.041,221704.61,0,0
2024-08-26,上海旗舰店,智能穿戴,54,1338.06,0.021,70737.88,0,0
2024-08-26,上海旗舰店,笔记本电脑,16,6678.18,0.011,105675.52,0,0
2024-08-26,上海旗舰店,配件耗材,165,206.47,0.026,33181.79,0,0
2024-08-26,北京中关村店,智能家居,37,925.48,0.048,32599.11,0,0
2024-08-26,北京中关村店,智能手机,53,4107.35,0.017,213988.83,0,0
2024-08-26,北京中关村店,智能穿戴,31,1312.73,0.031,39433.1,0,0
2024-08-26,北京中关村店,笔记本电脑,25,6630.39,0.001,165593.99,0,0
2024-08-26,北京中关村店,配件耗材,75,204.49,0.05,14569.91,0,0
2024-08-26,广州天河店,智能家居,34,930.82,0.044,30255.37,0,0
2024-08-26,广州天河店,智能手机,44,4099.69,0.008,178943.27,0,0
2024-08-26,广州天河店,智能穿戴,28,1329.91,0.02,36492.73,0,0
2024-08-26,广州天河店,笔记本电脑,15,6664.05,0.041,95862.36,0,0
2024-08-26,广州天河店,配件耗材,80,206.18,0.192,13327.48,1,0
2024-08-26,成都春熙店,智能家居,24,933.16,0.027,21791.15,0,0
2024-08-26,成都春熙店,智能手机,40,4120.56,0.047,157075.75,0,0
2024-08-26,成都春熙店,智能穿戴,27,1335.63,0.015,35521.08,0,0
2024-08-26,成都春熙店,笔记本电脑,15,6718.25,0.028,97952.08,0,0
2024-08-26,成都春熙店,配件耗材,41,204.04,0.009,8290.35,0,0
2024-08-27,上海旗舰店,智能家居,52,936.31,0.043,46594.53,0,0
2024-08-27,上海旗舰店,智能手机,67,4139.73,0.016,272924.12,0,0
2024-08-27,上海旗舰店,智能穿戴,49,1314.03,0.008,63872.37,0,0
2024-08-27,上海旗舰店,笔记本电脑,25,6715.55,0.016,165202.53,0,0
2024-08-27,上海旗舰店,配件耗材,94,203.96,0.009,18999.69,0,0
2024-08-27,北京中关村店,智能家居,34,918.13,0.028,30342.36,0,0
2024-08-27,北京中关村店,智能手机,67,4051.47,0.012,268191.11,0,0
2024-08-27,北京中关村店,智能穿戴,41,1343.61,0.006,54757.48,0,0
2024-08-27,北京中关村店,笔记本电脑,32,6603.23,0.019,207288.6,0,0
2024-08-27,北京中关村店,配件耗材,62,205.63,0.019,12506.83,0,0
2024-08-27,广州天河店,智能家居,26,933.76,0.049,23088.15,0,0
2024-08-27,广州天河店,智能手机,74,4123.43,0.083,279807.71,1,0
2024-08-27,广州天河店,智能穿戴,38,1348.78,0.002,51151.13,0,0
2024-08-27,广州天河店,笔记本电脑,17,6605.64,0.014,110723.74,0,0
2024-08-27,广州天河店,配件耗材,65,203.36,0.029,12835.07,0,0
2024-08-27,成都春熙店,智能家居,23,937.65,0.007,21414.99,0,0
2024-08-27,成都春熙店,智能手机,41,4068.94,0.006,165825.58,0,0
2024-08-27,成都春熙店,智能穿戴,29,1324.54,0.012,37950.72,0,0
2024-08-27,成都春熙店,笔记本电脑,15,6543.76,0.02,96193.27,0,0
2024-08-27,成都春熙店,配件耗材,35,201.58,0.01,6984.75,0,0
2024-08-28,上海旗舰店,智能家居,40,927.82,0.02,36370.54,0,0
2024-08-28,上海旗舰店,智能手机,79,4139.39,0.094,296272.7,1,0
2024-08-28,上海旗舰店,智能穿戴,51,1326.08,0.032,65465.92,0,0
2024-08-28,上海旗舰店,笔记本电脑,25,6685.21,0.02,163787.64,0,0
2024-08-28,上海旗舰店,配件耗材,74,204.77,0.05,14395.33,0,0
2024-08-28,北京中关村店,智能家居,37,938.17,0.04,33323.8,0,0
2024-08-28,北京中关村店,智能手机,60,4094.21,0.048,233861.28,0,0
2024-08-28,北京中关村店,智能穿戴,38,1335.07,0.029,49261.41,0,0
2024-08-28,北京中关村店,笔记本电脑,24,6734.24,0.036,155803.38,0,0
2024-08-28,北京中关村店,配件耗材,62,207.48,0.007,12773.71,0,0
2024-08-28,广州天河店,智能家居,45,918.21,0.07,38427.09,1,0
2024-08-28,广州天河店,智能手机,44,4102.19,0.018,177247.43,0,0
2024-08-28,广州天河店,智能穿戴,31,1325.32,0.023,40139.97,0,0
2024-08-28,广州天河店,笔记本电脑,30,6650.47,0.161,167392.33,1,0
2024-08-28,广州天河店,配件耗材,87,205.88,0.116,15833.82,1,0
2024-08-28,成都春熙店,智能家居,20,921.78,0.009,18269.68,0,0
2024-08-28,成都春熙店,智能手机,45,4073.97,0.023,179112.09,0,0
2024-08-28,成都春熙店,智能穿戴,30,1358.15,0.007,40459.29,0,0
2024-08-28,成都春熙店,笔记本电脑,13,6562.43,0.038,82069.75,0,0
2024-08-28,成都春熙店,配件耗材,47,205.29,0.008,9571.44,0,0
2024-08-29,上海旗舰店,智能家居,44,929.58,0.028,39756.28,0,0
2024-08-29,上海旗舰店,智能手机,71,4145.52,0.023,287562.29,0,0
2024-08-29,上海旗舰店,智能穿戴,45,1334.19,0.047,57216.74,0,0
2024-08-29,上海旗舰店,笔记本电脑,21,6646.52,0.017,137204.11,0,0
2024-08-29,上海旗舰店,配件耗材,74,206.55,0.046,14581.6,0,0
2024-08-29,北京中关村店,智能家居,33,917.7,0.039,29103.02,0,0
2024-08-29,北京中关村店,智能手机,45,4120.4,0.019,181895.06,0,0
2024-08-29,北京中关村店,智能穿戴,35,1350.94,0.038,45486.15,0,0
2024-08-29,北京中关村店,笔记本电脑,28,6605.2,0.147,157758.6,1,0
2024-08-29,北京中关村店,配件耗材,90,206.66,0.068,17334.64,1,0
2024-08-29,广州天河店,智能家居,33,939.22,0.004,30870.28,0,0
2024-08-29,广州天河店,智能手机,60,4134.41,0.015,244343.63,0,0
2024-08-29,广州天河店,智能穿戴,46,1352.92,0.179,51094.38,1,0
2024-08-29,广州天河店,笔记本电脑,20,6761.03,0.009,134003.61,0,0
2024-08-29,广州天河店,配件耗材,97,199.54,0.096,17497.26,1,0
2024-08-29,成都春熙店,智能家居,28,933.56,0.033,25277.07,0,0
2024-08-29,成都春熙店,智能手机,45,4073.94,0.017,180210.74,0,0
2024-08-29,成都春熙店,智能穿戴,33,1356.9,0.048,42628.37,0,0
2024-08-29,成都春熙店,笔记本电脑,16,6807.37,0.038,104779.04,0,0
2024-08-29,成都春熙店,配件耗材,65,202.42,0.013,12986.26,0,0
2024-08-30,上海旗舰店,智能家居,36,926.1,0.004,33206.24,0,0
2024-08-30,上海旗舰店,智能手机,56,4176.24,0.029,227087.23,0,0
2024-08-30,上海旗舰店,智能穿戴,51,1339.83,0.002,68194.67,0,0
2024-08-30,上海旗舰店,笔记本电脑,26,6686.57,0.038,167244.49,0,0
2024-08-30,上海旗舰店,配件耗材,92,204.28,0.043,17985.63,0,0
2024-08-30,北京中关村店,智能家居,34,947.74,0.04,30934.23,0,0
2024-08-30,北京中关村店,智能手机,49,4068.87,0.001,199175.26,0,0
2024-08-30,北京中关村店,智能穿戴,47,1360.55,0.013,63114.55,0,0
2024-08-30,北京中关村店,笔记本电脑,34,6620.94,0.168,187293.15,1,0
2024-08-30,北京中关村店,配件耗材,65,203.37,0.014,13033.98,0,0
2024-08-30,广州天河店,智能家居,39,901.64,0.007,34917.81,0,0
2024-08-30,广州天河店,智能手机,71,4123.42,0.031,283687.17,0,0
2024-08-30,广州天河店,智能穿戴,43,1333.34,0.008,56874.95,0,0
2024-08-30,广州天河店,笔记本电脑,19,6712.63,0.021,124861.63,0,0
2024-08-30,广州天河店,配件耗材,75,205.03,0.014,15161.97,0,0
2024-08-30,成都春熙店,智能家居,24,930.17,0.018,21922.25,0,0
2024-08-30,成都春熙店,智能手机,55,4168.06,0.165,191418.16,1,0
2024-08-30,成都春熙店,智能穿戴,30,1343.97,0.031,39069.21,0,0
2024-08-30,成都春熙店,笔记本电脑,17,6706.69,0.038,109681.21,0,0
2024-08-30,成都春熙店,配件耗材,47,204.4,0.032,9299.38,0,0
2024-08-31,上海旗舰店,智能家居,35,933.84,0.031,31671.18,0,1
2024-08-31,上海旗舰店,智能手机,92,4111.4,0.093,343071.66,1,1
2024-08-31,上海旗舰店,智能穿戴,116,1359.92,0.025,153806.95,0,1
2024-08-31,上海旗舰店,笔记本电脑,22,6678.66,0.008,145755.08,0,1
2024-08-31,上海旗舰店,配件耗材,106,204.01,0.214,16997.3,1,1
2024-08-31,北京中关村店,智能家居,41,906.54,0.041,35644.25,0,1
2024-08-31,北京中关村店,智能手机,68,4109.45,0.048,266029.36,0,1
2024-08-31,北京中关村店,智能穿戴,54,1338.44,0.036,69673.83,0,1
2024-08-31,北京中关村店,笔记本电脑,25,6714.39,0.001,167691.89,0,1
2024-08-31,北京中关村店,配件耗材,74,205.28,0.005,15114.77,0,1
2024-08-31,广州天河店,智能家居,43,932.06,0.01,39677.79,0,1
2024-08-31,广州天河店,智能手机,63,4185.33,0.032,255238.16,0,1
2024-08-31,广州天河店,智能穿戴,38,1356.27,0.008,51125.95,0,1
2024-08-31,广州天河店,笔记本电脑,22,6736.75,0.048,141094.49,0,1
2024-08-31,广州天河店,配件耗材,84,201.09,0.006,16790.21,0,1
2024-08-31,成都春熙店,智能家居,31,921.96,0.024,27894.82,0,1
2024-08-31,成都春熙店,智能手机,50,4125.93,0.196,165862.39,1,1
2024-08-31,成都春熙店,智能穿戴,49,1337.26,0.186,53337.95,1,1
2024-08-31,成都春熙店,笔记本电脑,22,6698.57,0.049,140147.48,0,1
2024-08-31,成都春熙店,配件耗材,65,205.52,0.028,12984.75,0,1
2024-09-01,上海旗舰店,智能家居,52,914.7,0.008,47183.88,0,1
2024-09-01,上海旗舰店,智能手机,70,4210.0,0.016,289984.8,0,1
2024-09-01,上海旗舰店,智能穿戴,59,1334.72,0.013,77724.75,0,1
2024-09-01,上海旗舰店,笔记本电脑,29,6787.6,0.043,188376.26,0,1
2024-09-01,上海旗舰店,配件耗材,95,205.44,0.032,18892.26,0,1
2024-09-01,北京中关村店,智能家居,49,913.45,0.047,42655.37,0,1
2024-09-01,北京中关村店,智能手机,76,4092.7,0.017,305757.43,0,1
2024-09-01,北京中关村店,智能穿戴,60,1338.22,0.037,77322.35,0,1
2024-09-01,北京中关村店,笔记本电脑,39,6692.79,0.207,206987.92,1,1
2024-09-01,北京中关村店,配件耗材,102,202.83,0.047,19716.29,0,1
2024-09-01,广州天河店,智能家居,47,934.82,0.037,42310.89,0,1
2024-09-01,广州天河店,智能手机,64,4158.49,0.008,264014.21,0,1
2024-09-01,广州天河店,智能穿戴,37,1329.55,0.011,48652.22,0,1
2024-09-01,广州天河店,笔记本电脑,24,6803.24,0.008,161971.54,0,1
2024-09-01,广州天河店,配件耗材,75,201.48,0.019,14823.89,0,1
2024-09-01,成都春熙店,智能家居,26,921.4,0.023,23405.4,0,1
2024-09-01,成都春熙店,智能手机,43,4199.49,0.049,171729.74,0,1
2024-09-01,成都春熙店,智能穿戴,34,1312.46,0.006,44355.9,0,1
2024-09-01,成都春熙店,笔记本电脑,25,6759.25,0.03,163911.81,0,1
2024-09-01,成都春熙店,配件耗材,73,205.14,0.019,14690.69,0,1
2024-09-02,上海旗舰店,智能家居,43,911.13,0.025,38199.13,0,0
2024-09-02,上海旗舰店,智能手机,64,4087.2,0.031,253471.8,0,0
2024-09-02,上海旗舰店,智能穿戴,56,1350.25,0.049,71908.91,0,0
2024-09-02,上海旗舰店,笔记本电脑,25,6673.64,0.04,160167.36,0,0
2024-09-02,上海旗舰店,配件耗材,80,208.21,0.036,16057.16,0,0
2024-09-02,北京中关村店,智能家居,30,927.08,0.038,26755.53,0,0
2024-09-02,北京中关村店,智能手机,51,4105.95,0.01,207309.42,0,0
2024-09-02,北京中关村店,智能穿戴,29,1331.7,0.008,38310.35,0,0
2024-09-02,北京中关村店,笔记本电脑,34,6737.83,0.117,202283.13,1,0
2024-09-02,北京中关村店,配件耗材,89,203.66,0.038,17436.96,0,0
2024-09-02,广州天河店,智能家居,41,923.38,0.047,36079.23,0,0
2024-09-02,广州天河店,智能手机,68,4117.75,0.156,236325.91,1,0
2024-09-02,广州天河店,智能穿戴,38,1342.69,0.029,49542.58,0,0
2024-09-02,广州天河店,笔记本电脑,26,6707.33,0.014,171949.11,0,0
2024-09-02,广州天河店,配件耗材,83,205.21,0.044,16283.0,0,0
2024-09-02,成都春熙店,智能家居,26,928.56,0.037,23249.29,0,0
2024-09-02,成都春熙店,智能手机,37,4105.33,0.024,148251.68,0,0
2024-09-02,成都春熙店,智能穿戴,24,1330.9,0.047,30440.34,0,0
2024-09-02,成都春熙店,笔记本电脑,19,6755.17,0.01,127064.75,0,0
2024-09-02,成都春熙店,配件耗材,54,203.82,0.009,10907.22,0,0
2024-09-03,上海旗舰店,智能家居,62,905.59,0.047,53507.69,0,0
2024-09-03,上海旗舰店,智能手机,52,4067.84,0.005,210470.04,0,0
2024-09-03,上海旗舰店,智能穿戴,59,1340.87,0.034,76421.54,0,0
2024-09-03,上海旗舰店,笔记本电脑,22,6618.09,0.011,143996.4,0,0
2024-09-03,上海旗舰店,配件耗材,92,205.64,0.048,18010.77,0,0
2024-09-03,北京中关村店,智能家居,38,934.78,0.024,34669.12,0,0
2024-09-03,北京中关村店,智能手机,61,4136.9,0.014,248817.99,0,0
2024-09-03,北京中关村店,智能穿戴,39,1339.92,0.003,52100.11,0,0
2024-09-03,北京中关村店,笔记本电脑,24,6661.0,0.049,152030.66,0,0
2024-09-03,北京中关村店,配件耗材,86,204.39,0.044,16804.13,0,0
2024-09-03,广州天河店,智能家居,31,927.64,0.04,27606.57,0,0
2024-09-03,广州天河店,智能手机,64,4113.71,0.023,257222.06,0,0
2024-09-03,广州天河店,智能穿戴,39,1348.66,0.04,50493.83,0,0
2024-09-03,广州天河店,笔记本电脑,23,6632.71,0.038,146755.34,0,0
2024-09-03,广州天河店,配件耗材,70,203.57,0.011,14093.15,0,0
2024-09-03,成都春熙店,智能家居,29,918.4,0.005,26500.43,0,0
2024-09-03,成都春熙店,智能手机,43,4181.88,0.029,174606.04,0,0
2024-09-03,成都春熙店,智能穿戴,29,1352.14,0.015,38623.88,0,0
2024-09-03,成都春熙店,笔记本电脑,19,6773.15,0.02,126116.05,0,0
2024-09-03,成都春熙店,配件耗材,47,205.2,0.006,9586.53,0,0
2024-09-04,上海旗舰店,智能家居,72,938.67,0.145,57784.53,1,0
2024-09-04,上海旗舰店,智能手机,80,4149.75,0.038,319364.76,0,0
2024-09-04,上海旗舰店,智能穿戴,61,1319.74,0.047,76720.45,0,0
2024-09-04,上海旗舰店,笔记本电脑,25,6623.51,0.012,163600.7,0,0
2024-09-04,上海旗舰店,配件耗材,79,207.49,0.025,15981.92,0,0
2024-09-04,北京中关村店,智能家居,44,933.9,0.035,39653.39,0,0
2024-09-04,北京中关村店,智能手机,57,4009.71,0.045,218268.56,0,0
2024-09-04,北京中关村店,智能穿戴,39,1357.81,0.003,52795.73,0,0
2024-09-04,北京中关村店,笔记本电脑,35,6582.13,0.021,225536.68,0,0
2024-09-04,北京中关村店,配件耗材,84,203.08,0.043,16325.2,0,0
2024-09-04,广州天河店,智能家居,35,932.61,0.0,32641.35,0,0
2024-09-04,广州天河店,智能手机,57,4165.99,0.031,230100.13,0,0
2024-09-04,广州天河店,智能穿戴,31,1331.04,0.018,40519.52,0,0
2024-09-04,广州天河店,笔记本电脑,21,6734.31,0.039,135905.11,0,0
2024-09-04,广州天河店,配件耗材,61,200.19,0.015,12028.42,0,0
2024-09-04,成都春熙店,智能家居,33,912.21,0.075,27845.21,1,0
2024-09-04,成都春熙店,智能手机,48,4149.27,0.045,190202.54,0,0
2024-09-04,成都春熙店,智能穿戴,45,1315.49,0.123,51915.81,1,0
2024-09-04,成都春熙店,笔记本电脑,17,6702.42,0.034,110067.14,0,0
2024-09-04,成都春熙店,配件耗材,53,209.17,0.014,10930.81,0,0
2024-09-05,上海旗舰店,智能家居,60,919.66,0.046,52641.34,0,0
2024-09-05,上海旗舰店,智能手机,103,4141.05,0.124,373638.66,1,0
2024-09-05,上海旗舰店,智能穿戴,48,1344.41,0.009,63950.89,0,0
2024-09-05,上海旗舰店,笔记本电脑,28,6589.61,0.008,183033.01,0,0
2024-09-05,上海旗舰店,配件耗材,94,203.87,0.047,18263.08,0,0
2024-09-05,北京中关村店,智能家居,40,928.27,0.039,35682.7,0,0
2024-09-05,北京中关村店,智能手机,69,4144.75,0.035,275978.18,0,0
2024-09-05,北京中关村店,智能穿戴,49,1336.84,0.049,62295.41,0,0
2024-09-05,北京中关村店,笔记本电脑,29,6656.86,0.002,192662.84,0,0
2024-09-05,北京中关村店,配件耗材,112,206.37,0.045,22073.34,0,0
2024-09-05,广州天河店,智能家居,34,919.35,0.022,30570.23,0,0
2024-09-05,广州天河店,智能手机,81,4106.54,0.029,322983.48,0,0
2024-09-05,广州天河店,智能穿戴,35,1341.66,0.034,45361.52,0,0
2024-09-05,广州天河店,笔记本电脑,22,6681.09,0.02,144044.3,0,0
2024-09-05,广州天河店,配件耗材,82,204.66,0.021,16429.7,0,0
2024-09-05,成都春熙店,智能家居,27,930.13,0.005,24987.94,0,0
2024-09-05,成都春熙店,智能手机,49,4123.64,0.036,194784.26,0,0
2024-09-05,成都春熙店,智能穿戴,28,1321.6,0.042,35450.6,0,0
2024-09-05,成都春熙店,笔记本电脑,16,6697.95,0.017,105345.36,0,0
2024-09-05,成都春熙店,配件耗材,50,201.67,0.031,9770.91,0,0
2024-09-06,上海旗舰店,智能家居,48,932.63,0.01,44318.58,0,0
2024-09-06,上海旗舰店,智能手机,63,4122.05,0.009,257351.95,0,0
2024-09-06,上海旗舰店,智能穿戴,60,1322.88,0.014,78261.58,0,0
2024-09-06,上海旗舰店,笔记本电脑,33,6735.4,0.0,222268.2,0,0
2024-09-06,上海旗舰店,配件耗材,122,208.92,0.066,23806.02,1,0
2024-09-06,北京中关村店,智能家居,34,925.53,0.003,31373.62,0,0
2024-09-06,北京中关村店,智能手机,71,4023.21,0.043,273365.05,0,0
2024-09-06,北京中关村店,智能穿戴,41,1308.44,0.04,51500.2,0,0
2024-09-06,北京中关村店,笔记本电脑,26,6613.77,0.036,165767.53,0,0
2024-09-06,北京中关村店,配件耗材,111,204.85,0.03,22056.2,0,0
2024-09-06,广州天河店,智能家居,46,923.52,0.031,41164.98,0,0
2024-09-06,广州天河店,智能手机,64,4117.79,0.032,255105.33,0,0
2024-09-06,广州天河店,智能穿戴,37,1305.82,0.03,46865.88,0,0
2024-09-06,广州天河店,笔记本电脑,23,6683.33,0.03,149105.09,0,0
2024-09-06,广州天河店,配件耗材,80,203.78,0.03,15813.33,0,0
2024-09-06,成都春熙店,智能家居,29,918.39,0.049,25328.28,0,0
2024-09-06,成都春熙店,智能手机,43,4136.01,0.007,176603.49,0,0
2024-09-06,成都春熙店,智能穿戴,30,1320.58,0.028,38508.11,0,0
2024-09-06,成都春熙店,笔记本电脑,19,6702.7,0.033,123148.71,0,0
2024-09-06,成都春熙店,配件耗材,48,207.15,0.037,9575.3,0,0
2024-09-07,上海旗舰店,智能家居,46,926.64,0.004,42454.94,0,1
2024-09-07,上海旗舰店,智能手机,81,4144.43,0.029,325963.56,0,1
2024-09-07,上海旗舰店,智能穿戴,62,1334.6,0.023,80842.06,0,1
2024-09-07,上海旗舰店,笔记本电脑,31,6830.33,0.031,205176.28,0,1
2024-09-07,上海旗舰店,配件耗材,101,200.53,0.024,19767.45,0,1
2024-09-07,北京中关村店,智能家居,56,919.32,0.036,49628.57,0,1
2024-09-07,北京中关村店,智能手机,76,4158.72,0.039,303736.27,0,1
2024-09-07,北京中关村店,智能穿戴,56,1327.56,0.037,71592.66,0,1
2024-09-07,北京中关村店,笔记本电脑,26,6589.19,0.014,168920.47,0,1
2024-09-07,北京中关村店,配件耗材,82,203.79,0.014,16476.83,0,1
2024-09-07,广州天河店,智能家居,37,906.36,0.013,33099.36,0,1
2024-09-07,广州天河店,智能手机,96,4092.67,0.05,373251.5,0,1
2024-09-07,广州天河店,智能穿戴,45,1315.55,0.027,57601.36,0,1
2024-09-07,广州天河店,笔记本电脑,32,6711.12,0.038,206595.12,0,1
2024-09-07,广州天河店,配件耗材,83,201.34,0.026,16276.73,0,1
2024-09-07,成都春熙店,智能家居,23,917.76,0.043,20200.82,0,1
2024-09-07,成都春熙店,智能手机,47,4113.05,0.043,185000.88,0,1
2024-09-07,成都春熙店,智能穿戴,43,1354.47,0.008,57776.27,0,1
2024-09-07,成都春熙店,笔记本电脑,27,6699.49,0.028,175821.42,0,1
2024-09-07,成都春熙店,配件耗材,55,207.56,0.042,10936.34,0,1
2024-09-08,上海旗舰店,智能家居,57,918.85,0.021,51274.59,0,1
2024-09-08,上海旗舰店,智能手机,67,4097.58,0.043,262732.73,0,1
2024-09-08,上海旗舰店,智能穿戴,70,1338.34,0.116,82816.48,1,1
2024-09-08,上海旗舰店,笔记本电脑,36,6651.65,0.021,234430.75,0,1
2024-09-08,上海旗舰店,配件耗材,139,209.08,0.093,26359.34,1,1
2024-09-08,北京中关村店,智能家居,47,924.45,0.038,41798.08,0,1
2024-09-08,北京中关村店,智能手机,70,4072.13,0.031,276212.58,0,1
2024-09-08,北京中关村店,智能穿戴,71,1336.36,0.084,86911.51,1,1
2024-09-08,北京中关村店,笔记本电脑,29,6650.28,0.044,184372.36,0,1
2024-09-08,北京中关村店,配件耗材,108,208.46,0.042,21568.11,0,1
2024-09-08,广州天河店,智能家居,41,918.58,0.037,36268.29,0,1
2024-09-08,广州天河店,智能手机,52,4145.72,0.016,212128.2,0,1
2024-09-08,广州天河店,智能穿戴,32,1345.93,0.05,40916.27,0,1
2024-09-08,广州天河店,笔记本电脑,29,6651.88,0.005,191940.0,0,1
2024-09-08,广州天河店,配件耗材,80,204.94,0.011,16214.85,0,1
2024-09-08,成都春熙店,智能家居,30,929.94,0.001,27870.3,0,1
2024-09-08,成都春熙店,智能手机,48,4074.92,0.01,193640.2,0,1
2024-09-08,成都春熙店,智能穿戴,35,1352.81,0.008,46969.56,0,1
2024-09-08,成都春熙店,笔记本电脑,18,6725.84,0.018,118885.95,0,1
2024-09-08,成都春熙店,配件耗材,52,205.02,0.038,10255.92,0,1
2024-09-09,上海旗舰店,智能家居,44,925.83,0.009,40369.89,0,0
2024-09-09,上海旗舰店,智能手机,65,4112.86,0.032,258781.15,0,0
2024-09-09,上海旗舰店,智能穿戴,48,1358.39,0.039,62659.81,0,0
2024-09-09,上海旗舰店,笔记本电脑,22,6740.14,0.046,141462.06,0,0
2024-09-09,上海旗舰店,配件耗材,169,205.92,0.027,33860.87,0,0
2024-09-09,北京中关村店,智能家居,34,905.5,0.002,30725.43,0,0
2024-09-09,北京中关村店,智能手机,58,4078.94,0.005,235395.63,0,0
2024-09-09,北京中关村店,智能穿戴,35,1316.49,0.018,45247.76,0,0
2024-09-09,北京中关村店,笔记本电脑,31,6760.54,0.007,208109.7,0,0
2024-09-09,北京中关村店,配件耗材,101,204.14,0.001,20597.52,0,0
2024-09-09,广州天河店,智能家居,54,942.64,0.01,50393.53,0,0
2024-09-09,广州天河店,智能手机,52,4139.65,0.013,212463.4,0,0
2024-09-09,广州天河店,智能穿戴,53,1331.24,0.13,61383.48,1,0
2024-09-09,广州天河店,笔记本电脑,28,6643.44,0.046,177459.57,0,0
2024-09-09,广州天河店,配件耗材,68,204.33,0.003,13852.76,0,0
2024-09-09,成都春熙店,智能家居,20,930.75,0.039,17889.01,0,0
2024-09-09,成都春熙店,智能手机,37,4142.54,0.049,145763.55,0,0
2024-09-09,成都春熙店,智能穿戴,37,1332.75,0.045,47092.72,0,0
2024-09-09,成都春熙店,笔记本电脑,17,6703.76,0.047,108607.62,0,0
2024-09-09,成都春熙店,配件耗材,49,207.25,0.023,9921.68,0,0
2024-09-10,上海旗舰店,智能家居,47,915.3,0.026,41900.6,0,0
2024-09-10,上海旗舰店,智能手机,81,4132.85,0.023,327061.35,0,0
2024-09-10,上海旗舰店,智能穿戴,51,1321.21,0.03,65360.26,0,0
2024-09-10,上海旗舰店,笔记本电脑,27,6674.04,0.017,177135.7,0,0
2024-09-10,上海旗舰店,配件耗材,82,203.67,0.049,15882.59,0,0
2024-09-10,北京中关村店,智能家居,33,920.24,0.012,30003.5,0,0
2024-09-10,北京中关村店,智能手机,49,4133.19,0.013,199893.47,0,0
2024-09-10,北京中关村店,智能穿戴,41,1340.04,0.004,54721.87,0,0
2024-09-10,北京中关村店,笔记本电脑,23,6615.88,0.042,145774.3,0,0
2024-09-10,北京中关村店,配件耗材,196,205.55,0.109,35896.43,1,0
2024-09-10,广州天河店,智能家居,34,931.52,0.013,31259.95,0,0
2024-09-10,广州天河店,智能手机,48,4133.54,0.019,194640.13,0,0
2024-09-10,广州天河店,智能穿戴,24,1341.57,0.035,31070.76,0,0
2024-09-10,广州天河店,笔记本电脑,31,6747.09,0.003,208532.31,0,0
2024-09-10,广州天河店,配件耗材,88,204.5,0.121,15818.48,1,0
2024-09-10,成都春熙店,智能家居,29,936.13,0.036,26170.45,0,0
2024-09-10,成都春熙店,智能手机,47,4163.47,0.043,187268.72,0,0
2024-09-10,成都春熙店,智能穿戴,38,1319.65,0.006,49845.82,0,0
2024-09-10,成都春熙店,笔记本电脑,16,6567.04,0.022,102761.04,0,0
2024-09-10,成都春熙店,配件耗材,42,206.39,0.029,8417.0,0,0
2024-09-11,上海旗舰店,智能家居,63,915.5,0.011,57042.06,0,0
2024-09-11,上海旗舰店,智能手机,75,4192.58,0.016,309412.4,0,0
2024-09-11,上海旗舰店,智能穿戴,52,1353.85,0.039,67654.59,0,0
2024-09-11,上海旗舰店,笔记本电脑,23,6606.56,0.0,151950.88,0,0
2024-09-11,上海旗舰店,配件耗材,93,207.51,0.02,18912.46,0,0
2024-09-11,北京中关村店,智能家居,41,926.2,0.017,37328.64,0,0
2024-09-11,北京中关村店,智能手机,76,4146.33,0.037,303461.6,0,0
2024-09-11,北京中关村店,智能穿戴,41,1341.4,0.003,54832.41,0,0
2024-09-11,北京中关村店,笔记本电脑,28,6572.1,0.023,179786.37,0,0
2024-09-11,北京中关村店,配件耗材,86,204.75,0.04,16904.16,0,0
2024-09-11,广州天河店,智能家居,42,946.53,0.032,38482.12,0,0
2024-09-11,广州天河店,智能手机,57,4059.03,0.004,230439.25,0,0
2024-09-11,广州天河店,智能穿戴,39,1327.74,0.009,51315.82,0,0
2024-09-11,广州天河店,笔记本电脑,23,6610.65,0.028,147787.69,0,0
2024-09-11,广州天河店,配件耗材,115,201.61,0.045,22141.82,0,0
2024-09-11,成都春熙店,智能家居,27,934.16,0.007,25045.76,0,0
2024-09-11,成都春熙店,智能手机,53,4140.99,0.018,215521.97,0,0
2024-09-11,成都春熙店,智能穿戴,37,1346.68,0.033,48182.86,0,0
2024-09-11,成都春熙店,笔记本电脑,15,6713.05,0.011,99588.1,0,0
2024-09-11,成都春熙店,配件耗材,44,204.11,0.009,8900.01,0,0
2024-09-12,上海旗舰店,智能家居,51,910.63,0.033,44909.54,0,0
2024-09-12,上海旗舰店,智能手机,70,4102.94,0.036,276866.39,0,0
2024-09-12,上海旗舰店,智能穿戴,51,1329.79,0.016,66734.18,0,0
2024-09-12,上海旗舰店,笔记本电脑,26,6736.61,0.011,173225.19,0,0
2024-09-12,上海旗舰店,配件耗材,105,209.78,0.024,21498.25,0,0
2024-09-12,北京中关村店,智能家居,40,912.19,0.033,35283.51,0,0
2024-09-12,北京中关村店,智能手机,52,4178.2,0.004,216397.33,0,0
2024-09-12,北京中关村店,智能穿戴,55,1331.98,0.163,61317.7,1,0
2024-09-12,北京中关村店,笔记本电脑,26,6721.89,0.006,173720.53,0,0
2024-09-12,北京中关村店,配件耗材,96,205.72,0.027,19215.89,0,0
2024-09-12,广州天河店,智能家居,34,936.44,0.037,30660.92,0,0
2024-09-12,广州天河店,智能手机,81,4123.29,0.025,325636.83,0,0
2024-09-12,广州天河店,智能穿戴,40,1340.18,0.018,52642.27,0,0
2024-09-12,广州天河店,笔记本电脑,29,6743.14,0.046,186555.71,0,0
2024-09-12,广州天河店,配件耗材,81,204.31,0.003,16499.46,0,0
2024-09-12,成都春熙店,智能家居,26,927.0,0.003,24029.69,0,0
2024-09-12,成都春熙店,智能手机,37,4117.08,0.013,150351.64,0,0
2024-09-12,成都春熙店,智能穿戴,37,1305.86,0.003,48171.87,0,0
2024-09-12,成都春熙店,笔记本电脑,19,6625.23,0.002,125627.61,0,0
2024-09-12,成都春熙店,配件耗材,49,202.98,0.01,9846.56,0,0
2024-09-13,上海旗舰店,智能家居,54,928.62,0.01,49644.03,0,0
2024-09-13,上海旗舰店,智能手机,65,4148.65,0.013,266156.64,0,0
2024-09-13,上海旗舰店,智能穿戴,71,1348.1,0.007,95045.09,0,0
2024-09-13,上海旗舰店,笔记本电脑,27,6656.56,0.011,177750.12,0,0
2024-09-13,上海旗舰店,配件耗材,105,205.76,0.008,21431.96,0,0
2024-09-13,北京中关村店,智能家居,32,917.63,0.022,28718.15,0,0
2024-09-13,北京中关村店,智能手机,77,4035.62,0.03,301420.46,0,0
2024-09-13,北京中关村店,智能穿戴,42,1328.72,0.035,53853.02,0,0
2024-09-13,北京中关村店,笔记本电脑,29,6624.48,0.005,191149.37,0,0
2024-09-13,北京中关村店,配件耗材,88,204.59,0.032,17427.79,0,0
2024-09-13,广州天河店,智能家居,36,918.51,0.022,32338.9,0,0
2024-09-13,广州天河店,智能手机,86,4080.16,0.172,290540.03,1,0
2024-09-13,广州天河店,智能穿戴,46,1346.35,0.017,60879.25,0,0
2024-09-13,广州天河店,笔记本电脑,21,6713.76,0.047,134362.48,0,0
2024-09-13,广州天河店,配件耗材,89,207.46,0.03,17910.02,0,0
2024-09-13,成都春熙店,智能家居,41,916.96,0.071,34926.09,1,0
2024-09-13,成都春熙店,智能手机,49,4154.42,0.022,199088.12,0,0
2024-09-13,成都春熙店,智能穿戴,36,1361.82,0.044,46868.4,0,0
2024-09-13,成都春熙店,笔记本电脑,21,6668.02,0.002,139748.36,0,0
2024-09-13,成都春熙店,配件耗材,56,205.43,0.046,10974.89,0,0
2024-09-14,上海旗舰店,智能家居,55,942.88,0.046,49472.91,0,1
2024-09-14,上海旗舰店,智能手机,98,4137.71,0.003,404279.09,0,1
2024-09-14,上海旗舰店,智能穿戴,69,1358.99,0.027,91238.51,0,1
2024-09-14,上海旗舰店,笔记本电脑,42,6806.13,0.13,248695.99,1,1
2024-09-14,上海旗舰店,配件耗材,112,204.46,0.027,22281.23,0,1
2024-09-14,北京中关村店,智能家居,49,927.38,0.029,44123.81,0,1
2024-09-14,北京中关村店,智能手机,94,4112.94,0.034,373471.4,0,1
2024-09-14,北京中关村店,智能穿戴,57,1339.41,0.036,73597.9,0,1
2024-09-14,北京中关村店,笔记本电脑,34,6704.82,0.034,220213.11,0,1
2024-09-14,北京中关村店,配件耗材,109,204.3,0.014,21956.94,0,1
2024-09-14,广州天河店,智能家居,42,916.85,0.032,37275.45,0,1
2024-09-14,广州天河店,智能手机,67,4101.67,0.04,263819.41,0,1
2024-09-14,广州天河店,智能穿戴,43,1335.53,0.014,56623.8,0,1
2024-09-14,广州天河店,笔记本电脑,26,6758.72,0.039,168873.38,0,1
2024-09-14,广州天河店,配件耗材,105,206.86,0.032,21025.25,0,1
2024-09-14,成都春熙店,智能家居,28,937.17,0.023,25637.22,0,1
2024-09-14,成都春熙店,智能手机,49,4184.5,0.022,200529.61,0,1
2024-09-14,成都春熙店,智能穿戴,36,1326.05,0.038,45923.76,0,1
2024-09-14,成都春熙店,笔记本电脑,24,6660.04,0.012,157922.87,0,1
2024-09-14,成都春熙店,配件耗材,64,201.28,0.022,12598.52,0,1
2024-09-15,上海旗舰店,智能家居,55,922.8,0.0,50754.0,0,1
2024-09-15,上海旗舰店,智能手机,71,4137.8,0.0,293783.8,0,1
2024-09-15,上海旗舰店,智能穿戴,59,1319.82,0.006,77402.16,0,1
2024-09-15,上海旗舰店,笔记本电脑,33,6626.36,0.012,216045.84,0,1
2024-09-15,上海旗舰店,配件耗材,80,204.62,0.01,16205.9,0,1
2024-09-15,北京中关村店,智能家居,44,928.84,0.039,39275.07,0,1
2024-09-15,北京中关村店,智能手机,81,4241.92,0.006,341533.95,0,1
2024-09-15,北京中关村店,智能穿戴,53,1324.25,0.024,68500.8,0,1
2024-09-15,北京中关村店,笔记本电脑,30,6724.3,0.047,192247.74,0,1
2024-09-15,北京中关村店,配件耗材,93,204.94,0.032,18449.52,0,1
2024-09-15,广州天河店,智能家居,57,918.99,0.046,49972.84,0,1
2024-09-15,广州天河店,智能手机,63,4121.58,0.016,255504.99,0,1
2024-09-15,广州天河店,智能穿戴,45,1334.32,0.004,59804.22,0,1
2024-09-15,广州天河店,笔记本电脑,29,6780.76,0.049,187006.58,0,1
2024-09-15,广州天河店,配件耗材,125,205.31,0.077,23687.64,1,1
2024-09-15,成都春熙店,智能家居,27,934.21,0.013,24895.76,0,1
2024-09-15,成都春熙店,智能手机,52,4200.53,0.011,216024.86,0,1
2024-09-15,成都春熙店,智能穿戴,38,1337.97,0.015,50080.22,0,1
2024-09-15,成都春熙店,笔记本电脑,21,6885.64,0.042,138525.31,0,1
2024-09-15,成都春熙店,配件耗材,65,207.62,0.044,12901.51,0,1
2024-09-16,上海旗舰店,智能家居,48,927.94,0.024,43472.13,0,0
2024-09-16,上海旗舰店,智能手机,70,4156.1,0.179,238851.07,1,0
2024-09-16,上海旗舰店,智能穿戴,50,1338.87,0.007,66474.9,0,0
2024-09-16,上海旗舰店,笔记本电脑,27,6785.1,0.015,180449.73,0,0
2024-09-16,上海旗舰店,配件耗材,91,203.31,0.048,17613.15,0,0
2024-09-16,北京中关村店,智能家居,50,939.61,0.008,46604.66,0,0
2024-09-16,北京中关村店,智能手机,56,4111.42,0.004,229318.56,0,0
2024-09-16,北京中关村店,智能穿戴,35,1343.88,0.039,45201.4,0,0
2024-09-16,北京中关村店,笔记本电脑,26,6659.68,0.042,165879.31,0,0
2024-09-16,北京中关村店,配件耗材,93,203.05,0.026,18392.68,0,0
2024-09-16,广州天河店,智能家居,41,928.73,0.04,36554.81,0,0
2024-09-16,广州天河店,智能手机,55,4124.73,0.0,226860.15,0,0
2024-09-16,广州天河店,智能穿戴,37,1346.22,0.026,48515.08,0,0
2024-09-16,广州天河店,笔记本电脑,24,6614.19,0.036,153025.9,0,0
2024-09-16,广州天河店,配件耗材,66,204.11,0.014,13282.66,0,0
2024-09-16,成都春熙店,智能家居,24,925.11,0.026,21625.37,0,0
2024-09-16,成都春熙店,智能手机,46,4169.14,0.035,185068.12,0,0
2024-09-16,成都春熙店,智能穿戴,31,1349.59,0.024,40833.2,0,0
2024-09-16,成都春熙店,笔记本电脑,20,6770.41,0.046,129179.42,0,0
2024-09-16,成都春熙店,配件耗材,51,213.17,0.039,10447.67,0,0
2024-09-17,上海旗舰店,智能家居,36,928.16,0.044,31943.55,0,0
2024-09-17,上海旗舰店,智能手机,76,4206.39,0.186,260224.11,1,0
2024-09-17,上海旗舰店,智能穿戴,64,1331.27,0.091,77447.96,1,0
2024-09-17,上海旗舰店,笔记本电脑,20,6703.5,0.046,127902.78,0,0
2024-09-17,上海旗舰店,配件耗材,82,203.71,0.044,15969.23,0,0
2024-09-17,北京中关村店,智能家居,48,920.86,0.021,43273.05,0,0
2024-09-17,北京中关村店,智能手机,51,4089.53,0.039,200431.95,0,0
2024-09-17,北京中关村店,智能穿戴,42,1328.38,0.008,55345.62,0,0
2024-09-17,北京中关村店,笔记本电脑,35,6711.85,0.079,216356.48,1,0
2024-09-17,北京中关村店,配件耗材,101,202.14,0.023,19946.57,0,0
2024-09-17,广州天河店,智能家居,40,927.44,0.048,35316.92,0,0
2024-09-17,广州天河店,智能手机,57,4126.75,0.008,233342.95,0,0
2024-09-17,广州天河店,智能穿戴,45,1345.95,0.194,48817.61,1,0
2024-09-17,广州天河店,笔记本电脑,30,6704.46,0.17,166941.05,1,0
2024-09-17,广州天河店,配件耗材,94,209.58,0.003,19641.42,0,0
2024-09-17,成都春熙店,智能家居,32,928.38,0.031,28787.21,0,0
2024-09-17,成都春熙店,智能手机,63,4089.77,0.198,206639.72,1,0
2024-09-17,成都春熙店,智能穿戴,35,1330.18,0.029,45206.17,0,0
2024-09-17,成都春熙店,笔记本电脑,24,6716.89,0.003,160721.74,0,0
2024-09-17,成都春熙店,配件耗材,62,201.76,0.001,12496.61,0,0
2024-09-18,上海旗舰店,智能家居,40,926.62,0.006,36842.41,0,0
2024-09-18,上海旗舰店,智能手机,64,4036.44,0.014,254715.51,0,0
2024-09-18,上海旗舰店,智能穿戴,40,1340.97,0.025,52297.83,0,0
2024-09-18,上海旗舰店,笔记本电脑,32,6638.06,0.03,206045.38,0,0
2024-09-18,上海旗舰店,配件耗材,115,206.07,0.198,19005.84,1,0
2024-09-18,北京中关村店,智能家居,41,923.26,0.0,37853.66,0,0
2024-09-18,北京中关村店,智能手机,80,4187.91,0.193,270371.47,1,0
2024-09-18,北京中关村店,智能穿戴,39,1317.36,0.021,50298.12,0,0
2024-09-18,北京中关村店,笔记本电脑,33,6788.06,0.03,217285.8,0,0
2024-09-18,北京中关村店,配件耗材,71,204.35,0.012,14334.74,0,0
2024-09-18,广州天河店,智能家居,42,931.12,0.037,37660.08,0,0
2024-09-18,广州天河店,智能手机,53,4087.54,0.028,210573.71,0,0
2024-09-18,广州天河店,智能穿戴,33,1334.01,0.023,43009.82,0,0
2024-09-18,广州天河店,笔记本电脑,28,6674.16,0.033,180709.56,0,0
2024-09-18,广州天河店,配件耗材,94,205.78,0.201,15455.31,1,0
2024-09-18,成都春熙店,智能家居,22,925.94,0.013,20105.86,0,0
2024-09-18,成都春熙店,智能手机,53,4115.6,0.017,214418.64,0,0
2024-09-18,成都春熙店,智能穿戴,35,1329.01,0.029,45166.4,0,0
2024-09-18,成都春熙店,笔记本电脑,22,6713.74,0.199,118309.53,1,0
2024-09-18,成都春熙店,配件耗材,35,203.75,0.04,6846.0,0,0
2024-09-19,上海旗舰店,智能家居,47,920.42,0.001,43216.48,0,0
2024-09-19,上海旗舰店,智能手机,57,4076.99,0.048,221233.79,0,0
2024-09-19,上海旗舰店,智能穿戴,46,1333.92,0.05,58292.3,0,0
2024-09-19,上海旗舰店,笔记本电脑,34,6727.25,0.061,214774.18,1,0
2024-09-19,上海旗舰店,配件耗材,116,206.37,0.044,22885.61,0,0
2024-09-19,北京中关村店,智能家居,37,935.11,0.026,33699.49,0,0
2024-09-19,北京中关村店,智能手机,84,4185.3,0.019,344885.46,0,0
2024-09-19,北京中关村店,智能穿戴,39,1350.98,0.035,50844.13,0,0
2024-09-19,北京中关村店,笔记本电脑,25,6698.1,0.049,159247.33,0,0
2024-09-19,北京中关村店,配件耗材,79,206.43,0.01,16144.89,0,0
2024-09-19,广州天河店,智能家居,36,924.95,0.043,31866.38,0,0
2024-09-19,广州天河店,智能手机,47,4177.29,0.03,190442.65,0,0
2024-09-19,广州天河店,智能穿戴,38,1341.44,0.009,50515.95,0,0
2024-09-19,广州天河店,笔记本电脑,20,6698.04,0.012,132353.27,0,0
2024-09-19,广州天河店,配件耗材,69,204.47,0.019,13840.37,0,0
2024-09-19,成都春熙店,智能家居,29,919.96,0.035,25745.08,0,0
2024-09-19,成都春熙店,智能手机,49,4131.41,0.03,196365.92,0,0
2024-09-19,成都春熙店,智能穿戴,33,1360.07,0.014,44253.96,0,0
2024-09-19,成都春熙店,笔记本电脑,21,6732.85,0.014,139410.39,0,0
2024-09-19,成都春熙店,配件耗材,57,207.93,0.006,11780.9,0,0
2024-09-20,上海旗舰店,智能家居,41,925.11,0.022,37095.06,0,0
2024-09-20,上海旗舰店,智能手机,56,4156.31,0.044,222512.21,0,0
2024-09-20,上海旗舰店,智能穿戴,54,1337.39,0.027,70269.15,0,0
2024-09-20,上海旗舰店,笔记本电脑,30,6700.67,0.01,199009.9,0,0
2024-09-20,上海旗舰店,配件耗材,87,208.41,0.018,17805.3,0,0
2024-09-20,北京中关村店,智能家居,44,909.73,0.042,38346.94,0,0
2024-09-20,北京中关村店,智能手机,59,4157.04,0.015,241586.38,0,0
2024-09-20,北京中关村店,智能穿戴,50,1344.15,0.165,56118.26,1,0
2024-09-20,北京中关村店,笔记本电脑,29,6738.7,0.024,190732.16,0,0
2024-09-20,北京中关村店,配件耗材,91,206.13,0.039,18026.27,0,0
2024-09-20,广州天河店,智能家居,41,938.58,0.04,36942.51,0,0
2024-09-20,广州天河店,智能手机,50,4058.9,0.014,200103.77,0,0
2024-09-20,广州天河店,智能穿戴,35,1359.71,0.046,45400.72,0,0
2024-09-20,广州天河店,笔记本电脑,25,6738.88,0.046,160722.29,0,0
2024-09-20,广州天河店,配件耗材,80,203.66,0.002,16260.21,0,0
2024-09-20,成都春熙店,智能家居,29,920.01,0.007,26493.53,0,0
2024-09-20,成都春熙店,智能手机,58,4176.65,0.049,230375.66,0,0
2024-09-20,成都春熙店,智能穿戴,37,1351.68,0.02,49011.92,0,0
2024-09-20,成都春熙店,笔记本电脑,20,6578.77,0.02,128943.89,0,0
2024-09-20,成都春熙店,配件耗材,42,206.87,0.033,8401.82,0,0
2024-09-21,上海旗舰店,智能家居,64,928.72,0.03,57654.94,0,1
2024-09-21,上海旗舰店,智能手机,71,4011.08,0.049,270832.13,0,1
2024-09-21,上海旗舰店,智能穿戴,67,1342.75,0.027,87535.22,0,1
2024-09-21,上海旗舰店,笔记本电脑,31,6717.44,0.012,205741.75,0,1
2024-09-21,上海旗舰店,配件耗材,94,207.9,0.005,19444.89,0,1
2024-09-21,北京中关村店,智能家居,40,928.09,0.02,36381.13,0,1
2024-09-21,北京中关村店,智能手机,88,4093.44,0.025,351217.15,0,1
2024-09-21,北京中关村店,智能穿戴,59,1334.92,0.009,78051.44,0,1
2024-09-21,北京中关村店,笔记本电脑,32,6704.77,0.044,205112.32,0,1
2024-09-21,北京中关村店,配件耗材,119,206.33,0.049,23350.16,0,1
2024-09-21,广州天河店,智能家居,42,923.93,0.022,37951.35,0,1
2024-09-21,广州天河店,智能手机,51,4073.88,0.03,201534.84,0,1
2024-09-21,广州天河店,智能穿戴,40,1339.01,0.04,51417.98,0,1
2024-09-21,广州天河店,笔记本电脑,24,6675.53,0.028,155726.76,0,1
2024-09-21,广州天河店,配件耗材,70,205.2,0.013,14177.27,0,1
2024-09-21,成都春熙店,智能家居,36,923.04,0.211,26218.03,1,1
2024-09-21,成都春熙店,智能手机,46,4106.32,0.015,186057.36,0,1
2024-09-21,成都春熙店,智能穿戴,30,1359.96,0.049,38799.66,0,1
2024-09-21,成都春熙店,笔记本电脑,18,6691.5,0.003,120085.66,0,1
2024-09-21,成都春熙店,配件耗材,65,204.06,0.041,12720.08,0,1
2024-09-22,上海旗舰店,智能家居,48,927.67,0.035,42969.67,0,1
2024-09-22,上海旗舰店,智能手机,86,4142.84,0.006,354146.53,0,1
2024-09-22,上海旗舰店,智能穿戴,82,1356.54,0.166,92771.06,1,1
2024-09-22,上海旗舰店,笔记本电脑,36,6727.32,0.05,230074.34,0,1
2024-09-22,上海旗舰店,配件耗材,100,206.86,0.006,20561.88,0,1
2024-09-22,北京中关村店,智能家居,50,938.25,0.014,46255.72,0,1
2024-09-22,北京中关村店,智能手机,60,4144.29,0.026,242192.31,0,1
2024-09-22,北京中关村店,智能穿戴,49,1353.06,0.05,62984.94,0,1
2024-09-22,北京中关村店,笔记本电脑,38,6719.68,0.036,246155.32,0,1
2024-09-22,北京中关村店,配件耗材,142,206.61,0.148,24996.5,1,1
2024-09-22,广州天河店,智能家居,44,923.12,0.026,39561.23,0,1
2024-09-22,广州天河店,智能手机,62,4095.59,0.045,242499.88,0,1
2024-09-22,广州天河店,智能穿戴,42,1341.87,0.036,54329.63,0,1
2024-09-22,广州天河店,笔记本电脑,36,6697.4,0.012,238213.12,0,1
2024-09-22,广州天河店,配件耗材,87,206.19,0.035,17310.68,0,1
2024-09-22,成都春熙店,智能家居,34,909.61,0.036,29813.38,0,1
2024-09-22,成都春熙店,智能手机,51,4100.76,0.029,203073.74,0,1
2024-09-22,成都春熙店,智能穿戴,38,1353.14,0.018,50493.77,0,1
2024-09-22,成都春熙店,笔记本电脑,21,6720.5,0.027,137319.98,0,1
2024-09-22,成都春熙店,配件耗材,70,204.67,0.049,13624.88,0,1
2024-09-23,上海旗舰店,智能家居,44,935.94,0.02,40357.73,0,0
2024-09-23,上海旗舰店,智能手机,67,4065.37,0.044,260395.08,0,0
2024-09-23,上海旗舰店,智能穿戴,46,1353.17,0.035,60067.22,0,0
2024-09-23,上海旗舰店,笔记本电脑,30,6822.57,0.011,202425.65,0,0
2024-09-23,上海旗舰店,配件耗材,88,201.95,0.013,17540.57,0,0
2024-09-23,北京中关村店,智能家居,43,928.27,0.019,39157.21,0,0
2024-09-23,北京中关村店,智能手机,54,4209.17,0.036,219112.55,0,0
2024-09-23,北京中关村店,智能穿戴,38,1366.79,0.001,51886.08,0,0
2024-09-23,北京中关村店,笔记本电脑,30,6748.1,0.043,193737.95,0,0
2024-09-23,北京中关村店,配件耗材,71,204.4,0.023,14178.61,0,0
2024-09-23,广州天河店,智能家居,31,934.42,0.013,28590.45,0,0
2024-09-23,广州天河店,智能手机,49,4083.15,0.004,199274.05,0,0
2024-09-23,广州天河店,智能穿戴,30,1327.46,0.033,38509.61,0,0
2024-09-23,广州天河店,笔记本电脑,35,6843.06,0.131,208131.67,1,0
2024-09-23,广州天河店,配件耗材,88,207.48,0.039,17546.17,0,0
2024-09-23,成都春熙店,智能家居,23,926.78,0.02,20889.62,0,0
2024-09-23,成都春熙店,智能手机,49,4188.99,0.022,200744.78,0,0
2024-09-23,成都春熙店,智能穿戴,33,1362.23,0.01,44504.05,0,0
2024-09-23,成都春熙店,笔记本电脑,19,6631.55,0.01,124739.46,0,0
2024-09-23,成都春熙店,配件耗材,54,205.95,0.025,10843.27,0,0
2024-09-24,上海旗舰店,智能家居,42,930.23,0.006,38835.24,0,0
2024-09-24,上海旗舰店,智能手机,62,4062.63,0.008,249868.0,0,0
2024-09-24,上海旗舰店,智能穿戴,47,1341.91,0.021,61745.3,0,0
2024-09-24,上海旗舰店,笔记本电脑,25,6595.15,0.014,162570.45,0,0
2024-09-24,上海旗舰店,配件耗材,62,203.82,0.012,12485.2,0,0
2024-09-24,北京中关村店,智能家居,46,929.91,0.028,41578.14,0,0
2024-09-24,北京中关村店,智能手机,68,4182.22,0.042,272446.54,0,0
2024-09-24,北京中关村店,智能穿戴,46,1327.82,0.024,59613.81,0,0
2024-09-24,北京中关村店,笔记本电脑,29,6738.59,0.017,192096.99,0,0
2024-09-24,北京中关村店,配件耗材,69,202.66,0.036,13480.13,0,0
2024-09-24,广州天河店,智能家居,54,934.14,0.077,46559.41,1,0
2024-09-24,广州天河店,智能手机,56,4142.52,0.03,225021.69,0,0
2024-09-24,广州天河店,智能穿戴,35,1339.79,0.018,46048.58,0,0
2024-09-24,广州天河店,笔记本电脑,29,6793.97,0.062,184809.57,1,0
2024-09-24,广州天河店,配件耗材,78,208.54,0.028,15810.67,0,0
2024-09-24,成都春熙店,智能家居,37,935.78,0.064,32407.93,1,0
2024-09-24,成都春熙店,智能手机,42,4071.31,0.048,162787.26,0,0
2024-09-24,成都春熙店,智能穿戴,37,1333.41,0.027,48004.09,0,0
2024-09-24,成都春熙店,笔记本电脑,17,6751.66,0.0,114778.22,0,0
2024-09-24,成都春熙店,配件耗材,52,206.56,0.021,10515.56,0,0
2024-09-25,上海旗舰店,智能家居,58,909.98,0.006,52462.17,0,0
2024-09-25,上海旗舰店,智能手机,96,4122.5,0.134,342728.16,1,0
2024-09-25,上海旗舰店,智能穿戴,53,1353.41,0.013,70798.23,0,0
2024-09-25,上海旗舰店,笔记本电脑,39,6690.27,0.087,238220.44,1,0
2024-09-25,上海旗舰店,配件耗材,107,204.1,0.157,18410.02,1,0
2024-09-25,北京中关村店,智能家居,38,921.4,0.029,33997.82,0,0
2024-09-25,北京中关村店,智能手机,62,4124.89,0.045,244234.74,0,0
2024-09-25,北京中关村店,智能穿戴,50,1346.12,0.021,65892.57,0,0
2024-09-25,北京中关村店,笔记本电脑,33,6660.78,0.031,212991.76,0,0
2024-09-25,北京中关村店,配件耗材,100,204.53,0.04,19634.88,0,0
2024-09-25,广州天河店,智能家居,42,924.64,0.008,38524.2,0,0
2024-09-25,广州天河店,智能手机,64,4103.39,0.029,255001.07,0,0
2024-09-25,广州天河店,智能穿戴,40,1349.71,0.042,51720.89,0,0
2024-09-25,广州天河店,笔记本电脑,15,6707.5,0.036,96990.45,0,0
2024-09-25,广州天河店,配件耗材,79,205.92,0.028,15812.18,0,0
2024-09-25,成都春熙店,智能家居,27,918.22,0.001,24767.15,0,0
2024-09-25,成都春熙店,智能手机,49,4148.45,0.009,201444.58,0,0
2024-09-25,成都春熙店,智能穿戴,33,1340.96,0.026,43101.14,0,0
2024-09-25,成都春熙店,笔记本电脑,17,6764.91,0.04,110403.33,0,0
2024-09-25,成都春熙店,配件耗材,60,204.05,0.006,12169.54,0,0
2024-09-26,上海旗舰店,智能家居,48,933.74,0.011,44326.51,0,0
2024-09-26,上海旗舰店,智能手机,61,4139.24,0.017,248201.25,0,0
2024-09-26,上海旗舰店,智能穿戴,50,1339.19,0.005,66624.7,0,0
2024-09-26,上海旗舰店,笔记本电脑,36,6732.57,0.026,236070.83,0,0
2024-09-26,上海旗舰店,配件耗材,97,207.7,0.004,20066.31,0,0
2024-09-26,北京中关村店,智能家居,35,934.32,0.002,32635.8,0,0
2024-09-26,北京中关村店,智能手机,69,4038.94,0.049,265031.2,0,0
2024-09-26,北京中关村店,智能穿戴,52,1322.57,0.027,66916.75,0,0
2024-09-26,北京中关村店,笔记本电脑,37,6710.58,0.111,220731.11,1,0
2024-09-26,北京中关村店,配件耗材,122,208.69,0.024,24849.14,0,0
2024-09-26,广州天河店,智能家居,39,926.4,0.02,35407.01,0,0
2024-09-26,广州天河店,智能手机,57,4189.62,0.034,230688.86,0,0
2024-09-26,广州天河店,智能穿戴,33,1333.36,0.011,43516.87,0,0
2024-09-26,广州天河店,笔记本电脑,28,6720.52,0.044,179894.88,0,0
2024-09-26,广州天河店,配件耗材,71,202.5,0.037,13845.53,0,0
2024-09-26,成都春熙店,智能家居,31,927.16,0.002,28684.48,0,0
2024-09-26,成都春熙店,智能手机,44,4100.32,0.009,178790.35,0,0
2024-09-26,成都春熙店,智能穿戴,41,1342.28,0.162,46118.06,1,0
2024-09-26,成都春熙店,笔记本电脑,17,6650.67,0.035,109104.24,0,0
2024-09-26,成都春熙店,配件耗材,49,206.25,0.018,9924.34,0,0
2024-09-27,上海旗舰店,智能家居,56,940.24,0.028,51179.14,0,0
2024-09-27,上海旗舰店,智能手机,78,4240.48,0.049,314550.33,0,0
2024-09-27,上海旗舰店,智能穿戴,64,1343.94,0.04,82571.67,0,0
2024-09-27,上海旗舰店,笔记本电脑,34,6704.37,0.015,224529.35,0,0
2024-09-27,上海旗舰店,配件耗材,108,203.82,0.034,21264.13,0,0
2024-09-27,北京中关村店,智能家居,52,923.76,0.039,46162.13,0,0
2024-09-27,北京中关村店,智能手机,82,4067.97,0.046,318229.16,0,0
2024-09-27,北京中关村店,智能穿戴,53,1341.77,0.019,69762.65,0,0
2024-09-27,北京中关村店,笔记本电脑,52,6767.88,0.043,336796.78,0,0
2024-09-27,北京中关村店,配件耗材,97,206.12,0.041,19173.9,0,0
2024-09-27,广州天河店,智能家居,43,924.07,0.049,37787.99,0,0
2024-09-27,广州天河店,智能手机,61,4133.74,0.039,242323.97,0,0
2024-09-27,广州天河店,智能穿戴,45,1341.7,0.011,59712.36,0,0
2024-09-27,广州天河店,笔记本电脑,25,6627.89,0.025,161554.82,0,0
2024-09-27,广州天河店,配件耗材,75,203.94,0.05,14530.72,0,0
2024-09-27,成都春熙店,智能家居,25,928.2,0.04,22276.8,0,0
2024-09-27,成都春熙店,智能手机,50,4112.88,0.037,198035.17,0,0
2024-09-27,成都春熙店,智能穿戴,47,1343.64,0.131,54878.29,1,0
2024-09-27,成都春熙店,笔记本电脑,14,6652.15,0.011,92105.67,0,0
2024-09-27,成都春熙店,配件耗材,46,204.91,0.012,9312.75,0,0
2024-09-28,上海旗舰店,智能家居,64,926.22,0.004,59040.97,0,1
2024-09-28,上海旗舰店,智能手机,86,4107.3,0.021,345810.02,0,1
2024-09-28,上海旗舰店,智能穿戴,62,1328.28,0.048,78400.4,0,1
2024-09-28,上海旗舰店,笔记本电脑,43,6567.75,0.011,279306.7,0,1
2024-09-28,上海旗舰店,配件耗材,92,206.4,0.037,18286.21,0,1
2024-09-28,北京中关村店,智能家居,44,938.0,0.035,39827.48,0,1
2024-09-28,北京中关村店,智能手机,63,4114.53,0.012,256104.81,0,1
2024-09-28,北京中关村店,智能穿戴,40,1344.09,0.025,52419.51,0,1
2024-09-28,北京中关村店,笔记本电脑,33,6664.77,0.049,209160.48,0,1
2024-09-28,北京中关村店,配件耗材,122,201.21,0.047,23393.88,0,1
2024-09-28,广州天河店,智能家居,41,936.46,0.017,37742.15,0,1
2024-09-28,广州天河店,智能手机,75,4179.03,0.017,308098.99,0,1
2024-09-28,广州天河店,智能穿戴,98,1335.76,0.04,125668.3,0,1
2024-09-28,广州天河店,笔记本电脑,20,6802.48,0.031,131832.06,0,1
2024-09-28,广州天河店,配件耗材,140,208.6,0.17,24239.32,1,1
2024-09-28,成都春熙店,智能家居,34,919.42,0.026,30447.51,0,1
2024-09-28,成都春熙店,智能手机,54,4147.42,0.025,218361.66,0,1
2024-09-28,成都春熙店,智能穿戴,38,1312.05,0.029,48412.02,0,1
2024-09-28,成都春熙店,笔记本电脑,23,6737.98,0.023,151409.15,0,1
2024-09-28,成都春熙店,配件耗材,63,206.01,0.049,12342.68,0,1
2024-09-29,上海旗舰店,智能家居,56,928.34,0.022,50843.33,0,1
2024-09-29,上海旗舰店,智能手机,81,4167.35,0.048,321352.69,0,1
2024-09-29,上海旗舰店,智能穿戴,62,1327.83,0.022,80514.3,0,1
2024-09-29,上海旗舰店,笔记本电脑,29,6728.21,0.009,193362.03,0,1
2024-09-29,上海旗舰店,配件耗材,89,206.57,0.03,17833.19,0,1
2024-09-29,北京中关村店,智能家居,44,924.11,0.008,40335.55,0,1
2024-09-29,北京中关村店,智能手机,69,4116.7,0.007,282063.93,0,1
2024-09-29,北京中关村店,智能穿戴,51,1353.84,0.001,68976.79,0,1
2024-09-29,北京中关村店,笔记本电脑,44,6771.71,0.194,240151.92,1,1
2024-09-29,北京中关村店,配件耗材,99,208.21,0.007,20468.5,0,1
2024-09-29,广州天河店,智能家居,42,933.12,0.05,37231.49,0,1
2024-09-29,广州天河店,智能手机,65,4183.18,0.017,267284.29,0,1
2024-09-29,广州天河店,智能穿戴,37,1361.36,0.007,50017.73,0,1
2024-09-29,广州天河店,笔记本电脑,22,6681.55,0.048,139938.38,0,1
2024-09-29,广州天河店,配件耗材,81,205.76,0.02,16333.23,0,1
2024-09-29,成都春熙店,智能家居,33,939.68,0.044,29645.02,0,1
2024-09-29,成都春熙店,智能手机,56,4167.24,0.014,230098.32,0,1
2024-09-29,成都春熙店,智能穿戴,43,1326.87,0.023,55743.14,0,1
2024-09-29,成都春熙店,笔记本电脑,17,6735.09,0.043,109573.18,0,1
2024-09-29,成都春熙店,配件耗材,73,207.8,0.073,14062.03,1,1
2024-09-30,上海旗舰店,智能家居,39,940.41,0.024,35795.77,0,0
2024-09-30,上海旗舰店,智能手机,74,4144.57,0.002,306084.78,0,0
2024-09-30,上海旗舰店,智能穿戴,41,1363.55,0.008,55458.31,0,0
2024-09-30,上海旗舰店,笔记本电脑,28,6637.46,0.021,181946.05,0,0
2024-09-30,上海旗舰店,配件耗材,70,208.69,0.003,14564.48,0,0
2024-09-30,北京中关村店,智能家居,45,941.07,0.01,41924.67,0,0
2024-09-30,北京中关村店,智能手机,97,4170.83,0.138,348739.78,1,0
2024-09-30,北京中关村店,智能穿戴,46,1357.86,0.025,60900.02,0,0
2024-09-30,北京中关村店,笔记本电脑,26,6793.08,0.001,176443.46,0,0
2024-09-30,北京中关村店,配件耗材,91,205.49,0.02,18325.6,0,0
2024-09-30,广州天河店,智能家居,37,941.03,0.047,33181.66,0,0
2024-09-30,广州天河店,智能手机,78,4088.41,0.0,318895.98,0,0
2024-09-30,广州天河店,智能穿戴,43,1344.1,0.02,56640.37,0,0
2024-09-30,广州天河店,笔记本电脑,27,6741.7,0.023,177839.3,0,0
2024-09-30,广州天河店,配件耗材,74,205.72,0.024,14857.92,0,0
2024-09-30,成都春熙店,智能家居,34,955.28,0.111,28874.29,1,0
2024-09-30,成都春熙店,智能手机,49,4150.65,0.04,195246.58,0,0
2024-09-30,成都春熙店,智能穿戴,33,1337.56,0.035,42594.6,0,0
2024-09-30,成都春熙店,笔记本电脑,19,6761.03,0.021,125761.92,0,0
2024-09-30,成都春熙店,配件耗材,58,206.83,0.005,11936.16,0,0
2024-10-01,上海旗舰店,智能家居,44,911.6,0.02,39308.19,0,0
2024-10-01,上海旗舰店,智能手机,66,4113.54,0.008,269321.69,0,0
2024-10-01,上海旗舰店,智能穿戴,54,1325.7,0.031,69368.58,0,0
2024-10-01,上海旗舰店,笔记本电脑,27,6779.08,0.021,179191.42,0,0
2024-10-01,上海旗舰店,配件耗材,89,203.7,0.028,17621.68,0,0
2024-10-01,北京中关村店,智能家居,47,927.39,0.034,42105.36,0,0
2024-10-01,北京中关村店,智能手机,65,4132.43,0.014,264847.44,0,0
2024-10-01,北京中关村店,智能穿戴,39,1330.96,0.011,51336.46,0,0
2024-10-01,北京中关村店,笔记本电脑,40,6608.31,0.15,224682.54,1,0
2024-10-01,北京中关村店,配件耗材,90,203.26,0.025,17836.06,0,0
2024-10-01,广州天河店,智能家居,39,914.25,0.011,35263.54,0,0
2024-10-01,广州天河店,智能手机,54,4140.34,0.001,223354.78,0,0
2024-10-01,广州天河店,智能穿戴,41,1354.09,0.009,55018.03,0,0
2024-10-01,广州天河店,笔记本电脑,23,6605.15,0.038,146145.55,0,0
2024-10-01,广州天河店,配件耗材,81,206.7,0.003,16692.47,0,0
2024-10-01,成都春熙店,智能家居,28,912.9,0.003,25484.52,0,0
2024-10-01,成都春熙店,智能手机,61,4212.25,0.117,226884.42,1,0
2024-10-01,成都春熙店,智能穿戴,45,1358.73,0.038,58819.42,0,0
2024-10-01,成都春熙店,笔记本电脑,16,6782.21,0.037,104500.29,0,0
2024-10-01,成都春熙店,配件耗材,52,203.98,0.04,10182.68,0,0
2024-10-02,上海旗舰店,智能家居,69,924.21,0.099,57457.21,1,0
2024-10-02,上海旗舰店,智能手机,79,4166.58,0.022,321918.3,0,0
2024-10-02,上海旗舰店,智能穿戴,57,1351.33,0.043,73713.7,0,0
2024-10-02,上海旗舰店,笔记本电脑,26,6751.17,0.028,170615.57,0,0
2024-10-02,上海旗舰店,配件耗材,97,202.63,0.028,19104.77,0,0
2024-10-02,北京中关村店,智能家居,42,924.51,0.011,38402.3,0,0
2024-10-02,北京中关村店,智能手机,84,4154.84,0.024,340630.4,0,0
2024-10-02,北京中关村店,智能穿戴,48,1338.76,0.022,62846.75,0,0
2024-10-02,北京中关村店,笔记本电脑,26,6685.56,0.031,168436.0,0,0
2024-10-02,北京中关村店,配件耗材,94,205.42,0.021,18903.98,0,0
2024-10-02,广州天河店,智能家居,52,935.77,0.009,48222.1,0,0
2024-10-02,广州天河店,智能手机,59,4128.39,0.023,237972.78,0,0
2024-10-02,广州天河店,智能穿戴,45,1331.78,0.036,57772.62,0,0
2024-10-02,广州天河店,笔记本电脑,19,6549.11,0.009,123313.19,0,0
2024-10-02,广州天河店,配件耗材,78,204.17,0.044,15224.55,0,0
2024-10-02,成都春熙店,智能家居,35,946.83,0.126,28963.53,1,0
2024-10-02,成都春熙店,智能手机,81,4082.83,0.049,314504.48,0,0
2024-10-02,成都春熙店,智能穿戴,35,1352.09,0.028,45998.1,0,0
2024-10-02,成都春熙店,笔记本电脑,18,6618.75,0.035,114967.69,0,0
2024-10-02,成都春熙店,配件耗材,50,207.7,0.028,10094.22,0,0
2024-10-03,上海旗舰店,智能家居,48,929.57,0.025,43503.88,0,0
2024-10-03,上海旗舰店,智能手机,62,4182.91,0.014,255709.65,0,0
2024-10-03,上海旗舰店,智能穿戴,49,1339.3,0.024,64050.68,0,0
2024-10-03,上海旗舰店,笔记本电脑,31,6599.33,0.028,198851.01,0,0
2024-10-03,上海旗舰店,配件耗材,79,205.59,0.048,15462.01,0,0
2024-10-03,北京中关村店,智能家居,57,937.75,0.175,44097.69,1,0
2024-10-03,北京中关村店,智能手机,61,4126.99,0.003,250991.15,0,0
2024-10-03,北京中关村店,智能穿戴,40,1338.38,0.026,52143.28,0,0
2024-10-03,北京中关村店,笔记本电脑,27,6616.42,0.01,176856.91,0,0
2024-10-03,北京中关村店,配件耗材,114,205.49,0.174,19349.76,1,0
2024-10-03,广州天河店,智能家居,51,941.8,0.199,38473.47,1,0
2024-10-03,广州天河店,智能手机,53,4186.24,0.043,212330.28,0,0
2024-10-03,广州天河店,智能穿戴,52,1336.2,0.138,59893.83,1,0
2024-10-03,广州天河店,笔记本电脑,24,6765.73,0.047,154745.78,0,0
2024-10-03,广州天河店,配件耗材,68,204.33,0.043,13296.98,0,0
2024-10-03,成都春熙店,智能家居,35,917.69,0.036,30962.86,0,0
2024-10-03,成都春熙店,智能手机,51,4067.38,0.02,203287.65,0,0
2024-10-03,成都春熙店,智能穿戴,33,1365.55,0.002,44973.02,0,0
2024-10-03,成都春熙店,笔记本电脑,22,6747.78,0.015,146224.39,0,0
2024-10-03,成都春熙店,配件耗材,43,208.13,0.043,8564.76,0,0
2024-10-04,上海旗舰店,智能家居,50,909.83,0.013,44900.11,0,0
2024-10-04,上海旗舰店,智能手机,84,4065.6,0.042,327166.96,0,0
2024-10-04,上海旗舰店,智能穿戴,57,1344.18,0.014,75545.6,0,0
2024-10-04,上海旗舰店,笔记本电脑,32,6733.54,0.023,210517.39,0,0
2024-10-04,上海旗舰店,配件耗材,170,206.57,0.025,34238.98,0,0
2024-10-04,北京中关村店,智能家居,66,940.53,0.143,53198.26,1,0
2024-10-04,北京中关村店,智能手机,71,4206.32,0.01,295662.23,0,0
2024-10-04,北京中关村店,智能穿戴,51,1331.58,0.013,67027.74,0,0
2024-10-04,北京中关村店,笔记本电脑,30,6681.36,0.047,191020.08,0,0
2024-10-04,北京中关村店,配件耗材,83,206.74,0.007,17039.3,0,0
2024-10-04,广州天河店,智能家居,44,924.99,0.037,39193.68,0,0
2024-10-04,广州天河店,智能手机,87,4169.3,0.18,297437.86,1,0
2024-10-04,广州天河店,智能穿戴,47,1361.42,0.011,63282.89,0,0
2024-10-04,广州天河店,笔记本电脑,26,6687.29,0.019,170566.02,0,0
2024-10-04,广州天河店,配件耗材,105,203.35,0.085,19536.85,1,0
2024-10-04,成都春熙店,智能家居,31,930.2,0.012,28490.17,0,0
2024-10-04,成都春熙店,智能手机,46,4075.24,0.023,183149.44,0,0
2024-10-04,成都春熙店,智能穿戴,34,1336.55,0.006,45170.04,0,0
2024-10-04,成都春熙店,笔记本电脑,23,6729.17,0.029,150282.55,0,0
2024-10-04,成都春熙店,配件耗材,50,206.0,0.034,9949.8,0,0
2024-10-05,上海旗舰店,智能家居,53,925.18,0.016,48249.99,0,1
2024-10-05,上海旗舰店,智能手机,90,4144.44,0.04,358079.62,0,1
2024-10-05,上海旗舰店,智能穿戴,70,1341.54,0.001,93813.89,0,1
2024-10-05,上海旗舰店,笔记本电脑,28,6677.94,0.009,185299.48,0,1
2024-10-05,上海旗舰店,配件耗材,110,206.59,0.022,22224.95,0,1
2024-10-05,北京中关村店,智能家居,44,926.41,0.011,40313.66,0,1
2024-10-05,北京中关村店,智能手机,97,4096.48,0.048,378285.35,0,1
2024-10-05,北京中关村店,智能穿戴,63,1323.9,0.004,83072.08,0,1
2024-10-05,北京中关村店,笔记本电脑,37,6654.71,0.007,244500.7,0,1
2024-10-05,北京中关村店,配件耗材,92,205.16,0.007,18742.6,0,1
2024-10-05,广州天河店,智能家居,47,937.0,0.003,43906.88,0,1
2024-10-05,广州天河店,智能手机,61,4195.24,0.04,245673.25,0,1
2024-10-05,广州天河店,智能穿戴,43,1343.54,0.004,57541.13,0,1
2024-10-05,广州天河店,笔记本电脑,28,6652.53,0.045,177888.65,0,1
2024-10-05,广州天河店,配件耗材,78,208.86,0.011,16111.88,0,1
2024-10-05,成都春熙店,智能家居,34,906.82,0.026,30030.25,0,1
2024-10-05,成都春熙店,智能手机,54,4058.41,0.001,218934.99,0,1
2024-10-05,成都春熙店,智能穿戴,46,1337.69,0.047,58641.65,0,1
2024-10-05,成都春熙店,笔记本电脑,34,6769.23,0.067,214733.51,1,1
2024-10-05,成都春熙店,配件耗材,114,206.84,0.17,19571.2,1,1
2024-10-06,上海旗舰店,智能家居,51,924.52,0.047,44934.45,0,1
2024-10-06,上海旗舰店,智能手机,55,4126.08,0.035,218991.7,0,1
2024-10-06,上海旗舰店,智能穿戴,76,1337.85,0.05,96592.77,0,1
2024-10-06,上海旗舰店,笔记本电脑,50,6769.02,0.208,268053.19,1,1
2024-10-06,上海旗舰店,配件耗材,87,207.12,0.026,17550.93,0,1
2024-10-06,北京中关村店,智能家居,38,935.94,0.01,35210.06,0,1
2024-10-06,北京中关村店,智能手机,93,4124.21,0.041,367825.92,0,1
2024-10-06,北京中关村店,智能穿戴,57,1341.67,0.03,74180.93,0,1
2024-10-06,北京中关村店,笔记本电脑,38,6668.76,0.046,241755.89,0,1
2024-10-06,北京中关村店,配件耗材,90,204.63,0.037,17735.28,0,1
2024-10-06,广州天河店,智能家居,48,918.47,0.037,42455.36,0,1
2024-10-06,广州天河店,智能手机,69,4078.86,0.029,273279.54,0,1
2024-10-06,广州天河店,智能穿戴,32,1320.09,0.025,41186.81,0,1
2024-10-06,广州天河店,笔记本电脑,33,6779.71,0.049,212767.64,0,1
2024-10-06,广州天河店,配件耗材,100,205.78,0.002,20536.84,0,1
2024-10-06,成都春熙店,智能家居,41,940.24,0.157,32497.52,1,1
2024-10-06,成都春熙店,智能手机,57,4210.08,0.006,238534.71,0,1
2024-10-06,成都春熙店,智能穿戴,32,1335.16,0.005,42511.49,0,1
2024-10-06,成都春熙店,笔记本电脑,20,6707.98,0.005,133488.8,0,1
2024-10-06,成都春熙店,配件耗材,71,207.12,0.009,14573.17,0,1
2024-10-07,上海旗舰店,智能家居,52,923.66,0.001,47982.29,0,0
2024-10-07,上海旗舰店,智能手机,84,4147.27,0.02,341403.27,0,0
2024-10-07,上海旗舰店,智能穿戴,50,1337.67,0.043,64007.51,0,0
2024-10-07,上海旗舰店,笔记本电脑,28,6670.57,0.031,180985.91,0,0
2024-10-07,上海旗舰店,配件耗材,112,205.21,0.045,21949.26,0,0
2024-10-07,北京中关村店,智能家居,39,919.93,0.033,34693.32,0,0
2024-10-07,北京中关村店,智能手机,78,4077.66,0.002,317421.37,0,0
2024-10-07,北京中关村店,智能穿戴,50,1352.04,0.0,67602.0,0,0
2024-10-07,北京中关村店,笔记本电脑,28,6804.28,0.037,183470.61,0,0
2024-10-07,北京中关村店,配件耗材,126,202.6,0.029,24787.3,0,0
2024-10-07,广州天河店,智能家居,38,923.22,0.014,34591.21,0,0
2024-10-07,广州天河店,智能手机,74,4151.89,0.115,271907.28,1,0
2024-10-07,广州天河店,智能穿戴,33,1304.05,0.033,41613.54,0,0
2024-10-07,广州天河店,笔记本电脑,41,6720.01,0.117,243284.52,1,0
2024-10-07,广州天河店,配件耗材,79,207.26,0.05,15554.86,0,0
2024-10-07,成都春熙店,智能家居,23,929.08,0.017,21005.57,0,0
2024-10-07,成都春熙店,智能手机,62,4126.58,0.202,204166.67,1,0
2024-10-07,成都春熙店,智能穿戴,32,1321.86,0.038,40692.14,0,0
2024-10-07,成都春熙店,笔记本电脑,18,6826.81,0.035,118581.69,0,0
2024-10-07,成都春熙店,配件耗材,43,205.51,0.014,8713.21,0,0
2024-10-08,上海旗舰店,智能家居,44,940.76,0.019,40606.96,0,0
2024-10-08,上海旗舰店,智能手机,84,4152.95,0.047,332451.95,0,0
2024-10-08,上海旗舰店,智能穿戴,51,1343.57,0.02,67151.63,0,0
2024-10-08,上海旗舰店,笔记本电脑,23,6746.68,0.002,154863.29,0,0
2024-10-08,上海旗舰店,配件耗材,99,210.17,0.009,20619.57,0,0
2024-10-08,北京中关村店,智能家居,40,935.01,0.041,35866.98,0,0
2024-10-08,北京中关村店,智能手机,62,4077.42,0.03,245216.04,0,0
2024-10-08,北京中关村店,智能穿戴,63,1357.65,0.195,68853.22,1,0
2024-10-08,北京中关村店,笔记本电脑,27,6698.44,0.01,179049.3,0,0
2024-10-08,北京中关村店,配件耗材,101,202.86,0.217,16042.78,1,0
2024-10-08,广州天河店,智能家居,32,933.64,0.04,28681.42,0,0
2024-10-08,广州天河店,智能手机,51,4135.55,0.019,206905.7,0,0
2024-10-08,广州天河店,智能穿戴,42,1343.95,0.024,55091.2,0,0
2024-10-08,广州天河店,笔记本电脑,23,6722.98,0.032,149680.43,0,0
2024-10-08,广州天河店,配件耗材,72,206.15,0.005,14768.59,0,0
2024-10-08,成都春熙店,智能家居,25,947.67,0.034,22886.23,0,0
2024-10-08,成都春熙店,智能手机,47,4152.76,0.035,188348.43,0,0
2024-10-08,成都春熙店,智能穿戴,30,1350.58,0.019,39747.57,0,0
2024-10-08,成都春熙店,笔记本电脑,20,6725.75,0.022,131555.67,0,0
2024-10-08,成都春熙店,配件耗材,48,204.54,0.022,9601.93,0,0
2024-10-09,上海旗舰店,智能家居,47,935.55,0.027,42783.64,0,0
2024-10-09,上海旗舰店,智能手机,77,4158.12,0.049,304486.65,0,0
2024-10-09,上海旗舰店,智能穿戴,63,1353.92,0.036,82226.27,0,0
2024-10-09,上海旗舰店,笔记本电脑,32,6624.09,0.015,208791.32,0,0
2024-10-09,上海旗舰店,配件耗材,63,207.08,0.025,12719.89,0,0
2024-10-09,北京中关村店,智能家居,35,935.52,0.02,32088.34,0,0
2024-10-09,北京中关村店,智能手机,71,4123.55,0.032,283403.34,0,0
2024-10-09,北京中关村店,智能穿戴,39,1361.49,0.045,50708.7,0,0
2024-10-09,北京中关村店,笔记本电脑,28,6820.73,0.044,182577.3,0,0
2024-10-09,北京中关村店,配件耗材,92,204.47,0.024,18359.77,0,0
2024-10-09,广州天河店,智能家居,38,931.36,0.028,34400.71,0,0
2024-10-09,广州天河店,智能手机,65,4133.48,0.031,260347.24,0,0
2024-10-09,广州天河店,智能穿戴,35,1340.45,0.027,45649.02,0,0
2024-10-09,广州天河店,笔记本电脑,17,6667.44,0.037,109152.66,0,0
2024-10-09,广州天河店,配件耗材,84,207.3,0.013,17186.83,0,0
2024-10-09,成都春熙店,智能家居,43,914.87,0.206,31235.49,1,0
2024-10-09,成都春熙店,智能手机,56,4094.06,0.118,202213.81,1,0
2024-10-09,成都春熙店,智能穿戴,34,1330.81,0.011,44749.82,0,0
2024-10-09,成都春熙店,笔记本电脑,14,6726.73,0.004,93797.52,0,0
2024-10-09,成都春熙店,配件耗材,51,205.91,0.031,10175.87,0,0
2024-10-10,上海旗舰店,智能家居,54,928.87,0.004,49958.34,0,0
2024-10-10,上海旗舰店,智能手机,69,4114.48,0.012,280492.33,0,0
2024-10-10,上海旗舰店,智能穿戴,68,1340.62,0.149,77579.0,1,0
2024-10-10,上海旗舰店,笔记本电脑,31,6656.95,0.025,201206.31,0,0
2024-10-10,上海旗舰店,配件耗材,93,207.37,0.043,18456.14,0,0
2024-10-10,北京中关村店,智能家居,77,934.12,0.085,65813.42,1,0
2024-10-10,北京中关村店,智能手机,106,4095.17,0.081,398926.89,1,0
2024-10-10,北京中关村店,智能穿戴,40,1342.17,0.036,51754.08,0,0
2024-10-10,北京中关村店,笔记本电脑,24,6753.02,0.02,158831.03,0,0
2024-10-10,北京中关村店,配件耗材,85,207.38,0.041,16904.58,0,0
2024-10-10,广州天河店,智能家居,44,940.38,0.011,40921.58,0,0
2024-10-10,广州天河店,智能手机,67,4164.57,0.008,276793.98,0,0
2024-10-10,广州天河店,智能穿戴,49,1312.69,0.036,62006.22,0,0
2024-10-10,广州天河店,笔记本电脑,23,6745.6,0.038,149253.15,0,0
2024-10-10,广州天河店,配件耗材,91,205.94,0.095,16960.19,1,0
2024-10-10,成都春熙店,智能家居,37,914.62,0.088,30862.94,1,0
2024-10-10,成都春熙店,智能手机,43,4145.19,0.034,172182.9,0,0
2024-10-10,成都春熙店,智能穿戴,41,1320.47,0.033,52352.67,0,0
2024-10-10,成都春熙店,笔记本电脑,32,6859.54,0.107,196018.22,1,0
2024-10-10,成都春熙店,配件耗材,59,205.63,0.046,11574.09,0,0
2024-10-11,上海旗舰店,智能家居,69,934.6,0.01,63842.53,0,0
2024-10-11,上海旗舰店,智能手机,78,4134.92,0.028,313493.09,0,0
2024-10-11,上海旗舰店,智能穿戴,94,1357.35,0.164,106665.99,1,0
2024-10-11,上海旗舰店,笔记本电脑,34,6793.98,0.031,223834.47,0,0
2024-10-11,上海旗舰店,配件耗材,97,207.08,0.004,20006.41,0,0
2024-10-11,北京中关村店,智能家居,43,929.64,0.033,38655.36,0,0
2024-10-11,北京中关村店,智能手机,95,4100.74,0.116,344380.15,1,0
2024-10-11,北京中关村店,智能穿戴,45,1333.94,0.031,58166.45,0,0
2024-10-11,北京中关村店,笔记本电脑,30,6780.67,0.038,195690.14,0,0
2024-10-11,北京中关村店,配件耗材,140,206.69,0.143,24798.67,1,0
2024-10-11,广州天河店,智能家居,33,943.66,0.022,30455.68,0,0
2024-10-11,广州天河店,智能手机,62,4140.78,0.015,252877.43,0,0
2024-10-11,广州天河店,智能穿戴,42,1363.29,0.004,57029.15,0,0
2024-10-11,广州天河店,笔记本电脑,25,6725.82,0.032,162764.84,0,0
2024-10-11,广州天河店,配件耗材,91,201.57,0.026,17865.96,0,0
2024-10-11,成都春熙店,智能家居,26,919.11,0.042,22893.19,0,0
2024-10-11,成都春熙店,智能手机,47,4126.39,0.046,185019.07,0,0
2024-10-11,成都春熙店,智能穿戴,41,1335.51,0.188,44461.8,1,0
2024-10-11,成都春熙店,笔记本电脑,20,6698.46,0.046,127806.62,0,0
2024-10-11,成都春熙店,配件耗材,59,205.49,0.006,12051.17,0,0
2024-10-12,上海旗舰店,智能家居,59,932.86,0.031,53332.54,0,1
2024-10-12,上海旗舰店,智能手机,113,4187.92,0.04,454305.56,0,1
2024-10-12,上海旗舰店,智能穿戴,65,1346.79,0.007,86928.56,0,1
2024-10-12,上海旗舰店,笔记本电脑,32,6713.15,0.042,205798.33,0,1
2024-10-12,上海旗舰店,配件耗材,129,206.38,0.023,26010.69,0,1
2024-10-12,北京中关村店,智能家居,73,942.55,0.044,65778.68,0,1
2024-10-12,北京中关村店,智能手机,98,4101.19,0.114,356098.13,1,1
2024-10-12,北京中关村店,智能穿戴,49,1340.6,0.027,63915.79,0,1
2024-10-12,北京中关村店,笔记本电脑,41,6717.22,0.002,274855.21,0,1
2024-10-12,北京中关村店,配件耗材,123,204.05,0.009,24872.27,0,1
2024-10-12,广州天河店,智能家居,62,912.67,0.138,48776.74,1,1
2024-10-12,广州天河店,智能手机,60,4170.3,0.02,245213.64,0,1
2024-10-12,广州天河店,智能穿戴,51,1345.95,0.048,65348.56,0,1
2024-10-12,广州天河店,笔记本电脑,28,6747.87,0.036,182138.51,0,1
2024-10-12,广州天河店,配件耗材,82,205.85,0.005,16795.3,0,1
2024-10-12,成都春熙店,智能家居,32,928.26,0.014,29288.46,0,1
2024-10-12,成都春熙店,智能手机,66,4145.29,0.031,265107.88,0,1
2024-10-12,成都春熙店,智能穿戴,38,1332.16,0.033,48951.55,0,1
2024-10-12,成都春熙店,笔记本电脑,18,6722.0,0.05,114946.2,0,1
2024-10-12,成都春熙店,配件耗材,64,205.7,0.019,12914.67,0,1
2024-10-13,上海旗舰店,智能家居,88,927.73,0.108,72823.09,1,1
2024-10-13,上海旗舰店,智能手机,107,4176.41,0.005,444641.49,0,1
2024-10-13,上海旗舰店,智能穿戴,76,1318.92,0.04,96228.4,0,1
2024-10-13,上海旗舰店,笔记本电脑,25,6777.21,0.033,163839.05,0,1
2024-10-13,上海旗舰店,配件耗材,122,208.08,0.004,25284.22,0,1
2024-10-13,北京中关村店,智能家居,56,933.81,0.045,49940.16,0,1
2024-10-13,北京中关村店,智能手机,101,4171.64,0.114,373303.38,1,1
2024-10-13,北京中关村店,智能穿戴,49,1324.51,0.028,63083.76,0,1
2024-10-13,北京中关村店,笔记本电脑,31,6669.93,0.02,202632.47,0,1
2024-10-13,北京中关村店,配件耗材,109,205.63,0.001,22391.26,0,1
2024-10-13,广州天河店,智能家居,49,926.63,0.023,44360.56,0,1
2024-10-13,广州天河店,智能手机,77,4169.37,0.003,320078.37,0,1
2024-10-13,广州天河店,智能穿戴,38,1379.09,0.049,49837.55,0,1
2024-10-13,广州天河店,笔记本电脑,31,6785.16,0.048,200243.64,0,1
2024-10-13,广州天河店,配件耗材,79,207.45,0.014,16159.11,0,1
2024-10-13,成都春熙店,智能家居,29,936.12,0.015,26740.27,0,1
2024-10-13,成都春熙店,智能手机,72,4153.52,0.185,243728.55,1,1
2024-10-13,成都春熙店,智能穿戴,39,1323.71,0.05,49043.46,0,1
2024-10-13,成都春熙店,笔记本电脑,21,6786.02,0.033,137803.71,0,1
2024-10-13,成都春熙店,配件耗材,58,204.68,0.002,11847.7,0,1
2024-10-14,上海旗舰店,智能家居,60,931.93,0.037,53846.92,0,0
2024-10-14,上海旗舰店,智能手机,70,4194.69,0.039,282176.8,0,0
2024-10-14,上海旗舰店,智能穿戴,53,1337.6,0.007,70396.55,0,0
2024-10-14,上海旗舰店,笔记本电脑,45,6770.76,0.061,286098.46,1,0
2024-10-14,上海旗舰店,配件耗材,87,205.42,0.048,17013.71,0,0
2024-10-14,北京中关村店,智能家居,52,914.59,0.084,43563.75,1,0
2024-10-14,北京中关村店,智能手机,48,4101.15,0.05,187012.44,0,0
2024-10-14,北京中关村店,智能穿戴,46,1365.03,0.024,61284.39,0,0
2024-10-14,北京中关村店,笔记本电脑,31,6664.38,0.0,206595.78,0,0
2024-10-14,北京中关村店,配件耗材,92,203.61,0.009,18563.53,0,0
2024-10-14,广州天河店,智能家居,47,935.31,0.021,43036.42,0,0
2024-10-14,广州天河店,智能手机,55,4095.82,0.01,223017.4,0,0
2024-10-14,广州天河店,智能穿戴,41,1362.65,0.039,53689.77,0,0
2024-10-14,广州天河店,笔记本电脑,27,6486.39,0.041,167952.1,0,0
2024-10-14,广州天河店,配件耗材,97,204.31,0.127,17301.18,1,0
2024-10-14,成都春熙店,智能家居,27,919.12,0.041,23798.77,0,0
2024-10-14,成都春熙店,智能手机,36,4119.76,0.041,142230.59,0,0
2024-10-14,成都春熙店,智能穿戴,33,1379.8,0.044,43529.93,0,0
2024-10-14,成都春熙店,笔记本电脑,16,6704.59,0.035,103518.87,0,0
2024-10-14,成都春熙店,配件耗材,66,206.94,0.034,13193.67,0,0
2024-10-15,上海旗舰店,智能家居,59,928.01,0.018,53767.04,0,0
2024-10-15,上海旗舰店,智能手机,77,4164.29,0.034,309748.22,0,0
2024-10-15,上海旗舰店,智能穿戴,63,1327.29,0.044,79940.02,0,0
2024-10-15,上海旗舰店,笔记本电脑,24,6668.18,0.05,152034.5,0,0
2024-10-15,上海旗舰店,配件耗材,98,201.47,0.009,19566.36,0,0
2024-10-15,北京中关村店,智能家居,38,934.27,0.0,35502.26,0,0
2024-10-15,北京中关村店,智能手机,71,4174.96,0.002,295829.32,0,0
2024-10-15,北京中关村店,智能穿戴,39,1369.28,0.024,52120.27,0,0
2024-10-15,北京中关村店,笔记本电脑,21,6785.94,0.02,139654.65,0,0
2024-10-15,北京中关村店,配件耗材,88,205.63,0.025,17643.05,0,0
2024-10-15,广州天河店,智能家居,41,912.99,0.036,36085.02,0,0
2024-10-15,广州天河店,智能手机,88,4171.96,0.204,292237.45,1,0
2024-10-15,广州天河店,智能穿戴,48,1330.85,0.017,62794.83,0,0
2024-10-15,广州天河店,笔记本电脑,25,6721.94,0.045,160486.32,0,0
2024-10-15,广州天河店,配件耗材,72,204.44,0.001,14704.96,0,0
2024-10-15,成都春熙店,智能家居,36,918.9,0.008,32815.76,0,0
2024-10-15,成都春熙店,智能手机,43,4102.66,0.036,170063.46,0,0
2024-10-15,成都春熙店,智能穿戴,31,1336.66,0.017,40732.04,0,0
2024-10-15,成都春熙店,笔记本电脑,18,6721.51,0.022,118325.46,0,0
2024-10-15,成都春熙店,配件耗材,56,205.88,0.004,11483.16,0,0
2024-10-16,上海旗舰店,智能家居,64,933.69,0.031,57903.72,0,0
2024-10-16,上海旗舰店,智能手机,63,4070.01,0.047,244359.33,0,0
2024-10-16,上海旗舰店,智能穿戴,46,1352.59,0.019,61036.98,0,0
2024-10-16,上海旗舰店,笔记本电脑,22,6785.16,0.037,143750.4,0,0
2024-10-16,上海旗舰店,配件耗材,99,205.89,0.004,20301.58,0,0
2024-10-16,北京中关村店,智能家居,63,926.32,0.137,50363.09,1,0
2024-10-16,北京中关村店,智能手机,77,4119.33,0.048,301963.37,0,0
2024-10-16,北京中关村店,智能穿戴,39,1344.4,0.008,52012.15,0,0
2024-10-16,北京中关村店,笔记本电脑,30,6711.88,0.034,194510.28,0,0
2024-10-16,北京中关村店,配件耗材,84,205.45,0.045,16481.2,0,0
2024-10-16,广州天河店,智能家居,42,935.18,0.029,38138.51,0,0
2024-10-16,广州天河店,智能手机,67,4116.11,0.216,216211.03,1,0
2024-10-16,广州天河店,智能穿戴,39,1347.09,0.042,50329.98,0,0
2024-10-16,广州天河店,笔记本电脑,22,6741.37,0.002,148013.52,0,0
2024-10-16,广州天河店,配件耗材,79,203.97,0.049,15324.06,0,0
2024-10-16,成都春熙店,智能家居,29,933.39,0.027,26337.47,0,0
2024-10-16,成都春熙店,智能手机,61,4081.73,0.035,240271.04,0,0
2024-10-16,成都春熙店,智能穿戴,34,1353.2,0.017,45226.65,0,0
2024-10-16,成都春熙店,笔记本电脑,14,6799.04,0.044,90998.35,0,0
2024-10-16,成都春熙店,配件耗材,59,203.8,0.044,11495.14,0,0
2024-10-17,上海旗舰店,智能家居,49,924.18,0.049,43065.86,0,0
2024-10-17,上海旗舰店,智能手机,68,4086.55,0.025,270938.27,0,0
2024-10-17,上海旗舰店,智能穿戴,57,1352.3,0.005,76695.69,0,0
2024-10-17,上海旗舰店,笔记本电脑,34,6735.13,0.031,221895.59,0,0
2024-10-17,上海旗舰店,配件耗材,85,202.73,0.047,16422.14,0,0
2024-10-17,北京中关村店,智能家居,40,958.15,0.041,36754.63,0,0
2024-10-17,北京中关村店,智能手机,77,4079.08,0.17,260694.0,1,0
2024-10-17,北京中关村店,智能穿戴,37,1365.03,0.038,48586.88,0,0
2024-10-17,北京中关村店,笔记本电脑,24,6812.02,0.035,157766.38,0,0
2024-10-17,北京中关村店,配件耗材,76,206.8,0.027,15292.45,0,0
2024-10-17,广州天河店,智能家居,40,936.04,0.021,36655.33,0,0
2024-10-17,广州天河店,智能手机,52,4115.37,0.002,213571.24,0,0
2024-10-17,广州天河店,智能穿戴,49,1341.47,0.02,64417.39,0,0
2024-10-17,广州天河店,笔记本电脑,23,6672.23,0.001,153307.83,0,0
2024-10-17,广州天河店,配件耗材,59,204.76,0.02,11839.22,0,0
2024-10-17,成都春熙店,智能家居,30,934.85,0.015,27624.82,0,0
2024-10-17,成都春熙店,智能手机,43,4107.94,0.019,173285.23,0,0
2024-10-17,成都春熙店,智能穿戴,52,1347.27,0.174,57867.94,1,0
2024-10-17,成都春熙店,笔记本电脑,25,6926.23,0.0,173155.75,0,0
2024-10-17,成都春熙店,配件耗材,66,205.73,0.114,12030.27,1,0
2024-10-18,上海旗舰店,智能家居,54,914.42,0.03,47897.32,0,0
2024-10-18,上海旗舰店,智能手机,80,4198.19,0.021,328802.24,0,0
2024-10-18,上海旗舰店,智能穿戴,57,1351.32,0.044,73636.13,0,0
2024-10-18,上海旗舰店,笔记本电脑,42,6707.6,0.091,256082.75,1,0
2024-10-18,上海旗舰店,配件耗材,87,203.98,0.015,17480.07,0,0
2024-10-18,北京中关村店,智能家居,36,922.02,0.045,31699.05,0,0
2024-10-18,北京中关村店,智能手机,65,4095.41,0.038,256085.99,0,0
2024-10-18,北京中关村店,智能穿戴,30,1318.68,0.047,37701.06,0,0
2024-10-18,北京中关村店,笔记本电脑,43,6758.6,0.172,240633.19,1,0
2024-10-18,北京中关村店,配件耗材,134,208.1,0.047,26574.79,0,0
2024-10-18,广州天河店,智能家居,44,912.19,0.001,40096.22,0,0
2024-10-18,广州天河店,智能手机,108,4156.45,0.148,382459.9,1,0
2024-10-18,广州天河店,智能穿戴,37,1353.3,0.016,49270.95,0,0
2024-10-18,广州天河店,笔记本电脑,27,6898.35,0.01,184392.9,0,0
2024-10-18,广州天河店,配件耗材,101,206.55,0.014,20569.49,0,0
2024-10-18,成都春熙店,智能家居,33,931.18,0.195,24736.8,1,0
2024-10-18,成都春熙店,智能手机,48,4172.55,0.02,196276.75,0,0
2024-10-18,成都春熙店,智能穿戴,36,1328.58,0.045,45676.58,0,0
2024-10-18,成都春熙店,笔记本电脑,24,6733.71,0.152,137044.47,1,0
2024-10-18,成都春熙店,配件耗材,52,204.19,0.002,10596.64,0,0
2024-10-19,上海旗舰店,智能家居,82,931.74,0.135,66088.32,1,1
2024-10-19,上海旗舰店,智能手机,115,4126.44,0.003,473116.98,0,1
2024-10-19,上海旗舰店,智能穿戴,70,1327.07,0.044,88807.52,0,1
2024-10-19,上海旗舰店,笔记本电脑,35,6780.66,0.019,232813.96,0,1
2024-10-19,上海旗舰店,配件耗材,100,206.29,0.026,20092.65,0,1
2024-10-19,北京中关村店,智能家居,48,925.94,0.036,42845.1,0,1
2024-10-19,北京中关村店,智能手机,88,4148.73,0.036,351945.06,0,1
2024-10-19,北京中关村店,智能穿戴,46,1360.67,0.028,60838.28,0,1
2024-10-19,北京中关村店,笔记本电脑,30,6776.65,0.008,201673.1,0,1
2024-10-19,北京中关村店,配件耗材,120,207.57,0.014,24559.68,0,1
2024-10-19,广州天河店,智能家居,47,939.63,0.005,43941.8,0,1
2024-10-19,广州天河店,智能手机,98,4144.92,0.022,397265.71,0,1
2024-10-19,广州天河店,智能穿戴,41,1328.65,0.015,53657.53,0,1
2024-10-19,广州天河店,笔记本电脑,29,6751.28,0.042,187564.06,0,1
2024-10-19,广州天河店,配件耗材,82,206.35,0.032,16379.24,0,1
2024-10-19,成都春熙店,智能家居,27,930.33,0.002,25068.67,0,1
2024-10-19,成都春熙店,智能手机,48,4138.99,0.049,188936.62,0,1
2024-10-19,成都春熙店,智能穿戴,41,1356.52,0.01,55061.15,0,1
2024-10-19,成都春熙店,笔记本电脑,21,6683.66,0.039,134882.94,0,1
2024-10-19,成都春熙店,配件耗材,80,203.42,0.14,13995.3,1,1
2024-10-20,上海旗舰店,智能家居,71,946.38,0.039,64572.45,0,1
2024-10-20,上海旗舰店,智能手机,86,4123.24,0.003,353534.84,0,1
2024-10-20,上海旗舰店,智能穿戴,60,1306.35,0.047,74697.09,0,1
2024-10-20,上海旗舰店,笔记本电脑,31,6584.94,0.001,203929.01,0,1
2024-10-20,上海旗舰店,配件耗材,96,205.77,0.032,19121.79,0,1
2024-10-20,北京中关村店,智能家居,43,950.84,0.046,39005.36,0,1
2024-10-20,北京中关村店,智能手机,76,4152.75,0.026,307403.17,0,1
2024-10-20,北京中关村店,智能穿戴,38,1354.97,0.039,49480.79,0,1
2024-10-20,北京中关村店,笔记本电脑,42,6706.52,0.147,240267.79,1,1
2024-10-20,北京中关村店,配件耗材,97,205.41,0.038,19167.63,0,1
2024-10-20,广州天河店,智能家居,41,931.27,0.02,37418.43,0,1
2024-10-20,广州天河店,智能手机,66,4123.14,0.009,269678.09,0,1
2024-10-20,广州天河店,智能穿戴,53,1349.68,0.033,69172.45,0,1
2024-10-20,广州天河店,笔记本电脑,42,6616.13,0.156,234528.58,1,1
2024-10-20,广州天河店,配件耗材,73,209.12,0.021,14945.18,0,1
2024-10-20,成都春熙店,智能家居,36,944.92,0.002,33949.09,0,1
2024-10-20,成都春熙店,智能手机,57,4168.29,0.021,232603.09,0,1
2024-10-20,成都春熙店,智能穿戴,55,1324.54,0.085,66657.48,1,1
2024-10-20,成都春熙店,笔记本电脑,20,6734.24,0.039,129432.09,0,1
2024-10-20,成都春熙店,配件耗材,81,207.15,0.072,15571.05,1,1
2024-10-21,上海旗舰店,智能家居,49,942.09,0.021,45193.0,0,0
2024-10-21,上海旗舰店,智能手机,97,4214.0,0.032,395677.74,0,0
2024-10-21,上海旗舰店,智能穿戴,75,1354.19,0.156,85720.23,1,0
2024-10-21,上海旗舰店,笔记本电脑,34,6725.0,0.034,220875.9,0,0
2024-10-21,上海旗舰店,配件耗材,92,208.55,0.011,18975.55,0,0
2024-10-21,北京中关村店,智能家居,42,938.99,0.003,39319.27,0,0
2024-10-21,北京中关村店,智能手机,70,4168.61,0.029,283340.42,0,0
2024-10-21,北京中关村店,智能穿戴,41,1350.29,0.044,52925.97,0,0
2024-10-21,北京中关村店,笔记本电脑,30,6762.64,0.017,199430.25,0,0
2024-10-21,北京中关村店,配件耗材,87,209.18,0.032,17616.3,0,0
2024-10-21,广州天河店,智能家居,73,913.86,0.191,53969.83,1,0
2024-10-21,广州天河店,智能手机,64,4138.15,0.017,260339.29,0,0
2024-10-21,广州天河店,智能穿戴,34,1353.23,0.039,44215.44,0,0
2024-10-21,广州天河店,笔记本电脑,21,6798.88,0.006,141919.82,0,0
2024-10-21,广州天河店,配件耗材,115,203.74,0.138,20196.75,1,0
2024-10-21,成都春熙店,智能家居,30,925.47,0.033,26847.88,0,0
2024-10-21,成都春熙店,智能手机,46,4167.47,0.017,188444.66,0,0
2024-10-21,成都春熙店,智能穿戴,49,1356.73,0.021,65083.69,0,0
2024-10-21,成都春熙店,笔记本电脑,31,6697.92,0.046,198084.29,0,0
2024-10-21,成都春熙店,配件耗材,67,203.6,0.033,13191.04,0,0
2024-10-22,上海旗舰店,智能家居,46,930.97,0.046,40854.69,0,0
2024-10-22,上海旗舰店,智能手机,63,4159.6,0.034,253144.94,0,0
2024-10-22,上海旗舰店,智能穿戴,71,1327.36,0.038,90661.34,0,0
2024-10-22,上海旗舰店,笔记本电脑,33,6757.02,0.022,218076.06,0,0
2024-10-22,上海旗舰店,配件耗材,91,205.54,0.021,18311.35,0,0
2024-10-22,北京中关村店,智能家居,46,944.74,0.037,41850.09,0,0
2024-10-22,北京中关村店,智能手机,54,4129.16,0.01,220744.89,0,0
2024-10-22,北京中关村店,智能穿戴,49,1355.67,0.045,63438.58,0,0
2024-10-22,北京中关村店,笔记本电脑,26,6840.79,0.028,172880.44,0,0
2024-10-22,北京中关村店,配件耗材,119,205.48,0.026,23816.36,0,0
2024-10-22,广州天河店,智能家居,41,919.11,0.023,36816.79,0,0
2024-10-22,广州天河店,智能手机,61,4212.98,0.044,245684.14,0,0
2024-10-22,广州天河店,智能穿戴,38,1355.58,0.034,49760.63,0,0
2024-10-22,广州天河店,笔记本电脑,25,6725.06,0.013,165940.86,0,0
2024-10-22,广州天河店,配件耗材,90,206.84,0.019,18261.9,0,0
2024-10-22,成都春熙店,智能家居,32,925.85,0.005,29479.06,0,0
2024-10-22,成都春熙店,智能手机,43,4124.84,0.049,168677.08,0,0
2024-10-22,成都春熙店,智能穿戴,44,1346.49,0.033,57290.46,0,0
2024-10-22,成都春熙店,笔记本电脑,20,6716.44,0.013,132582.53,0,0
2024-10-22,成都春熙店,配件耗材,48,206.12,0.008,9814.61,0,0
2024-10-23,上海旗舰店,智能家居,45,927.55,0.045,39861.46,0,0
2024-10-23,上海旗舰店,智能手机,60,4081.95,0.025,238794.07,0,0
2024-10-23,上海旗舰店,智能穿戴,58,1341.13,0.015,76618.76,0,0
2024-10-23,上海旗舰店,笔记本电脑,26,6686.87,0.009,172293.89,0,0
2024-10-23,上海旗舰店,配件耗材,96,205.83,0.048,18811.22,0,0
2024-10-23,北京中关村店,智能家居,35,929.91,0.038,31310.07,0,0
2024-10-23,北京中关村店,智能手机,68,4124.7,0.034,270943.29,0,0
2024-10-23,北京中关村店,智能穿戴,40,1349.63,0.049,51339.93,0,0
2024-10-23,北京中关村店,笔记本电脑,29,6687.8,0.037,186770.19,0,0
2024-10-23,北京中关村店,配件耗材,74,205.15,0.05,14422.05,0,0
2024-10-23,广州天河店,智能家居,51,942.78,0.039,46206.59,0,0
2024-10-23,广州天河店,智能手机,85,4143.03,0.003,351101.08,0,0
2024-10-23,广州天河店,智能穿戴,44,1361.04,0.013,59107.25,0,0
2024-10-23,广州天河店,笔记本电脑,26,6731.5,0.008,173618.85,0,0
2024-10-23,广州天河店,配件耗材,90,205.49,0.008,18346.15,0,0
2024-10-23,成都春熙店,智能家居,26,916.96,0.001,23817.12,0,0
2024-10-23,成都春熙店,智能手机,56,4157.36,0.046,222102.8,0,0
2024-10-23,成都春熙店,智能穿戴,31,1330.89,0.043,39483.51,0,0
2024-10-23,成都春熙店,笔记本电脑,19,6769.75,0.025,125409.62,0,0
2024-10-23,成都春熙店,配件耗材,49,207.07,0.02,9943.5,0,0
2024-10-24,上海旗舰店,智能家居,57,923.37,0.006,52316.3,0,0
2024-10-24,上海旗舰店,智能手机,84,4047.91,0.007,337644.27,0,0
2024-10-24,上海旗舰店,智能穿戴,61,1360.99,0.039,79782.59,0,0
2024-10-24,上海旗舰店,笔记本电脑,44,6664.94,0.068,273315.86,1,0
2024-10-24,上海旗舰店,配件耗材,81,205.82,0.048,15871.19,0,0
2024-10-24,北京中关村店,智能家居,44,926.85,0.035,39354.05,0,0
2024-10-24,北京中关村店,智能手机,69,4151.14,0.03,277835.8,0,0
2024-10-24,北京中关村店,智能穿戴,55,1335.74,0.219,57376.71,1,0
2024-10-24,北京中关村店,笔记本电脑,26,6698.81,0.029,169118.16,0,0
2024-10-24,北京中关村店,配件耗材,135,205.95,0.173,22993.29,1,0
2024-10-24,广州天河店,智能家居,41,929.71,0.045,36402.8,0,0
2024-10-24,广州天河店,智能手机,77,4057.34,0.023,305229.63,0,0
2024-10-24,广州天河店,智能穿戴,39,1336.05,0.022,50959.62,0,0
2024-10-24,广州天河店,笔记本电脑,24,6778.57,0.048,154876.77,0,0
2024-10-24,广州天河店,配件耗材,91,206.92,0.037,18133.02,0,0
2024-10-24,成都春熙店,智能家居,27,938.04,0.004,25225.77,0,0
2024-10-24,成都春熙店,智能手机,56,4147.24,0.035,224116.85,0,0
2024-10-24,成都春熙店,智能穿戴,40,1340.76,0.01,53094.1,0,0
2024-10-24,成都春熙店,笔记本电脑,17,6708.81,0.04,109487.78,0,0
2024-10-24,成都春熙店,配件耗材,77,206.2,0.11,14130.89,1,0
2024-10-25,上海旗舰店,智能家居,56,937.6,0.024,51245.47,0,0
2024-10-25,上海旗舰店,智能手机,100,4125.82,0.014,406805.85,0,0
2024-10-25,上海旗舰店,智能穿戴,48,1329.12,0.041,61182.05,0,0
2024-10-25,上海旗舰店,笔记本电脑,40,6763.7,0.012,267301.42,0,0
2024-10-25,上海旗舰店,配件耗材,104,203.16,0.017,20769.45,0,0
2024-10-25,北京中关村店,智能家居,45,935.98,0.034,40687.05,0,0
2024-10-25,北京中关村店,智能手机,58,4193.61,0.004,242256.46,0,0
2024-10-25,北京中关村店,智能穿戴,45,1335.91,0.029,58372.59,0,0
2024-10-25,北京中关村店,笔记本电脑,32,6751.75,0.008,214327.55,0,0
2024-10-25,北京中关村店,配件耗材,97,205.72,0.036,19236.47,0,0
2024-10-25,广州天河店,智能家居,53,930.12,0.05,46831.54,0,0
2024-10-25,广州天河店,智能手机,79,4091.64,0.006,321300.12,0,0
2024-10-25,广州天河店,智能穿戴,63,1334.01,0.045,80260.71,0,0
2024-10-25,广州天河店,笔记本电脑,28,6753.19,0.03,183416.64,0,0
2024-10-25,广州天河店,配件耗材,82,208.38,0.014,16847.94,0,0
2024-10-25,成都春熙店,智能家居,34,932.85,0.04,30448.22,0,0
2024-10-25,成都春熙店,智能手机,80,4126.71,0.153,279625.87,1,0
2024-10-25,成都春熙店,智能穿戴,41,1352.71,0.01,54906.5,0,0
2024-10-25,成都春熙店,笔记本电脑,15,6818.27,0.004,101864.95,0,0
2024-10-25,成都春熙店,配件耗材,60,212.09,0.028,12369.09,0,0
2024-10-26,上海旗舰店,智能家居,65,918.66,0.038,57443.81,0,1
2024-10-26,上海旗舰店,智能手机,91,4156.15,0.015,372536.51,0,1
2024-10-26,上海旗舰店,智能穿戴,59,1342.7,0.031,76763.5,0,1
2024-10-26,上海旗舰店,笔记本电脑,37,6804.6,0.019,246986.57,0,1
2024-10-26,上海旗舰店,配件耗材,96,205.78,0.007,19616.6,0,1
2024-10-26,北京中关村店,智能家居,41,910.94,0.042,35779.9,0,1
2024-10-26,北京中关村店,智能手机,53,4163.98,0.001,220470.25,0,1
2024-10-26,北京中关村店,智能穿戴,44,1308.94,0.036,55520.0,0,1
2024-10-26,北京中关村店,笔记本电脑,30,6779.47,0.031,197079.19,0,1
2024-10-26,北京中关村店,配件耗材,125,202.56,0.015,24940.2,0,1
2024-10-26,广州天河店,智能家居,45,945.22,0.017,41811.81,0,1
2024-10-26,广州天河店,智能手机,89,4205.85,0.042,358599.18,0,1
2024-10-26,广州天河店,智能穿戴,46,1376.86,0.031,61372.16,0,1
2024-10-26,广州天河店,笔记本电脑,38,6637.4,0.006,250707.87,0,1
2024-10-26,广州天河店,配件耗材,131,205.45,0.206,21369.68,1,1
2024-10-26,成都春熙店,智能家居,35,942.57,0.039,31703.34,0,1
2024-10-26,成都春熙店,智能手机,44,4084.2,0.039,172696.31,0,1
2024-10-26,成都春熙店,智能穿戴,36,1344.2,0.039,46503.94,0,1
2024-10-26,成都春熙店,笔记本电脑,20,6756.87,0.023,132029.24,0,1
2024-10-26,成都春熙店,配件耗材,68,204.4,0.009,13774.11,0,1
2024-10-27,上海旗舰店,智能家居,55,924.54,0.014,50137.8,0,1
2024-10-27,上海旗舰店,智能手机,90,4156.57,0.009,370724.48,0,1
2024-10-27,上海旗舰店,智能穿戴,57,1338.07,0.011,75431.02,0,1
2024-10-27,上海旗舰店,笔记本电脑,39,6841.11,0.15,226782.8,1,1
2024-10-27,上海旗舰店,配件耗材,104,205.27,0.005,21241.34,0,1
2024-10-27,北京中关村店,智能家居,49,922.52,0.014,44570.63,0,1
2024-10-27,北京中关村店,智能手机,74,4184.61,0.031,300061.64,0,1
2024-10-27,北京中关村店,智能穿戴,73,1360.84,0.11,88413.77,1,1
2024-10-27,北京中关村店,笔记本电脑,30,6767.94,0.045,193901.48,0,1
2024-10-27,北京中关村店,配件耗材,86,207.14,0.023,17404.32,0,1
2024-10-27,广州天河店,智能家居,38,930.46,0.026,34438.19,0,1
2024-10-27,广州天河店,智能手机,87,4124.24,0.18,294223.28,1,1
2024-10-27,广州天河店,智能穿戴,52,1328.77,0.026,67299.54,0,1
2024-10-27,广州天河店,笔记本电脑,32,6726.33,0.042,206202.37,0,1
2024-10-27,广州天河店,配件耗材,127,208.12,0.085,24184.58,1,1
2024-10-27,成都春熙店,智能家居,33,940.24,0.028,30159.14,0,1
2024-10-27,成都春熙店,智能手机,48,4116.45,0.037,190278.78,0,1
2024-10-27,成都春熙店,智能穿戴,36,1337.04,0.039,46256.24,0,1
2024-10-27,成都春熙店,笔记本电脑,22,6892.14,0.029,147229.89,0,1
2024-10-27,成都春熙店,配件耗材,51,207.97,0.0,10606.47,0,1
2024-10-28,上海旗舰店,智能家居,43,939.93,0.048,38476.97,0,0
2024-10-28,上海旗舰店,智能手机,72,4099.04,0.015,290703.92,0,0
2024-10-28,上海旗舰店,智能穿戴,49,1338.04,0.0,65563.96,0,0
2024-10-28,上海旗舰店,笔记本电脑,29,6793.68,0.007,195637.6,0,0
2024-10-28,上海旗舰店,配件耗材,110,205.63,0.037,21782.39,0,0
2024-10-28,北京中关村店,智能家居,45,922.75,0.002,41440.7,0,0
2024-10-28,北京中关村店,智能手机,78,4126.0,0.197,258427.88,1,0
2024-10-28,北京中关村店,智能穿戴,43,1330.9,0.019,56141.35,0,0
2024-10-28,北京中关村店,笔记本电脑,26,6765.48,0.015,173263.94,0,0
2024-10-28,北京中关村店,配件耗材,96,206.35,0.043,18957.79,0,0
2024-10-28,广州天河店,智能家居,41,913.43,0.034,36177.31,0,0
2024-10-28,广州天河店,智能手机,55,4120.85,0.041,217354.23,0,0
2024-10-28,广州天河店,智能穿戴,49,1361.96,0.013,65868.47,0,0
2024-10-28,广州天河店,笔记本电脑,27,6795.35,0.041,175952.0,0,0
2024-10-28,广州天河店,配件耗材,78,204.89,0.036,15406.09,0,0
2024-10-28,成都春熙店,智能家居,29,928.75,0.038,25910.27,0,0
2024-10-28,成都春熙店,智能手机,50,4151.42,0.028,201759.01,0,0
2024-10-28,成都春熙店,智能穿戴,28,1354.48,0.016,37318.63,0,0
2024-10-28,成都春熙店,笔记本电脑,15,6757.76,0.001,101265.03,0,0
2024-10-28,成都春熙店,配件耗材,115,203.8,0.019,22991.7,0,0
2024-10-29,上海旗舰店,智能家居,64,920.53,0.186,47955.93,1,0
2024-10-29,上海旗舰店,智能手机,98,4173.43,0.137,352963.67,1,0
2024-10-29,上海旗舰店,智能穿戴,53,1376.89,0.048,69472.36,0,0
2024-10-29,上海旗舰店,笔记本电脑,31,6718.7,0.046,198698.83,0,0
2024-10-29,上海旗舰店,配件耗材,89,208.06,0.005,18424.75,0,0
2024-10-29,北京中关村店,智能家居,50,933.96,0.208,36984.82,1,0
2024-10-29,北京中关村店,智能手机,72,4143.58,0.014,294161.03,0,0
2024-10-29,北京中关村店,智能穿戴,39,1328.89,0.007,51463.92,0,0
2024-10-29,北京中关村店,笔记本电脑,26,6664.97,0.003,172769.35,0,0
2024-10-29,北京中关村店,配件耗材,87,206.69,0.047,17136.87,0,0
2024-10-29,广州天河店,智能家居,47,927.34,0.044,41667.24,0,0
2024-10-29,广州天河店,智能手机,76,4102.96,0.027,303405.69,0,0
2024-10-29,广州天河店,智能穿戴,38,1353.66,0.033,49741.59,0,0
2024-10-29,广州天河店,笔记本电脑,25,6717.71,0.04,161225.04,0,0
2024-10-29,广州天河店,配件耗材,109,205.03,0.161,18750.2,1,0
2024-10-29,成都春熙店,智能家居,30,923.7,0.022,27101.36,0,0
2024-10-29,成都春熙店,智能手机,44,4122.47,0.046,173044.8,0,0
2024-10-29,成都春熙店,智能穿戴,39,1343.43,0.006,52079.41,0,0
2024-10-29,成都春熙店,笔记本电脑,15,6703.12,0.034,97128.21,0,0
2024-10-29,成都春熙店,配件耗材,58,208.89,0.047,11546.19,0,0
2024-10-30,上海旗舰店,智能家居,53,933.41,0.016,48679.2,0,0
2024-10-30,上海旗舰店,智能手机,66,4158.09,0.041,263182.15,0,0
2024-10-30,上海旗舰店,智能穿戴,61,1363.88,0.007,82614.3,0,0
2024-10-30,上海旗舰店,笔记本电脑,36,6789.41,0.009,242218.99,0,0
2024-10-30,上海旗舰店,配件耗材,119,205.27,0.159,20543.22,1,0
2024-10-30,北京中关村店,智能家居,47,912.72,0.001,42854.94,0,0
2024-10-30,北京中关村店,智能手机,54,4109.47,0.036,213922.57,0,0
2024-10-30,北京中关村店,智能穿戴,43,1310.12,0.04,54081.75,0,0
2024-10-30,北京中关村店,笔记本电脑,30,6715.38,0.04,193402.94,0,0
2024-10-30,北京中关村店,配件耗材,130,207.07,0.162,22558.21,1,0
2024-10-30,广州天河店,智能家居,27,935.95,0.013,24942.13,0,0
2024-10-30,广州天河店,智能手机,49,4147.74,0.05,193077.3,0,0
2024-10-30,广州天河店,智能穿戴,39,1344.14,0.049,49852.81,0,0
2024-10-30,广州天河店,笔记本电脑,35,6808.91,0.033,230447.56,0,0
2024-10-30,广州天河店,配件耗材,79,203.5,0.01,15915.74,0,0
2024-10-30,成都春熙店,智能家居,25,930.53,0.034,22472.3,0,0
2024-10-30,成都春熙店,智能手机,67,4148.25,0.15,236242.84,1,0
2024-10-30,成都春熙店,智能穿戴,34,1349.3,0.044,43857.65,0,0
2024-10-30,成都春熙店,笔记本电脑,26,6767.53,0.106,157304.47,1,0
2024-10-30,成都春熙店,配件耗材,55,206.54,0.003,11325.62,0,0
2024-10-31,上海旗舰店,智能家居,56,933.51,0.016,51440.14,0,0
2024-10-31,上海旗舰店,智能手机,55,4227.68,0.02,227871.95,0,0
2024-10-31,上海旗舰店,智能穿戴,47,1346.08,0.001,63202.49,0,0
2024-10-31,上海旗舰店,笔记本电脑,32,6640.25,0.015,209300.68,0,0
2024-10-31,上海旗舰店,配件耗材,99,205.4,0.019,19948.24,0,0
2024-10-31,北京中关村店,智能家居,43,907.06,0.0,39003.58,0,0
2024-10-31,北京中关村店,智能手机,67,4112.01,0.017,270821.09,0,0
2024-10-31,北京中关村店,智能穿戴,39,1360.54,0.039,50991.68,0,0
2024-10-31,北京中关村店,笔记本电脑,26,6827.55,0.015,174853.56,0,0
2024-10-31,北京中关村店,配件耗材,122,205.51,0.105,22439.64,1,0
2024-10-31,广州天河店,智能家居,43,929.1,0.013,39431.93,0,0
2024-10-31,广州天河店,智能手机,58,4144.04,0.043,230019.08,0,0
2024-10-31,广州天河店,智能穿戴,42,1364.2,0.049,54488.88,0,0
2024-10-31,广州天河店,笔记本电脑,24,6638.52,0.016,156775.29,0,0
2024-10-31,广州天河店,配件耗材,91,205.02,0.006,18544.88,0,0
2024-10-31,成都春熙店,智能家居,35,917.67,0.003,32022.09,0,0
2024-10-31,成都春熙店,智能手机,73,4104.71,0.123,262787.64,1,0
2024-10-31,成都春熙店,智能穿戴,36,1362.72,0.023,47929.59,0,0
2024-10-31,成都春熙店,笔记本电脑,20,6757.37,0.044,129200.91,0,0
2024-10-31,成都春熙店,配件耗材,53,209.33,0.011,10972.45,0,0
2024-11-01,上海旗舰店,智能家居,69,937.16,0.005,64340.72,0,0
2024-11-01,上海旗舰店,智能手机,128,4062.56,0.081,477887.06,1,0
2024-11-01,上海旗舰店,智能穿戴,87,1357.19,0.182,96585.78,1,0
2024-11-01,上海旗舰店,笔记本电脑,34,6769.19,0.025,224398.65,0,0
2024-11-01,上海旗舰店,配件耗材,121,204.01,0.036,23796.54,0,0
2024-11-01,北京中关村店,智能家居,63,947.19,0.218,46664.26,1,0
2024-11-01,北京中关村店,智能手机,120,4158.08,0.118,440091.19,1,0
2024-11-01,北京中关村店,智能穿戴,58,1360.12,0.045,75337.05,0,0
2024-11-01,北京中关村店,笔记本电脑,35,6750.93,0.024,230611.77,0,0
2024-11-01,北京中关村店,配件耗材,153,209.13,0.182,26173.46,1,0
2024-11-01,广州天河店,智能家居,61,934.42,0.124,49931.67,1,0
2024-11-01,广州天河店,智能手机,94,4137.35,0.082,357020.21,1,0
2024-11-01,广州天河店,智能穿戴,51,1359.89,0.033,67065.7,0,0
2024-11-01,广州天河店,笔记本电脑,23,6819.58,0.048,149321.52,0,0
2024-11-01,广州天河店,配件耗材,132,202.81,0.103,24013.52,1,0
2024-11-01,成都春熙店,智能家居,41,932.04,0.195,30761.98,1,0
2024-11-01,成都春熙店,智能手机,66,4221.99,0.103,249950.25,1,0
2024-11-01,成都春熙店,智能穿戴,40,1331.07,0.009,52763.61,0,0
2024-11-01,成都春熙店,笔记本电脑,28,6677.23,0.009,185279.78,0,0
2024-11-01,成都春熙店,配件耗材,51,206.8,0.014,10399.14,0,0
2024-11-02,上海旗舰店,智能家居,83,918.92,0.177,62770.51,1,1
2024-11-02,上海旗舰店,智能手机,121,4132.78,0.182,409054.3,1,1
2024-11-02,上海旗舰店,智能穿戴,80,1346.81,0.022,105374.41,0,1
2024-11-02,上海旗舰店,笔记本电脑,41,6738.45,0.003,275447.62,0,1
2024-11-02,上海旗舰店,配件耗材,162,206.99,0.046,31989.89,0,1
2024-11-02,北京中关村店,智能家居,88,937.27,0.138,71097.55,1,1
2024-11-02,北京中关村店,智能手机,115,4119.32,0.161,397452.59,1,1
2024-11-02,北京中关村店,智能穿戴,84,1323.99,0.026,108323.57,0,1
2024-11-02,北京中关村店,笔记本电脑,54,6687.95,0.073,334785.4,1,1
2024-11-02,北京中关村店,配件耗材,142,204.33,0.015,28579.64,0,1
2024-11-02,广州天河店,智能家居,52,919.74,0.034,46200.38,0,1
2024-11-02,广州天河店,智能手机,101,4118.55,0.205,330698.97,1,1
2024-11-02,广州天河店,智能穿戴,64,1328.62,0.021,83246.01,0,1
2024-11-02,广州天河店,笔记本电脑,50,6721.73,0.132,291723.08,1,1
2024-11-02,广州天河店,配件耗材,153,205.79,0.182,25755.44,1,1
2024-11-02,成都春熙店,智能家居,46,937.41,0.106,38550.05,1,1
2024-11-02,成都春熙店,智能手机,52,4152.48,0.015,212690.03,0,1
2024-11-02,成都春熙店,智能穿戴,69,1354.08,0.108,83340.92,1,1
2024-11-02,成都春熙店,笔记本电脑,38,6820.22,0.114,229623.17,1,1
2024-11-02,成都春熙店,配件耗材,107,205.66,0.15,18704.78,1,1
2024-11-03,上海旗舰店,智能家居,84,940.57,0.149,67235.71,1,1
2024-11-03,上海旗舰店,智能手机,66,4138.51,0.05,259484.58,0,1
2024-11-03,上海旗舰店,智能穿戴,86,1365.82,0.215,92206.51,1,1
2024-11-03,上海旗舰店,笔记本电脑,36,6766.29,0.03,236278.85,0,1
2024-11-03,上海旗舰店,配件耗材,127,206.32,0.016,25783.4,0,1
2024-11-03,北京中关村店,智能家居,66,932.45,0.21,48617.94,1,1
2024-11-03,北京中关村店,智能手机,131,4160.93,0.195,438790.87,1,1
2024-11-03,北京中关村店,智能穿戴,69,1363.43,0.22,73379.8,1,1
2024-11-03,北京中关村店,笔记本电脑,43,6595.12,0.206,225170.59,1,1
2024-11-03,北京中关村店,配件耗材,164,206.43,0.095,30638.34,1,1
2024-11-03,广州天河店,智能家居,58,929.65,0.155,45562.15,1,1
2024-11-03,广州天河店,智能手机,76,4134.11,0.016,309165.28,0,1
2024-11-03,广州天河店,智能穿戴,48,1351.79,0.036,62550.03,0,1
2024-11-03,广州天河店,笔记本电脑,36,6781.92,0.044,233406.56,0,1
2024-11-03,广州天河店,配件耗材,101,204.92,0.031,20055.32,0,1
2024-11-03,成都春熙店,智能家居,27,936.97,0.045,24159.77,0,1
2024-11-03,成都春熙店,智能手机,93,4238.96,0.095,356772.07,1,1
2024-11-03,成都春熙店,智能穿戴,46,1353.6,0.008,61767.48,0,1
2024-11-03,成都春熙店,笔记本电脑,31,6806.35,0.128,183989.25,1,1
2024-11-03,成都春熙店,配件耗材,94,206.94,0.091,17682.2,1,1
2024-11-04,上海旗舰店,智能家居,91,930.32,0.172,70097.75,1,0
2024-11-04,上海旗舰店,智能手机,98,4058.28,0.023,388564.08,0,0
2024-11-04,上海旗舰店,智能穿戴,48,1346.98,0.0,64655.04,0,0
2024-11-04,上海旗舰店,笔记本电脑,36,6545.81,0.029,228815.33,0,0
2024-11-04,上海旗舰店,配件耗材,122,206.15,0.014,24798.2,0,0
2024-11-04,北京中关村店,智能家居,47,936.49,0.087,40185.72,1,0
2024-11-04,北京中关村店,智能手机,87,4148.38,0.049,343224.52,0,0
2024-11-04,北京中关村店,智能穿戴,78,1336.34,0.078,96104.23,1,0
2024-11-04,北京中关村店,笔记本电脑,31,6765.91,0.003,209113.98,0,0
2024-11-04,北京中关村店,配件耗材,102,209.02,0.031,20659.12,0,0
2024-11-04,广州天河店,智能家居,48,946.68,0.035,43850.22,0,0
2024-11-04,广州天河店,智能手机,123,4158.61,0.118,451150.96,1,0
2024-11-04,广州天河店,智能穿戴,56,1343.5,0.022,73580.81,0,0
2024-11-04,广州天河店,笔记本电脑,27,6785.14,0.005,182282.79,0,0
2024-11-04,广州天河店,配件耗材,104,207.83,0.034,20879.43,0,0
2024-11-04,成都春熙店,智能家居,45,945.11,0.149,36192.99,1,0
2024-11-04,成都春熙店,智能手机,81,4185.6,0.082,311232.84,1,0
2024-11-04,成都春熙店,智能穿戴,41,1340.83,0.039,52830.04,0,0
2024-11-04,成都春熙店,笔记本电脑,20,6762.42,0.001,135113.15,0,0
2024-11-04,成都春熙店,配件耗材,63,205.8,0.001,12952.43,0,0
2024-11-05,上海旗舰店,智能家居,54,937.93,0.007,50293.68,0,0
2024-11-05,上海旗舰店,智能手机,85,4098.97,0.02,341444.2,0,0
2024-11-05,上海旗舰店,智能穿戴,69,1347.91,0.028,90401.63,0,0
2024-11-05,上海旗舰店,笔记本电脑,36,6846.83,0.112,218879.46,1,0
2024-11-05,上海旗舰店,配件耗材,115,207.35,0.032,23082.2,0,0
2024-11-05,北京中关村店,智能家居,44,935.56,0.006,40917.65,0,0
2024-11-05,北京中关村店,智能手机,111,4166.11,0.132,401396.37,1,0
2024-11-05,北京中关村店,智能穿戴,48,1342.03,0.009,63837.68,0,0
2024-11-05,北京中关村店,笔记本电脑,41,6833.47,0.153,237305.91,1,0
2024-11-05,北京中关村店,配件耗材,135,201.89,0.192,22022.16,1,0
2024-11-05,广州天河店,智能家居,48,934.0,0.15,38107.2,1,0
2024-11-05,广州天河店,智能手机,69,4226.44,0.005,290166.24,0,0
2024-11-05,广州天河店,智能穿戴,42,1366.65,0.032,55562.52,0,0
2024-11-05,广州天河店,笔记本电脑,26,6757.65,0.008,174293.31,0,0
2024-11-05,广州天河店,配件耗材,101,205.14,0.037,19952.53,0,0
2024-11-05,成都春熙店,智能家居,37,921.8,0.047,32503.59,0,0
2024-11-05,成都春熙店,智能手机,56,4116.61,0.018,226380.62,0,0
2024-11-05,成都春熙店,智能穿戴,37,1334.55,0.029,47946.38,0,0
2024-11-05,成都春熙店,笔记本电脑,26,6803.17,0.119,155833.41,1,0
2024-11-05,成都春熙店,配件耗材,85,204.58,0.066,16241.61,1,0
2024-11-06,上海旗舰店,智能家居,102,915.3,0.165,77956.1,1,0
2024-11-06,上海旗舰店,智能手机,123,4109.18,0.096,456907.94,1,0
2024-11-06,上海旗舰店,智能穿戴,77,1347.94,0.206,82410.36,1,0
2024-11-06,上海旗舰店,笔记本电脑,29,6735.15,0.044,186725.3,0,0
2024-11-06,上海旗舰店,配件耗材,121,210.04,0.116,22466.72,1,0
2024-11-06,北京中关村店,智能家居,67,923.24,0.062,58021.94,1,0
2024-11-06,北京中关村店,智能手机,92,4067.94,0.096,338322.43,1,0
2024-11-06,北京中关村店,智能穿戴,51,1375.88,0.032,67924.44,0,0
2024-11-06,北京中关村店,笔记本电脑,30,6675.25,0.014,197453.89,0,0
2024-11-06,北京中关村店,配件耗材,119,207.87,0.044,23648.12,0,0
2024-11-06,广州天河店,智能家居,34,934.29,0.014,31321.14,0,0
2024-11-06,广州天河店,智能手机,71,4171.6,0.033,286409.54,0,0
2024-11-06,广州天河店,智能穿戴,45,1347.77,0.045,57920.42,0,0
2024-11-06,广州天河店,笔记本电脑,34,6780.33,0.126,201484.29,1,0
2024-11-06,广州天河店,配件耗材,141,207.21,0.193,23577.8,1,0
2024-11-06,成都春熙店,智能家居,42,932.32,0.195,31521.74,1,0
2024-11-06,成都春熙店,智能手机,55,4187.56,0.025,224557.9,0,0
2024-11-06,成都春熙店,智能穿戴,39,1331.68,0.023,50741.0,0,0
2024-11-06,成都春熙店,笔记本电脑,22,6827.19,0.0,150198.18,0,0
2024-11-06,成都春熙店,配件耗材,70,204.78,0.04,13761.22,0,0
2024-11-07,上海旗舰店,智能家居,79,924.17,0.066,68190.81,1,0
2024-11-07,上海旗舰店,智能手机,94,4143.89,0.044,372386.53,0,0
2024-11-07,上海旗舰店,智能穿戴,77,1353.34,0.003,103894.56,0,0
2024-11-07,上海旗舰店,笔记本电脑,38,6697.91,0.029,247139.48,0,0
2024-11-07,上海旗舰店,配件耗材,134,201.88,0.134,23426.96,1,0
2024-11-07,北京中关村店,智能家居,71,947.87,0.13,58549.93,1,0
2024-11-07,北京中关村店,智能手机,113,4213.88,0.163,398552.98,1,0
2024-11-07,北京中关村店,智能穿戴,81,1334.93,0.176,89098.57,1,0
2024-11-07,北京中关村店,笔记本电脑,42,6731.29,0.117,249636.62,1,0
2024-11-07,北京中关村店,配件耗材,176,208.78,0.12,32335.85,1,0
2024-11-07,广州天河店,智能家居,59,934.88,0.159,46387.81,1,0
2024-11-07,广州天河店,智能手机,73,4120.78,0.036,289987.53,0,0
2024-11-07,广州天河店,智能穿戴,55,1340.55,0.113,65398.73,1,0
2024-11-07,广州天河店,笔记本电脑,26,6759.81,0.027,171009.67,0,0
2024-11-07,广州天河店,配件耗材,142,205.5,0.179,23957.6,1,0
2024-11-07,成都春熙店,智能家居,50,927.72,0.136,40077.5,1,0
2024-11-07,成都春熙店,智能手机,45,4165.04,0.005,186489.67,0,0
2024-11-07,成都春熙店,智能穿戴,38,1340.91,0.021,49884.53,0,0
2024-11-07,成都春熙店,笔记本电脑,22,6610.79,0.034,140492.51,0,0
2024-11-07,成都春熙店,配件耗材,95,207.19,0.148,16769.96,1,0
2024-11-08,上海旗舰店,智能家居,61,944.22,0.015,56733.46,0,0
2024-11-08,上海旗舰店,智能手机,71,4171.59,0.047,282262.29,0,0
2024-11-08,上海旗舰店,智能穿戴,67,1360.57,0.036,87876.5,0,0
2024-11-08,上海旗舰店,笔记本电脑,28,6642.52,0.015,183200.7,0,0
2024-11-08,上海旗舰店,配件耗材,127,202.44,0.025,25067.13,0,0
2024-11-08,北京中关村店,智能家居,62,919.25,0.218,44568.92,1,0
2024-11-08,北京中关村店,智能手机,69,4178.08,0.034,278485.74,0,0
2024-11-08,北京中关村店,智能穿戴,68,1359.12,0.135,79943.44,1,0
2024-11-08,北京中关村店,笔记本电脑,40,6802.35,0.162,228014.77,1,0
2024-11-08,北京中关村店,配件耗材,95,207.23,0.004,19608.1,0,0
2024-11-08,广州天河店,智能家居,57,931.45,0.038,51075.13,0,0
2024-11-08,广州天河店,智能手机,94,4175.88,0.025,382719.4,0,0
2024-11-08,广州天河店,智能穿戴,67,1366.33,0.019,89804.77,0,0
2024-11-08,广州天河店,笔记本电脑,30,6759.45,0.0,202783.5,0,0
2024-11-08,广州天河店,配件耗材,97,202.76,0.038,18920.35,0,0
2024-11-08,成都春熙店,智能家居,48,938.98,0.165,37634.32,1,0
2024-11-08,成都春熙店,智能手机,47,4125.4,0.012,191567.07,0,0
2024-11-08,成都春熙店,智能穿戴,69,1325.15,0.184,74611.25,1,0
2024-11-08,成都春熙店,笔记本电脑,28,6768.08,0.032,183442.04,0,0
2024-11-08,成都春熙店,配件耗材,92,209.63,0.207,15293.77,1,0
2024-11-09,上海旗舰店,智能家居,77,931.85,0.047,68380.08,0,1
2024-11-09,上海旗舰店,智能手机,122,4134.04,0.091,458456.77,1,1
2024-11-09,上海旗舰店,智能穿戴,60,1356.12,0.041,78031.14,0,1
2024-11-09,上海旗舰店,笔记本电脑,48,6615.7,0.186,258488.63,1,1
2024-11-09,上海旗舰店,配件耗材,123,202.62,0.004,24822.57,0,1
2024-11-09,北京中关村店,智能家居,90,933.69,0.089,76553.24,1,1
2024-11-09,北京中关村店,智能手机,99,4152.33,0.008,407792.02,0,1
2024-11-09,北京中关村店,智能穿戴,66,1347.85,0.007,88335.39,0,1
2024-11-09,北京中关村店,笔记本电脑,60,6695.0,0.093,364341.9,1,1
2024-11-09,北京中关村店,配件耗材,185,205.5,0.204,30261.93,1,1
2024-11-09,广州天河店,智能家居,58,952.88,0.027,53774.83,0,1
2024-11-09,广州天河店,智能手机,95,4256.97,0.029,392684.2,0,1
2024-11-09,广州天河店,智能穿戴,66,1342.53,0.166,73898.22,1,1
2024-11-09,广州天河店,笔记本电脑,49,6726.97,0.215,258752.9,1,1
2024-11-09,广州天河店,配件耗材,120,206.07,0.008,24530.57,0,1
2024-11-09,成都春熙店,智能家居,54,952.31,0.145,43968.15,1,1
2024-11-09,成都春熙店,智能手机,61,4121.3,0.038,241846.13,0,1
2024-11-09,成都春熙店,智能穿戴,71,1327.76,0.021,92291.27,0,1
2024-11-09,成都春熙店,笔记本电脑,30,6753.31,0.021,198344.71,0,1
2024-11-09,成都春熙店,配件耗材,66,207.05,0.038,13146.02,0,1
2024-11-10,上海旗舰店,智能家居,62,943.92,0.039,56240.64,0,1
2024-11-10,上海旗舰店,智能手机,85,4183.26,0.034,343487.48,0,1
2024-11-10,上海旗舰店,智能穿戴,72,1353.86,0.002,97282.96,0,1
2024-11-10,上海旗舰店,笔记本电脑,69,6737.68,0.132,403533.13,1,1
2024-11-10,上海旗舰店,配件耗材,129,207.1,0.028,25967.85,0,1
2024-11-10,北京中关村店,智能家居,74,945.86,0.101,62924.28,1,1
2024-11-10,北京中关村店,智能手机,86,4182.58,0.024,351069.03,0,1
2024-11-10,北京中关村店,智能穿戴,76,1351.57,0.006,102103.0,0,1
2024-11-10,北京中关村店,笔记本电脑,38,6685.89,0.048,241868.76,0,1
2024-11-10,北京中关村店,配件耗材,178,205.2,0.19,29585.74,1,1
2024-11-10,广州天河店,智能家居,84,939.25,0.136,68167.01,1,1
2024-11-10,广州天河店,智能手机,86,4184.21,0.009,356603.48,0,1
2024-11-10,广州天河店,智能穿戴,69,1343.19,0.209,73309.97,1,1
2024-11-10,广州天河店,笔记本电脑,31,6786.02,0.013,207631.85,0,1
2024-11-10,广州天河店,配件耗材,150,209.83,0.11,28012.31,1,1
2024-11-10,成都春熙店,智能家居,52,928.82,0.043,46221.8,0,1
2024-11-10,成都春熙店,智能手机,69,4180.67,0.02,282696.91,0,1
2024-11-10,成都春熙店,智能穿戴,50,1355.58,0.07,63034.47,1,1
2024-11-10,成都春熙店,笔记本电脑,20,6770.9,0.049,128782.52,0,1
2024-11-10,成都春熙店,配件耗材,77,208.05,0.031,15523.23,0,1
2024-11-11,上海旗舰店,智能家居,60,916.91,0.034,53144.1,0,0
2024-11-11,上海旗舰店,智能手机,115,4102.57,0.206,374605.67,1,0
2024-11-11,上海旗舰店,智能穿戴,82,1370.21,0.118,99099.07,1,0
2024-11-11,上海旗舰店,笔记本电脑,45,6887.35,0.05,294434.21,0,0
2024-11-11,上海旗舰店,配件耗材,104,207.34,0.025,21024.28,0,0
2024-11-11,北京中关村店,智能家居,48,923.95,0.049,42176.47,0,0
2024-11-11,北京中关村店,智能手机,61,4201.91,0.014,252728.08,0,0
2024-11-11,北京中关村店,智能穿戴,67,1371.79,0.082,84373.32,1,0
2024-11-11,北京中关村店,笔记本电脑,44,6725.28,0.15,251525.47,1,0
2024-11-11,北京中关村店,配件耗材,104,207.08,0.034,20804.09,0,0
2024-11-11,广州天河店,智能家居,49,914.07,0.006,44520.69,0,0
2024-11-11,广州天河店,智能手机,100,4193.4,0.154,354761.64,1,0
2024-11-11,广州天河店,智能穿戴,49,1359.39,0.046,63546.04,0,0
2024-11-11,广州天河店,笔记本电脑,29,6798.84,0.002,196772.03,0,0
2024-11-11,广州天河店,配件耗材,93,205.32,0.026,18598.3,0,0
2024-11-11,成都春熙店,智能家居,28,933.3,0.023,25531.35,0,0
2024-11-11,成都春熙店,智能手机,58,4160.63,0.027,234800.99,0,0
2024-11-11,成都春熙店,智能穿戴,50,1330.83,0.206,52833.95,1,0
2024-11-11,成都春熙店,笔记本电脑,33,6716.78,0.208,175549.76,1,0
2024-11-11,成都春熙店,配件耗材,99,208.43,0.132,17910.81,1,0
2024-11-12,上海旗舰店,智能家居,79,913.21,0.115,63847.08,1,0
2024-11-12,上海旗舰店,智能手机,95,4180.93,0.104,355880.76,1,0
2024-11-12,上海旗舰店,智能穿戴,59,1368.75,0.049,76799.19,0,0
2024-11-12,上海旗舰店,笔记本电脑,30,6740.06,0.031,195933.54,0,0
2024-11-12,上海旗舰店,配件耗材,104,205.56,0.024,20865.16,0,0
2024-11-12,北京中关村店,智能家居,53,926.89,0.046,46865.41,0,0
2024-11-12,北京中关村店,智能手机,84,4176.14,0.016,345183.03,0,0
2024-11-12,北京中关村店,智能穿戴,48,1384.47,0.008,65922.92,0,0
2024-11-12,北京中关村店,笔记本电脑,34,6665.64,0.028,220286.07,0,0
2024-11-12,北京中关村店,配件耗材,150,205.69,0.132,26780.84,1,0
2024-11-12,广州天河店,智能家居,45,940.43,0.008,41980.8,0,0
2024-11-12,广州天河店,智能手机,86,4115.87,0.122,310781.11,1,0
2024-11-12,广州天河店,智能穿戴,44,1362.36,0.009,59404.35,0,0
2024-11-12,广州天河店,笔记本电脑,40,6687.44,0.155,226035.47,1,0
2024-11-12,广州天河店,配件耗材,134,205.96,0.128,24066.01,1,0
2024-11-12,成都春熙店,智能家居,30,937.96,0.004,28026.24,0,0
2024-11-12,成都春熙店,智能手机,64,4102.23,0.024,256241.69,0,0
2024-11-12,成都春熙店,智能穿戴,33,1333.67,0.024,42954.84,0,0
2024-11-12,成都春熙店,笔记本电脑,19,6786.59,0.034,124561.07,0,0
2024-11-12,成都春熙店,配件耗材,54,207.92,0.005,11171.54,0,0
2024-11-13,上海旗舰店,智能家居,55,934.79,0.026,50076.7,0,0
2024-11-13,上海旗舰店,智能手机,81,4150.58,0.013,331826.42,0,0
2024-11-13,上海旗舰店,智能穿戴,64,1364.75,0.001,87256.66,0,0
2024-11-13,上海旗舰店,笔记本电脑,36,6761.67,0.05,231249.11,0,0
2024-11-13,上海旗舰店,配件耗材,101,208.85,0.026,20545.41,0,0
2024-11-13,北京中关村店,智能家居,43,936.97,0.03,39081.02,0,0
2024-11-13,北京中关村店,智能手机,75,4137.19,0.034,299739.42,0,0
2024-11-13,北京中关村店,智能穿戴,57,1365.64,0.021,76206.81,0,0
2024-11-13,北京中关村店,笔记本电脑,42,6783.0,0.155,240728.67,1,0
2024-11-13,北京中关村店,配件耗材,101,202.96,0.038,19720.0,0,0
2024-11-13,广州天河店,智能家居,63,926.54,0.144,49966.45,1,0
2024-11-13,广州天河店,智能手机,74,4134.14,0.032,296136.72,0,0
2024-11-13,广州天河店,智能穿戴,53,1351.22,0.026,69752.68,0,0
2024-11-13,广州天河店,笔记本电脑,37,6742.55,0.004,248476.45,0,0
2024-11-13,广州天河店,配件耗材,84,204.66,0.019,16864.8,0,0
2024-11-13,成都春熙店,智能家居,31,937.41,0.044,27781.08,0,0
2024-11-13,成都春熙店,智能手机,62,4124.98,0.04,245518.81,0,0
2024-11-13,成都春熙店,智能穿戴,42,1346.35,0.009,56037.78,0,0
2024-11-13,成都春熙店,笔记本电脑,26,6786.97,0.117,155815.26,1,0
2024-11-13,成都春熙店,配件耗材,74,207.52,0.116,13575.13,1,0
2024-11-14,上海旗舰店,智能家居,71,925.21,0.02,64376.11,0,0
2024-11-14,上海旗舰店,智能手机,85,4059.68,0.011,341277.0,0,0
2024-11-14,上海旗舰店,智能穿戴,61,1359.57,0.035,80031.09,0,0
2024-11-14,上海旗舰店,笔记本电脑,38,6676.51,0.013,250409.18,0,0
2024-11-14,上海旗舰店,配件耗材,150,209.92,0.007,31267.58,0,0
2024-11-14,北京中关村店,智能家居,45,924.82,0.048,39619.29,0,0
2024-11-14,北京中关村店,智能手机,110,4151.99,0.117,403282.79,1,0
2024-11-14,北京中关村店,智能穿戴,68,1354.72,0.034,88988.85,0,0
2024-11-14,北京中关村店,笔记本电脑,37,6749.24,0.019,244977.16,0,0
2024-11-14,北京中关村店,配件耗材,114,207.63,0.005,23551.47,0,0
2024-11-14,广州天河店,智能家居,44,937.82,0.043,39489.72,0,0
2024-11-14,广州天河店,智能手机,76,4153.56,0.166,263269.25,1,0
2024-11-14,广州天河店,智能穿戴,65,1358.11,0.192,71327.94,1,0
2024-11-14,广州天河店,笔记本电脑,29,6717.72,0.026,189748.72,0,0
2024-11-14,广州天河店,配件耗材,120,204.79,0.144,21036.03,1,0
2024-11-14,成都春熙店,智能家居,58,941.36,0.028,53070.11,0,0
2024-11-14,成都春熙店,智能手机,65,4179.39,0.097,245309.3,1,0
2024-11-14,成都春熙店,智能穿戴,39,1315.65,0.041,49206.63,0,0
2024-11-14,成都春熙店,笔记本电脑,22,6629.41,0.017,143367.62,0,0
2024-11-14,成都春熙店,配件耗材,65,202.45,0.018,12922.38,0,0
2024-11-15,上海旗舰店,智能家居,74,950.31,0.216,55133.18,1,0
2024-11-15,上海旗舰店,智能手机,118,4122.89,0.093,441256.43,1,0
2024-11-15,上海旗舰店,智能穿戴,78,1338.62,0.015,102846.17,0,0
2024-11-15,上海旗舰店,笔记本电脑,51,6843.1,0.066,325964.23,1,0
2024-11-15,上海旗舰店,配件耗材,117,210.79,0.036,23774.58,0,0
2024-11-15,北京中关村店,智能家居,56,948.55,0.021,52003.31,0,0
2024-11-15,北京中关村店,智能手机,99,4205.69,0.07,387217.88,1,0
2024-11-15,北京中关村店,智能穿戴,68,1360.89,0.04,88838.9,0,0
2024-11-15,北京中关村店,笔记本电脑,39,6710.84,0.001,261461.04,0,0
2024-11-15,北京中关村店,配件耗材,141,205.69,0.165,24216.91,1,0
2024-11-15,广州天河店,智能家居,54,919.48,0.023,48509.93,0,0
2024-11-15,广州天河店,智能手机,102,4112.22,0.193,338493.28,1,0
2024-11-15,广州天河店,智能穿戴,38,1365.12,0.047,49436.46,0,0
2024-11-15,广州天河店,笔记本电脑,24,6629.83,0.021,155774.49,0,0
2024-11-15,广州天河店,配件耗材,176,207.29,0.004,36337.11,0,0
2024-11-15,成都春熙店,智能家居,33,957.04,0.004,31455.99,0,0
2024-11-15,成都春熙店,智能手机,57,4132.07,0.038,226577.93,0,0
2024-11-15,成都春熙店,智能穿戴,64,1347.26,0.186,70186.86,1,0
2024-11-15,成都春熙店,笔记本电脑,34,6782.32,0.082,211689.77,1,0
2024-11-15,成都春熙店,配件耗材,68,208.0,0.039,13592.38,0,0
2024-11-16,上海旗舰店,智能家居,74,928.23,0.022,67177.86,0,1
2024-11-16,上海旗舰店,智能手机,99,4111.66,0.18,333784.56,1,1
2024-11-16,上海旗舰店,智能穿戴,108,1374.29,0.174,122597.66,1,1
2024-11-16,上海旗舰店,笔记本电脑,47,6733.74,0.161,265531.57,1,1
2024-11-16,上海旗舰店,配件耗材,156,205.48,0.181,26252.95,1,1
2024-11-16,北京中关村店,智能家居,48,944.16,0.039,43552.21,0,1
2024-11-16,北京中关村店,智能手机,143,4221.61,0.214,474500.52,1,1
2024-11-16,北京中关村店,智能穿戴,60,1352.46,0.023,79281.21,0,1
2024-11-16,北京中关村店,笔记本电脑,41,6654.14,0.013,269273.08,0,1
2024-11-16,北京中关村店,配件耗材,152,206.89,0.028,30566.76,0,1
2024-11-16,广州天河店,智能家居,68,937.07,0.065,59578.91,1,1
2024-11-16,广州天河店,智能手机,78,4158.0,0.023,316864.55,0,1
2024-11-16,广州天河店,智能穿戴,70,1344.12,0.122,82609.62,1,1
2024-11-16,广州天河店,笔记本电脑,34,6751.09,0.007,227930.3,0,1
2024-11-16,广州天河店,配件耗材,107,205.39,0.027,21383.36,0,1
2024-11-16,成都春熙店,智能家居,60,933.6,0.169,46549.3,1,1
2024-11-16,成都春熙店,智能手机,53,4163.65,0.05,209639.78,0,1
2024-11-16,成都春熙店,智能穿戴,37,1336.07,0.014,48742.51,0,1
2024-11-16,成都春熙店,笔记本电脑,22,6684.11,0.038,141462.5,0,1
2024-11-16,成都春熙店,配件耗材,82,204.65,0.184,13693.54,1,1
2024-11-17,上海旗舰店,智能家居,98,940.03,0.198,73882.6,1,1
2024-11-17,上海旗舰店,智能手机,78,4122.74,0.024,313855.95,0,1
2024-11-17,上海旗舰店,智能穿戴,90,1347.84,0.024,118394.27,0,1
2024-11-17,上海旗舰店,笔记本电脑,46,6637.9,0.156,257709.83,1,1
2024-11-17,上海旗舰店,配件耗材,179,208.18,0.173,30817.51,1,1
2024-11-17,北京中关村店,智能家居,79,937.88,0.077,68387.4,1,1
2024-11-17,北京中关村店,智能手机,123,4216.24,0.151,440289.29,1,1
2024-11-17,北京中关村店,智能穿戴,62,1352.04,0.031,81227.86,0,1
2024-11-17,北京中关村店,笔记本电脑,36,6777.5,0.017,239842.17,0,1
2024-11-17,北京中关村店,配件耗材,97,206.03,0.024,19505.27,0,1
2024-11-17,广州天河店,智能家居,66,941.1,0.2,49690.08,1,1
2024-11-17,广州天河店,智能手机,101,4153.88,0.21,331438.09,1,1
2024-11-17,广州天河店,智能穿戴,53,1351.76,0.039,68849.19,0,1
2024-11-17,广州天河店,笔记本电脑,45,6666.82,0.033,290106.67,0,1
2024-11-17,广州天河店,配件耗材,112,207.33,0.08,21363.28,1,1
2024-11-17,成都春熙店,智能家居,33,934.52,0.041,29574.75,0,1
2024-11-17,成都春熙店,智能手机,50,4191.25,0.047,199713.06,0,1
2024-11-17,成都春熙店,智能穿戴,53,1352.26,0.075,66294.55,1,1
2024-11-17,成都春熙店,笔记本电脑,24,6670.01,0.005,159279.84,0,1
2024-11-17,成都春熙店,配件耗材,60,203.87,0.037,11779.61,0,1
2024-11-18,上海旗舰店,智能家居,55,935.85,0.017,50596.73,0,0
2024-11-18,上海旗舰店,智能手机,88,4219.05,0.021,363479.6,0,0
2024-11-18,上海旗舰店,智能穿戴,52,1354.86,0.001,70382.27,0,0
2024-11-18,上海旗舰店,笔记本电脑,30,6659.95,0.037,192405.96,0,0
2024-11-18,上海旗舰店,配件耗材,141,208.42,0.107,26242.79,1,0
2024-11-18,北京中关村店,智能家居,41,933.17,0.028,37188.69,0,0
2024-11-18,北京中关村店,智能手机,77,4263.06,0.042,314468.88,0,0
2024-11-18,北京中关村店,智能穿戴,42,1335.89,0.047,53470.33,0,0
2024-11-18,北京中关村店,笔记本电脑,41,6711.19,0.022,269105.3,0,0
2024-11-18,北京中关村店,配件耗材,125,206.02,0.026,25082.93,0,0
2024-11-18,广州天河店,智能家居,74,932.33,0.153,58436.58,1,0
2024-11-18,广州天河店,智能手机,89,4228.84,0.012,371850.36,0,0
2024-11-18,广州天河店,智能穿戴,72,1338.04,0.193,77745.48,1,0
2024-11-18,广州天河店,笔记本电脑,23,6658.74,0.018,150394.3,0,0
2024-11-18,广州天河店,配件耗材,85,205.99,0.028,17018.89,0,0
2024-11-18,成都春熙店,智能家居,31,927.97,0.026,28019.13,0,0
2024-11-18,成都春熙店,智能手机,47,4132.02,0.034,187601.97,0,0
2024-11-18,成都春熙店,智能穿戴,61,1348.52,0.206,65314.22,1,0
2024-11-18,成都春熙店,笔记本电脑,19,6820.13,0.007,128675.39,0,0
2024-11-18,成都春熙店,配件耗材,62,207.46,0.015,12669.58,0,0
2024-11-19,上海旗舰店,智能家居,72,952.38,0.153,58079.94,1,0
2024-11-19,上海旗舰店,智能手机,95,4094.94,0.038,374236.57,0,0
2024-11-19,上海旗舰店,智能穿戴,92,1352.1,0.202,99265.77,1,0
2024-11-19,上海旗舰店,笔记本电脑,31,6787.18,0.035,203038.49,0,0
2024-11-19,上海旗舰店,配件耗材,151,206.69,0.163,26122.93,1,0
2024-11-19,北京中关村店,智能家居,41,906.35,0.045,35488.13,0,0
2024-11-19,北京中关村店,智能手机,119,4145.59,0.069,459285.77,1,0
2024-11-19,北京中关村店,智能穿戴,53,1346.23,0.116,63073.57,1,0
2024-11-19,北京中关村店,笔记本电脑,34,6643.32,0.012,223162.41,0,0
2024-11-19,北京中关村店,配件耗材,173,203.62,0.097,31809.31,1,0
2024-11-19,广州天河店,智能家居,47,933.69,0.031,42523.04,0,0
2024-11-19,广州天河店,智能手机,108,4217.7,0.145,389462.42,1,0
2024-11-19,广州天河店,智能穿戴,66,1359.88,0.187,72968.44,1,0
2024-11-19,广州天河店,笔记本电脑,33,6572.88,0.098,195648.35,1,0
2024-11-19,广州天河店,配件耗材,130,206.95,0.108,23997.92,1,0
2024-11-19,成都春熙店,智能家居,34,917.07,0.004,31055.66,0,0
2024-11-19,成都春熙店,智能手机,72,4132.69,0.135,257383.93,1,0
2024-11-19,成都春熙店,智能穿戴,34,1347.7,0.007,45501.05,0,0
2024-11-19,成都春熙店,笔记本电脑,16,6803.65,0.008,107987.53,0,0
2024-11-19,成都春熙店,配件耗材,75,206.09,0.188,12550.88,1,0
2024-11-20,上海旗舰店,智能家居,70,933.57,0.125,57181.16,1,0
2024-11-20,上海旗舰店,智能手机,120,4145.44,0.134,430794.12,1,0
2024-11-20,上海旗舰店,智能穿戴,69,1347.92,0.018,91332.36,0,0
2024-11-20,上海旗舰店,笔记本电脑,54,6792.3,0.067,342209.66,1,0
2024-11-20,上海旗舰店,配件耗材,112,205.96,0.183,18846.16,1,0
2024-11-20,北京中关村店,智能家居,48,934.99,0.013,44296.09,0,0
2024-11-20,北京中关村店,智能手机,90,4228.51,0.151,323100.45,1,0
2024-11-20,北京中关村店,智能穿戴,65,1351.88,0.001,87784.33,0,0
2024-11-20,北京中关村店,笔记本电脑,60,6709.52,0.039,386870.92,0,0
2024-11-20,北京中关村店,配件耗材,111,208.65,0.005,23044.35,0,0
2024-11-20,广州天河店,智能家居,43,917.64,0.003,39340.14,0,0
2024-11-20,广州天河店,智能手机,85,4214.48,0.12,315243.1,1,0
2024-11-20,广州天河店,智能穿戴,48,1349.38,0.022,63345.29,0,0
2024-11-20,广州天河店,笔记本电脑,27,6600.9,0.046,170025.98,0,0
2024-11-20,广州天河店,配件耗材,120,207.19,0.158,20934.48,1,0
2024-11-20,成都春熙店,智能家居,31,935.54,0.043,27754.67,0,0
2024-11-20,成都春熙店,智能手机,60,4143.49,0.003,247863.57,0,0
2024-11-20,成都春熙店,智能穿戴,48,1343.24,0.178,52998.88,1,0
2024-11-20,成都春熙店,笔记本电脑,22,6925.93,0.006,151456.24,0,0
2024-11-20,成都春熙店,配件耗材,77,209.47,0.067,15048.53,1,0
2024-11-21,上海旗舰店,智能家居,55,959.13,0.007,52382.88,0,0
2024-11-21,上海旗舰店,智能手机,82,4158.23,0.013,336542.19,0,0
2024-11-21,上海旗舰店,智能穿戴,75,1351.46,0.157,85446.06,1,0
2024-11-21,上海旗舰店,笔记本电脑,56,6820.71,0.176,314734.84,1,0
2024-11-21,上海旗舰店,配件耗材,168,207.05,0.175,28697.13,1,0
2024-11-21,北京中关村店,智能家居,55,924.47,0.077,46930.72,1,0
2024-11-21,北京中关村店,智能手机,75,4072.86,0.024,298133.35,0,0
2024-11-21,北京中关村店,智能穿戴,52,1355.74,0.004,70216.49,0,0
2024-11-21,北京中关村店,笔记本电脑,36,6709.74,0.044,230922.41,0,0
2024-11-21,北京中关村店,配件耗材,154,204.62,0.177,25933.95,1,0
2024-11-21,广州天河店,智能家居,58,943.97,0.178,45004.71,1,0
2024-11-21,广州天河店,智能手机,65,4181.37,0.017,267168.64,0,0
2024-11-21,广州天河店,智能穿戴,48,1357.79,0.001,65108.75,0,0
2024-11-21,广州天河店,笔记本电脑,31,6766.47,0.045,200321.34,0,0
2024-11-21,广州天河店,配件耗材,120,208.73,0.061,23519.7,1,0
2024-11-21,成都春熙店,智能家居,36,917.97,0.035,31890.28,0,0
2024-11-21,成都春熙店,智能手机,45,4160.23,0.038,180096.36,0,0
2024-11-21,成都春熙店,智能穿戴,56,1307.48,0.068,68240.0,1,0
2024-11-21,成都春熙店,笔记本电脑,30,6639.43,0.189,161537.33,1,0
2024-11-21,成都春熙店,配件耗材,66,203.78,0.036,12965.3,0,0
2024-11-22,上海旗舰店,智能家居,80,941.02,0.121,66172.53,1,0
2024-11-22,上海旗舰店,智能手机,131,4168.91,0.02,535204.67,0,0
2024-11-22,上海旗舰店,智能穿戴,72,1335.83,0.05,91370.77,0,0
2024-11-22,上海旗舰店,笔记本电脑,35,6732.19,0.038,226672.84,0,0
2024-11-22,上海旗舰店,配件耗材,169,207.7,0.101,31556.07,1,0
2024-11-22,北京中关村店,智能家居,63,943.11,0.047,56623.38,0,0
2024-11-22,北京中关村店,智能手机,146,4210.14,0.198,492973.71,1,0
2024-11-22,北京中关村店,智能穿戴,67,1352.01,0.022,88591.81,0,0
2024-11-22,北京中关村店,笔记本电脑,94,6787.93,0.13,555116.92,1,0
2024-11-22,北京中关村店,配件耗材,152,209.93,0.198,25591.31,1,0
2024-11-22,广州天河店,智能家居,61,937.83,0.027,55663.02,0,0
2024-11-22,广州天河店,智能手机,85,4139.74,0.061,330413.35,1,0
2024-11-22,广州天河店,智能穿戴,52,1351.56,0.015,69226.9,0,0
2024-11-22,广州天河店,笔记本电脑,41,6657.64,0.02,267503.98,0,0
2024-11-22,广州天河店,配件耗材,109,206.92,0.032,21832.54,0,0
2024-11-22,成都春熙店,智能家居,40,930.67,0.091,33839.16,1,0
2024-11-22,成都春熙店,智能手机,78,4130.22,0.157,271578.49,1,0
2024-11-22,成都春熙店,智能穿戴,65,1350.02,0.108,78274.16,1,0
2024-11-22,成都春熙店,笔记本电脑,34,6783.11,0.095,208716.29,1,0
2024-11-22,成都春熙店,配件耗材,128,211.1,0.07,25129.34,1,0
2024-11-23,上海旗舰店,智能家居,84,941.52,0.036,76240.52,0,1
2024-11-23,上海旗舰店,智能手机,135,4204.77,0.086,518826.57,1,1
2024-11-23,上海旗舰店,智能穿戴,89,1347.9,0.039,115284.54,0,1
2024-11-23,上海旗舰店,笔记本电脑,38,6711.74,0.03,247394.74,0,1
2024-11-23,上海旗舰店,配件耗材,204,209.55,0.182,34968.03,1,1
2024-11-23,北京中关村店,智能家居,81,925.7,0.158,63134.59,1,1
2024-11-23,北京中关村店,智能手机,141,4103.4,0.182,473277.95,1,1
2024-11-23,北京中关村店,智能穿戴,59,1335.17,0.03,76411.78,0,1
2024-11-23,北京中关村店,笔记本电脑,40,6878.45,0.001,274862.86,0,1
2024-11-23,北京中关村店,配件耗材,193,207.41,0.186,32584.53,1,1
2024-11-23,广州天河店,智能家居,45,925.58,0.043,39860.1,0,1
2024-11-23,广州天河店,智能手机,99,4167.47,0.155,348629.7,1,1
2024-11-23,广州天河店,智能穿戴,63,1369.14,0.025,84099.42,0,1
2024-11-23,广州天河店,笔记本电脑,43,6737.75,0.036,279293.21,0,1
2024-11-23,广州天河店,配件耗材,143,209.56,0.175,24722.84,1,1
2024-11-23,成都春熙店,智能家居,45,929.11,0.085,38256.1,1,1
2024-11-23,成都春熙店,智能手机,58,4148.1,0.04,230966.21,0,1
2024-11-23,成都春熙店,智能穿戴,47,1339.4,0.03,61063.25,0,1
2024-11-23,成都春熙店,笔记本电脑,33,6869.6,0.082,208107.66,1,1
2024-11-23,成都春熙店,配件耗材,76,207.56,0.192,12745.84,1,1
2024-11-24,上海旗舰店,智能家居,90,933.02,0.156,70872.2,1,1
2024-11-24,上海旗舰店,智能手机,70,4171.99,0.043,279481.61,0,1
2024-11-24,上海旗舰店,智能穿戴,87,1356.38,0.002,117769.05,0,1
2024-11-24,上海旗舰店,笔记本电脑,40,6742.26,0.004,268611.64,0,1
2024-11-24,上海旗舰店,配件耗材,157,204.05,0.121,28159.51,1,1
2024-11-24,北京中关村店,智能家居,80,923.05,0.116,65278.1,1,1
2024-11-24,北京中关村店,智能手机,120,4166.03,0.126,436933.23,1,1
2024-11-24,北京中关村店,智能穿戴,127,1353.32,0.13,149528.33,1,1
2024-11-24,北京中关村店,笔记本电脑,38,6673.62,0.05,240917.68,0,1
2024-11-24,北京中关村店,配件耗材,126,205.54,0.049,24629.04,0,1
2024-11-24,广州天河店,智能家居,74,929.1,0.2,55002.72,1,1
2024-11-24,广州天河店,智能手机,126,4253.06,0.009,531062.59,0,1
2024-11-24,广州天河店,智能穿戴,55,1334.27,0.041,70376.07,0,1
2024-11-24,广州天河店,笔记本电脑,50,6664.32,0.076,307891.58,1,1
2024-11-24,广州天河店,配件耗材,125,206.26,0.045,24622.29,0,1
2024-11-24,成都春熙店,智能家居,43,933.12,0.013,39602.55,0,1
2024-11-24,成都春熙店,智能手机,61,4150.76,0.002,252689.97,0,1
2024-11-24,成都春熙店,智能穿戴,37,1365.19,0.023,49350.25,0,1
2024-11-24,成都春熙店,笔记本电脑,26,6730.5,0.007,173768.05,0,1
2024-11-24,成都春熙店,配件耗材,68,204.45,0.03,13485.52,0,1
2024-11-25,上海旗舰店,智能家居,65,941.78,0.001,61154.48,0,0
2024-11-25,上海旗舰店,智能手机,76,4156.17,0.015,311130.89,0,0
2024-11-25,上海旗舰店,智能穿戴,82,1334.79,0.039,105184.12,0,0
2024-11-25,上海旗舰店,笔记本电脑,38,6826.85,0.021,253972.47,0,0
2024-11-25,上海旗舰店,配件耗材,133,205.44,0.039,26257.9,0,0
2024-11-25,北京中关村店,智能家居,69,933.64,0.163,53920.51,1,0
2024-11-25,北京中关村店,智能手机,113,4121.97,0.088,424793.74,1,0
2024-11-25,北京中关村店,智能穿戴,57,1361.72,0.016,76376.15,0,0
2024-11-25,北京中关村店,笔记本电脑,28,6712.06,0.049,178728.73,0,0
2024-11-25,北京中关村店,配件耗材,139,206.04,0.008,28410.44,0,0
2024-11-25,广州天河店,智能家居,40,935.06,0.027,36392.54,0,0
2024-11-25,广州天河店,智能手机,91,4160.84,0.009,375228.71,0,0
2024-11-25,广州天河店,智能穿戴,44,1334.33,0.041,56303.39,0,0
2024-11-25,广州天河店,笔记本电脑,32,6643.33,0.187,172832.87,1,0
2024-11-25,广州天河店,配件耗材,100,209.2,0.047,19936.76,0,0
2024-11-25,成都春熙店,智能家居,36,927.68,0.011,33029.12,0,0
2024-11-25,成都春熙店,智能手机,62,4164.3,0.042,247342.76,0,0
2024-11-25,成都春熙店,智能穿戴,40,1358.34,0.049,51671.25,0,0
2024-11-25,成都春熙店,笔记本电脑,33,6798.86,0.147,191381.11,1,0
2024-11-25,成都春熙店,配件耗材,91,205.63,0.201,14951.15,1,0
2024-11-26,上海旗舰店,智能家居,78,922.83,0.135,62263.34,1,0
2024-11-26,上海旗舰店,智能手机,65,4157.7,0.047,257548.73,0,0
2024-11-26,上海旗舰店,智能穿戴,53,1356.67,0.034,69458.79,0,0
2024-11-26,上海旗舰店,笔记本电脑,44,6778.31,0.22,232631.6,1,0
2024-11-26,上海旗舰店,配件耗材,158,209.45,0.19,26805.41,1,0
2024-11-26,北京中关村店,智能家居,70,944.88,0.162,55426.66,1,0
2024-11-26,北京中关村店,智能手机,69,4175.24,0.033,278584.54,0,0
2024-11-26,北京中关村店,智能穿戴,53,1360.17,0.017,70863.5,0,0
2024-11-26,北京中关村店,笔记本电脑,41,6908.12,0.153,239898.28,1,0
2024-11-26,北京中关村店,配件耗材,119,207.05,0.03,23899.78,0,0
2024-11-26,广州天河店,智能家居,59,940.74,0.045,53006.0,0,0
2024-11-26,广州天河店,智能手机,86,4136.12,0.139,306263.14,1,0
2024-11-26,广州天河店,智能穿戴,83,1372.37,0.005,113337.18,0,0
2024-11-26,广州天河店,笔记本电脑,35,6775.38,0.073,219827.2,1,0
2024-11-26,广州天河店,配件耗材,114,209.6,0.16,20071.3,1,0
2024-11-26,成都春熙店,智能家居,35,925.74,0.04,31104.86,0,0
2024-11-26,成都春熙店,智能手机,59,4168.51,0.001,245696.15,0,0
2024-11-26,成都春熙店,智能穿戴,47,1353.21,0.204,50626.29,1,0
2024-11-26,成都春熙店,笔记本电脑,21,6821.92,0.015,141111.42,0,0
2024-11-26,成都春熙店,配件耗材,53,208.88,0.039,10638.89,0,0
2024-11-27,上海旗舰店,智能家居,80,939.34,0.025,73268.52,0,0
2024-11-27,上海旗舰店,智能手机,89,4138.68,0.037,354713.85,0,0
2024-11-27,上海旗舰店,智能穿戴,83,1369.47,0.034,109801.37,0,0
2024-11-27,上海旗舰店,笔记本电脑,41,6857.03,0.013,277483.43,0,0
2024-11-27,上海旗舰店,配件耗材,86,206.85,0.047,16953.01,0,0
2024-11-27,北京中关村店,智能家居,51,946.97,0.019,47377.86,0,0
2024-11-27,北京中关村店,智能手机,70,4163.24,0.04,279769.73,0,0
2024-11-27,北京中关村店,智能穿戴,52,1321.63,0.032,66525.57,0,0
2024-11-27,北京中关村店,笔记本电脑,47,6785.17,0.129,277764.5,1,0
2024-11-27,北京中关村店,配件耗材,120,204.23,0.042,23478.28,0,0
2024-11-27,广州天河店,智能家居,44,929.04,0.01,40468.98,0,0
2024-11-27,广州天河店,智能手机,83,4208.29,0.1,314359.26,1,0
2024-11-27,广州天河店,智能穿戴,61,1348.36,0.183,67198.22,1,0
2024-11-27,广州天河店,笔记本电脑,31,6723.94,0.001,208233.7,0,0
2024-11-27,广州天河店,配件耗材,83,209.35,0.002,17341.3,0,0
2024-11-27,成都春熙店,智能家居,54,934.71,0.213,39723.31,1,0
2024-11-27,成都春熙店,智能手机,74,4155.88,0.105,275243.93,1,0
2024-11-27,成都春熙店,智能穿戴,43,1349.46,0.049,55183.47,0,0
2024-11-27,成都春熙店,笔记本电脑,27,6866.32,0.148,157952.83,1,0
2024-11-27,成都春熙店,配件耗材,83,208.56,0.206,13744.52,1,0
2024-11-28,上海旗舰店,智能家居,63,931.47,0.039,56393.99,0,0
2024-11-28,上海旗舰店,智能手机,116,4206.95,0.098,440181.59,1,0
2024-11-28,上海旗舰店,智能穿戴,60,1370.51,0.002,82066.14,0,0
2024-11-28,上海旗舰店,笔记本电脑,50,6657.4,0.171,275949.23,1,0
2024-11-28,上海旗舰店,配件耗材,143,206.05,0.134,25516.82,1,0
2024-11-28,北京中关村店,智能家居,70,932.85,0.015,64320.01,0,0
2024-11-28,北京中关村店,智能手机,77,4185.83,0.044,308127.32,0,0
2024-11-28,北京中关村店,智能穿戴,62,1346.98,0.014,82343.58,0,0
2024-11-28,北京中关村店,笔记本电脑,25,6764.48,0.05,160656.4,0,0
2024-11-28,北京中关村店,配件耗材,104,204.8,0.016,20958.41,0,0
2024-11-28,广州天河店,智能家居,50,940.87,0.03,45632.19,0,0
2024-11-28,广州天河店,智能手机,82,4144.04,0.008,337092.79,0,0
2024-11-28,广州天河店,智能穿戴,66,1339.85,0.143,75784.6,1,0
2024-11-28,广州天河店,笔记本电脑,28,6823.75,0.008,189536.48,0,0
2024-11-28,广州天河店,配件耗材,114,202.59,0.031,22379.31,0,0
2024-11-28,成都春熙店,智能家居,47,929.57,0.137,37704.29,1,0
2024-11-28,成都春熙店,智能手机,49,4191.72,0.023,200670.21,0,0
2024-11-28,成都春熙店,智能穿戴,45,1345.41,0.081,55639.43,1,0
2024-11-28,成都春熙店,笔记本电脑,22,6764.52,0.024,145247.77,0,0
2024-11-28,成都春熙店,配件耗材,69,209.91,0.013,14295.5,0,0
2024-11-29,上海旗舰店,智能家居,73,945.12,0.0,68993.76,0,0
2024-11-29,上海旗舰店,智能手机,113,4181.1,0.186,384585.94,1,0
2024-11-29,上海旗舰店,智能穿戴,90,1354.44,0.093,110562.94,1,0
2024-11-29,上海旗舰店,笔记本电脑,41,6794.63,0.004,277465.51,0,0
2024-11-29,上海旗舰店,配件耗材,182,205.02,0.101,33544.96,1,0
2024-11-29,北京中关村店,智能家居,60,939.94,0.011,55776.04,0,0
2024-11-29,北京中关村店,智能手机,107,4103.34,0.137,378906.52,1,0
2024-11-29,北京中关村店,智能穿戴,50,1330.03,0.019,65237.97,0,0
2024-11-29,北京中关村店,笔记本电脑,39,6849.96,0.04,256462.5,0,0
2024-11-29,北京中关村店,配件耗材,135,206.91,0.214,21955.22,1,0
2024-11-29,广州天河店,智能家居,59,917.07,0.189,43880.88,1,0
2024-11-29,广州天河店,智能手机,65,4124.34,0.014,264328.95,0,0
2024-11-29,广州天河店,智能穿戴,52,1358.6,0.048,67256.13,0,0
2024-11-29,广州天河店,笔记本电脑,34,6739.01,0.004,228209.83,0,0
2024-11-29,广州天河店,配件耗材,142,205.69,0.198,23424.8,1,0
2024-11-29,成都春熙店,智能家居,38,928.48,0.001,35246.96,0,0
2024-11-29,成都春熙店,智能手机,104,4120.85,0.103,384425.85,1,0
2024-11-29,成都春熙店,智能穿戴,39,1322.93,0.041,49478.9,0,0
2024-11-29,成都春熙店,笔记本电脑,25,6785.96,0.016,166934.62,0,0
2024-11-29,成都春熙店,配件耗材,76,206.02,0.027,15234.77,0,0
2024-11-30,上海旗舰店,智能家居,67,921.28,0.032,59750.54,0,1
2024-11-30,上海旗舰店,智能手机,81,4086.08,0.026,322367.2,0,1
2024-11-30,上海旗舰店,智能穿戴,68,1350.1,0.026,89419.82,0,1
2024-11-30,上海旗舰店,笔记本电脑,34,6809.54,0.019,227125.4,0,1
2024-11-30,上海旗舰店,配件耗材,188,211.64,0.195,32029.6,1,1
2024-11-30,北京中关村店,智能家居,58,943.66,0.016,53856.56,0,1
2024-11-30,北京中关村店,智能手机,72,4079.26,0.033,284014.4,0,1
2024-11-30,北京中关村店,智能穿戴,69,1332.24,0.031,89074.9,0,1
2024-11-30,北京中关村店,笔记本电脑,38,6626.22,0.008,249781.99,0,1
2024-11-30,北京中关村店,配件耗材,160,204.89,0.046,31274.41,0,1
2024-11-30,广州天河店,智能家居,79,930.06,0.117,64878.2,1,1
2024-11-30,广州天河店,智能手机,92,4098.17,0.009,373638.36,0,1
2024-11-30,广州天河店,智能穿戴,93,1358.72,0.133,109554.95,1,1
2024-11-30,广州天河店,笔记本电脑,51,6787.84,0.14,297714.66,1,1
2024-11-30,广州天河店,配件耗材,155,209.22,0.109,28894.33,1,1
2024-11-30,成都春熙店,智能家居,38,943.38,0.007,35597.5,0,1
2024-11-30,成都春熙店,智能手机,91,4134.03,0.115,332934.11,1,1
2024-11-30,成都春熙店,智能穿戴,56,1355.14,0.05,72093.45,0,1
2024-11-30,成都春熙店,笔记本电脑,37,6853.7,0.204,201855.17,1,1
2024-11-30,成都春熙店,配件耗材,88,207.51,0.035,17621.75,0,1
2024-12-01,上海旗舰店,智能家居,109,927.05,0.162,84678.6,1,1
2024-12-01,上海旗舰店,智能手机,122,4155.49,0.046,483649.17,0,1
2024-12-01,上海旗舰店,智能穿戴,98,1349.06,0.096,119515.92,1,1
2024-12-01,上海旗舰店,笔记本电脑,42,6800.17,0.016,281037.43,0,1
2024-12-01,上海旗舰店,配件耗材,122,208.58,0.04,24428.89,0,1
2024-12-01,北京中关村店,智能家居,51,945.81,0.04,46306.86,0,1
2024-12-01,北京中关村店,智能手机,78,4193.05,0.003,326076.73,0,1
2024-12-01,北京中关村店,智能穿戴,63,1367.56,0.008,85467.03,0,1
2024-12-01,北京中关村店,笔记本电脑,34,6767.23,0.03,223183.25,0,1
2024-12-01,北京中关村店,配件耗材,101,204.93,0.046,19745.83,0,1
2024-12-01,广州天河店,智能家居,70,947.3,0.192,53579.29,1,1
2024-12-01,广州天河店,智能手机,83,4140.05,0.02,336751.67,0,1
2024-12-01,广州天河店,智能穿戴,63,1366.0,0.037,82873.85,0,1
2024-12-01,广州天河店,笔记本电脑,36,6816.55,0.02,240487.88,0,1
2024-12-01,广州天河店,配件耗材,87,206.92,0.012,17786.02,0,1
2024-12-01,成都春熙店,智能家居,36,925.79,0.095,30162.24,1,1
2024-12-01,成都春熙店,智能手机,68,4120.5,0.068,261140.81,1,1
2024-12-01,成都春熙店,智能穿戴,42,1359.32,0.011,56463.43,0,1
2024-12-01,成都春熙店,笔记本电脑,24,6765.59,0.047,154742.57,0,1
2024-12-01,成都春熙店,配件耗材,107,208.54,0.216,17494.0,1,1
2024-12-02,上海旗舰店,智能家居,64,940.32,0.015,59277.77,0,0
2024-12-02,上海旗舰店,智能手机,73,4160.32,0.049,288821.9,0,0
2024-12-02,上海旗舰店,智能穿戴,56,1361.11,0.049,72487.27,0,0
2024-12-02,上海旗舰店,笔记本电脑,33,6731.29,0.01,219911.24,0,0
2024-12-02,上海旗舰店,配件耗材,138,206.62,0.105,25519.64,1,0
2024-12-02,北京中关村店,智能家居,45,936.74,0.016,41478.85,0,0
2024-12-02,北京中关村店,智能手机,118,4141.12,0.206,387989.82,1,0
2024-12-02,北京中关村店,智能穿戴,72,1340.86,0.033,93356.04,0,0
2024-12-02,北京中关村店,笔记本电脑,45,6657.96,0.079,275939.15,1,0
2024-12-02,北京中关村店,配件耗材,90,210.34,0.024,18476.27,0,0
2024-12-02,广州天河店,智能家居,47,939.91,0.006,43910.72,0,0
2024-12-02,广州天河店,智能手机,58,4102.46,0.007,236277.08,0,0
2024-12-02,广州天河店,智能穿戴,67,1359.83,0.042,87282.05,0,0
2024-12-02,广州天河店,笔记本电脑,29,6737.66,0.036,188358.02,0,0
2024-12-02,广州天河店,配件耗材,126,203.9,0.158,21632.16,1,0
2024-12-02,成都春熙店,智能家居,31,922.63,0.019,28058.1,0,0
2024-12-02,成都春熙店,智能手机,51,4136.39,0.024,205892.95,0,0
2024-12-02,成都春熙店,智能穿戴,40,1348.82,0.011,53359.32,0,0
2024-12-02,成都春熙店,笔记本电脑,21,6800.33,0.011,141236.05,0,0
2024-12-02,成都春熙店,配件耗材,55,209.37,0.008,11423.23,0,0
2024-12-03,上海旗舰店,智能家居,62,924.95,0.093,52013.64,1,0
2024-12-03,上海旗舰店,智能手机,104,4166.34,0.186,352705.68,1,0
2024-12-03,上海旗舰店,智能穿戴,63,1363.56,0.037,82725.82,0,0
2024-12-03,上海旗舰店,笔记本电脑,33,6823.23,0.018,221113.59,0,0
2024-12-03,上海旗舰店,配件耗材,161,202.05,0.158,27390.3,1,0
2024-12-03,北京中关村店,智能家居,65,935.81,0.174,50243.64,1,0
2024-12-03,北京中关村店,智能手机,91,4197.11,0.028,371242.77,0,0
2024-12-03,北京中关村店,智能穿戴,64,1381.3,0.131,76822.38,1,0
2024-12-03,北京中关村店,笔记本电脑,25,6813.7,0.046,162506.74,0,0
2024-12-03,北京中关村店,配件耗材,85,206.52,0.041,16834.48,0,0
2024-12-03,广州天河店,智能家居,51,917.98,0.039,44991.12,0,0
2024-12-03,广州天河店,智能手机,97,4114.35,0.142,342420.89,1,0
2024-12-03,广州天河店,智能穿戴,47,1344.21,0.013,62356.56,0,0
2024-12-03,广州天河店,笔记本电脑,33,6868.61,0.136,195837.81,1,0
2024-12-03,广州天河店,配件耗材,107,206.11,0.067,20576.17,1,0
2024-12-03,成都春熙店,智能家居,41,946.3,0.104,34763.28,1,0
2024-12-03,成都春熙店,智能手机,49,4130.76,0.037,194918.17,0,0
2024-12-03,成都春熙店,智能穿戴,44,1364.82,0.005,59751.82,0,0
2024-12-03,成都春熙店,笔记本电脑,17,6739.39,0.018,112507.38,0,0
2024-12-03,成都春熙店,配件耗材,60,208.61,0.028,12166.14,0,0
2024-12-04,上海旗舰店,智能家居,76,937.85,0.145,60941.49,1,0
2024-12-04,上海旗舰店,智能手机,87,4176.37,0.183,296852.2,1,0
2024-12-04,上海旗舰店,智能穿戴,54,1331.05,0.019,70511.04,0,0
2024-12-04,上海旗舰店,笔记本电脑,39,6825.31,0.184,217208.67,1,0
2024-12-04,上海旗舰店,配件耗材,100,209.25,0.043,20025.22,0,0
2024-12-04,北京中关村店,智能家居,43,936.34,0.02,39457.37,0,0
2024-12-04,北京中关村店,智能手机,69,4190.86,0.001,288880.17,0,0
2024-12-04,北京中关村店,智能穿戴,84,1366.48,0.176,94582.28,1,0
2024-12-04,北京中关村店,笔记本电脑,32,6912.26,0.044,211459.86,0,0
2024-12-04,北京中关村店,配件耗材,105,202.44,0.029,20639.77,0,0
2024-12-04,广州天河店,智能家居,47,943.88,0.01,43918.74,0,0
2024-12-04,广州天河店,智能手机,53,4116.2,0.031,211395.68,0,0
2024-12-04,广州天河店,智能穿戴,48,1356.85,0.188,52884.59,1,0
2024-12-04,广州天河店,笔记本电脑,27,6846.16,0.002,184476.63,0,0
2024-12-04,广州天河店,配件耗材,139,206.72,0.068,26780.16,1,0
2024-12-04,成都春熙店,智能家居,27,939.05,0.025,24720.49,0,0
2024-12-04,成都春熙店,智能手机,52,4192.69,0.014,214967.6,0,0
2024-12-04,成都春熙店,智能穿戴,35,1340.58,0.015,46216.5,0,0
2024-12-04,成都春熙店,笔记本电脑,19,6686.71,0.0,127047.49,0,0
2024-12-04,成都春熙店,配件耗材,48,203.45,0.038,9394.51,0,0
2024-12-05,上海旗舰店,智能家居,70,951.6,0.042,63814.3,0,0
2024-12-05,上海旗舰店,智能手机,67,4139.3,0.001,277055.77,0,0
2024-12-05,上海旗舰店,智能穿戴,76,1365.35,0.022,101483.73,0,0
2024-12-05,上海旗舰店,笔记本电脑,30,6927.56,0.002,207411.15,0,0
2024-12-05,上海旗舰店,配件耗材,100,204.08,0.026,19877.39,0,0
2024-12-05,北京中关村店,智能家居,53,909.79,0.012,47640.24,0,0
2024-12-05,北京中关村店,智能手机,91,4176.42,0.036,366372.27,0,0
2024-12-05,北京中关村店,智能穿戴,69,1355.12,0.097,84433.46,1,0
2024-12-05,北京中关村店,笔记本电脑,35,6685.46,0.011,231417.2,0,0
2024-12-05,北京中关村店,配件耗材,97,204.37,0.03,19229.17,0,0
2024-12-05,广州天河店,智能家居,42,934.39,0.015,38655.71,0,0
2024-12-05,广州天河店,智能手机,100,4154.68,0.127,362703.56,1,0
2024-12-05,广州天河店,智能穿戴,63,1356.21,0.174,70574.46,1,0
2024-12-05,广州天河店,笔记本电脑,29,6780.67,0.039,188970.49,0,0
2024-12-05,广州天河店,配件耗材,139,211.26,0.119,25870.69,1,0
2024-12-05,成都春熙店,智能家居,37,950.08,0.089,32024.35,1,0
2024-12-05,成都春熙店,智能手机,83,4058.67,0.122,295771.52,1,0
2024-12-05,成都春熙店,智能穿戴,40,1347.23,0.042,51625.85,0,0
2024-12-05,成都春熙店,笔记本电脑,25,6725.94,0.147,143430.67,1,0
2024-12-05,成都春熙店,配件耗材,46,206.04,0.03,9193.5,0,0
2024-12-06,上海旗舰店,智能家居,88,937.37,0.12,72589.93,1,0
2024-12-06,上海旗舰店,智能手机,92,4172.48,0.003,382716.56,0,0
2024-12-06,上海旗舰店,智能穿戴,50,1331.08,0.043,63692.18,0,0
2024-12-06,上海旗舰店,笔记本电脑,68,6791.04,0.024,450707.74,0,0
2024-12-06,上海旗舰店,配件耗材,156,208.18,0.152,27539.72,1,0
2024-12-06,北京中关村店,智能家居,70,944.06,0.115,58484.52,1,0
2024-12-06,北京中关村店,智能手机,95,4147.31,0.019,386508.56,0,0
2024-12-06,北京中关村店,智能穿戴,53,1339.78,0.011,70227.25,0,0
2024-12-06,北京中关村店,笔记本电脑,51,6765.09,0.139,297061.87,1,0
2024-12-06,北京中关村店,配件耗材,96,208.33,0.043,19139.69,0,0
2024-12-06,广州天河店,智能家居,64,921.39,0.064,55194.95,1,0
2024-12-06,广州天河店,智能手机,112,4205.35,0.108,420131.29,1,0
2024-12-06,广州天河店,智能穿戴,41,1356.05,0.027,54096.9,0,0
2024-12-06,广州天河店,笔记本电脑,32,6689.58,0.046,204219.5,0,0
2024-12-06,广州天河店,配件耗材,181,206.23,0.125,32661.68,1,0
2024-12-06,成都春熙店,智能家居,41,924.52,0.092,34418.03,1,0
2024-12-06,成都春熙店,智能手机,76,4165.13,0.189,256721.95,1,0
2024-12-06,成都春熙店,智能穿戴,35,1341.13,0.004,46751.79,0,0
2024-12-06,成都春熙店,笔记本电脑,21,6717.66,0.034,136274.45,0,0
2024-12-06,成都春熙店,配件耗材,69,208.2,0.01,14222.14,0,0
2024-12-07,上海旗舰店,智能家居,98,935.57,0.08,84350.99,1,1
2024-12-07,上海旗舰店,智能手机,88,4156.18,0.047,348553.88,0,1
2024-12-07,上海旗舰店,智能穿戴,82,1359.86,0.043,106713.65,0,1
2024-12-07,上海旗舰店,笔记本电脑,44,6867.23,0.041,289769.64,0,1
2024-12-07,上海旗舰店,配件耗材,181,206.23,0.086,34117.45,1,1
2024-12-07,北京中关村店,智能家居,75,944.14,0.091,64366.74,1,1
2024-12-07,北京中关村店,智能手机,81,4231.87,0.04,329070.21,0,1
2024-12-07,北京中关村店,智能穿戴,72,1366.89,0.176,81094.85,1,1
2024-12-07,北京中关村店,笔记本电脑,29,6776.28,0.018,192974.9,0,1
2024-12-07,北京中关村店,配件耗材,149,206.93,0.083,28273.47,1,1
2024-12-07,广州天河店,智能家居,54,934.78,0.024,49266.65,0,1
2024-12-07,广州天河店,智能手机,78,4167.45,0.001,324736.04,0,1
2024-12-07,广州天河店,智能穿戴,76,1345.67,0.208,80998.57,1,1
2024-12-07,广州天河店,笔记本电脑,26,6675.19,0.03,168348.29,0,1
2024-12-07,广州天河店,配件耗材,103,204.81,0.015,20779.0,0,1
2024-12-07,成都春熙店,智能家居,70,922.61,0.147,55089.04,1,1
2024-12-07,成都春熙店,智能手机,59,4151.07,0.024,239035.21,0,1
2024-12-07,成都春熙店,智能穿戴,51,1339.88,0.219,53368.76,1,1
2024-12-07,成都春熙店,笔记本电脑,25,6855.73,0.018,168308.17,0,1
2024-12-07,成都春熙店,配件耗材,95,209.63,0.099,17943.28,1,1
2024-12-08,上海旗舰店,智能家居,63,925.37,0.028,56665.96,0,1
2024-12-08,上海旗舰店,智能手机,92,4180.2,0.037,370349.0,0,1
2024-12-08,上海旗舰店,智能穿戴,80,1360.6,0.164,90996.93,1,1
2024-12-08,上海旗舰店,笔记本电脑,35,6813.96,0.033,230618.48,0,1
2024-12-08,上海旗舰店,配件耗材,125,206.62,0.218,20197.1,1,1
2024-12-08,北京中关村店,智能家居,52,944.56,0.029,47692.72,0,1
2024-12-08,北京中关村店,智能手机,95,4220.39,0.032,388107.06,0,1
2024-12-08,北京中关村店,智能穿戴,58,1341.09,0.027,75683.07,0,1
2024-12-08,北京中关村店,笔记本电脑,40,6769.77,0.022,264833.4,0,1
2024-12-08,北京中关村店,配件耗材,104,205.93,0.047,20410.13,0,1
2024-12-08,广州天河店,智能家居,68,935.78,0.156,53706.29,1,1
2024-12-08,广州天河店,智能手机,85,4097.68,0.045,332629.17,0,1
2024-12-08,广州天河店,智能穿戴,47,1344.63,0.027,61491.27,0,1
2024-12-08,广州天河店,笔记本电脑,45,6729.46,0.195,243774.69,1,1
2024-12-08,广州天河店,配件耗材,127,208.42,0.034,25569.38,0,1
2024-12-08,成都春熙店,智能家居,35,943.89,0.015,32540.61,0,1
2024-12-08,成都春熙店,智能手机,52,4197.89,0.025,212833.02,0,1
2024-12-08,成都春熙店,智能穿戴,42,1367.19,0.024,56043.85,0,1
2024-12-08,成都春熙店,笔记本电脑,28,6734.14,0.021,184596.25,0,1
2024-12-08,成都春熙店,配件耗材,61,207.96,0.018,12457.22,0,1
2024-12-09,上海旗舰店,智能家居,71,940.96,0.146,57054.17,1,0
2024-12-09,上海旗舰店,智能手机,64,4116.64,0.012,260303.38,0,0
2024-12-09,上海旗舰店,智能穿戴,52,1352.45,0.001,70257.07,0,0
2024-12-09,上海旗舰店,笔记本电脑,35,6764.71,0.01,234397.2,0,0
2024-12-09,上海旗舰店,配件耗材,93,209.7,0.015,19209.57,0,0
2024-12-09,北京中关村店,智能家居,45,938.34,0.007,41929.72,0,0
2024-12-09,北京中关村店,智能手机,85,4217.36,0.05,340551.82,0,0
2024-12-09,北京中关村店,智能穿戴,56,1361.47,0.008,75632.38,0,0
2024-12-09,北京中关村店,笔记本电脑,25,6739.71,0.02,165122.89,0,0
2024-12-09,北京中关村店,配件耗材,121,210.05,0.104,22772.78,1,0
2024-12-09,广州天河店,智能家居,42,922.93,0.039,37251.3,0,0
2024-12-09,广州天河店,智能手机,68,4095.76,0.049,264864.61,0,0
2024-12-09,广州天河店,智能穿戴,41,1341.49,0.002,54891.09,0,0
2024-12-09,广州天河店,笔记本电脑,28,6746.93,0.009,187213.81,0,0
2024-12-09,广州天河店,配件耗材,78,207.1,0.015,15911.49,0,0
2024-12-09,成都春熙店,智能家居,30,946.79,0.03,27551.59,0,0
2024-12-09,成都春熙店,智能手机,41,4115.03,0.032,163317.31,0,0
2024-12-09,成都春熙店,智能穿戴,38,1350.73,0.038,49377.29,0,0
2024-12-09,成都春熙店,笔记本电脑,32,6838.88,0.18,179452.21,1,0
2024-12-09,成都春熙店,配件耗材,46,209.16,0.018,9448.18,0,0
2024-12-10,上海旗舰店,智能家居,65,937.09,0.036,58718.06,0,0
2024-12-10,上海旗舰店,智能手机,58,4243.32,0.032,238236.96,0,0
2024-12-10,上海旗舰店,智能穿戴,73,1333.44,0.083,89261.81,1,0
2024-12-10,上海旗舰店,笔记本电脑,38,6784.43,0.041,247238.2,0,0
2024-12-10,上海旗舰店,配件耗材,143,204.38,0.16,24550.13,1,0
2024-12-10,北京中关村店,智能家居,65,937.58,0.013,60150.44,0,0
2024-12-10,北京中关村店,智能手机,97,4128.44,0.076,370023.82,1,0
2024-12-10,北京中关村店,智能穿戴,76,1338.69,0.119,89633.33,1,0
2024-12-10,北京中关村店,笔记本电脑,32,6752.77,0.018,212199.04,0,0
2024-12-10,北京中关村店,配件耗材,91,203.14,0.029,17949.65,0,0
2024-12-10,广州天河店,智能家居,62,934.79,0.074,53668.16,1,0
2024-12-10,广州天河店,智能手机,53,4170.66,0.007,219497.67,0,0
2024-12-10,广州天河店,智能穿戴,66,1355.83,0.196,71945.76,1,0
2024-12-10,广州天河店,笔记本电脑,37,6724.21,0.182,203514.94,1,0
2024-12-10,广州天河店,配件耗材,78,205.98,0.036,15488.05,0,0
2024-12-10,成都春熙店,智能家居,37,925.42,0.073,31740.98,1,0
2024-12-10,成都春熙店,智能手机,43,4147.71,0.04,171217.47,0,0
2024-12-10,成都春熙店,智能穿戴,47,1357.89,0.097,57630.21,1,0
2024-12-10,成都春熙店,笔记本电脑,18,6712.86,0.021,118294.02,0,0
2024-12-10,成都春熙店,配件耗材,58,211.48,0.014,12094.12,0,0
2024-12-11,上海旗舰店,智能家居,74,946.43,0.072,64993.24,1,0
2024-12-11,上海旗舰店,智能手机,91,4140.36,0.032,364716.03,0,0
2024-12-11,上海旗舰店,智能穿戴,74,1330.58,0.002,98265.99,0,0
2024-12-11,上海旗舰店,笔记本电脑,30,6769.53,0.018,199430.35,0,0
2024-12-11,上海旗舰店,配件耗材,148,207.71,0.094,27851.42,1,0
2024-12-11,北京中关村店,智能家居,49,941.05,0.025,44958.66,0,0
2024-12-11,北京中关村店,智能手机,110,4192.48,0.146,393841.57,1,0
2024-12-11,北京中关村店,智能穿戴,37,1363.34,0.01,49939.14,0,0
2024-12-11,北京中关村店,笔记本电脑,46,6850.37,0.15,267849.47,1,0
2024-12-11,北京中关村店,配件耗材,106,204.63,0.018,21300.35,0,0
2024-12-11,广州天河店,智能家居,81,933.93,0.166,63090.71,1,0
2024-12-11,广州天河店,智能手机,65,4155.5,0.008,267946.64,0,0
2024-12-11,广州天河店,智能穿戴,38,1355.29,0.031,49904.49,0,0
2024-12-11,广州天河店,笔记本电脑,25,6727.02,0.017,165316.52,0,0
2024-12-11,广州天河店,配件耗材,109,207.92,0.122,19898.36,1,0
2024-12-11,成都春熙店,智能家居,23,935.52,0.029,20892.97,0,0
2024-12-11,成都春熙店,智能手机,53,4197.28,0.015,219119.0,0,0
2024-12-11,成都春熙店,智能穿戴,52,1338.78,0.134,60287.94,1,0
2024-12-11,成都春熙店,笔记本电脑,18,6768.74,0.0,121837.32,0,0
2024-12-11,成都春熙店,配件耗材,57,208.22,0.048,11298.85,0,0
2024-12-12,上海旗舰店,智能家居,57,937.03,0.012,52769.78,0,0
2024-12-12,上海旗舰店,智能手机,80,4170.31,0.029,323949.68,0,0
2024-12-12,上海旗舰店,智能穿戴,53,1351.96,0.006,71223.96,0,0
2024-12-12,上海旗舰店,笔记本电脑,30,6806.66,0.037,196644.41,0,0
2024-12-12,上海旗舰店,配件耗材,114,204.77,0.018,22923.59,0,0
2024-12-12,北京中关村店,智能家居,44,945.24,0.035,40134.89,0,0
2024-12-12,北京中关村店,智能手机,132,4165.68,0.016,541071.84,0,0
2024-12-12,北京中关村店,智能穿戴,57,1337.33,0.04,73178.7,0,0
2024-12-12,北京中关村店,笔记本电脑,39,6785.14,0.158,222810.43,1,0
2024-12-12,北京中关村店,配件耗材,90,211.74,0.046,18180.0,0,0
2024-12-12,广州天河店,智能家居,76,929.66,0.125,61822.39,1,0
2024-12-12,广州天河店,智能手机,65,4199.18,0.017,268306.61,0,0
2024-12-12,广州天河店,智能穿戴,52,1340.92,0.016,68612.19,0,0
2024-12-12,广州天河店,笔记本电脑,37,6755.73,0.178,205468.77,1,0
2024-12-12,广州天河店,配件耗材,69,208.68,0.004,14341.32,0,0
2024-12-12,成都春熙店,智能家居,29,942.2,0.048,26012.26,0,0
2024-12-12,成都春熙店,智能手机,63,4209.36,0.137,228858.69,1,0
2024-12-12,成都春熙店,智能穿戴,47,1339.01,0.018,61800.67,0,0
2024-12-12,成都春熙店,笔记本电脑,21,6744.26,0.03,137380.58,0,0
2024-12-12,成都春熙店,配件耗材,88,203.58,0.095,16213.11,1,0
2024-12-13,上海旗舰店,智能家居,86,938.84,0.169,67095.14,1,0
2024-12-13,上海旗舰店,智能手机,92,4209.14,0.017,380657.79,0,0
2024-12-13,上海旗舰店,智能穿戴,58,1322.94,0.024,74888.99,0,0
2024-12-13,上海旗舰店,笔记本电脑,49,6844.25,0.163,280703.23,1,0
2024-12-13,上海旗舰店,配件耗材,115,209.13,0.008,23857.55,0,0
2024-12-13,北京中关村店,智能家居,46,921.04,0.033,40969.7,0,0
2024-12-13,北京中关村店,智能手机,88,4113.91,0.01,358403.84,0,0
2024-12-13,北京中关村店,智能穿戴,51,1336.59,0.031,66052.94,0,0
2024-12-13,北京中关村店,笔记本电脑,35,6706.74,0.027,228398.03,0,0
2024-12-13,北京中关村店,配件耗材,152,207.99,0.189,25639.34,1,0
2024-12-13,广州天河店,智能家居,56,938.91,0.007,52210.91,0,0
2024-12-13,广州天河店,智能手机,63,4136.96,0.005,259325.34,0,0
2024-12-13,广州天河店,智能穿戴,42,1341.67,0.016,55448.54,0,0
2024-12-13,广州天河店,笔记本电脑,28,6775.24,0.025,184964.05,0,0
2024-12-13,广州天河店,配件耗材,109,207.89,0.045,21640.31,0,0
2024-12-13,成都春熙店,智能家居,49,936.85,0.116,40580.59,1,0
2024-12-13,成都春熙店,智能手机,60,4131.33,0.099,223339.7,1,0
2024-12-13,成都春熙店,智能穿戴,41,1351.36,0.025,54020.62,0,0
2024-12-13,成都春熙店,笔记本电脑,20,6873.87,0.028,133628.03,0,0
2024-12-13,成都春熙店,配件耗材,70,209.75,0.2,11746.0,1,0
2024-12-14,上海旗舰店,智能家居,98,934.0,0.064,85673.95,1,1
2024-12-14,上海旗舰店,智能手机,164,4170.06,0.071,635333.66,1,1
2024-12-14,上海旗舰店,智能穿戴,113,1366.16,0.125,135079.07,1,1
2024-12-14,上海旗舰店,笔记本电脑,59,6847.0,0.077,372867.08,1,1
2024-12-14,上海旗舰店,配件耗材,130,208.37,0.036,26112.93,0,1
2024-12-14,北京中关村店,智能家居,71,937.62,0.071,61844.48,1,1
2024-12-14,北京中关村店,智能手机,126,4184.12,0.196,423868.09,1,1
2024-12-14,北京中关村店,智能穿戴,62,1363.3,0.044,80805.52,0,1
2024-12-14,北京中关村店,笔记本电脑,42,6745.83,0.013,279641.64,0,1
2024-12-14,北京中关村店,配件耗材,157,207.13,0.118,28682.12,1,1
2024-12-14,广州天河店,智能家居,46,931.38,0.023,41858.08,0,1
2024-12-14,广州天河店,智能手机,89,4226.19,0.006,373874.12,0,1
2024-12-14,广州天河店,智能穿戴,52,1354.1,0.016,69286.59,0,1
2024-12-14,广州天河店,笔记本电脑,27,6855.51,0.026,180286.2,0,1
2024-12-14,广州天河店,配件耗材,118,204.66,0.024,23570.28,0,1
2024-12-14,成都春熙店,智能家居,34,947.8,0.004,32096.3,0,1
2024-12-14,成都春熙店,智能手机,63,4153.24,0.008,259560.89,0,1
2024-12-14,成都春熙店,智能穿戴,43,1349.58,0.036,55942.79,0,1
2024-12-14,成都春熙店,笔记本电脑,22,6681.81,0.014,144941.82,0,1
2024-12-14,成都春熙店,配件耗材,82,210.05,0.102,15467.24,1,1
2024-12-15,上海旗舰店,智能家居,64,947.91,0.009,60120.24,0,1
2024-12-15,上海旗舰店,智能手机,91,4162.69,0.029,367819.45,0,1
2024-12-15,上海旗舰店,智能穿戴,73,1325.43,0.025,94337.48,0,1
2024-12-15,上海旗舰店,笔记本电脑,38,6765.73,0.007,255298.06,0,1
2024-12-15,上海旗舰店,配件耗材,129,207.09,0.003,26634.47,0,1
2024-12-15,北京中关村店,智能家居,56,943.03,0.004,52598.44,0,1
2024-12-15,北京中关村店,智能手机,98,4103.73,0.004,400556.88,0,1
2024-12-15,北京中关村店,智能穿戴,63,1359.06,0.021,83822.74,0,1
2024-12-15,北京中关村店,笔记本电脑,41,6709.12,0.03,266821.7,0,1
2024-12-15,北京中关村店,配件耗材,136,209.22,0.03,27600.3,0,1
2024-12-15,广州天河店,智能家居,52,934.8,0.003,48463.77,0,1
2024-12-15,广州天河店,智能手机,109,4163.16,0.127,396153.82,1,1
2024-12-15,广州天河店,智能穿戴,52,1351.35,0.041,67389.12,0,1
2024-12-15,广州天河店,笔记本电脑,28,6848.45,0.044,183319.31,0,1
2024-12-15,广州天河店,配件耗材,90,209.82,0.025,18411.7,0,1
2024-12-15,成都春熙店,智能家居,51,925.94,0.188,38345.03,1,1
2024-12-15,成都春熙店,智能手机,69,4162.81,0.078,264829.65,1,1
2024-12-15,成都春熙店,智能穿戴,46,1351.99,0.016,61196.48,0,1
2024-12-15,成都春熙店,笔记本电脑,31,6619.47,0.129,178732.31,1,1
2024-12-15,成都春熙店,配件耗材,65,207.07,0.013,13284.58,0,1
2024-12-16,上海旗舰店,智能家居,79,956.66,0.016,74366.92,0,0
2024-12-16,上海旗舰店,智能手机,67,4205.07,0.026,274414.46,0,0
2024-12-16,上海旗舰店,智能穿戴,70,1358.49,0.087,86821.1,1,0
2024-12-16,上海旗舰店,笔记本电脑,54,6769.94,0.211,288440.06,1,0
2024-12-16,上海旗舰店,配件耗材,103,203.7,0.043,20078.91,0,0
2024-12-16,北京中关村店,智能家居,46,937.73,0.049,41021.94,0,0
2024-12-16,北京中关村店,智能手机,96,4129.24,0.092,359937.59,1,0
2024-12-16,北京中关村店,智能穿戴,48,1363.37,0.016,64394.69,0,0
2024-12-16,北京中关村店,笔记本电脑,28,6677.02,0.012,184713.08,0,0
2024-12-16,北京中关村店,配件耗材,85,202.01,0.017,16878.95,0,0
2024-12-16,广州天河店,智能家居,74,954.71,0.158,59486.07,1,0
2024-12-16,广州天河店,智能手机,58,4151.87,0.016,236955.52,0,0
2024-12-16,广州天河店,智能穿戴,42,1358.3,0.034,55108.95,0,0
2024-12-16,广州天河店,笔记本电脑,20,6710.72,0.048,127772.11,0,0
2024-12-16,广州天河店,配件耗材,93,208.8,0.0,19418.4,0,0
2024-12-16,成都春熙店,智能家居,41,949.98,0.194,31393.04,1,0
2024-12-16,成都春熙店,智能手机,52,4101.5,0.028,207306.22,0,0
2024-12-16,成都春熙店,智能穿戴,45,1342.12,0.113,53570.72,1,0
2024-12-16,成都春熙店,笔记本电脑,19,6789.87,0.038,124105.24,0,0
2024-12-16,成都春熙店,配件耗材,58,205.4,0.009,11805.98,0,0
2024-12-17,上海旗舰店,智能家居,54,950.23,0.012,50696.67,0,0
2024-12-17,上海旗舰店,智能手机,70,4151.24,0.008,288262.11,0,0
2024-12-17,上海旗舰店,智能穿戴,76,1349.17,0.05,97410.07,0,0
2024-12-17,上海旗舰店,笔记本电脑,49,6759.22,0.132,287483.15,1,0
2024-12-17,上海旗舰店,配件耗材,191,207.53,0.176,32661.9,1,0
2024-12-17,北京中关村店,智能家居,63,938.6,0.084,54164.73,1,0
2024-12-17,北京中关村店,智能手机,89,4147.32,0.078,340320.78,1,0
2024-12-17,北京中关村店,智能穿戴,61,1349.26,0.047,78436.53,0,0
2024-12-17,北京中关村店,笔记本电脑,35,6770.55,0.043,226779.57,0,0
2024-12-17,北京中关村店,配件耗材,129,207.35,0.072,24822.28,1,0
2024-12-17,广州天河店,智能家居,43,939.86,0.042,38716.59,0,0
2024-12-17,广州天河店,智能手机,95,4139.15,0.196,316148.28,1,0
2024-12-17,广州天河店,智能穿戴,44,1338.68,0.014,58077.29,0,0
2024-12-17,广州天河店,笔记本电脑,38,6781.95,0.062,241735.83,1,0
2024-12-17,广州天河店,配件耗材,97,206.55,0.03,19434.29,0,0
2024-12-17,成都春熙店,智能家居,40,944.69,0.13,32875.21,1,0
2024-12-17,成都春熙店,智能手机,60,4240.03,0.117,224636.79,1,0
2024-12-17,成都春熙店,智能穿戴,48,1349.89,0.15,55075.51,1,0
2024-12-17,成都春熙店,笔记本电脑,26,6758.82,0.038,169051.61,0,0
2024-12-17,成都春熙店,配件耗材,52,205.17,0.027,10380.78,0,0
2024-12-18,上海旗舰店,智能家居,44,946.22,0.014,41050.81,0,0
2024-12-18,上海旗舰店,智能手机,91,4135.63,0.195,302955.58,1,0
2024-12-18,上海旗舰店,智能穿戴,70,1335.85,0.128,81540.28,1,0
2024-12-18,上海旗舰店,笔记本电脑,34,6744.44,0.116,202710.89,1,0
2024-12-18,上海旗舰店,配件耗材,98,207.58,0.035,19630.84,0,0
2024-12-18,北京中关村店,智能家居,38,944.41,0.043,34344.41,0,0
2024-12-18,北京中关村店,智能手机,76,4246.55,0.003,321769.59,0,0
2024-12-18,北京中关村店,智能穿戴,53,1355.29,0.024,70106.44,0,0
2024-12-18,北京中关村店,笔记本电脑,42,6864.89,0.198,231236.95,1,0
2024-12-18,北京中关村店,配件耗材,96,207.3,0.038,19144.57,0,0
2024-12-18,广州天河店,智能家居,40,938.56,0.025,36603.84,0,0
2024-12-18,广州天河店,智能手机,108,4163.92,0.139,387194.59,1,0
2024-12-18,广州天河店,智能穿戴,57,1339.88,0.115,67590.25,1,0
2024-12-18,广州天河店,笔记本电脑,40,6687.91,0.074,247720.19,1,0
2024-12-18,广州天河店,配件耗材,78,208.52,0.015,16020.59,0,0
2024-12-18,成都春熙店,智能家居,27,933.45,0.046,24043.81,0,0
2024-12-18,成都春熙店,智能手机,63,4155.03,0.182,214125.32,1,0
2024-12-18,成都春熙店,智能穿戴,37,1369.2,0.045,48380.68,0,0
2024-12-18,成都春熙店,笔记本电脑,26,6786.66,0.129,153690.7,1,0
2024-12-18,成都春熙店,配件耗材,55,208.95,0.018,11285.39,0,0
2024-12-19,上海旗舰店,智能家居,78,953.18,0.154,62898.44,1,0
2024-12-19,上海旗舰店,智能手机,103,4136.11,0.182,348483.81,1,0
2024-12-19,上海旗舰店,智能穿戴,53,1354.83,0.049,68287.5,0,0
2024-12-19,上海旗舰店,笔记本电脑,34,6752.35,0.007,227972.84,0,0
2024-12-19,上海旗舰店,配件耗材,122,209.96,0.016,25205.28,0,0
2024-12-19,北京中关村店,智能家居,46,945.2,0.028,42261.78,0,0
2024-12-19,北京中关村店,智能手机,83,4170.49,0.04,332304.64,0,0
2024-12-19,北京中关村店,智能穿戴,56,1359.89,0.047,72574.61,0,0
2024-12-19,北京中关村店,笔记本电脑,27,6748.97,0.039,175115.52,0,0
2024-12-19,北京中关村店,配件耗材,106,207.8,0.016,21674.37,0,0
2024-12-19,广州天河店,智能家居,43,925.32,0.032,38515.52,0,0
2024-12-19,广州天河店,智能手机,95,4198.76,0.011,394494.5,0,0
2024-12-19,广州天河店,智能穿戴,36,1359.41,0.037,47128.03,0,0
2024-12-19,广州天河店,笔记本电脑,28,6803.87,0.032,184412.09,0,0
2024-12-19,广州天河店,配件耗材,79,206.68,0.002,16295.06,0,0
2024-12-19,成都春熙店,智能家居,48,929.11,0.084,40851.11,1,0
2024-12-19,成都春熙店,智能手机,73,4164.37,0.08,279679.09,1,0
2024-12-19,成都春熙店,智能穿戴,42,1358.77,0.205,45369.33,1,0
2024-12-19,成都春熙店,笔记本电脑,26,6800.82,0.016,173992.18,0,0
2024-12-19,成都春熙店,配件耗材,84,207.87,0.121,15348.29,1,0
2024-12-20,上海旗舰店,智能家居,69,938.86,0.039,62254.87,0,0
2024-12-20,上海旗舰店,智能手机,79,4195.09,0.015,326440.93,0,0
2024-12-20,上海旗舰店,智能穿戴,60,1356.81,0.023,79536.2,0,0
2024-12-20,上海旗舰店,笔记本电脑,33,6775.44,0.012,220906.45,0,0
2024-12-20,上海旗舰店,配件耗材,111,207.46,0.012,22751.72,0,0
2024-12-20,北京中关村店,智能家居,51,932.47,0.047,45320.84,0,0
2024-12-20,北京中关村店,智能手机,89,4229.31,0.004,374902.96,0,0
2024-12-20,北京中关村店,智能穿戴,90,1358.66,0.194,98557.2,1,0
2024-12-20,北京中关村店,笔记本电脑,29,6673.13,0.038,186166.98,0,0
2024-12-20,北京中关村店,配件耗材,127,210.41,0.036,25760.08,0,0
2024-12-20,广州天河店,智能家居,47,940.83,0.019,43378.85,0,0
2024-12-20,广州天河店,智能手机,76,4058.69,0.015,303833.53,0,0
2024-12-20,广州天河店,智能穿戴,75,1345.77,0.096,91243.21,1,0
2024-12-20,广州天河店,笔记本电脑,30,6761.36,0.049,192901.6,0,0
2024-12-20,广州天河店,配件耗材,88,211.57,0.009,18450.6,0,0
2024-12-20,成都春熙店,智能家居,50,932.41,0.181,38182.19,1,0
2024-12-20,成都春熙店,智能手机,54,4213.78,0.02,222993.24,0,0
2024-12-20,成都春熙店,智能穿戴,64,1380.84,0.105,79094.52,1,0
2024-12-20,成都春熙店,笔记本电脑,23,6792.5,0.038,150290.85,0,0
2024-12-20,成都春熙店,配件耗材,53,208.07,0.031,10685.85,0,0
2024-12-21,上海旗舰店,智能家居,60,938.23,0.035,54323.52,0,1
2024-12-21,上海旗舰店,智能手机,83,4120.32,0.031,331384.98,0,1
2024-12-21,上海旗舰店,智能穿戴,76,1345.46,0.007,101539.18,0,1
2024-12-21,上海旗舰店,笔记本电脑,41,6733.57,0.015,271935.22,0,1
2024-12-21,上海旗舰店,配件耗材,159,204.46,0.214,25552.18,1,1
2024-12-21,北京中关村店,智能家居,66,927.55,0.204,48729.77,1,1
2024-12-21,北京中关村店,智能手机,92,4221.34,0.05,368945.12,0,1
2024-12-21,北京中关村店,智能穿戴,56,1356.03,0.018,74570.8,0,1
2024-12-21,北京中关村店,笔记本电脑,36,6798.63,0.046,233492.15,0,1
2024-12-21,北京中关村店,配件耗材,138,211.4,0.019,28618.91,0,1
2024-12-21,广州天河店,智能家居,40,935.77,0.049,35596.69,0,1
2024-12-21,广州天河店,智能手机,129,4103.58,0.22,412902.22,1,1
2024-12-21,广州天河店,智能穿戴,55,1333.8,0.013,72405.33,0,1
2024-12-21,广州天河店,笔记本电脑,42,6823.11,0.21,226390.79,1,1
2024-12-21,广州天河店,配件耗材,71,208.73,0.046,14138.12,0,1
2024-12-21,成都春熙店,智能家居,39,966.17,0.026,36700.93,0,1
2024-12-21,成都春熙店,智能手机,77,4190.09,0.125,282307.31,1,1
2024-12-21,成都春熙店,智能穿戴,52,1360.18,0.011,69951.34,0,1
2024-12-21,成都春熙店,笔记本电脑,26,6778.43,0.0,176239.18,0,1
2024-12-21,成都春熙店,配件耗材,64,208.7,0.024,13036.24,0,1
2024-12-22,上海旗舰店,智能家居,88,936.69,0.106,73691.28,1,1
2024-12-22,上海旗舰店,智能手机,79,4163.82,0.034,317757.76,0,1
2024-12-22,上海旗舰店,智能穿戴,59,1317.7,0.008,77122.35,0,1
2024-12-22,上海旗舰店,笔记本电脑,37,6870.71,0.006,252690.97,0,1
2024-12-22,上海旗舰店,配件耗材,146,205.58,0.017,29504.43,0,1
2024-12-22,北京中关村店,智能家居,70,942.93,0.038,63496.91,0,1
2024-12-22,北京中关村店,智能手机,71,4187.66,0.048,283052.31,0,1
2024-12-22,北京中关村店,智能穿戴,66,1343.67,0.008,87972.76,0,1
2024-12-22,北京中关村店,笔记本电脑,46,6727.49,0.131,268924.69,1,1
2024-12-22,北京中关村店,配件耗材,128,206.03,0.007,26187.24,0,1
2024-12-22,广州天河店,智能家居,67,940.35,0.214,49520.71,1,1
2024-12-22,广州天河店,智能手机,85,4149.41,0.016,347056.65,0,1
2024-12-22,广州天河店,智能穿戴,61,1360.72,0.099,74786.53,1,1
2024-12-22,广州天河店,笔记本电脑,29,6743.49,0.037,188325.45,0,1
2024-12-22,广州天河店,配件耗材,98,204.82,0.007,19931.85,0,1
2024-12-22,成都春熙店,智能家居,42,936.96,0.011,38919.44,0,1
2024-12-22,成都春熙店,智能手机,72,4187.22,0.027,293339.88,0,1
2024-12-22,成都春熙店,智能穿戴,71,1358.37,0.072,89500.28,1,1
2024-12-22,成都春熙店,笔记本电脑,19,6857.15,0.045,124422.99,0,1
2024-12-22,成都春熙店,配件耗材,63,206.94,0.024,12724.33,0,1
2024-12-23,上海旗舰店,智能家居,60,943.03,0.014,55789.65,0,0
2024-12-23,上海旗舰店,智能手机,97,4151.49,0.096,364035.86,1,0
2024-12-23,上海旗舰店,智能穿戴,83,1332.41,0.195,89024.97,1,0
2024-12-23,上海旗舰店,笔记本电脑,51,6732.2,0.124,300767.77,1,0
2024-12-23,上海旗舰店,配件耗材,105,206.58,0.032,20996.79,0,0
2024-12-23,北京中关村店,智能家居,61,931.54,0.036,54778.28,0,0
2024-12-23,北京中关村店,智能手机,77,4161.18,0.206,254406.22,1,0
2024-12-23,北京中关村店,智能穿戴,58,1375.55,0.122,70048.51,1,0
2024-12-23,北京中关村店,笔记本电脑,45,6851.35,0.108,275013.19,1,0
2024-12-23,北京中关村店,配件耗材,115,205.28,0.016,23229.48,0,0
2024-12-23,广州天河店,智能家居,44,933.11,0.001,41015.78,0,0
2024-12-23,广州天河店,智能手机,64,4212.97,0.037,259653.77,0,0
2024-12-23,广州天河店,智能穿戴,60,1344.95,0.103,72385.21,1,0
2024-12-23,广州天河店,笔记本电脑,26,6863.76,0.005,177565.47,0,0
2024-12-23,广州天河店,配件耗材,74,205.24,0.044,14519.5,0,0
2024-12-23,成都春熙店,智能家居,50,951.33,0.185,38766.7,1,0
2024-12-23,成都春熙店,智能手机,52,4166.58,0.02,212328.92,0,0
2024-12-23,成都春熙店,智能穿戴,51,1348.83,0.18,56408.07,1,0
2024-12-23,成都春熙店,笔记本电脑,26,6794.59,0.076,163233.23,1,0
2024-12-23,成都春熙店,配件耗材,60,210.55,0.008,12531.94,0,0
2024-12-24,上海旗舰店,智能家居,62,938.46,0.093,52773.36,1,0
2024-12-24,上海旗舰店,智能手机,98,4183.18,0.024,400112.8,0,0
2024-12-24,上海旗舰店,智能穿戴,60,1339.66,0.047,76601.76,0,0
2024-12-24,上海旗舰店,笔记本电脑,39,6693.34,0.023,255036.33,0,0
2024-12-24,上海旗舰店,配件耗材,96,207.69,0.023,19479.66,0,0
2024-12-24,北京中关村店,智能家居,65,940.28,0.164,51094.82,1,0
2024-12-24,北京中关村店,智能手机,63,4160.53,0.019,257133.24,0,0
2024-12-24,北京中关村店,智能穿戴,68,1351.12,0.159,77267.85,1,0
2024-12-24,北京中关村店,笔记本电脑,49,6662.77,0.188,265098.29,1,0
2024-12-24,北京中关村店,配件耗材,113,209.21,0.034,22836.95,0,0
2024-12-24,广州天河店,智能家居,60,934.77,0.069,52216.25,1,0
2024-12-24,广州天河店,智能手机,94,4135.4,0.118,342857.74,1,0
2024-12-24,广州天河店,智能穿戴,41,1329.56,0.031,52822.09,0,0
2024-12-24,广州天河店,笔记本电脑,36,6788.43,0.176,201371.99,1,0
2024-12-24,广州天河店,配件耗材,77,207.69,0.044,15288.48,0,0
2024-12-24,成都春熙店,智能家居,20,924.26,0.033,17875.19,0,0
2024-12-24,成都春熙店,智能手机,53,4181.3,0.043,212079.72,0,0
2024-12-24,成都春熙店,智能穿戴,40,1350.95,0.045,51606.29,0,0
2024-12-24,成都春熙店,笔记本电脑,23,6755.57,0.075,143724.75,1,0
2024-12-24,成都春熙店,配件耗材,93,203.1,0.077,17433.9,1,0
2024-12-25,上海旗舰店,智能家居,88,943.36,0.072,77038.55,1,0
2024-12-25,上海旗舰店,智能手机,69,4205.03,0.026,282603.25,0,0
2024-12-25,上海旗舰店,智能穿戴,96,1361.52,0.179,107309.56,1,0
2024-12-25,上海旗舰店,笔记本电脑,43,6682.54,0.091,261200.44,1,0
2024-12-25,上海旗舰店,配件耗材,96,206.67,0.013,19582.4,0,0
2024-12-25,北京中关村店,智能家居,42,913.6,0.004,38217.72,0,0
2024-12-25,北京中关村店,智能手机,79,4103.57,0.026,315753.3,0,0
2024-12-25,北京中关村店,智能穿戴,66,1358.7,0.026,87342.67,0,0
2024-12-25,北京中关村店,笔记本电脑,49,6902.0,0.164,282733.53,1,0
2024-12-25,北京中关村店,配件耗材,116,208.19,0.037,23256.49,0,0
2024-12-25,广州天河店,智能家居,52,929.68,0.027,47038.09,0,0
2024-12-25,广州天河店,智能手机,65,4204.73,0.032,264561.61,0,0
2024-12-25,广州天河店,智能穿戴,43,1360.18,0.041,56089.74,0,0
2024-12-25,广州天河店,笔记本电脑,22,6725.2,0.014,145883.04,0,0
2024-12-25,广州天河店,配件耗材,82,209.5,0.046,16388.77,0,0
2024-12-25,成都春熙店,智能家居,30,948.97,0.034,27501.15,0,0
2024-12-25,成都春熙店,智能手机,64,4173.72,0.016,262844.19,0,0
2024-12-25,成都春熙店,智能穿戴,45,1361.47,0.018,60163.36,0,0
2024-12-25,成都春熙店,笔记本电脑,19,6762.22,0.047,122443.52,0,0
2024-12-25,成都春熙店,配件耗材,43,207.62,0.0,8927.66,0,0
2024-12-26,上海旗舰店,智能家居,78,933.77,0.037,70139.2,0,0
2024-12-26,上海旗舰店,智能手机,72,4222.36,0.024,296713.68,0,0
2024-12-26,上海旗舰店,智能穿戴,67,1341.17,0.216,70448.98,1,0
2024-12-26,上海旗舰店,笔记本电脑,41,6821.84,0.129,243614.73,1,0
2024-12-26,上海旗舰店,配件耗材,140,209.51,0.085,26838.23,1,0
2024-12-26,北京中关村店,智能家居,46,942.94,0.138,37389.46,1,0
2024-12-26,北京中关村店,智能手机,82,4110.98,0.022,329684.15,0,0
2024-12-26,北京中关村店,智能穿戴,58,1346.17,0.042,74798.59,0,0
2024-12-26,北京中关村店,笔记本电脑,38,6769.57,0.102,231004.81,1,0
2024-12-26,北京中关村店,配件耗材,114,209.5,0.013,23572.52,0,0
2024-12-26,广州天河店,智能家居,44,935.27,0.047,39217.74,0,0
2024-12-26,广州天河店,智能手机,69,4150.71,0.045,273511.04,0,0
2024-12-26,广州天河店,智能穿戴,46,1384.94,0.047,60713.0,0,0
2024-12-26,广州天河店,笔记本电脑,25,6840.58,0.029,166055.08,0,0
2024-12-26,广州天河店,配件耗材,106,205.31,0.025,21218.79,0,0
2024-12-26,成都春熙店,智能家居,27,931.25,0.011,24867.17,0,0
2024-12-26,成都春熙店,智能手机,44,4196.18,0.039,177431.28,0,0
2024-12-26,成都春熙店,智能穿戴,34,1377.18,0.028,45513.04,0,0
2024-12-26,成都春熙店,笔记本电脑,21,6621.8,0.011,137528.16,0,0
2024-12-26,成都春熙店,配件耗材,59,207.54,0.037,11791.8,0,0
2024-12-27,上海旗舰店,智能家居,48,935.48,0.038,43196.72,0,0
2024-12-27,上海旗舰店,智能手机,89,4103.05,0.023,356772.51,0,0
2024-12-27,上海旗舰店,智能穿戴,106,1349.79,0.192,115606.81,1,0
2024-12-27,上海旗舰店,笔记本电脑,51,6660.99,0.092,308457.12,1,0
2024-12-27,上海旗舰店,配件耗材,129,208.4,0.049,25566.3,0,0
2024-12-27,北京中关村店,智能家居,57,931.31,0.009,52606.91,0,0
2024-12-27,北京中关村店,智能手机,89,4101.96,0.04,350471.46,0,0
2024-12-27,北京中关村店,智能穿戴,55,1350.74,0.037,71541.94,0,0
2024-12-27,北京中关村店,笔记本电脑,35,6894.56,0.018,236966.03,0,0
2024-12-27,北京中关村店,配件耗材,113,207.61,0.044,22427.69,0,0
2024-12-27,广州天河店,智能家居,74,939.13,0.182,56847.42,1,0
2024-12-27,广州天河店,智能手机,55,4169.09,0.037,220815.85,0,0
2024-12-27,广州天河店,智能穿戴,47,1367.06,0.017,63159.54,0,0
2024-12-27,广州天河店,笔记本电脑,47,6808.16,0.066,298864.61,1,0
2024-12-27,广州天河店,配件耗材,107,212.03,0.028,22051.97,0,0
2024-12-27,成都春熙店,智能家居,28,929.63,0.025,25378.9,0,0
2024-12-27,成都春熙店,智能手机,53,4166.25,0.031,213966.1,0,0
2024-12-27,成都春熙店,智能穿戴,45,1349.32,0.068,56590.48,1,0
2024-12-27,成都春熙店,笔记本电脑,26,6843.09,0.17,147673.88,1,0
2024-12-27,成都春熙店,配件耗材,60,209.47,0.174,10381.33,1,0
2024-12-28,上海旗舰店,智能家居,67,935.0,0.041,60076.56,0,1
2024-12-28,上海旗舰店,智能手机,124,4159.13,0.129,449202.68,1,1
2024-12-28,上海旗舰店,智能穿戴,67,1357.94,0.003,90709.03,0,1
2024-12-28,上海旗舰店,笔记本电脑,43,6781.65,0.026,284029.07,0,1
2024-12-28,上海旗舰店,配件耗材,174,206.92,0.018,35356.01,0,1
2024-12-28,北京中关村店,智能家居,70,931.82,0.219,50942.6,1,1
2024-12-28,北京中关村店,智能手机,107,4170.82,0.013,440476.13,0,1
2024-12-28,北京中关村店,智能穿戴,77,1342.27,0.001,103251.44,0,1
2024-12-28,北京中关村店,笔记本电脑,37,6779.0,0.022,245304.89,0,1
2024-12-28,北京中关村店,配件耗材,127,209.08,0.04,25491.03,0,1
2024-12-28,广州天河店,智能家居,51,956.82,0.015,48065.85,0,1
2024-12-28,广州天河店,智能手机,95,4230.52,0.215,315491.03,1,1
2024-12-28,广州天河店,智能穿戴,49,1359.22,0.014,65669.36,0,1
2024-12-28,广州天河店,笔记本电脑,45,6788.58,0.126,266994.85,1,1
2024-12-28,广州天河店,配件耗材,131,207.33,0.037,26155.3,0,1
2024-12-28,成都春熙店,智能家居,36,942.9,0.047,32349.01,0,1
2024-12-28,成都春熙店,智能手机,82,4173.53,0.158,288157.21,1,1
2024-12-28,成都春熙店,智能穿戴,50,1377.68,0.018,67644.09,0,1
2024-12-28,成都春熙店,笔记本电脑,27,6894.7,0.016,183178.39,0,1
2024-12-28,成都春熙店,配件耗材,95,207.26,0.066,18390.18,1,1
2024-12-29,上海旗舰店,智能家居,60,937.69,0.013,55530.0,0,1
2024-12-29,上海旗舰店,智能手机,84,4171.54,0.008,347606.09,0,1
2024-12-29,上海旗舰店,智能穿戴,108,1362.7,0.109,131129.9,1,1
2024-12-29,上海旗舰店,笔记本电脑,89,6816.38,0.157,511412.54,1,1
2024-12-29,上海旗舰店,配件耗材,135,206.49,0.035,26900.48,0,1
2024-12-29,北京中关村店,智能家居,72,937.85,0.195,54357.79,1,1
2024-12-29,北京中关村店,智能手机,105,4134.79,0.154,367293.4,1,1
2024-12-29,北京中关村店,智能穿戴,66,1341.16,0.021,86657.71,0,1
2024-12-29,北京中关村店,笔记本电脑,33,6816.13,0.025,219308.98,0,1
2024-12-29,北京中关村店,配件耗材,154,206.13,0.155,26823.7,1,1
2024-12-29,广州天河店,智能家居,61,936.7,0.011,56510.17,0,1
2024-12-29,广州天河店,智能手机,62,4214.91,0.003,260540.45,0,1
2024-12-29,广州天河店,智能穿戴,61,1366.1,0.109,74248.9,1,1
2024-12-29,广州天河店,笔记本电脑,27,6684.75,0.013,178141.9,0,1
2024-12-29,广州天河店,配件耗材,91,206.77,0.012,18590.28,0,1
2024-12-29,成都春熙店,智能家居,37,926.47,0.035,33079.61,0,1
2024-12-29,成都春熙店,智能手机,53,4129.67,0.027,212962.95,0,1
2024-12-29,成都春熙店,智能穿戴,53,1365.78,0.029,70287.14,0,1
2024-12-29,成都春熙店,笔记本电脑,30,6810.83,0.015,201260.03,0,1
2024-12-29,成都春熙店,配件耗材,76,205.26,0.189,12651.41,1,1
2024-12-30,上海旗舰店,智能家居,86,936.11,0.146,68751.66,1,0
2024-12-30,上海旗舰店,智能手机,77,4093.5,0.032,305113.12,0,0
2024-12-30,上海旗舰店,智能穿戴,67,1356.23,0.015,89504.4,0,0
2024-12-30,上海旗舰店,笔记本电脑,31,6875.18,0.03,206736.66,0,0
2024-12-30,上海旗舰店,配件耗材,164,210.85,0.186,28147.63,1,0
2024-12-30,北京中关村店,智能家居,74,921.46,0.209,53936.74,1,0
2024-12-30,北京中关村店,智能手机,86,4238.44,0.012,360131.77,0,0
2024-12-30,北京中关村店,智能穿戴,58,1361.12,0.018,77523.95,0,0
2024-12-30,北京中关村店,笔记本电脑,40,6768.82,0.012,267503.77,0,0
2024-12-30,北京中关村店,配件耗材,187,208.85,0.186,31790.73,1,0
2024-12-30,广州天河店,智能家居,44,942.27,0.049,39428.35,0,0
2024-12-30,广州天河店,智能手机,71,4153.75,0.017,289902.67,0,0
2024-12-30,广州天河店,智能穿戴,70,1352.29,0.124,82922.42,1,0
2024-12-30,广州天河店,笔记本电脑,29,6666.72,0.01,191401.53,0,0
2024-12-30,广州天河店,配件耗材,79,206.91,0.044,15626.67,0,0
2024-12-30,成都春熙店,智能家居,53,929.36,0.156,41572.13,1,0
2024-12-30,成都春熙店,智能手机,50,4071.62,0.017,200120.12,0,0
2024-12-30,成都春熙店,智能穿戴,43,1390.88,0.011,59149.95,0,0
2024-12-30,成都春熙店,笔记本电脑,25,6872.91,0.08,158076.93,1,0
2024-12-30,成都春熙店,配件耗材,71,208.29,0.033,14300.57,0,0
2024-12-31,上海旗舰店,智能家居,51,952.43,0.048,46242.38,0,0
2024-12-31,上海旗舰店,智能手机,79,4092.64,0.025,315235.6,0,0
2024-12-31,上海旗舰店,智能穿戴,70,1379.81,0.03,93689.1,0,0
2024-12-31,上海旗舰店,笔记本电脑,37,6701.52,0.034,239525.73,0,0
2024-12-31,上海旗舰店,配件耗材,112,205.44,0.02,22549.09,0,0
2024-12-31,北京中关村店,智能家居,53,932.96,0.151,41980.4,1,0
2024-12-31,北京中关村店,智能手机,69,4257.61,0.012,290249.79,0,0
2024-12-31,北京中关村店,智能穿戴,48,1359.82,0.022,63835.39,0,0
2024-12-31,北京中关村店,笔记本电脑,36,6731.11,0.217,189736.53,1,0
2024-12-31,北京中关村店,配件耗材,103,209.12,0.012,21280.89,0,0
2024-12-31,广州天河店,智能家居,54,953.31,0.122,45198.33,1,0
2024-12-31,广州天河店,智能手机,68,4173.64,0.02,278131.37,0,0
2024-12-31,广州天河店,智能穿戴,46,1351.63,0.025,60620.61,0,0
2024-12-31,广州天河店,笔记本电脑,39,6664.9,0.208,205865.43,1,0
2024-12-31,广州天河店,配件耗材,106,205.95,0.035,21066.63,0,0
2024-12-31,成都春熙店,智能家居,30,950.46,0.001,28485.29,0,0
2024-12-31,成都春熙店,智能手机,87,4203.73,0.218,285996.57,1,0
2024-12-31,成都春熙店,智能穿戴,40,1372.44,0.187,44631.75,1,0
2024-12-31,成都春熙店,笔记本电脑,19,6827.25,0.004,129198.88,0,0
2024-12-31,成都春熙店,配件耗材,55,206.07,0.003,11299.85,0,0
2025-01-01,上海旗舰店,智能家居,57,951.14,0.038,52154.81,0,0
2025-01-01,上海旗舰店,智能手机,65,4155.34,0.014,266315.74,0,0
2025-01-01,上海旗舰店,智能穿戴,43,1363.66,0.012,57933.73,0,0
2025-01-01,上海旗舰店,笔记本电脑,26,6832.98,0.009,176058.56,0,0
2025-01-01,上海旗舰店,配件耗材,135,208.28,0.217,22016.24,1,0
2025-01-01,北京中关村店,智能家居,33,945.74,0.017,30678.86,0,0
2025-01-01,北京中关村店,智能手机,58,4196.54,0.003,242669.12,0,0
2025-01-01,北京中关村店,智能穿戴,47,1332.73,0.005,62325.12,0,0
2025-01-01,北京中关村店,笔记本电脑,25,6846.0,0.013,168925.05,0,0
2025-01-01,北京中关村店,配件耗材,81,206.26,0.008,16573.4,0,0
2025-01-01,广州天河店,智能家居,47,946.18,0.029,43180.82,0,0
2025-01-01,广州天河店,智能手机,44,4208.16,0.039,177937.84,0,0
2025-01-01,广州天河店,智能穿戴,29,1360.77,0.013,38949.32,0,0
2025-01-01,广州天河店,笔记本电脑,22,6732.98,0.046,141311.78,0,0
2025-01-01,广州天河店,配件耗材,67,207.03,0.006,13787.78,0,0
2025-01-01,成都春熙店,智能家居,27,936.2,0.034,24417.97,0,0
2025-01-01,成都春熙店,智能手机,40,4202.84,0.018,165087.56,0,0
2025-01-01,成都春熙店,智能穿戴,27,1338.49,0.027,35163.47,0,0
2025-01-01,成都春熙店,笔记本电脑,20,6805.94,0.045,129993.45,0,0
2025-01-01,成都春熙店,配件耗材,45,210.4,0.04,9089.28,0,0
2025-01-02,上海旗舰店,智能家居,42,936.25,0.003,39204.53,0,0
2025-01-02,上海旗舰店,智能手机,70,4087.12,0.05,271793.48,0,0
2025-01-02,上海旗舰店,智能穿戴,47,1353.68,0.01,62986.73,0,0
2025-01-02,上海旗舰店,笔记本电脑,28,6940.42,0.034,187724.48,0,0
2025-01-02,上海旗舰店,配件耗材,82,208.39,0.037,16455.72,0,0
2025-01-02,北京中关村店,智能家居,33,931.72,0.047,29301.66,0,0
2025-01-02,北京中关村店,智能手机,54,4230.87,0.014,225268.44,0,0
2025-01-02,北京中关村店,智能穿戴,46,1356.94,0.013,61607.79,0,0
2025-01-02,北京中关村店,笔记本电脑,29,6739.94,0.049,185880.81,0,0
2025-01-02,北京中关村店,配件耗材,86,212.4,0.03,17718.41,0,0
2025-01-02,广州天河店,智能家居,57,942.37,0.112,47699.0,1,0
2025-01-02,广州天河店,智能手机,67,4247.54,0.045,271778.85,0,0
2025-01-02,广州天河店,智能穿戴,35,1361.29,0.02,46692.25,0,0
2025-01-02,广州天河店,笔记本电脑,23,6743.05,0.031,150282.36,0,0
2025-01-02,广州天河店,配件耗材,64,210.31,0.031,13042.58,0,0
2025-01-02,成都春熙店,智能家居,30,947.71,0.165,23740.14,1,0
2025-01-02,成都春熙店,智能手机,47,4217.32,0.028,192664.05,0,0
2025-01-02,成都春熙店,智能穿戴,24,1356.89,0.046,31067.35,0,0
2025-01-02,成都春熙店,笔记本电脑,15,6784.68,0.001,101668.43,0,0
2025-01-02,成都春熙店,配件耗材,49,205.66,0.015,9926.18,0,0
2025-01-03,上海旗舰店,智能家居,53,934.36,0.042,47441.19,0,0
2025-01-03,上海旗舰店,智能手机,75,4203.73,0.01,312126.95,0,0
2025-01-03,上海旗舰店,智能穿戴,56,1338.78,0.049,71298.07,0,0
2025-01-03,上海旗舰店,笔记本电脑,25,6722.31,0.009,166545.23,0,0
2025-01-03,上海旗舰店,配件耗材,104,208.15,0.046,20651.81,0,0
2025-01-03,北京中关村店,智能家居,51,935.75,0.031,46243.83,0,0
2025-01-03,北京中关村店,智能手机,69,4140.57,0.009,283128.04,0,0
2025-01-03,北京中关村店,智能穿戴,45,1361.72,0.006,60909.74,0,0
2025-01-03,北京中关村店,笔记本电脑,26,6774.89,0.046,168044.37,0,0
2025-01-03,北京中关村店,配件耗材,76,205.22,0.043,14926.06,0,0
2025-01-03,广州天河店,智能家居,37,932.28,0.026,33597.51,0,0
2025-01-03,广州天河店,智能手机,51,4199.52,0.044,204751.8,0,0
2025-01-03,广州天河店,智能穿戴,35,1367.88,0.033,46295.9,0,0
2025-01-03,广州天河店,笔记本电脑,36,6813.82,0.104,219786.58,1,0
2025-01-03,广州天河店,配件耗材,84,210.16,0.033,17070.88,0,0
2025-01-03,成都春熙店,智能家居,32,949.79,0.036,29299.12,0,0
2025-01-03,成都春熙店,智能手机,47,4210.16,0.029,192139.07,0,0
2025-01-03,成都春熙店,智能穿戴,30,1368.63,0.027,39950.31,0,0
2025-01-03,成都春熙店,笔记本电脑,15,6649.86,0.01,98750.42,0,0
2025-01-03,成都春熙店,配件耗材,47,207.57,0.01,9658.23,0,0
2025-01-04,上海旗舰店,智能家居,52,923.07,0.007,47663.64,0,1
2025-01-04,上海旗舰店,智能手机,69,4207.28,0.049,276077.51,0,1
2025-01-04,上海旗舰店,智能穿戴,62,1350.24,0.036,80701.14,0,1
2025-01-04,上海旗舰店,笔记本电脑,31,6819.6,0.01,209293.52,0,1
2025-01-04,上海旗舰店,配件耗材,102,207.76,0.041,20322.67,0,1
2025-01-04,北京中关村店,智能家居,39,953.82,0.031,36045.81,0,1
2025-01-04,北京中关村店,智能手机,102,4174.93,0.215,334286.65,1,1
2025-01-04,北京中关村店,智能穿戴,41,1338.67,0.048,52250.97,0,1
2025-01-04,北京中关村店,笔记本电脑,25,6824.18,0.035,164633.34,0,1
2025-01-04,北京中关村店,配件耗材,87,207.83,0.021,17701.5,0,1
2025-01-04,广州天河店,智能家居,40,942.66,0.001,37668.69,0,1
2025-01-04,广州天河店,智能手机,93,4169.95,0.213,305202.81,1,1
2025-01-04,广州天河店,智能穿戴,45,1383.83,0.03,60404.18,0,1
2025-01-04,广州天河店,笔记本电脑,21,6781.1,0.046,135852.56,0,1
2025-01-04,广州天河店,配件耗材,77,211.44,0.031,15776.17,0,1
2025-01-04,成都春熙店,智能家居,33,943.53,0.024,30389.21,0,1
2025-01-04,成都春熙店,智能手机,121,4188.32,0.009,502225.64,0,1
2025-01-04,成都春熙店,智能穿戴,29,1373.53,0.015,39234.88,0,1
2025-01-04,成都春熙店,笔记本电脑,17,6914.95,0.043,112499.32,0,1
2025-01-04,成都春熙店,配件耗材,95,209.23,0.016,19558.82,0,1
2025-01-05,上海旗舰店,智能家居,52,935.4,0.03,47181.58,0,1
2025-01-05,上海旗舰店,智能手机,77,4180.23,0.016,316727.67,0,1
2025-01-05,上海旗舰店,智能穿戴,55,1368.78,0.003,75057.05,0,1
2025-01-05,上海旗舰店,笔记本电脑,33,6866.41,0.043,216848.09,0,1
2025-01-05,上海旗舰店,配件耗材,80,208.72,0.03,16196.67,0,1
2025-01-05,北京中关村店,智能家居,55,936.03,0.048,49010.53,0,1
2025-01-05,北京中关村店,智能手机,62,4171.87,0.023,252706.85,0,1
2025-01-05,北京中关村店,智能穿戴,44,1369.27,0.045,57536.73,0,1
2025-01-05,北京中关村店,笔记本电脑,49,6688.75,0.178,269409.47,1,1
2025-01-05,北京中关村店,配件耗材,99,208.31,0.011,20395.84,0,1
2025-01-05,广州天河店,智能家居,46,946.59,0.033,42106.22,0,1
2025-01-05,广州天河店,智能手机,82,4158.6,0.033,329752.03,0,1
2025-01-05,广州天河店,智能穿戴,46,1343.34,0.049,58765.75,0,1
2025-01-05,广州天河店,笔记本电脑,27,6926.99,0.012,184784.39,0,1
2025-01-05,广州天河店,配件耗材,78,208.21,0.038,15623.25,0,1
2025-01-05,成都春熙店,智能家居,38,938.46,0.032,34520.31,0,1
2025-01-05,成都春熙店,智能手机,62,4164.17,0.193,208350.08,1,1
2025-01-05,成都春熙店,智能穿戴,33,1375.94,0.044,43408.16,0,1
2025-01-05,成都春熙店,笔记本电脑,20,6768.07,0.016,133195.62,0,1
2025-01-05,成都春熙店,配件耗材,62,209.41,0.009,12866.57,0,1
2025-01-06,上海旗舰店,智能家居,76,945.93,0.16,60388.17,1,0
2025-01-06,上海旗舰店,智能手机,79,4152.5,0.02,321486.55,0,0
2025-01-06,上海旗舰店,智能穿戴,57,1369.29,0.002,77893.43,0,0
2025-01-06,上海旗舰店,笔记本电脑,27,6799.26,0.043,175686.08,0,0
2025-01-06,上海旗舰店,配件耗材,89,205.7,0.048,17428.55,0,0
2025-01-06,北京中关村店,智能家居,42,950.76,0.005,39732.26,0,0
2025-01-06,北京中关村店,智能手机,70,4218.44,0.028,287022.66,0,0
2025-01-06,北京中关村店,智能穿戴,45,1353.83,0.029,59155.6,0,0
2025-01-06,北京中关村店,笔记本电脑,25,6707.13,0.004,167007.54,0,0
2025-01-06,北京中关村店,配件耗材,79,205.26,0.027,15777.72,0,0
2025-01-06,广州天河店,智能家居,42,934.66,0.006,39020.19,0,0
2025-01-06,广州天河店,智能手机,52,4140.62,0.037,207345.69,0,0
2025-01-06,广州天河店,智能穿戴,41,1361.69,0.02,54712.7,0,0
2025-01-06,广州天河店,笔记本电脑,23,6765.46,0.022,152182.26,0,0
2025-01-06,广州天河店,配件耗材,77,206.62,0.02,15591.55,0,0
2025-01-06,成都春熙店,智能家居,25,929.4,0.001,23211.76,0,0
2025-01-06,成都春熙店,智能手机,35,4187.64,0.043,140265.0,0,0
2025-01-06,成都春熙店,智能穿戴,41,1332.64,0.178,44912.63,1,0
2025-01-06,成都春熙店,笔记本电脑,14,6851.13,0.026,93422.01,0,0
2025-01-06,成都春熙店,配件耗材,55,205.83,0.009,11218.76,0,0
2025-01-07,上海旗舰店,智能家居,42,938.17,0.01,39009.11,0,0
2025-01-07,上海旗舰店,智能手机,52,4092.39,0.009,210889.04,0,0
2025-01-07,上海旗舰店,智能穿戴,39,1368.16,0.047,50850.4,0,0
2025-01-07,上海旗舰店,笔记本电脑,33,6739.87,0.036,214408.74,0,0
2025-01-07,上海旗舰店,配件耗材,89,202.45,0.04,17297.33,0,0
2025-01-07,北京中关村店,智能家居,32,933.2,0.02,29265.15,0,0
2025-01-07,北京中关村店,智能手机,86,4214.33,0.043,346847.79,0,0
2025-01-07,北京中关村店,智能穿戴,52,1376.93,0.097,64655.13,1,0
2025-01-07,北京中关村店,笔记本电脑,18,6836.26,0.026,119853.31,0,0
2025-01-07,北京中关村店,配件耗材,99,203.77,0.164,16864.82,1,0
2025-01-07,广州天河店,智能家居,42,935.12,0.07,36525.79,1,0
2025-01-07,广州天河店,智能手机,53,4129.03,0.006,217525.56,0,0
2025-01-07,广州天河店,智能穿戴,33,1349.96,0.039,42811.28,0,0
2025-01-07,广州天河店,笔记本电脑,21,6809.78,0.004,142433.36,0,0
2025-01-07,广州天河店,配件耗材,81,209.31,0.032,16411.58,0,0
2025-01-07,成都春熙店,智能家居,25,940.08,0.028,22843.94,0,0
2025-01-07,成都春熙店,智能手机,47,4146.49,0.004,194105.49,0,0
2025-01-07,成都春熙店,智能穿戴,28,1375.79,0.002,38445.08,0,0
2025-01-07,成都春熙店,笔记本电脑,16,6841.45,0.003,109134.81,0,0
2025-01-07,成都春熙店,配件耗材,39,207.63,0.007,8040.89,0,0
2025-01-08,上海旗舰店,智能家居,44,932.13,0.042,39291.14,0,0
2025-01-08,上海旗舰店,智能手机,62,4151.19,0.028,250167.31,0,0
2025-01-08,上海旗舰店,智能穿戴,56,1351.3,0.005,75294.44,0,0
2025-01-08,上海旗舰店,笔记本电脑,32,6850.95,0.024,213968.87,0,0
2025-01-08,上海旗舰店,配件耗材,76,209.6,0.009,15786.23,0,0
2025-01-08,北京中关村店,智能家居,40,942.78,0.047,35938.77,0,0
2025-01-08,北京中关村店,智能手机,84,4195.84,0.122,309451.59,1,0
2025-01-08,北京中关村店,智能穿戴,50,1345.04,0.008,66713.98,0,0
2025-01-08,北京中关村店,笔记本电脑,33,6802.5,0.115,198667.01,1,0
2025-01-08,北京中关村店,配件耗材,80,209.48,0.004,16691.37,0,0
2025-01-08,广州天河店,智能家居,35,928.42,0.047,30967.45,0,0
2025-01-08,广州天河店,智能手机,65,4259.01,0.016,272406.28,0,0
2025-01-08,广州天河店,智能穿戴,49,1356.7,0.209,52584.34,1,0
2025-01-08,广州天河店,笔记本电脑,20,6746.57,0.016,132772.5,0,0
2025-01-08,广州天河店,配件耗材,83,208.89,0.023,16939.1,0,0
2025-01-08,成都春熙店,智能家居,21,933.76,0.05,18628.51,0,0
2025-01-08,成都春熙店,智能手机,69,4210.07,0.062,272484.15,1,0
2025-01-08,成都春熙店,智能穿戴,35,1366.82,0.002,47743.02,0,0
2025-01-08,成都春熙店,笔记本电脑,21,6879.77,0.046,137829.31,0,0
2025-01-08,成都春熙店,配件耗材,61,203.84,0.008,12334.77,0,0
2025-01-09,上海旗舰店,智能家居,46,945.97,0.024,42470.27,0,0
2025-01-09,上海旗舰店,智能手机,72,4149.56,0.014,294585.56,0,0
2025-01-09,上海旗舰店,智能穿戴,64,1347.29,0.125,75448.24,1,0
2025-01-09,上海旗舰店,笔记本电脑,24,6724.45,0.0,161386.8,0,0
2025-01-09,上海旗舰店,配件耗材,72,203.9,0.004,14622.08,0,0
2025-01-09,北京中关村店,智能家居,48,944.24,0.016,44598.34,0,0
2025-01-09,北京中关村店,智能手机,71,4187.35,0.031,288085.49,0,0
2025-01-09,北京中关村店,智能穿戴,40,1342.07,0.004,53468.07,0,0
2025-01-09,北京中关村店,笔记本电脑,24,6901.71,0.007,164481.55,0,0
2025-01-09,北京中关村店,配件耗材,87,204.16,0.0,17761.92,0,0
2025-01-09,广州天河店,智能家居,38,939.16,0.045,34082.12,0,0
2025-01-09,广州天河店,智能手机,55,4242.28,0.004,232392.1,0,0
2025-01-09,广州天河店,智能穿戴,42,1344.63,0.025,55062.6,0,0
2025-01-09,广州天河店,笔记本电脑,25,6785.74,0.049,161330.97,0,0
2025-01-09,广州天河店,配件耗材,66,210.8,0.025,13564.98,0,0
2025-01-09,成都春熙店,智能家居,35,934.85,0.134,28335.3,1,0
2025-01-09,成都春熙店,智能手机,46,4137.69,0.045,181768.72,0,0
2025-01-09,成都春熙店,智能穿戴,26,1346.3,0.01,34653.76,0,0
2025-01-09,成都春熙店,笔记本电脑,20,6773.78,0.029,131546.81,0,0
2025-01-09,成都春熙店,配件耗材,53,208.62,0.047,10537.19,0,0
2025-01-10,上海旗舰店,智能家居,52,954.72,0.038,47758.91,0,0
2025-01-10,上海旗舰店,智能手机,99,4206.35,0.196,334808.63,1,0
2025-01-10,上海旗舰店,智能穿戴,67,1362.13,0.02,89437.46,0,0
2025-01-10,上海旗舰店,笔记本电脑,35,6854.25,0.029,232941.69,0,0
2025-01-10,上海旗舰店,配件耗材,108,210.07,0.017,22301.87,0,0
2025-01-10,北京中关村店,智能家居,31,946.51,0.014,28931.02,0,0
2025-01-10,北京中关村店,智能手机,68,4138.4,0.006,279722.73,0,0
2025-01-10,北京中关村店,智能穿戴,43,1373.87,0.02,57894.88,0,0
2025-01-10,北京中关村店,笔记本电脑,25,6772.79,0.015,166779.95,0,0
2025-01-10,北京中关村店,配件耗材,98,209.48,0.041,19687.35,0,0
2025-01-10,广州天河店,智能家居,39,952.28,0.045,35467.67,0,0
2025-01-10,广州天河店,智能手机,53,4164.73,0.039,212122.19,0,0
2025-01-10,广州天河店,智能穿戴,56,1348.91,0.131,65643.36,1,0
2025-01-10,广州天河店,笔记本电脑,22,6795.78,0.034,144423.92,0,0
2025-01-10,广州天河店,配件耗材,91,208.63,0.048,18074.03,0,0
2025-01-10,成都春熙店,智能家居,66,926.63,0.168,50883.11,1,0
2025-01-10,成都春熙店,智能手机,63,4171.57,0.086,240207.34,1,0
2025-01-10,成都春熙店,智能穿戴,35,1377.44,0.039,46330.19,0,0
2025-01-10,成都春熙店,笔记本电脑,18,6735.61,0.018,119058.64,0,0
2025-01-10,成都春熙店,配件耗材,42,209.16,0.027,8547.53,0,0
2025-01-11,上海旗舰店,智能家居,79,927.81,0.013,72344.13,0,1
2025-01-11,上海旗舰店,智能手机,88,4186.01,0.004,366895.4,0,1
2025-01-11,上海旗舰店,智能穿戴,64,1341.22,0.186,69872.2,1,1
2025-01-11,上海旗舰店,笔记本电脑,34,6810.52,0.046,220906.03,0,1
2025-01-11,上海旗舰店,配件耗材,89,211.74,0.025,18373.74,0,1
2025-01-11,北京中关村店,智能家居,57,929.86,0.018,52047.98,0,1
2025-01-11,北京中关村店,智能手机,105,4137.82,0.098,391892.93,1,1
2025-01-11,北京中关村店,智能穿戴,37,1347.88,0.028,48475.16,0,1
2025-01-11,北京中关村店,笔记本电脑,28,6759.2,0.046,180551.75,0,1
2025-01-11,北京中关村店,配件耗材,116,207.02,0.004,23918.26,0,1
2025-01-11,广州天河店,智能家居,59,949.36,0.179,45986.05,1,1
2025-01-11,广州天河店,智能手机,86,4217.73,0.001,362362.06,0,1
2025-01-11,广州天河店,智能穿戴,35,1374.59,0.013,47485.21,0,1
2025-01-11,广州天河店,笔记本电脑,28,6777.25,0.022,185588.21,0,1
2025-01-11,广州天河店,配件耗材,80,209.46,0.014,16522.2,0,1
2025-01-11,成都春熙店,智能家居,31,935.88,0.034,28025.86,0,1
2025-01-11,成都春熙店,智能手机,59,4166.07,0.023,240144.77,0,1
2025-01-11,成都春熙店,智能穿戴,38,1364.64,0.023,50663.62,0,1
2025-01-11,成都春熙店,笔记本电脑,23,6717.52,0.021,151258.4,0,1
2025-01-11,成都春熙店,配件耗材,45,209.67,0.041,9048.31,0,1
2025-01-12,上海旗舰店,智能家居,72,931.59,0.019,65800.06,0,1
2025-01-12,上海旗舰店,智能手机,70,4216.36,0.045,281863.67,0,1
2025-01-12,上海旗舰店,智能穿戴,60,1339.21,0.134,69585.35,1,1
2025-01-12,上海旗舰店,笔记本电脑,33,6726.06,0.021,217298.82,0,1
2025-01-12,上海旗舰店,配件耗材,94,212.22,0.027,19410.07,0,1
2025-01-12,北京中关村店,智能家居,52,946.65,0.043,47109.09,0,1
2025-01-12,北京中关村店,智能手机,66,4246.55,0.034,270743.04,0,1
2025-01-12,北京中关村店,智能穿戴,49,1357.94,0.029,64609.43,0,1
2025-01-12,北京中关村店,笔记本电脑,27,6975.01,0.038,181168.91,0,1
2025-01-12,北京中关村店,配件耗材,106,209.99,0.004,22169.9,0,1
2025-01-12,广州天河店,智能家居,49,936.72,0.201,36673.52,1,1
2025-01-12,广州天河店,智能手机,106,4177.18,0.21,349797.05,1,1
2025-01-12,广州天河店,智能穿戴,47,1353.73,0.048,60571.3,0,1
2025-01-12,广州天河店,笔记本电脑,35,6862.06,0.172,198862.5,1,1
2025-01-12,广州天河店,配件耗材,101,206.24,0.115,18434.76,1,1
2025-01-12,成都春熙店,智能家居,36,938.96,0.036,32585.67,0,1
2025-01-12,成都春熙店,智能手机,54,4133.93,0.041,214079.7,0,1
2025-01-12,成都春熙店,智能穿戴,37,1339.29,0.038,47670.69,0,1
2025-01-12,成都春熙店,笔记本电脑,19,6818.82,0.014,127743.77,0,1
2025-01-12,成都春熙店,配件耗材,49,207.49,0.033,9831.5,0,1
2025-01-13,上海旗舰店,智能家居,55,922.15,0.006,50413.94,0,0
2025-01-13,上海旗舰店,智能手机,56,4103.96,0.036,221548.18,0,0
2025-01-13,上海旗舰店,智能穿戴,47,1377.68,0.011,64038.7,0,0
2025-01-13,上海旗舰店,笔记本电脑,27,6848.65,0.033,178811.4,0,0
2025-01-13,上海旗舰店,配件耗材,88,209.05,0.033,17789.32,0,0
2025-01-13,北京中关村店,智能家居,40,957.15,0.011,37864.85,0,0
2025-01-13,北京中关村店,智能手机,68,4205.7,0.047,272546.18,0,0
2025-01-13,北京中关村店,智能穿戴,48,1373.41,0.024,64341.51,0,0
2025-01-13,北京中关村店,笔记本电脑,29,6726.24,0.003,194475.78,0,0
2025-01-13,北京中关村店,配件耗材,80,206.75,0.016,16275.36,0,0
2025-01-13,广州天河店,智能家居,33,912.31,0.026,29323.47,0,0
2025-01-13,广州天河店,智能手机,62,4158.57,0.041,247260.26,0,0
2025-01-13,广州天河店,智能穿戴,42,1359.86,0.028,55514.92,0,0
2025-01-13,广州天河店,笔记本电脑,21,6731.71,0.015,139245.42,0,0
2025-01-13,广州天河店,配件耗材,83,208.88,0.034,16747.58,0,0
2025-01-13,成都春熙店,智能家居,31,941.01,0.047,27800.26,0,0
2025-01-13,成都春熙店,智能手机,50,4229.18,0.041,202789.18,0,0
2025-01-13,成都春熙店,智能穿戴,29,1369.25,0.012,39231.75,0,0
2025-01-13,成都春熙店,笔记本电脑,19,6741.08,0.037,123341.54,0,0
2025-01-13,成都春熙店,配件耗材,46,209.32,0.037,9272.46,0,0
2025-01-14,上海旗舰店,智能家居,92,958.29,0.012,87104.73,0,0
2025-01-14,上海旗舰店,智能手机,77,4211.18,0.024,316478.6,0,0
2025-01-14,上海旗舰店,智能穿戴,49,1363.79,0.047,63684.9,0,0
2025-01-14,上海旗舰店,笔记本电脑,24,6745.51,0.03,157035.47,0,0
2025-01-14,上海旗舰店,配件耗材,96,210.02,0.046,19234.47,0,0
2025-01-14,北京中关村店,智能家居,36,937.35,0.042,32327.33,0,0
2025-01-14,北京中关村店,智能手机,74,4170.68,0.047,294124.69,0,0
2025-01-14,北京中关村店,智能穿戴,42,1356.03,0.036,54902.94,0,0
2025-01-14,北京中关村店,笔记本电脑,25,6846.91,0.004,170488.06,0,0
2025-01-14,北京中关村店,配件耗材,85,208.08,0.016,17403.81,0,0
2025-01-14,广州天河店,智能家居,33,941.41,0.013,30662.67,0,0
2025-01-14,广州天河店,智能手机,57,4211.55,0.022,234777.07,0,0
2025-01-14,广州天河店,智能穿戴,33,1355.91,0.013,44163.34,0,0
2025-01-14,广州天河店,笔记本电脑,28,6795.43,0.074,176191.91,1,0
2025-01-14,广州天河店,配件耗材,68,208.4,0.02,13887.78,0,0
2025-01-14,成都春熙店,智能家居,23,945.83,0.016,21406.02,0,0
2025-01-14,成都春熙店,智能手机,38,4191.2,0.033,154009.84,0,0
2025-01-14,成都春熙店,智能穿戴,25,1347.05,0.032,32598.61,0,0
2025-01-14,成都春熙店,笔记本电脑,16,6887.56,0.023,107666.34,0,0
2025-01-14,成都春熙店,配件耗材,54,210.08,0.049,10788.45,0,0
2025-01-15,上海旗舰店,智能家居,44,926.02,0.0,40744.88,0,0
2025-01-15,上海旗舰店,智能手机,66,4192.51,0.036,266744.26,0,0
2025-01-15,上海旗舰店,智能穿戴,68,1365.63,0.178,76333.25,1,0
2025-01-15,上海旗舰店,笔记本电脑,26,6848.61,0.031,172543.88,0,0
2025-01-15,上海旗舰店,配件耗材,90,208.51,0.027,18259.22,0,0
2025-01-15,北京中关村店,智能家居,35,946.92,0.02,32479.36,0,0
2025-01-15,北京中关村店,智能手机,63,4286.69,0.041,258988.95,0,0
2025-01-15,北京中关村店,智能穿戴,48,1357.06,0.023,63640.69,0,0
2025-01-15,北京中关村店,笔记本电脑,23,6841.7,0.041,150907.38,0,0
2025-01-15,北京中关村店,配件耗材,105,204.41,0.05,20389.9,0,0
2025-01-15,广州天河店,智能家居,39,943.33,0.036,35465.43,0,0
2025-01-15,广州天河店,智能手机,51,4238.9,0.022,211427.85,0,0
2025-01-15,广州天河店,智能穿戴,30,1345.72,0.029,39200.82,0,0
2025-01-15,广州天河店,笔记本电脑,29,6768.8,0.105,175684.2,1,0
2025-01-15,广州天河店,配件耗材,64,209.81,0.049,12769.88,0,0
2025-01-15,成都春熙店,智能家居,30,936.88,0.034,27150.78,0,0
2025-01-15,成都春熙店,智能手机,40,4220.26,0.005,167966.35,0,0
2025-01-15,成都春熙店,智能穿戴,29,1369.36,0.021,38877.5,0,0
2025-01-15,成都春熙店,笔记本电脑,16,6759.15,0.002,107930.11,0,0
2025-01-15,成都春熙店,配件耗材,63,206.49,0.039,12501.52,0,0
2025-01-16,上海旗舰店,智能家居,75,958.43,0.218,56211.92,1,0
2025-01-16,上海旗舰店,智能手机,54,4224.68,0.039,219235.54,0,0
2025-01-16,上海旗舰店,智能穿戴,48,1346.53,0.027,62888.34,0,0
2025-01-16,上海旗舰店,笔记本电脑,30,6743.9,0.003,201710.05,0,0
2025-01-16,上海旗舰店,配件耗材,107,206.53,0.035,21325.26,0,0
2025-01-16,北京中关村店,智能家居,34,953.06,0.013,31982.79,0,0
2025-01-16,北京中关村店,智能手机,66,4183.46,0.002,275556.14,0,0
2025-01-16,北京中关村店,智能穿戴,48,1366.46,0.122,57588.09,1,0
2025-01-16,北京中关村店,笔记本电脑,25,6811.09,0.041,163295.88,0,0
2025-01-16,北京中关村店,配件耗材,89,206.97,0.001,18401.91,0,0
2025-01-16,广州天河店,智能家居,40,940.55,0.049,35778.52,0,0
2025-01-16,广州天河店,智能手机,54,4133.16,0.03,216494.92,0,0
2025-01-16,广州天河店,智能穿戴,40,1360.68,0.046,51923.55,0,0
2025-01-16,广州天河店,笔记本电脑,22,6739.38,0.036,142928.77,0,0
2025-01-16,广州天河店,配件耗材,69,210.3,0.021,14205.98,0,0
2025-01-16,成都春熙店,智能家居,29,946.98,0.083,25183.04,1,0
2025-01-16,成都春熙店,智能手机,43,4167.37,0.032,173462.61,0,0
2025-01-16,成都春熙店,智能穿戴,32,1359.99,0.007,43215.04,0,0
2025-01-16,成都春熙店,笔记本电脑,16,6799.47,0.034,105092.61,0,0
2025-01-16,成都春熙店,配件耗材,44,207.95,0.021,8957.65,0,0
2025-01-17,上海旗舰店,智能家居,49,952.28,0.048,44421.96,0,0
2025-01-17,上海旗舰店,智能手机,53,4157.99,0.03,213762.27,0,0
2025-01-17,上海旗舰店,智能穿戴,56,1347.39,0.031,73114.77,0,0
2025-01-17,上海旗舰店,笔记本电脑,25,6801.96,0.004,169368.8,0,0
2025-01-17,上海旗舰店,配件耗材,90,206.63,0.032,18001.61,0,0
2025-01-17,北京中关村店,智能家居,52,930.66,0.022,47329.64,0,0
2025-01-17,北京中关村店,智能手机,65,4193.31,0.019,267386.41,0,0
2025-01-17,北京中关村店,智能穿戴,49,1362.6,0.049,63495.8,0,0
2025-01-17,北京中关村店,笔记本电脑,27,6795.87,0.01,181653.61,0,0
2025-01-17,北京中关村店,配件耗材,104,207.44,0.013,21293.3,0,0
2025-01-17,广州天河店,智能家居,41,945.32,0.031,37556.62,0,0
2025-01-17,广州天河店,智能手机,59,4154.32,0.023,239467.47,0,0
2025-01-17,广州天河店,智能穿戴,40,1357.95,0.04,52145.28,0,0
2025-01-17,广州天河店,笔记本电脑,23,6878.82,0.045,151093.28,0,0
2025-01-17,广州天河店,配件耗材,81,209.74,0.013,16768.08,0,0
2025-01-17,成都春熙店,智能家居,26,942.15,0.02,24005.98,0,0
2025-01-17,成都春熙店,智能手机,56,4105.52,0.023,224621.21,0,0
2025-01-17,成都春熙店,智能穿戴,39,1374.51,0.0,53605.89,0,0
2025-01-17,成都春熙店,笔记本电脑,15,6810.19,0.033,98781.81,0,0
2025-01-17,成都春熙店,配件耗材,60,209.33,0.03,12183.01,0,0
2025-01-18,上海旗舰店,智能家居,54,939.18,0.004,50512.86,0,1
2025-01-18,上海旗舰店,智能手机,73,4159.6,0.021,297274.13,0,1
2025-01-18,上海旗舰店,智能穿戴,54,1344.71,0.041,69637.15,0,1
2025-01-18,上海旗舰店,笔记本电脑,27,6826.63,0.002,183950.37,0,1
2025-01-18,上海旗舰店,配件耗材,110,206.7,0.005,22623.31,0,1
2025-01-18,北京中关村店,智能家居,47,934.38,0.018,43125.37,0,1
2025-01-18,北京中关村店,智能手机,72,4219.39,0.001,303492.28,0,1
2025-01-18,北京中关村店,智能穿戴,42,1340.95,0.004,56094.62,0,1
2025-01-18,北京中关村店,笔记本电脑,42,6761.25,0.192,229449.78,1,1
2025-01-18,北京中关村店,配件耗材,134,210.76,0.109,25163.48,1,1
2025-01-18,广州天河店,智能家居,40,938.87,0.009,37216.81,0,1
2025-01-18,广州天河店,智能手机,72,4231.19,0.031,295201.66,0,1
2025-01-18,广州天河店,智能穿戴,49,1345.72,0.025,64291.77,0,1
2025-01-18,广州天河店,笔记本电脑,25,6770.36,0.048,161134.57,0,1
2025-01-18,广州天河店,配件耗材,85,211.06,0.013,17706.88,0,1
2025-01-18,成都春熙店,智能家居,39,932.77,0.024,35504.96,0,1
2025-01-18,成都春熙店,智能手机,69,4211.14,0.128,253375.87,1,1
2025-01-18,成都春熙店,智能穿戴,32,1388.21,0.044,42468.12,0,1
2025-01-18,成都春熙店,笔记本电脑,24,6728.26,0.023,157764.24,0,1
2025-01-18,成都春熙店,配件耗材,72,208.95,0.018,14773.6,0,1
2025-01-19,上海旗舰店,智能家居,43,947.04,0.014,40152.6,0,1
2025-01-19,上海旗舰店,智能手机,72,4134.71,0.046,284004.96,0,1
2025-01-19,上海旗舰店,智能穿戴,56,1371.81,0.003,76590.9,0,1
2025-01-19,上海旗舰店,笔记本电脑,25,6770.78,0.019,166053.38,0,1
2025-01-19,上海旗舰店,配件耗材,112,206.79,0.026,22558.31,0,1
2025-01-19,北京中关村店,智能家居,38,957.38,0.019,35689.21,0,1
2025-01-19,北京中关村店,智能手机,73,4209.08,0.01,304190.21,0,1
2025-01-19,北京中关村店,智能穿戴,51,1351.1,0.036,66425.48,0,1
2025-01-19,北京中关村店,笔记本电脑,28,6843.51,0.044,183187.08,0,1
2025-01-19,北京中关村店,配件耗材,153,210.81,0.06,30318.69,1,1
2025-01-19,广州天河店,智能家居,46,924.06,0.005,42294.23,0,1
2025-01-19,广州天河店,智能手机,58,4153.27,0.023,235349.2,0,1
2025-01-19,广州天河店,智能穿戴,43,1361.91,0.007,58152.2,0,1
2025-01-19,广州天河店,笔记本电脑,28,6668.1,0.024,182225.84,0,1
2025-01-19,广州天河店,配件耗材,101,210.45,0.06,19980.12,1,1
2025-01-19,成都春熙店,智能家居,23,932.91,0.036,20684.48,0,1
2025-01-19,成都春熙店,智能手机,62,4240.4,0.008,260801.56,0,1
2025-01-19,成都春熙店,智能穿戴,34,1371.62,0.006,46355.27,0,1
2025-01-19,成都春熙店,笔记本电脑,20,6844.14,0.032,132502.55,0,1
2025-01-19,成都春熙店,配件耗材,54,207.23,0.024,10921.85,0,1
2025-01-20,上海旗舰店,智能家居,43,953.79,0.028,39864.61,0,0
2025-01-20,上海旗舰店,智能手机,84,4151.1,0.182,285230.38,1,0
2025-01-20,上海旗舰店,智能穿戴,47,1345.13,0.029,61387.7,0,0
2025-01-20,上海旗舰店,笔记本电脑,33,6732.11,0.044,212384.61,0,0
2025-01-20,上海旗舰店,配件耗材,83,212.6,0.013,17416.4,0,0
2025-01-20,北京中关村店,智能家居,36,947.65,0.005,33944.82,0,0
2025-01-20,北京中关村店,智能手机,64,4147.38,0.018,260654.54,0,0
2025-01-20,北京中关村店,智能穿戴,41,1369.1,0.018,55122.7,0,0
2025-01-20,北京中关村店,笔记本电脑,28,6761.1,0.02,185524.58,0,0
2025-01-20,北京中关村店,配件耗材,84,211.54,0.002,17733.82,0,0
2025-01-20,广州天河店,智能家居,35,924.98,0.021,31694.44,0,0
2025-01-20,广州天河店,智能手机,55,4123.44,0.043,217037.26,0,0
2025-01-20,广州天河店,智能穿戴,39,1344.56,0.019,51441.52,0,0
2025-01-20,广州天河店,笔记本电脑,19,6841.44,0.047,123877.95,0,0
2025-01-20,广州天河店,配件耗材,96,207.76,0.015,19645.79,0,0
2025-01-20,成都春熙店,智能家居,27,935.98,0.083,23173.93,1,0
2025-01-20,成都春熙店,智能手机,62,4170.54,0.209,204531.62,1,0
2025-01-20,成都春熙店,智能穿戴,33,1371.05,0.012,44701.71,0,0
2025-01-20,成都春熙店,笔记本电脑,18,6762.68,0.014,120024.04,0,0
2025-01-20,成都春熙店,配件耗材,53,207.74,0.021,10779.01,0,0
2025-01-21,上海旗舰店,智能家居,47,933.75,0.018,43096.3,0,0
2025-01-21,上海旗舰店,智能手机,44,4056.71,0.004,177781.26,0,0
2025-01-21,上海旗舰店,智能穿戴,65,1334.0,0.184,70755.36,1,0
2025-01-21,上海旗舰店,笔记本电脑,24,6789.13,0.01,161309.73,0,0
2025-01-21,上海旗舰店,配件耗材,94,207.01,0.038,18719.5,0,0
2025-01-21,北京中关村店,智能家居,48,962.07,0.046,44055.11,0,0
2025-01-21,北京中关村店,智能手机,63,4192.01,0.008,261983.86,0,0
2025-01-21,北京中关村店,智能穿戴,39,1360.3,0.05,50399.11,0,0
2025-01-21,北京中关村店,笔记本电脑,18,6663.47,0.033,115984.36,0,0
2025-01-21,北京中关村店,配件耗材,87,207.91,0.029,17563.61,0,0
2025-01-21,广州天河店,智能家居,36,940.24,0.039,32528.54,0,0
2025-01-21,广州天河店,智能手机,50,4231.92,0.031,205036.52,0,0
2025-01-21,广州天河店,智能穿戴,45,1391.94,0.023,61196.64,0,0
2025-01-21,广州天河店,笔记本电脑,20,6736.55,0.039,129476.49,0,0
2025-01-21,广州天河店,配件耗材,74,209.67,0.01,15360.42,0,0
2025-01-21,成都春熙店,智能家居,23,938.74,0.023,21094.43,0,0
2025-01-21,成都春熙店,智能手机,44,4154.01,0.014,180217.57,0,0
2025-01-21,成都春熙店,智能穿戴,28,1364.37,0.003,38087.75,0,0
2025-01-21,成都春熙店,笔记本电脑,14,6902.37,0.003,96343.28,0,0
2025-01-21,成都春熙店,配件耗材,61,206.24,0.005,12517.74,0,0
2025-01-22,上海旗舰店,智能家居,60,945.05,0.16,47630.52,1,0
2025-01-22,上海旗舰店,智能手机,63,4138.94,0.029,253191.38,0,0
2025-01-22,上海旗舰店,智能穿戴,39,1374.05,0.016,52730.54,0,0
2025-01-22,上海旗舰店,笔记本电脑,28,6798.27,0.021,186354.18,0,0
2025-01-22,上海旗舰店,配件耗材,89,208.96,0.006,18485.86,0,0
2025-01-22,北京中关村店,智能家居,40,948.29,0.028,36869.52,0,0
2025-01-22,北京中关村店,智能手机,63,4127.09,0.043,248826.38,0,0
2025-01-22,北京中关村店,智能穿戴,51,1333.26,0.046,64868.43,0,0
2025-01-22,北京中关村店,笔记本电脑,25,6882.15,0.015,169472.94,0,0
2025-01-22,北京中关村店,配件耗材,123,209.93,0.097,23316.72,1,0
2025-01-22,广州天河店,智能家居,40,921.5,0.049,35053.86,0,0
2025-01-22,广州天河店,智能手机,51,4151.45,0.005,210665.33,0,0
2025-01-22,广州天河店,智能穿戴,37,1357.76,0.022,49131.9,0,0
2025-01-22,广州天河店,笔记本电脑,21,6860.25,0.011,142480.53,0,0
2025-01-22,广州天河店,配件耗材,57,209.55,0.01,11824.91,0,0
2025-01-22,成都春熙店,智能家居,23,946.51,0.016,21421.41,0,0
2025-01-22,成都春熙店,智能手机,40,4189.2,0.021,164049.07,0,0
2025-01-22,成都春熙店,智能穿戴,30,1394.02,0.042,40064.13,0,0
2025-01-22,成都春熙店,笔记本电脑,14,6925.43,0.026,94435.16,0,0
2025-01-22,成都春熙店,配件耗材,49,210.33,0.024,10058.82,0,0
2025-01-23,上海旗舰店,智能家居,38,938.94,0.001,35644.04,0,0
2025-01-23,上海旗舰店,智能手机,77,4135.29,0.042,305043.8,0,0
2025-01-23,上海旗舰店,智能穿戴,60,1362.85,0.105,73185.04,1,0
2025-01-23,上海旗舰店,笔记本电脑,27,6825.88,0.035,177848.3,0,0
2025-01-23,上海旗舰店,配件耗材,97,210.31,0.047,19441.27,0,0
2025-01-23,北京中关村店,智能家居,41,945.35,0.012,38294.24,0,0
2025-01-23,北京中关村店,智能手机,81,4245.18,0.004,342484.14,0,0
2025-01-23,北京中关村店,智能穿戴,38,1371.17,0.002,52000.25,0,0
2025-01-23,北京中关村店,笔记本电脑,25,6825.5,0.039,163982.64,0,0
2025-01-23,北京中关村店,配件耗材,81,210.01,0.035,16415.43,0,0
2025-01-23,广州天河店,智能家居,45,941.69,0.005,42164.17,0,0
2025-01-23,广州天河店,智能手机,71,4150.09,0.207,233662.52,1,0
2025-01-23,广州天河店,智能穿戴,37,1371.77,0.018,49841.89,0,0
2025-01-23,广州天河店,笔记本电脑,23,6759.95,0.033,150348.05,0,0
2025-01-23,广州天河店,配件耗材,84,207.88,0.019,17130.14,0,0
2025-01-23,成都春熙店,智能家居,38,941.63,0.207,28375.08,1,0
2025-01-23,成都春熙店,智能手机,57,4140.79,0.02,231304.53,0,0
2025-01-23,成都春熙店,智能穿戴,28,1354.73,0.049,36073.75,0,0
2025-01-23,成都春熙店,笔记本电脑,18,6789.07,0.044,116826.32,0,0
2025-01-23,成都春熙店,配件耗材,51,207.75,0.031,10266.8,0,0
2025-01-24,上海旗舰店,智能家居,48,935.38,0.05,42653.33,0,0
2025-01-24,上海旗舰店,智能手机,78,4113.71,0.037,308997.21,0,0
2025-01-24,上海旗舰店,智能穿戴,46,1366.04,0.013,62020.95,0,0
2025-01-24,上海旗舰店,笔记本电脑,22,6719.91,0.031,143255.04,0,0
2025-01-24,上海旗舰店,配件耗材,101,206.58,0.034,20155.18,0,0
2025-01-24,北京中关村店,智能家居,42,939.71,0.008,39152.08,0,0
2025-01-24,北京中关村店,智能手机,91,4168.38,0.003,378184.61,0,0
2025-01-24,北京中关村店,智能穿戴,47,1343.79,0.003,62968.66,0,0
2025-01-24,北京中关村店,笔记本电脑,25,6872.38,0.03,166655.21,0,0
2025-01-24,北京中关村店,配件耗材,82,209.5,0.025,16749.52,0,0
2025-01-24,广州天河店,智能家居,71,926.66,0.179,54015.94,1,0
2025-01-24,广州天河店,智能手机,62,4157.65,0.006,256227.65,0,0
2025-01-24,广州天河店,智能穿戴,32,1359.29,0.014,42888.32,0,0
2025-01-24,广州天河店,笔记本电脑,24,6802.94,0.006,162290.94,0,0
2025-01-24,广州天河店,配件耗材,77,209.19,0.035,15543.86,0,0
2025-01-24,成都春熙店,智能家居,26,948.39,0.005,24534.85,0,0
2025-01-24,成都春熙店,智能手机,47,4192.95,0.016,193915.55,0,0
2025-01-24,成都春熙店,智能穿戴,33,1370.87,0.012,44695.85,0,0
2025-01-24,成都春熙店,笔记本电脑,19,6832.01,0.004,129288.96,0,0
2025-01-24,成都春熙店,配件耗材,45,208.18,0.035,9040.22,0,0
2025-01-25,上海旗舰店,智能家居,66,941.78,0.024,60665.7,0,1
2025-01-25,上海旗舰店,智能手机,92,4253.31,0.047,372913.21,0,1
2025-01-25,上海旗舰店,智能穿戴,74,1377.22,0.044,97430.05,0,1
2025-01-25,上海旗舰店,笔记本电脑,35,6798.72,0.045,227247.22,0,1
2025-01-25,上海旗舰店,配件耗材,102,209.07,0.043,20408.16,0,1
2025-01-25,北京中关村店,智能家居,38,926.12,0.036,33925.63,0,1
2025-01-25,北京中关村店,智能手机,64,4210.42,0.041,258418.74,0,1
2025-01-25,北京中关村店,智能穿戴,60,1358.13,0.027,79287.63,0,1
2025-01-25,北京中关村店,笔记本电脑,31,6831.04,0.027,206044.66,0,1
2025-01-25,北京中关村店,配件耗材,113,209.29,0.037,22774.73,0,1
2025-01-25,广州天河店,智能家居,44,933.79,0.013,40552.63,0,1
2025-01-25,广州天河店,智能手机,72,4156.21,0.016,294459.17,0,1
2025-01-25,广州天河店,智能穿戴,69,1392.84,0.097,86783.68,1,1
2025-01-25,广州天河店,笔记本电脑,31,6803.19,0.047,200986.64,0,1
2025-01-25,广州天河店,配件耗材,107,204.72,0.024,21379.32,0,1
2025-01-25,成都春熙店,智能家居,28,952.92,0.017,26228.17,0,1
2025-01-25,成都春熙店,智能手机,58,4149.81,0.008,238763.47,0,1
2025-01-25,成都春熙店,智能穿戴,32,1360.97,0.026,42418.71,0,1
2025-01-25,成都春熙店,笔记本电脑,20,6759.14,0.033,130721.77,0,1
2025-01-25,成都春熙店,配件耗材,60,209.79,0.02,12335.65,0,1
2025-01-26,上海旗舰店,智能家居,44,955.05,0.041,40299.29,0,1
2025-01-26,上海旗舰店,智能手机,68,4133.27,0.043,268976.68,0,1
2025-01-26,上海旗舰店,智能穿戴,66,1382.54,0.011,90243.92,0,1
2025-01-26,上海旗舰店,笔记本电脑,35,6735.55,0.043,225607.25,0,1
2025-01-26,上海旗舰店,配件耗材,102,203.44,0.017,20398.12,0,1
2025-01-26,北京中关村店,智能家居,33,938.51,0.041,29701.03,0,1
2025-01-26,北京中关村店,智能手机,77,4251.04,0.034,316200.86,0,1
2025-01-26,北京中关村店,智能穿戴,46,1380.04,0.047,60498.19,0,1
2025-01-26,北京中关村店,笔记本电脑,27,6830.43,0.011,182392.97,0,1
2025-01-26,北京中关村店,配件耗材,79,206.91,0.004,16280.51,0,1
2025-01-26,广州天河店,智能家居,41,943.97,0.029,37580.39,0,1
2025-01-26,广州天河店,智能手机,64,4157.21,0.024,259675.97,0,1
2025-01-26,广州天河店,智能穿戴,36,1343.9,0.026,47122.51,0,1
2025-01-26,广州天河店,笔记本电脑,32,6929.07,0.047,211308.92,0,1
2025-01-26,广州天河店,配件耗材,97,206.17,0.001,19978.49,0,1
2025-01-26,成都春熙店,智能家居,28,945.73,0.036,25527.14,0,1
2025-01-26,成都春熙店,智能手机,48,4173.73,0.032,193928.19,0,1
2025-01-26,成都春熙店,智能穿戴,40,1356.39,0.043,51922.61,0,1
2025-01-26,成都春熙店,笔记本电脑,17,6829.18,0.045,110871.74,0,1
2025-01-26,成都春熙店,配件耗材,65,207.89,0.048,12864.23,0,1
2025-01-27,上海旗舰店,智能家居,45,933.88,0.02,41184.11,0,0
2025-01-27,上海旗舰店,智能手机,50,4111.63,0.035,198386.15,0,0
2025-01-27,上海旗舰店,智能穿戴,48,1372.66,0.023,64372.26,0,0
2025-01-27,上海旗舰店,笔记本电脑,29,6792.95,0.001,196798.55,0,0
2025-01-27,上海旗舰店,配件耗材,94,207.68,0.028,18975.31,0,0
2025-01-27,北京中关村店,智能家居,44,935.25,0.003,41027.55,0,0
2025-01-27,北京中关村店,智能手机,56,4261.01,0.04,229071.9,0,0
2025-01-27,北京中关村店,智能穿戴,50,1354.07,0.025,66010.91,0,0
2025-01-27,北京中关村店,笔记本电脑,28,6817.42,0.033,184588.46,0,0
2025-01-27,北京中关村店,配件耗材,91,210.57,0.002,19123.55,0,0
2025-01-27,广州天河店,智能家居,44,938.86,0.016,40648.88,0,0
2025-01-27,广州天河店,智能手机,51,4190.95,0.002,213310.97,0,0
2025-01-27,广州天河店,智能穿戴,33,1371.07,0.01,44792.86,0,0
2025-01-27,广州天河店,笔记本电脑,26,6776.68,0.029,171084.06,0,0
2025-01-27,广州天河店,配件耗材,91,205.42,0.16,15702.3,1,0
2025-01-27,成都春熙店,智能家居,26,937.61,0.047,23232.1,0,0
2025-01-27,成都春熙店,智能手机,41,4190.86,0.009,170278.83,0,0
2025-01-27,成都春熙店,智能穿戴,25,1347.44,0.024,32877.54,0,0
2025-01-27,成都春熙店,笔记本电脑,16,6830.04,0.034,105565.1,0,0
2025-01-27,成都春熙店,配件耗材,46,208.98,0.007,9545.79,0,0
2025-01-28,上海旗舰店,智能家居,50,937.39,0.019,45978.98,0,0
2025-01-28,上海旗舰店,智能手机,57,4189.96,0.017,234767.65,0,0
2025-01-28,上海旗舰店,智能穿戴,50,1392.33,0.026,67806.47,0,0
2025-01-28,上海旗舰店,笔记本电脑,28,6714.08,0.027,182918.4,0,0
2025-01-28,上海旗舰店,配件耗材,97,210.82,0.028,19876.95,0,0
2025-01-28,北京中关村店,智能家居,35,946.65,0.006,32933.95,0,0
2025-01-28,北京中关村店,智能手机,64,4118.15,0.029,255918.31,0,0
2025-01-28,北京中关村店,智能穿戴,37,1346.34,0.021,48768.47,0,0
2025-01-28,北京中关村店,笔记本电脑,18,6788.41,0.003,121824.81,0,0
2025-01-28,北京中关村店,配件耗材,92,210.6,0.034,18716.44,0,0
2025-01-28,广州天河店,智能家居,31,957.62,0.017,29181.55,0,0
2025-01-28,广州天河店,智能手机,56,4143.92,0.025,226258.03,0,0
2025-01-28,广州天河店,智能穿戴,41,1376.61,0.018,55425.07,0,0
2025-01-28,广州天河店,笔记本电脑,23,6907.18,0.024,155052.38,0,0
2025-01-28,广州天河店,配件耗材,76,209.54,0.007,15813.56,0,0
2025-01-28,成都春熙店,智能家居,22,965.38,0.031,20579.97,0,0
2025-01-28,成都春熙店,智能手机,47,4193.95,0.032,190807.95,0,0
2025-01-28,成都春熙店,智能穿戴,25,1361.63,0.015,33530.14,0,0
2025-01-28,成都春熙店,笔记本电脑,15,6747.2,0.026,98576.59,0,0
2025-01-28,成都春熙店,配件耗材,66,204.74,0.141,11607.53,1,0
2025-01-29,上海旗舰店,智能家居,71,954.12,0.018,66523.15,0,0
2025-01-29,上海旗舰店,智能手机,60,4145.16,0.017,244481.54,0,0
2025-01-29,上海旗舰店,智能穿戴,78,1374.12,0.161,89925.16,1,0
2025-01-29,上海旗舰店,笔记本电脑,37,6716.16,0.015,244770.45,0,0
2025-01-29,上海旗舰店,配件耗材,71,208.67,0.022,14489.63,0,0
2025-01-29,北京中关村店,智能家居,38,949.46,0.035,34816.7,0,0
2025-01-29,北京中关村店,智能手机,57,4231.49,0.013,238059.4,0,0
2025-01-29,北京中关村店,智能穿戴,47,1357.31,0.085,58371.12,1,0
2025-01-29,北京中关村店,笔记本电脑,24,6731.99,0.007,160436.79,0,0
2025-01-29,北京中关村店,配件耗材,82,206.81,0.01,16788.84,0,0
2025-01-29,广州天河店,智能家居,49,949.37,0.065,43495.39,1,0
2025-01-29,广州天河店,智能手机,58,4194.75,0.031,235753.34,0,0
2025-01-29,广州天河店,智能穿戴,43,1370.52,0.017,57930.51,0,0
2025-01-29,广州天河店,笔记本电脑,25,6779.96,0.022,165770.02,0,0
2025-01-29,广州天河店,配件耗材,69,206.05,0.038,13677.19,0,0
2025-01-29,成都春熙店,智能家居,21,935.18,0.026,19128.17,0,0
2025-01-29,成都春熙店,智能手机,45,4149.05,0.02,182973.11,0,0
2025-01-29,成都春熙店,智能穿戴,31,1353.13,0.022,41024.2,0,0
2025-01-29,成都春熙店,笔记本电脑,16,6866.24,0.032,106344.33,0,0
2025-01-29,成都春熙店,配件耗材,48,205.56,0.046,9413.0,0,0
2025-01-30,上海旗舰店,智能家居,44,936.07,0.006,40939.96,0,0
2025-01-30,上海旗舰店,智能手机,64,4195.44,0.048,255619.77,0,0
2025-01-30,上海旗舰店,智能穿戴,58,1350.05,0.033,75718.9,0,0
2025-01-30,上海旗舰店,笔记本电脑,44,6798.59,0.192,241703.47,1,0
2025-01-30,上海旗舰店,配件耗材,95,206.63,0.031,19021.32,0,0
2025-01-30,北京中关村店,智能家居,52,945.7,0.128,42881.82,1,0
2025-01-30,北京中关村店,智能手机,54,4220.09,0.013,224922.36,0,0
2025-01-30,北京中关村店,智能穿戴,54,1361.1,0.086,67178.45,1,0
2025-01-30,北京中关村店,笔记本电脑,27,6642.92,0.021,175592.3,0,0
2025-01-30,北京中关村店,配件耗材,120,208.3,0.152,21196.61,1,0
2025-01-30,广州天河店,智能家居,55,939.62,0.024,50438.8,0,0
2025-01-30,广州天河店,智能手机,52,4326.39,0.036,216873.28,0,0
2025-01-30,广州天河店,智能穿戴,36,1337.84,0.004,47969.59,0,0
2025-01-30,广州天河店,笔记本电脑,22,6927.59,0.014,150273.28,0,0
2025-01-30,广州天河店,配件耗材,57,210.6,0.044,11476.02,0,0
2025-01-30,成都春熙店,智能家居,34,929.34,0.012,31218.39,0,0
2025-01-30,成都春熙店,智能手机,43,4204.19,0.04,173548.96,0,0
2025-01-30,成都春熙店,智能穿戴,29,1366.46,0.046,37804.48,0,0
2025-01-30,成都春熙店,笔记本电脑,19,6915.68,0.039,126273.4,0,0
2025-01-30,成都春熙店,配件耗材,56,208.21,0.046,11123.41,0,0
2025-01-31,上海旗舰店,智能家居,61,948.78,0.077,53419.16,1,0
2025-01-31,上海旗舰店,智能手机,68,4209.35,0.007,284232.15,0,0
2025-01-31,上海旗舰店,智能穿戴,49,1372.65,0.033,65040.27,0,0
2025-01-31,上海旗舰店,笔记本电脑,28,6850.12,0.021,187775.49,0,0
2025-01-31,上海旗舰店,配件耗材,123,210.78,0.047,24707.42,0,0
2025-01-31,北京中关村店,智能家居,37,946.37,0.049,33299.92,0,0
2025-01-31,北京中关村店,智能手机,93,4220.13,0.039,377165.68,0,0
2025-01-31,北京中关村店,智能穿戴,45,1366.94,0.037,59236.34,0,0
2025-01-31,北京中关村店,笔记本电脑,41,6824.23,0.085,256010.99,1,0
2025-01-31,北京中关村店,配件耗材,80,205.81,0.02,16135.5,0,0
2025-01-31,广州天河店,智能家居,37,938.34,0.018,34093.65,0,0
2025-01-31,广州天河店,智能手机,66,4232.99,0.034,269878.51,0,0
2025-01-31,广州天河店,智能穿戴,40,1364.52,0.048,51960.92,0,0
2025-01-31,广州天河店,笔记本电脑,22,6794.57,0.034,144398.2,0,0
2025-01-31,广州天河店,配件耗材,78,211.65,0.038,15881.37,0,0
2025-01-31,成都春熙店,智能家居,28,957.02,0.018,26314.22,0,0
2025-01-31,成都春熙店,智能手机,37,4195.61,0.003,154771.86,0,0
2025-01-31,成都春熙店,智能穿戴,38,1355.25,0.036,49645.52,0,0
2025-01-31,成都春熙店,笔记本电脑,16,6794.09,0.019,106640.04,0,0
2025-01-31,成都春熙店,配件耗材,49,211.0,0.046,9863.41,0,0
2025-02-01,上海旗舰店,智能家居,49,944.22,0.031,44832.51,0,1
2025-02-01,上海旗舰店,智能手机,61,4179.63,0.007,253172.73,0,1
2025-02-01,上海旗舰店,智能穿戴,41,1335.53,0.031,53059.27,0,1
2025-02-01,上海旗舰店,笔记本电脑,28,6751.03,0.039,181656.72,0,1
2025-02-01,上海旗舰店,配件耗材,93,207.87,0.044,18481.31,0,1
2025-02-01,北京中关村店,智能家居,37,944.07,0.01,34581.28,0,1
2025-02-01,北京中关村店,智能手机,67,4238.68,0.016,279447.7,0,1
2025-02-01,北京中关村店,智能穿戴,44,1368.98,0.03,58428.07,0,1
2025-02-01,北京中关村店,笔记本电脑,39,6954.69,0.213,213460.3,1,1
2025-02-01,北京中关村店,配件耗材,99,207.09,0.003,20440.4,0,1
2025-02-01,广州天河店,智能家居,42,939.39,0.019,38704.75,0,1
2025-02-01,广州天河店,智能手机,59,4141.09,0.003,243591.34,0,1
2025-02-01,广州天河店,智能穿戴,32,1378.75,0.018,43325.84,0,1
2025-02-01,广州天河店,笔记本电脑,26,6706.72,0.004,173677.22,0,1
2025-02-01,广州天河店,配件耗材,66,209.47,0.034,13354.97,0,1
2025-02-01,成都春熙店,智能家居,25,935.03,0.006,23235.5,0,1
2025-02-01,成都春熙店,智能手机,41,4186.6,0.034,165814.48,0,1
2025-02-01,成都春熙店,智能穿戴,37,1356.96,0.154,42475.56,1,1
2025-02-01,成都春熙店,笔记本电脑,18,6871.47,0.039,118862.69,0,1
2025-02-01,成都春熙店,配件耗材,54,209.15,0.021,11056.92,0,1
2025-02-02,上海旗舰店,智能家居,39,940.86,0.047,34968.94,0,1
2025-02-02,上海旗舰店,智能手机,76,4222.25,0.002,320249.22,0,1
2025-02-02,上海旗舰店,智能穿戴,57,1346.64,0.017,75453.59,0,1
2025-02-02,上海旗舰店,笔记本电脑,27,6737.56,0.01,180094.98,0,1
2025-02-02,上海旗舰店,配件耗材,72,208.61,0.05,14268.92,0,1
2025-02-02,北京中关村店,智能家居,29,956.12,0.029,26923.38,0,1
2025-02-02,北京中关村店,智能手机,54,4156.72,0.043,214810.98,0,1
2025-02-02,北京中关村店,智能穿戴,34,1365.43,0.043,44428.36,0,1
2025-02-02,北京中关村店,笔记本电脑,23,6641.52,0.028,148477.82,0,1
2025-02-02,北京中关村店,配件耗材,74,208.68,0.034,14917.28,0,1
2025-02-02,广州天河店,智能家居,32,933.02,0.013,29468.5,0,1
2025-02-02,广州天河店,智能手机,56,4150.2,0.009,230319.5,0,1
2025-02-02,广州天河店,智能穿戴,36,1353.39,0.007,48380.99,0,1
2025-02-02,广州天河店,笔记本电脑,24,6880.65,0.219,128970.9,1,1
2025-02-02,广州天河店,配件耗材,85,207.22,0.008,17472.79,0,1
2025-02-02,成都春熙店,智能家居,21,949.29,0.009,19755.67,0,1
2025-02-02,成都春熙店,智能手机,29,4166.17,0.03,117194.36,0,1
2025-02-02,成都春熙店,智能穿戴,32,1367.56,0.022,42799.16,0,1
2025-02-02,成都春熙店,笔记本电脑,16,6844.67,0.031,106119.76,0,1
2025-02-02,成都春熙店,配件耗材,52,206.54,0.032,10396.4,0,1
2025-02-03,上海旗舰店,智能家居,41,924.74,0.006,37686.85,0,0
2025-02-03,上海旗舰店,智能手机,67,4197.62,0.001,280959.3,0,0
2025-02-03,上海旗舰店,智能穿戴,40,1354.84,0.037,52188.44,0,0
2025-02-03,上海旗舰店,笔记本电脑,21,6797.41,0.038,137321.28,0,0
2025-02-03,上海旗舰店,配件耗材,74,206.8,0.036,14752.28,0,0
2025-02-03,北京中关村店,智能家居,31,951.43,0.003,29405.85,0,0
2025-02-03,北京中关村店,智能手机,46,4252.15,0.034,188948.54,0,0
2025-02-03,北京中关村店,智能穿戴,37,1365.31,0.02,49506.14,0,0
2025-02-03,北京中关村店,笔记本电脑,21,6813.05,0.002,142787.9,0,0
2025-02-03,北京中关村店,配件耗材,83,205.57,0.005,16977.0,0,0
2025-02-03,广州天河店,智能家居,30,930.44,0.044,26685.02,0,0
2025-02-03,广州天河店,智能手机,48,4229.46,0.038,195299.54,0,0
2025-02-03,广州天河店,智能穿戴,30,1370.08,0.04,39458.3,0,0
2025-02-03,广州天河店,笔记本电脑,17,6843.78,0.025,113435.65,0,0
2025-02-03,广州天河店,配件耗材,73,212.7,0.0,15527.1,0,0
2025-02-03,成都春熙店,智能家居,15,953.99,0.039,13751.77,0,0
2025-02-03,成都春熙店,智能手机,34,4211.1,0.019,140457.03,0,0
2025-02-03,成都春熙店,智能穿戴,21,1339.8,0.037,27094.78,0,0
2025-02-03,成都春熙店,笔记本电脑,15,6794.12,0.004,101504.15,0,0
2025-02-03,成都春熙店,配件耗材,46,205.85,0.003,9440.69,0,0
2025-02-04,上海旗舰店,智能家居,42,948.35,0.006,39591.72,0,0
2025-02-04,上海旗舰店,智能手机,51,4178.8,0.019,209069.54,0,0
2025-02-04,上海旗舰店,智能穿戴,63,1355.32,0.151,72492.0,1,0
2025-02-04,上海旗舰店,笔记本电脑,22,6837.73,0.044,143811.14,0,0
2025-02-04,上海旗舰店,配件耗材,70,205.94,0.034,13925.66,0,0
2025-02-04,北京中关村店,智能家居,35,946.21,0.003,33018.0,0,0
2025-02-04,北京中关村店,智能手机,47,4188.14,0.024,192118.36,0,0
2025-02-04,北京中关村店,智能穿戴,34,1354.03,0.036,44379.69,0,0
2025-02-04,北京中关村店,笔记本电脑,19,6736.67,0.003,127612.74,0,0
2025-02-04,北京中关村店,配件耗材,77,205.8,0.038,15244.43,0,0
2025-02-04,广州天河店,智能家居,31,916.44,0.028,27614.17,0,0
2025-02-04,广州天河店,智能手机,39,4159.94,0.006,161264.23,0,0
2025-02-04,广州天河店,智能穿戴,26,1360.67,0.03,34316.1,0,0
2025-02-04,广州天河店,笔记本电脑,17,6878.16,0.015,115174.79,0,0
2025-02-04,广州天河店,配件耗材,43,208.6,0.044,8575.13,0,0
2025-02-04,成都春熙店,智能家居,18,932.41,0.02,16447.71,0,0
2025-02-04,成都春熙店,智能手机,30,4197.14,0.003,125536.46,0,0
2025-02-04,成都春熙店,智能穿戴,29,1356.29,0.024,38388.43,0,0
2025-02-04,成都春熙店,笔记本电脑,13,6797.86,0.024,86251.25,0,0
2025-02-04,成都春熙店,配件耗材,46,204.8,0.014,9288.91,0,0
2025-02-05,上海旗舰店,智能家居,62,942.29,0.041,56026.68,0,0
2025-02-05,上海旗舰店,智能手机,48,4207.81,0.017,198541.31,0,0
2025-02-05,上海旗舰店,智能穿戴,46,1342.28,0.022,60386.49,0,0
2025-02-05,上海旗舰店,笔记本电脑,22,6831.41,0.014,148186.95,0,0
2025-02-05,上海旗舰店,配件耗材,75,210.96,0.025,15426.45,0,0
2025-02-05,北京中关村店,智能家居,36,946.78,0.036,32857.05,0,0
2025-02-05,北京中关村店,智能手机,43,4182.06,0.05,170837.15,0,0
2025-02-05,北京中关村店,智能穿戴,48,1360.54,0.155,55183.5,1,0
2025-02-05,北京中关村店,笔记本电脑,18,6726.37,0.028,117684.57,0,0
2025-02-05,北京中关村店,配件耗材,83,205.27,0.174,14072.9,1,0
2025-02-05,广州天河店,智能家居,27,937.02,0.015,24920.05,0,0
2025-02-05,广州天河店,智能手机,55,4236.78,0.033,225333.14,0,0
2025-02-05,广州天河店,智能穿戴,29,1370.3,0.04,38149.15,0,0
2025-02-05,广州天河店,笔记本电脑,22,6731.83,0.029,143805.35,0,0
2025-02-05,广州天河店,配件耗材,51,209.21,0.031,10338.95,0,0
2025-02-05,成都春熙店,智能家居,24,942.15,0.032,21888.03,0,0
2025-02-05,成都春熙店,智能手机,39,4186.72,0.023,159526.59,0,0
2025-02-05,成都春熙店,智能穿戴,25,1357.19,0.039,32606.49,0,0
2025-02-05,成都春熙店,笔记本电脑,15,6793.65,0.038,98032.37,0,0
2025-02-05,成都春熙店,配件耗材,47,210.06,0.026,9616.13,0,0
2025-02-06,上海旗舰店,智能家居,35,944.02,0.001,33007.66,0,0
2025-02-06,上海旗舰店,智能手机,62,4208.34,0.001,260656.16,0,0
2025-02-06,上海旗舰店,智能穿戴,50,1354.81,0.029,65776.03,0,0
2025-02-06,上海旗舰店,笔记本电脑,27,6838.29,0.048,175771.41,0,0
2025-02-06,上海旗舰店,配件耗材,67,209.47,0.02,13753.8,0,0
2025-02-06,北京中关村店,智能家居,27,938.23,0.003,25256.21,0,0
2025-02-06,北京中关村店,智能手机,57,4243.45,0.022,236555.36,0,0
2025-02-06,北京中关村店,智能穿戴,42,1361.26,0.044,54657.31,0,0
2025-02-06,北京中关村店,笔记本电脑,23,6790.39,0.001,156022.79,0,0
2025-02-06,北京中关村店,配件耗材,78,211.35,0.02,16155.59,0,0
2025-02-06,广州天河店,智能家居,40,943.37,0.034,36451.82,0,0
2025-02-06,广州天河店,智能手机,57,4212.43,0.015,236506.88,0,0
2025-02-06,广州天河店,智能穿戴,27,1357.6,0.032,35482.23,0,0
2025-02-06,广州天河店,笔记本电脑,16,6810.71,0.027,106029.13,0,0
2025-02-06,广州天河店,配件耗材,84,209.14,0.144,15038.0,1,0
2025-02-06,成都春熙店,智能家居,18,946.18,0.023,16639.52,0,0
2025-02-06,成都春熙店,智能手机,37,4198.97,0.007,154274.36,0,0
2025-02-06,成都春熙店,智能穿戴,27,1364.9,0.002,36778.6,0,0
2025-02-06,成都春熙店,笔记本电脑,13,6794.26,0.02,86558.87,0,0
2025-02-06,成都春熙店,配件耗材,49,209.95,0.031,9968.64,0,0
2025-02-07,上海旗舰店,智能家居,41,949.68,0.037,37496.22,0,0
2025-02-07,上海旗舰店,智能手机,54,4173.44,0.032,218154.06,0,0
2025-02-07,上海旗舰店,智能穿戴,45,1358.63,0.038,58815.09,0,0
2025-02-07,上海旗舰店,笔记本电脑,23,6828.93,0.036,151411.04,0,0
2025-02-07,上海旗舰店,配件耗材,69,207.66,0.013,14142.27,0,0
2025-02-07,北京中关村店,智能家居,43,949.59,0.07,37974.1,1,0
2025-02-07,北京中关村店,智能手机,62,4194.22,0.001,259781.6,0,0
2025-02-07,北京中关村店,智能穿戴,34,1371.26,0.019,45737.01,0,0
2025-02-07,北京中关村店,笔记本电脑,18,6868.21,0.022,120907.97,0,0
2025-02-07,北京中关村店,配件耗材,84,212.84,0.01,17699.77,0,0
2025-02-07,广州天河店,智能家居,33,934.4,0.043,29509.29,0,0
2025-02-07,广州天河店,智能手机,80,4213.95,0.072,312843.65,1,0
2025-02-07,广州天河店,智能穿戴,31,1351.19,0.02,41049.15,0,0
2025-02-07,广州天河店,笔记本电脑,19,6781.84,0.032,124731.6,0,0
2025-02-07,广州天河店,配件耗材,64,210.07,0.033,13000.81,0,0
2025-02-07,成都春熙店,智能家居,23,935.76,0.032,20833.76,0,0
2025-02-07,成都春熙店,智能手机,33,4270.02,0.003,140487.93,0,0
2025-02-07,成都春熙店,智能穿戴,39,1360.04,0.181,43441.04,1,0
2025-02-07,成都春熙店,笔记本电脑,13,6846.86,0.034,85982.87,0,0
2025-02-07,成都春熙店,配件耗材,45,209.49,0.027,9172.52,0,0
2025-02-08,上海旗舰店,智能家居,45,943.74,0.041,40727.1,0,1
2025-02-08,上海旗舰店,智能手机,66,4239.94,0.027,272280.47,0,1
2025-02-08,上海旗舰店,智能穿戴,44,1356.25,0.035,57586.38,0,1
2025-02-08,上海旗舰店,笔记本电脑,24,6912.93,0.003,165412.59,0,1
2025-02-08,上海旗舰店,配件耗材,94,209.45,0.027,19156.72,0,1
2025-02-08,北京中关村店,智能家居,31,932.54,0.049,27492.21,0,1
2025-02-08,北京中关村店,智能手机,73,4150.73,0.006,301185.27,0,1
2025-02-08,北京中关村店,智能穿戴,41,1354.14,0.009,55020.06,0,1
2025-02-08,北京中关村店,笔记本电脑,28,6909.03,0.042,185327.82,0,1
2025-02-08,北京中关村店,配件耗材,75,210.15,0.02,15446.02,0,1
2025-02-08,广州天河店,智能家居,38,925.41,0.048,33477.63,0,1
2025-02-08,广州天河店,智能手机,55,4192.11,0.035,222496.24,0,1
2025-02-08,广州天河店,智能穿戴,38,1350.57,0.016,50500.51,0,1
2025-02-08,广州天河店,笔记本电脑,24,6913.97,0.035,160127.55,0,1
2025-02-08,广州天河店,配件耗材,78,209.2,0.018,16023.88,0,1
2025-02-08,成都春熙店,智能家居,23,925.92,0.042,20401.72,0,1
2025-02-08,成都春熙店,智能手机,50,4268.37,0.024,208296.46,0,1
2025-02-08,成都春熙店,智能穿戴,23,1370.37,0.021,30856.62,0,1
2025-02-08,成都春熙店,笔记本电脑,20,6904.0,0.148,117644.16,1,1
2025-02-08,成都春熙店,配件耗材,50,208.55,0.05,9906.12,0,1
2025-02-09,上海旗舰店,智能家居,71,938.52,0.064,62370.29,1,1
2025-02-09,上海旗舰店,智能手机,96,4140.32,0.132,345004.58,1,1
2025-02-09,上海旗舰店,智能穿戴,60,1368.52,0.026,79976.31,0,1
2025-02-09,上海旗舰店,笔记本电脑,25,6817.0,0.002,170084.15,0,1
2025-02-09,上海旗舰店,配件耗材,78,206.5,0.012,15913.72,0,1
2025-02-09,北京中关村店,智能家居,31,954.76,0.003,29508.77,0,1
2025-02-09,北京中关村店,智能手机,46,4197.65,0.05,183437.3,0,1
2025-02-09,北京中关村店,智能穿戴,47,1371.3,0.012,63677.69,0,1
2025-02-09,北京中关村店,笔记本电脑,22,6717.12,0.032,143047.79,0,1
2025-02-09,北京中关村店,配件耗材,69,206.89,0.02,13989.9,0,1
2025-02-09,广州天河店,智能家居,36,942.03,0.015,33404.38,0,1
2025-02-09,广州天河店,智能手机,38,4217.72,0.031,155304.89,0,1
2025-02-09,广州天河店,智能穿戴,35,1363.78,0.029,46348.06,0,1
2025-02-09,广州天河店,笔记本电脑,24,6874.95,0.013,162853.82,0,1
2025-02-09,广州天河店,配件耗材,58,206.55,0.02,11740.3,0,1
2025-02-09,成都春熙店,智能家居,23,949.43,0.014,21531.17,0,1
2025-02-09,成都春熙店,智能手机,40,4178.59,0.037,160959.29,0,1
2025-02-09,成都春熙店,智能穿戴,59,1377.0,0.024,79293.17,0,1
2025-02-09,成都春熙店,笔记本电脑,12,6749.6,0.021,79294.3,0,1
2025-02-09,成都春熙店,配件耗材,52,206.05,0.02,10500.31,0,1
2025-02-10,上海旗舰店,智能家居,36,922.74,0.031,32188.86,0,0
2025-02-10,上海旗舰店,智能手机,54,4200.51,0.024,221383.68,0,0
2025-02-10,上海旗舰店,智能穿戴,46,1364.64,0.04,60262.5,0,0
2025-02-10,上海旗舰店,笔记本电脑,23,6700.69,0.03,149492.39,0,0
2025-02-10,上海旗舰店,配件耗材,62,211.93,0.044,12561.51,0,0
2025-02-10,北京中关村店,智能家居,26,942.96,0.011,24247.27,0,0
2025-02-10,北京中关村店,智能手机,53,4279.11,0.008,224978.49,0,0
2025-02-10,北京中关村店,智能穿戴,31,1347.56,0.012,41273.07,0,0
2025-02-10,北京中关村店,笔记本电脑,26,6778.12,0.027,171472.88,0,0
2025-02-10,北京中关村店,配件耗材,77,207.99,0.009,15871.09,0,0
2025-02-10,广州天河店,智能家居,34,937.6,0.011,31527.74,0,0
2025-02-10,广州天河店,智能手机,40,4211.95,0.047,160559.53,0,0
2025-02-10,广州天河店,智能穿戴,30,1378.62,0.003,41234.52,0,0
2025-02-10,广州天河店,笔记本电脑,25,6829.21,0.05,162193.74,0,0
2025-02-10,广州天河店,配件耗材,64,210.53,0.045,12867.59,0,0
2025-02-10,成都春熙店,智能家居,26,946.42,0.013,24287.03,0,0
2025-02-10,成都春熙店,智能手机,32,4142.22,0.012,130960.43,0,0
2025-02-10,成都春熙店,智能穿戴,24,1358.04,0.045,31126.28,0,0
2025-02-10,成都春熙店,笔记本电脑,12,6729.52,0.014,79623.68,0,0
2025-02-10,成都春熙店,配件耗材,42,209.06,0.018,8622.47,0,0
2025-02-11,上海旗舰店,智能家居,36,946.71,0.05,32377.48,0,0
2025-02-11,上海旗舰店,智能手机,57,4194.93,0.005,237915.45,0,0
2025-02-11,上海旗舰店,智能穿戴,32,1362.13,0.009,43195.87,0,0
2025-02-11,上海旗舰店,笔记本电脑,31,6882.88,0.073,197793.32,1,0
2025-02-11,上海旗舰店,配件耗材,60,208.31,0.02,12248.63,0,0
2025-02-11,北京中关村店,智能家居,26,948.77,0.031,23903.31,0,0
2025-02-11,北京中关村店,智能手机,41,4213.61,0.017,169821.12,0,0
2025-02-11,北京中关村店,智能穿戴,34,1355.18,0.028,44785.99,0,0
2025-02-11,北京中关村店,笔记本电脑,19,6691.93,0.027,123713.71,0,0
2025-02-11,北京中关村店,配件耗材,68,204.36,0.038,13368.41,0,0
2025-02-11,广州天河店,智能家居,26,935.55,0.047,23181.06,0,0
2025-02-11,广州天河店,智能手机,51,4098.99,0.046,199432.26,0,0
2025-02-11,广州天河店,智能穿戴,36,1346.09,0.002,48362.32,0,0
2025-02-11,广州天河店,笔记本电脑,18,6840.83,0.014,121411.05,0,0
2025-02-11,广州天河店,配件耗材,58,209.0,0.013,11964.41,0,0
2025-02-11,成都春熙店,智能家居,21,949.67,0.001,19923.13,0,0
2025-02-11,成都春熙店,智能手机,37,4205.38,0.031,150775.49,0,0
2025-02-11,成都春熙店,智能穿戴,22,1366.28,0.021,29426.94,0,0
2025-02-11,成都春熙店,笔记本电脑,16,6780.81,0.043,103827.76,0,0
2025-02-11,成都春熙店,配件耗材,39,208.12,0.046,7743.31,0,0
2025-02-12,上海旗舰店,智能家居,40,957.7,0.006,38078.15,0,0
2025-02-12,上海旗舰店,智能手机,54,4133.05,0.013,220283.3,0,0
2025-02-12,上海旗舰店,智能穿戴,54,1406.66,0.104,68059.84,1,0
2025-02-12,上海旗舰店,笔记本电脑,29,6920.77,0.021,196487.58,0,0
2025-02-12,上海旗舰店,配件耗材,85,210.88,0.034,17315.36,0,0
2025-02-12,北京中关村店,智能家居,36,942.88,0.024,33129.03,0,0
2025-02-12,北京中关村店,智能手机,52,4164.65,0.042,207466.2,0,0
2025-02-12,北京中关村店,智能穿戴,37,1387.13,0.037,49424.83,0,0
2025-02-12,北京中关村店,笔记本电脑,24,6793.44,0.179,133857.94,1,0
2025-02-12,北京中关村店,配件耗材,64,207.87,0.008,13197.25,0,0
2025-02-12,广州天河店,智能家居,26,940.05,0.037,23536.97,0,0
2025-02-12,广州天河店,智能手机,42,4192.0,0.031,170606.02,0,0
2025-02-12,广州天河店,智能穿戴,32,1340.91,0.048,40849.48,0,0
2025-02-12,广州天河店,笔记本电脑,20,6780.66,0.003,135206.36,0,0
2025-02-12,广州天河店,配件耗材,54,210.59,0.004,11326.37,0,0
2025-02-12,成都春熙店,智能家居,17,932.5,0.006,15757.39,0,0
2025-02-12,成都春熙店,智能手机,42,4167.36,0.008,173628.89,0,0
2025-02-12,成都春熙店,智能穿戴,30,1386.21,0.14,35764.22,1,0
2025-02-12,成都春熙店,笔记本电脑,11,6803.68,0.026,72894.63,0,0
2025-02-12,成都春熙店,配件耗材,38,209.54,0.008,7898.82,0,0
2025-02-13,上海旗舰店,智能家居,36,955.18,0.023,33595.59,0,0
2025-02-13,上海旗舰店,智能手机,57,4250.16,0.043,231841.98,0,0
2025-02-13,上海旗舰店,智能穿戴,46,1350.15,0.031,60181.59,0,0
2025-02-13,上海旗舰店,笔记本电脑,23,6848.39,0.04,151212.45,0,0
2025-02-13,上海旗舰店,配件耗材,105,212.43,0.167,18580.19,1,0
2025-02-13,北京中关村店,智能家居,25,951.99,0.042,22800.16,0,0
2025-02-13,北京中关村店,智能手机,44,4116.15,0.047,172598.4,0,0
2025-02-13,北京中关村店,智能穿戴,31,1365.05,0.005,42104.97,0,0
2025-02-13,北京中关村店,笔记本电脑,22,6877.3,0.019,148425.89,0,0
2025-02-13,北京中关村店,配件耗材,73,207.64,0.045,14475.62,0,0
2025-02-13,广州天河店,智能家居,23,946.4,0.021,21310.09,0,0
2025-02-13,广州天河店,智能手机,49,4150.02,0.034,196437.05,0,0
2025-02-13,广州天河店,智能穿戴,38,1359.79,0.037,49760.16,0,0
2025-02-13,广州天河店,笔记本电脑,26,6892.28,0.141,153932.18,1,0
2025-02-13,广州天河店,配件耗材,48,209.34,0.035,9696.63,0,0
2025-02-13,成都春熙店,智能家居,40,942.36,0.01,37317.46,0,0
2025-02-13,成都春熙店,智能手机,37,4207.46,0.022,152251.15,0,0
2025-02-13,成都春熙店,智能穿戴,40,1370.61,0.137,47313.46,1,0
2025-02-13,成都春熙店,笔记本电脑,14,6752.75,0.005,94065.81,0,0
2025-02-13,成都春熙店,配件耗材,49,212.95,0.045,9965.0,0,0
2025-02-14,上海旗舰店,智能家居,41,934.0,0.013,37796.18,0,0
2025-02-14,上海旗舰店,智能手机,55,4226.67,0.015,228979.85,0,0
2025-02-14,上海旗舰店,智能穿戴,49,1353.09,0.001,66235.11,0,0
2025-02-14,上海旗舰店,笔记本电脑,26,6691.83,0.002,173639.6,0,0
2025-02-14,上海旗舰店,配件耗材,108,208.19,0.002,22439.55,0,0
2025-02-14,北京中关村店,智能家居,42,931.07,0.065,36563.12,1,0
2025-02-14,北京中关村店,智能手机,59,4237.96,0.018,245538.93,0,0
2025-02-14,北京中关村店,智能穿戴,31,1384.05,0.018,42133.25,0,0
2025-02-14,北京中关村店,笔记本电脑,19,6896.47,0.048,124743.35,0,0
2025-02-14,北京中关村店,配件耗材,76,210.44,0.013,15785.53,0,0
2025-02-14,广州天河店,智能家居,41,937.81,0.039,36950.65,0,0
2025-02-14,广州天河店,智能手机,61,4227.22,0.037,248319.58,0,0
2025-02-14,广州天河店,智能穿戴,38,1389.62,0.026,51432.62,0,0
2025-02-14,广州天河店,笔记本电脑,31,6861.74,0.206,168894.87,1,0
2025-02-14,广州天河店,配件耗材,66,208.64,0.002,13742.7,0,0
2025-02-14,成都春熙店,智能家居,31,933.16,0.088,26382.3,1,0
2025-02-14,成都春熙店,智能手机,35,4186.55,0.016,144184.78,0,0
2025-02-14,成都春熙店,智能穿戴,32,1384.35,0.02,43413.22,0,0
2025-02-14,成都春熙店,笔记本电脑,15,6744.78,0.002,100969.36,0,0
2025-02-14,成都春熙店,配件耗材,37,210.57,0.049,7409.33,0,0
2025-02-15,上海旗舰店,智能家居,42,936.61,0.014,38786.89,0,1
2025-02-15,上海旗舰店,智能手机,57,4234.95,0.009,239219.62,0,1
2025-02-15,上海旗舰店,智能穿戴,59,1395.13,0.038,79184.79,0,1
2025-02-15,上海旗舰店,笔记本电脑,31,6716.22,0.05,197792.68,0,1
2025-02-15,上海旗舰店,配件耗材,86,207.71,0.034,17255.72,0,1
2025-02-15,北京中关村店,智能家居,48,933.24,0.201,35791.62,1,1
2025-02-15,北京中关村店,智能手机,59,4204.29,0.019,243340.1,0,1
2025-02-15,北京中关村店,智能穿戴,36,1366.16,0.017,48345.67,0,1
2025-02-15,北京中关村店,笔记本电脑,29,6671.02,0.036,186495.04,0,1
2025-02-15,北京中关村店,配件耗材,82,211.11,0.007,17189.84,0,1
2025-02-15,广州天河店,智能家居,44,922.53,0.032,39292.4,0,1
2025-02-15,广州天河店,智能手机,100,4147.4,0.036,399809.36,0,1
2025-02-15,广州天河店,智能穿戴,28,1346.9,0.024,36808.08,0,1
2025-02-15,广州天河店,笔记本电脑,20,6747.58,0.021,132117.62,0,1
2025-02-15,广州天河店,配件耗材,96,207.9,0.037,19219.94,0,1
2025-02-15,成都春熙店,智能家居,25,930.06,0.001,23228.25,0,1
2025-02-15,成都春熙店,智能手机,49,4225.26,0.005,206002.55,0,1
2025-02-15,成都春熙店,智能穿戴,23,1356.22,0.021,30538.01,0,1
2025-02-15,成都春熙店,笔记本电脑,19,6795.78,0.0,129119.82,0,1
2025-02-15,成都春熙店,配件耗材,36,207.69,0.031,7245.06,0,1
2025-02-16,上海旗舰店,智能家居,54,944.53,0.025,49729.5,0,1
2025-02-16,上海旗舰店,智能手机,55,4154.98,0.036,220297.04,0,1
2025-02-16,上海旗舰店,智能穿戴,46,1362.69,0.05,59549.55,0,1
2025-02-16,上海旗舰店,笔记本电脑,26,6722.76,0.037,168324.46,0,1
2025-02-16,上海旗舰店,配件耗材,94,213.17,0.016,19717.37,0,1
2025-02-16,北京中关村店,智能家居,36,942.02,0.015,33404.03,0,1
2025-02-16,北京中关村店,智能手机,56,4150.49,0.035,224292.48,0,1
2025-02-16,北京中关村店,智能穿戴,44,1348.35,0.001,59268.07,0,1
2025-02-16,北京中关村店,笔记本电脑,24,6881.22,0.01,163497.79,0,1
2025-02-16,北京中关村店,配件耗材,82,209.94,0.023,16819.13,0,1
2025-02-16,广州天河店,智能家居,42,952.06,0.029,38826.91,0,1
2025-02-16,广州天河店,智能手机,66,4141.54,0.184,223046.78,1,1
2025-02-16,广州天河店,智能穿戴,40,1367.17,0.041,52444.64,0,1
2025-02-16,广州天河店,笔记本电脑,21,6795.16,0.02,139844.39,0,1
2025-02-16,广州天河店,配件耗材,70,208.2,0.01,14428.26,0,1
2025-02-16,成都春熙店,智能家居,24,930.94,0.009,22141.48,0,1
2025-02-16,成都春熙店,智能手机,42,4137.8,0.031,168400.18,0,1
2025-02-16,成都春熙店,智能穿戴,25,1352.68,0.047,32227.6,0,1
2025-02-16,成都春熙店,笔记本电脑,14,6788.4,0.026,92566.62,0,1
2025-02-16,成都春熙店,配件耗材,40,213.15,0.033,8244.64,0,1
2025-02-17,上海旗舰店,智能家居,40,942.64,0.041,36159.67,0,0
2025-02-17,上海旗舰店,智能手机,55,4229.38,0.011,230057.13,0,0
2025-02-17,上海旗舰店,智能穿戴,37,1359.05,0.026,48977.44,0,0
2025-02-17,上海旗舰店,笔记本电脑,21,6688.09,0.041,134691.44,0,0
2025-02-17,上海旗舰店,配件耗材,59,211.06,0.04,11954.44,0,0
2025-02-17,北京中关村店,智能家居,30,953.92,0.017,28131.1,0,0
2025-02-17,北京中关村店,智能手机,76,4173.27,0.065,296552.57,1,0
2025-02-17,北京中关村店,智能穿戴,31,1375.94,0.025,41587.79,0,0
2025-02-17,北京中关村店,笔记本电脑,24,6837.7,0.021,160658.6,0,0
2025-02-17,北京中关村店,配件耗材,83,204.86,0.126,14860.95,1,0
2025-02-17,广州天河店,智能家居,34,946.39,0.008,31919.84,0,0
2025-02-17,广州天河店,智能手机,54,4237.5,0.005,227680.88,0,0
2025-02-17,广州天河店,智能穿戴,34,1375.25,0.017,45963.61,0,0
2025-02-17,广州天河店,笔记本电脑,24,6838.24,0.012,162148.35,0,0
2025-02-17,广州天河店,配件耗材,68,207.98,0.009,14015.36,0,0
2025-02-17,成都春熙店,智能家居,26,955.97,0.064,23264.49,1,0
2025-02-17,成都春熙店,智能手机,42,4193.56,0.029,171021.76,0,0
2025-02-17,成都春熙店,智能穿戴,27,1381.28,0.005,37108.09,0,0
2025-02-17,成都春熙店,笔记本电脑,13,6777.15,0.016,86693.3,0,0
2025-02-17,成都春熙店,配件耗材,34,207.56,0.033,6824.16,0,0
2025-02-18,上海旗舰店,智能家居,38,940.67,0.021,34994.81,0,0
2025-02-18,上海旗舰店,智能手机,77,4199.93,0.006,321454.24,0,0
2025-02-18,上海旗舰店,智能穿戴,36,1361.19,0.044,46846.72,0,0
2025-02-18,上海旗舰店,笔记本电脑,23,6838.53,0.031,152410.32,0,0
2025-02-18,上海旗舰店,配件耗材,72,208.68,0.001,15009.94,0,0
2025-02-18,北京中关村店,智能家居,36,930.85,0.002,33443.58,0,0
2025-02-18,北京中关村店,智能手机,45,4296.94,0.022,189108.33,0,0
2025-02-18,北京中关村店,智能穿戴,28,1360.23,0.045,36372.55,0,0
2025-02-18,北京中关村店,笔记本电脑,19,6761.03,0.027,124991.16,0,0
2025-02-18,北京中关村店,配件耗材,63,209.99,0.025,12898.64,0,0
2025-02-18,广州天河店,智能家居,32,942.72,0.019,29593.87,0,0
2025-02-18,广州天河店,智能手机,48,4139.76,0.004,197913.65,0,0
2025-02-18,广州天河店,智能穿戴,36,1373.06,0.032,47848.39,0,0
2025-02-18,广州天河店,笔记本电脑,19,6803.09,0.049,122925.03,0,0
2025-02-18,广州天河店,配件耗材,78,211.18,0.219,12864.66,1,0
2025-02-18,成都春熙店,智能家居,21,950.59,0.045,19064.08,0,0
2025-02-18,成都春熙店,智能手机,39,4236.86,0.031,160115.18,0,0
2025-02-18,成都春熙店,智能穿戴,21,1365.13,0.016,28209.05,0,0
2025-02-18,成都春熙店,笔记本电脑,14,6716.43,0.032,91021.06,0,0
2025-02-18,成都春熙店,配件耗材,46,205.31,0.171,7829.29,1,0
2025-02-19,上海旗舰店,智能家居,32,945.05,0.036,29152.9,0,0
2025-02-19,上海旗舰店,智能手机,43,4152.27,0.047,170155.87,0,0
2025-02-19,上海旗舰店,智能穿戴,60,1382.95,0.077,76587.77,1,0
2025-02-19,上海旗舰店,笔记本电脑,26,6844.32,0.021,174215.32,0,0
2025-02-19,上海旗舰店,配件耗材,71,206.28,0.022,14323.67,0,0
2025-02-19,北京中关村店,智能家居,34,928.1,0.011,31208.29,0,0
2025-02-19,北京中关村店,智能手机,49,4197.78,0.027,200137.56,0,0
2025-02-19,北京中关村店,智能穿戴,41,1360.95,0.041,53511.19,0,0
2025-02-19,北京中关村店,笔记本电脑,21,6845.1,0.028,139722.18,0,0
2025-02-19,北京中关村店,配件耗材,67,209.54,0.048,13365.3,0,0
2025-02-19,广州天河店,智能家居,33,949.27,0.01,31012.65,0,0
2025-02-19,广州天河店,智能手机,37,4176.09,0.036,148952.78,0,0
2025-02-19,广州天河店,智能穿戴,28,1360.29,0.046,36336.07,0,0
2025-02-19,广州天河店,笔记本电脑,17,6818.3,0.014,114288.34,0,0
2025-02-19,广州天河店,配件耗材,61,207.13,0.005,12571.76,0,0
2025-02-19,成都春熙店,智能家居,23,967.02,0.029,21596.46,0,0
2025-02-19,成都春熙店,智能手机,35,4087.5,0.024,139629.0,0,0
2025-02-19,成都春熙店,智能穿戴,24,1388.35,0.045,31820.98,0,0
2025-02-19,成都春熙店,笔记本电脑,17,6766.22,0.015,113300.35,0,0
2025-02-19,成都春熙店,配件耗材,38,209.88,0.049,7584.64,0,0
2025-02-20,上海旗舰店,智能家居,37,934.13,0.009,34251.74,0,0
2025-02-20,上海旗舰店,智能手机,57,4185.66,0.017,234526.72,0,0
2025-02-20,上海旗舰店,智能穿戴,37,1363.81,0.032,48846.22,0,0
2025-02-20,上海旗舰店,笔记本电脑,25,6849.78,0.036,165079.7,0,0
2025-02-20,上海旗舰店,配件耗材,79,208.82,0.019,16183.34,0,0
2025-02-20,北京中关村店,智能家居,39,956.64,0.049,35480.82,0,0
2025-02-20,北京中关村店,智能手机,45,4195.57,0.025,184080.63,0,0
2025-02-20,北京中关村店,智能穿戴,42,1356.38,0.209,45061.66,1,0
2025-02-20,北京中关村店,笔记本电脑,20,6852.71,0.033,132531.41,0,0
2025-02-20,北京中关村店,配件耗材,86,205.97,0.009,17554.0,0,0
2025-02-20,广州天河店,智能家居,30,948.43,0.002,28395.99,0,0
2025-02-20,广州天河店,智能手机,39,4190.7,0.008,162129.8,0,0
2025-02-20,广州天河店,智能穿戴,30,1348.22,0.013,39920.79,0,0
2025-02-20,广州天河店,笔记本电脑,28,6856.86,0.073,177976.66,1,0
2025-02-20,广州天河店,配件耗材,56,205.61,0.039,11065.11,0,0
2025-02-20,成都春熙店,智能家居,20,936.22,0.009,18555.88,0,0
2025-02-20,成都春熙店,智能手机,36,4173.6,0.032,145441.61,0,0
2025-02-20,成都春熙店,智能穿戴,24,1343.06,0.033,31169.74,0,0
2025-02-20,成都春熙店,笔记本电脑,13,6889.98,0.03,86882.65,0,0
2025-02-20,成都春熙店,配件耗材,40,204.46,0.03,7933.05,0,0
2025-02-21,上海旗舰店,智能家居,40,921.63,0.028,35832.97,0,0
2025-02-21,上海旗舰店,智能手机,58,4190.88,0.031,235535.84,0,0
2025-02-21,上海旗舰店,智能穿戴,36,1348.72,0.009,48116.93,0,0
2025-02-21,上海旗舰店,笔记本电脑,23,6711.9,0.026,150359.98,0,0
2025-02-21,上海旗舰店,配件耗材,131,209.51,0.013,27089.01,0,0
2025-02-21,北京中关村店,智能家居,32,931.41,0.046,28434.08,0,0
2025-02-21,北京中关村店,智能手机,61,4208.54,0.211,202552.82,1,0
2025-02-21,北京中关村店,智能穿戴,36,1363.85,0.013,48460.32,0,0
2025-02-21,北京中关村店,笔记本电脑,20,6808.81,0.014,134269.73,0,0
2025-02-21,北京中关村店,配件耗材,71,205.55,0.023,14258.39,0,0
2025-02-21,广州天河店,智能家居,36,939.6,0.007,33588.82,0,0
2025-02-21,广州天河店,智能手机,58,4129.16,0.036,230869.59,0,0
2025-02-21,广州天河店,智能穿戴,32,1367.37,0.039,42049.36,0,0
2025-02-21,广州天河店,笔记本电脑,19,6764.44,0.031,124540.1,0,0
2025-02-21,广州天河店,配件耗材,97,206.84,0.076,18538.66,1,0
2025-02-21,成都春熙店,智能家居,25,973.13,0.005,24206.61,0,0
2025-02-21,成都春熙店,智能手机,39,4245.59,0.049,157464.69,0,0
2025-02-21,成都春熙店,智能穿戴,33,1352.81,0.004,44464.16,0,0
2025-02-21,成都春熙店,笔记本电脑,17,6913.1,0.012,116112.43,0,0
2025-02-21,成都春熙店,配件耗材,50,210.86,0.0,10543.0,0,0
2025-02-22,上海旗舰店,智能家居,47,937.89,0.018,43287.38,0,1
2025-02-22,上海旗舰店,智能手机,67,4201.96,0.077,259853.41,1,1
2025-02-22,上海旗舰店,智能穿戴,57,1372.0,0.013,77187.35,0,1
2025-02-22,上海旗舰店,笔记本电脑,30,6954.35,0.04,200285.28,0,1
2025-02-22,上海旗舰店,配件耗材,101,213.04,0.041,20634.84,0,1
2025-02-22,北京中关村店,智能家居,45,953.22,0.008,42551.74,0,1
2025-02-22,北京中关村店,智能手机,49,4219.03,0.017,203218.02,0,1
2025-02-22,北京中关村店,智能穿戴,49,1357.81,0.019,65268.57,0,1
2025-02-22,北京中关村店,笔记本电脑,34,6795.52,0.037,222498.92,0,1
2025-02-22,北京中关村店,配件耗材,90,209.82,0.003,18827.15,0,1
2025-02-22,广州天河店,智能家居,39,943.02,0.008,36483.56,0,1
2025-02-22,广州天河店,智能手机,69,4195.37,0.004,288322.61,0,1
2025-02-22,广州天河店,智能穿戴,37,1373.73,0.043,48642.41,0,1
2025-02-22,广州天河店,笔记本电脑,25,6806.87,0.017,167278.83,0,1
2025-02-22,广州天河店,配件耗材,70,208.05,0.044,13922.71,0,1
2025-02-22,成都春熙店,智能家居,24,966.22,0.029,22516.79,0,1
2025-02-22,成都春熙店,智能手机,56,4224.56,0.008,234682.76,0,1
2025-02-22,成都春熙店,智能穿戴,30,1392.94,0.005,41579.26,0,1
2025-02-22,成都春熙店,笔记本电脑,15,6959.0,0.009,103445.54,0,1
2025-02-22,成都春熙店,配件耗材,44,208.8,0.035,8865.65,0,1
2025-02-23,上海旗舰店,智能家居,52,939.82,0.023,47746.62,0,1
2025-02-23,上海旗舰店,智能手机,62,4161.63,0.019,253118.66,0,1
2025-02-23,上海旗舰店,智能穿戴,49,1355.73,0.018,65235.02,0,1
2025-02-23,上海旗舰店,笔记本电脑,22,6930.38,0.035,147131.97,0,1
2025-02-23,上海旗舰店,配件耗材,81,208.13,0.013,16639.37,0,1
2025-02-23,北京中关村店,智能家居,32,943.3,0.029,29310.22,0,1
2025-02-23,北京中关村店,智能手机,66,4150.51,0.025,267085.32,0,1
2025-02-23,北京中关村店,智能穿戴,37,1396.21,0.034,49903.34,0,1
2025-02-23,北京中关村店,笔记本电脑,22,6823.56,0.04,144113.59,0,1
2025-02-23,北京中关村店,配件耗材,84,207.59,0.044,16670.31,0,1
2025-02-23,广州天河店,智能家居,31,939.41,0.045,27811.23,0,1
2025-02-23,广州天河店,智能手机,56,4243.2,0.05,225738.24,0,1
2025-02-23,广州天河店,智能穿戴,36,1356.24,0.041,46822.83,0,1
2025-02-23,广州天河店,笔记本电脑,21,6665.97,0.031,135645.82,0,1
2025-02-23,广州天河店,配件耗材,60,211.36,0.048,12072.88,0,1
2025-02-23,成都春熙店,智能家居,21,919.84,0.012,19084.84,0,1
2025-02-23,成都春熙店,智能手机,35,4164.75,0.013,143871.29,0,1
2025-02-23,成都春熙店,智能穿戴,32,1376.44,0.016,43341.34,0,1
2025-02-23,成都春熙店,笔记本电脑,18,6758.86,0.042,116549.78,0,1
2025-02-23,成都春熙店,配件耗材,57,206.84,0.021,11542.29,0,1
2025-02-24,上海旗舰店,智能家居,47,932.06,0.01,43368.75,0,0
2025-02-24,上海旗舰店,智能手机,47,4243.5,0.001,199245.06,0,0
2025-02-24,上海旗舰店,智能穿戴,41,1346.66,0.002,55102.63,0,0
2025-02-24,上海旗舰店,笔记本电脑,20,6802.54,0.008,134962.39,0,0
2025-02-24,上海旗舰店,配件耗材,70,207.26,0.017,14261.56,0,0
2025-02-24,北京中关村店,智能家居,38,930.29,0.026,34431.89,0,0
2025-02-24,北京中关村店,智能手机,54,4132.05,0.027,217106.17,0,0
2025-02-24,北京中关村店,智能穿戴,33,1373.83,0.017,44565.67,0,0
2025-02-24,北京中关村店,笔记本电脑,19,6794.49,0.027,125609.74,0,0
2025-02-24,北京中关村店,配件耗材,76,209.59,0.022,15578.41,0,0
2025-02-24,广州天河店,智能家居,28,947.08,0.006,26359.13,0,0
2025-02-24,广州天河店,智能手机,45,4190.0,0.04,181008.0,0,0
2025-02-24,广州天河店,智能穿戴,32,1368.74,0.018,43011.29,0,0
2025-02-24,广州天河店,笔记本电脑,14,6724.18,0.005,93667.83,0,0
2025-02-24,广州天河店,配件耗材,74,209.43,0.039,14893.41,0,0
2025-02-24,成都春熙店,智能家居,18,952.95,0.016,16878.65,0,0
2025-02-24,成都春熙店,智能手机,35,4200.68,0.011,145406.54,0,0
2025-02-24,成都春熙店,智能穿戴,26,1372.88,0.044,34124.31,0,0
2025-02-24,成都春熙店,笔记本电脑,15,6796.7,0.029,98993.94,0,0
2025-02-24,成都春熙店,配件耗材,45,207.26,0.04,8953.63,0,0
2025-02-25,上海旗舰店,智能家居,34,942.91,0.007,31834.53,0,0
2025-02-25,上海旗舰店,智能手机,50,4220.68,0.025,205758.15,0,0
2025-02-25,上海旗舰店,智能穿戴,36,1374.64,0.004,49289.09,0,0
2025-02-25,上海旗舰店,笔记本电脑,24,6844.31,0.034,158678.48,0,0
2025-02-25,上海旗舰店,配件耗材,86,206.19,0.029,17218.1,0,0
2025-02-25,北京中关村店,智能家居,38,954.22,0.024,35390.11,0,0
2025-02-25,北京中关村店,智能手机,56,4222.82,0.047,225363.46,0,0
2025-02-25,北京中关村店,智能穿戴,44,1364.71,0.063,56264.26,1,0
2025-02-25,北京中关村店,笔记本电脑,27,6959.91,0.008,186414.23,0,0
2025-02-25,北京中关村店,配件耗材,84,209.03,0.175,14485.78,1,0
2025-02-25,广州天河店,智能家居,28,934.24,0.028,25426.28,0,0
2025-02-25,广州天河店,智能手机,45,4297.08,0.031,187374.17,0,0
2025-02-25,广州天河店,智能穿戴,31,1370.81,0.005,42282.63,0,0
2025-02-25,广州天河店,笔记本电脑,19,6711.85,0.028,123954.45,0,0
2025-02-25,广州天河店,配件耗材,61,210.6,0.04,12332.74,0,0
2025-02-25,成都春熙店,智能家居,27,935.78,0.159,21248.76,1,0
2025-02-25,成都春熙店,智能手机,29,4206.69,0.037,117480.23,0,0
2025-02-25,成都春熙店,智能穿戴,24,1395.46,0.041,32117.91,0,0
2025-02-25,成都春熙店,笔记本电脑,18,6844.86,0.166,102755.04,1,0
2025-02-25,成都春熙店,配件耗材,37,211.15,0.04,7500.05,0,0
2025-02-26,上海旗舰店,智能家居,45,945.07,0.046,40571.86,0,0
2025-02-26,上海旗舰店,智能手机,55,4205.48,0.042,221586.74,0,0
2025-02-26,上海旗舰店,智能穿戴,39,1332.07,0.048,49457.09,0,0
2025-02-26,上海旗舰店,笔记本电脑,18,6906.26,0.005,123691.12,0,0
2025-02-26,上海旗舰店,配件耗材,59,211.66,0.011,12350.57,0,0
2025-02-26,北京中关村店,智能家居,51,958.12,0.157,41192.45,1,0
2025-02-26,北京中关村店,智能手机,45,4191.39,0.014,185971.97,0,0
2025-02-26,北京中关村店,智能穿戴,39,1382.01,0.083,49424.82,1,0
2025-02-26,北京中关村店,笔记本电脑,22,6859.36,0.048,143662.44,0,0
2025-02-26,北京中关村店,配件耗材,75,209.08,0.001,15665.32,0,0
2025-02-26,广州天河店,智能家居,27,938.45,0.021,24806.05,0,0
2025-02-26,广州天河店,智能手机,43,4240.25,0.019,178866.47,0,0
2025-02-26,广州天河店,智能穿戴,46,1350.98,0.219,48535.31,1,0
2025-02-26,广州天河店,笔记本电脑,29,6814.76,0.198,158497.69,1,0
2025-02-26,广州天河店,配件耗材,63,210.24,0.042,12688.82,0,0
2025-02-26,成都春熙店,智能家居,21,946.0,0.022,19428.95,0,0
2025-02-26,成都春熙店,智能手机,37,4259.27,0.001,157435.4,0,0
2025-02-26,成都春熙店,智能穿戴,27,1370.48,0.034,35744.86,0,0
2025-02-26,成都春熙店,笔记本电脑,13,6755.85,0.043,84049.53,0,0
2025-02-26,成都春熙店,配件耗材,31,208.34,0.027,6284.16,0,0
2025-02-27,上海旗舰店,智能家居,40,916.13,0.038,35252.68,0,0
2025-02-27,上海旗舰店,智能手机,50,4266.85,0.015,210142.36,0,0
2025-02-27,上海旗舰店,智能穿戴,35,1394.56,0.012,48223.88,0,0
2025-02-27,上海旗舰店,笔记本电脑,20,6898.05,0.019,135339.74,0,0
2025-02-27,上海旗舰店,配件耗材,65,213.02,0.019,13583.22,0,0
2025-02-27,北京中关村店,智能家居,35,941.85,0.127,28778.23,1,0
2025-02-27,北京中关村店,智能手机,44,4180.96,0.042,176235.83,0,0
2025-02-27,北京中关村店,智能穿戴,49,1363.75,0.025,65153.16,0,0
2025-02-27,北京中关村店,笔记本电脑,23,6820.41,0.006,155928.21,0,0
2025-02-27,北京中关村店,配件耗材,78,206.4,0.002,16067.0,0,0
2025-02-27,广州天河店,智能家居,39,934.35,0.014,35929.49,0,0
2025-02-27,广州天河店,智能手机,52,4150.59,0.035,208276.61,0,0
2025-02-27,广州天河店,智能穿戴,27,1356.86,0.026,35682.7,0,0
2025-02-27,广州天河店,笔记本电脑,20,6843.94,0.033,132361.8,0,0
2025-02-27,广州天河店,配件耗材,59,207.98,0.03,11902.7,0,0
2025-02-27,成都春熙店,智能家居,22,950.6,0.048,19909.37,0,0
2025-02-27,成都春熙店,智能手机,34,4229.91,0.041,137920.45,0,0
2025-02-27,成都春熙店,智能穿戴,34,1356.04,0.087,42094.19,1,0
2025-02-27,成都春熙店,笔记本电脑,15,6870.21,0.025,100476.82,0,0
2025-02-27,成都春熙店,配件耗材,77,207.5,0.03,15498.17,0,0
2025-02-28,上海旗舰店,智能家居,35,940.52,0.001,32885.28,0,0
2025-02-28,上海旗舰店,智能手机,53,4190.72,0.005,220997.62,0,0
2025-02-28,上海旗舰店,智能穿戴,47,1367.23,0.022,62846.09,0,0
2025-02-28,上海旗舰店,笔记本电脑,22,6615.77,0.044,139142.87,0,0
2025-02-28,上海旗舰店,配件耗材,81,209.96,0.049,16173.43,0,0
2025-02-28,北京中关村店,智能家居,55,934.71,0.013,50740.73,0,0
2025-02-28,北京中关村店,智能手机,65,4183.82,0.003,271132.46,0,0
2025-02-28,北京中关村店,智能穿戴,47,1344.24,0.046,60273.03,0,0
2025-02-28,北京中关村店,笔记本电脑,24,6847.17,0.002,164003.42,0,0
2025-02-28,北京中关村店,配件耗材,80,211.31,0.018,16600.51,0,0
2025-02-28,广州天河店,智能家居,32,938.92,0.029,29174.12,0,0
2025-02-28,广州天河店,智能手机,42,4217.36,0.012,175003.57,0,0
2025-02-28,广州天河店,智能穿戴,35,1370.58,0.013,47346.69,0,0
2025-02-28,广州天河店,笔记本电脑,18,6839.12,0.005,122488.64,0,0
2025-02-28,广州天河店,配件耗材,50,206.96,0.037,9965.12,0,0
2025-02-28,成都春熙店,智能家居,23,940.83,0.023,21141.39,0,0
2025-02-28,成都春熙店,智能手机,41,4178.74,0.014,168929.74,0,0
2025-02-28,成都春熙店,智能穿戴,39,1378.74,0.096,48608.86,1,0
2025-02-28,成都春熙店,笔记本电脑,15,6944.11,0.042,99786.86,0,0
2025-02-28,成都春熙店,配件耗材,56,209.16,0.014,11548.98,0,0
2025-03-01,上海旗舰店,智能家居,64,934.49,0.018,58730.83,0,1
2025-03-01,上海旗舰店,智能手机,71,4211.83,0.03,290068.73,0,1
2025-03-01,上海旗舰店,智能穿戴,63,1377.12,0.035,83722.01,0,1
2025-03-01,上海旗舰店,笔记本电脑,28,6829.91,0.05,181675.61,0,1
2025-03-01,上海旗舰店,配件耗材,115,208.27,0.024,23376.22,0,1
2025-03-01,北京中关村店,智能家居,99,947.04,0.0,93756.96,0,1
2025-03-01,北京中关村店,智能手机,70,4197.94,0.092,266821.07,1,1
2025-03-01,北京中关村店,智能穿戴,58,1351.5,0.045,74859.58,0,1
2025-03-01,北京中关村店,笔记本电脑,31,6892.94,0.031,207057.02,0,1
2025-03-01,北京中关村店,配件耗材,123,207.7,0.026,24882.88,0,1
2025-03-01,广州天河店,智能家居,50,937.65,0.009,46460.56,0,1
2025-03-01,广州天河店,智能手机,78,4237.31,0.009,327535.59,0,1
2025-03-01,广州天河店,智能穿戴,50,1360.35,0.039,65364.82,0,1
2025-03-01,广州天河店,笔记本电脑,31,6866.23,0.014,209873.19,0,1
2025-03-01,广州天河店,配件耗材,104,204.87,0.024,20795.12,0,1
2025-03-01,成都春熙店,智能家居,34,924.0,0.008,31164.67,0,1
2025-03-01,成都春熙店,智能手机,56,4244.53,0.049,226046.69,0,1
2025-03-01,成都春熙店,智能穿戴,34,1395.55,0.048,45171.16,0,1
2025-03-01,成都春熙店,笔记本电脑,19,6911.01,0.008,130258.72,0,1
2025-03-01,成都春熙店,配件耗材,81,211.84,0.172,14207.69,1,1
2025-03-02,上海旗舰店,智能家居,56,938.65,0.026,51197.73,0,1
2025-03-02,上海旗舰店,智能手机,87,4224.0,0.002,366753.02,0,1
2025-03-02,上海旗舰店,智能穿戴,53,1369.56,0.031,70336.49,0,1
2025-03-02,上海旗舰店,笔记本电脑,46,6885.69,0.191,256244.07,1,1
2025-03-02,上海旗舰店,配件耗材,104,203.93,0.016,20869.38,0,1
2025-03-02,北京中关村店,智能家居,48,932.31,0.048,42602.84,0,1
2025-03-02,北京中关村店,智能手机,70,4279.58,0.024,292380.91,0,1
2025-03-02,北京中关村店,智能穿戴,49,1358.08,0.025,64882.27,0,1
2025-03-02,北京中关村店,笔记本电脑,39,6913.24,0.021,263954.42,0,1
2025-03-02,北京中关村店,配件耗材,112,205.93,0.019,22625.94,0,1
2025-03-02,广州天河店,智能家居,46,953.24,0.006,43585.95,0,1
2025-03-02,广州天河店,智能手机,87,4172.19,0.18,297644.03,1,1
2025-03-02,广州天河店,智能穿戴,49,1372.9,0.016,66195.75,0,1
2025-03-02,广州天河店,笔记本电脑,27,6870.27,0.026,180674.36,0,1
2025-03-02,广州天河店,配件耗材,102,207.77,0.009,21001.81,0,1
2025-03-02,成都春熙店,智能家居,29,938.79,0.038,26190.36,0,1
2025-03-02,成都春熙店,智能手机,47,4204.7,0.044,188925.58,0,1
2025-03-02,成都春熙店,智能穿戴,37,1376.23,0.028,49494.74,0,1
2025-03-02,成都春熙店,笔记本电脑,24,6716.41,0.02,157969.96,0,1
2025-03-02,成都春熙店,配件耗材,61,207.15,0.043,12092.8,0,1
2025-03-03,上海旗舰店,智能家居,42,937.92,0.015,38801.75,0,0
2025-03-03,上海旗舰店,智能手机,70,4236.39,0.044,283499.22,0,0
2025-03-03,上海旗舰店,智能穿戴,51,1359.13,0.032,67097.53,0,0
2025-03-03,上海旗舰店,笔记本电脑,29,6715.15,0.03,188897.17,0,0
2025-03-03,上海旗舰店,配件耗材,89,209.39,0.02,18263.0,0,0
2025-03-03,北京中关村店,智能家居,46,948.57,0.034,42150.66,0,0
2025-03-03,北京中关村店,智能手机,55,4273.06,0.016,231258.01,0,0
2025-03-03,北京中关村店,智能穿戴,54,1360.28,0.12,64640.51,1,0
2025-03-03,北京中关村店,笔记本电脑,23,6650.04,0.047,145762.23,0,0
2025-03-03,北京中关村店,配件耗材,85,204.51,0.03,16861.85,0,0
2025-03-03,广州天河店,智能家居,38,933.4,0.025,34582.47,0,0
2025-03-03,广州天河店,智能手机,66,4164.58,0.048,261668.89,0,0
2025-03-03,广州天河店,智能穿戴,40,1372.11,0.031,53182.98,0,0
2025-03-03,广州天河店,笔记本电脑,24,6896.11,0.046,157893.33,0,0
2025-03-03,广州天河店,配件耗材,97,210.23,0.109,18169.55,1,0
2025-03-03,成都春熙店,智能家居,27,953.19,0.033,24886.84,0,0
2025-03-03,成都春熙店,智能手机,39,4245.08,0.045,158108.0,0,0
2025-03-03,成都春熙店,智能穿戴,34,1367.6,0.008,46126.41,0,0
2025-03-03,成都春熙店,笔记本电脑,16,6906.78,0.021,108187.8,0,0
2025-03-03,成都春熙店,配件耗材,53,210.58,0.012,11026.81,0,0
2025-03-04,上海旗舰店,智能家居,52,944.2,0.047,46790.78,0,0
2025-03-04,上海旗舰店,智能手机,60,4203.21,0.025,245887.79,0,0
2025-03-04,上海旗舰店,智能穿戴,51,1357.37,0.003,69018.19,0,0
2025-03-04,上海旗舰店,笔记本电脑,24,6835.0,0.017,161251.32,0,0
2025-03-04,上海旗舰店,配件耗材,83,208.69,0.045,16541.81,0,0
2025-03-04,北京中关村店,智能家居,33,944.67,0.031,30207.71,0,0
2025-03-04,北京中关村店,智能手机,88,4158.11,0.042,350545.31,0,0
2025-03-04,北京中关村店,智能穿戴,46,1352.54,0.035,60039.25,0,0
2025-03-04,北京中关村店,笔记本电脑,47,6927.46,0.042,311915.81,0,0
2025-03-04,北京中关村店,配件耗材,96,209.2,0.008,19922.53,0,0
2025-03-04,广州天河店,智能家居,41,929.59,0.014,37579.61,0,0
2025-03-04,广州天河店,智能手机,67,4184.25,0.049,266607.86,0,0
2025-03-04,广州天河店,智能穿戴,30,1349.9,0.037,38998.61,0,0
2025-03-04,广州天河店,笔记本电脑,34,6901.54,0.128,204616.86,1,0
2025-03-04,广州天河店,配件耗材,91,206.81,0.048,17916.36,0,0
2025-03-04,成都春熙店,智能家居,23,947.25,0.03,21133.15,0,0
2025-03-04,成都春熙店,智能手机,44,4123.17,0.043,173618.44,0,0
2025-03-04,成都春熙店,智能穿戴,40,1378.54,0.015,54314.48,0,0
2025-03-04,成都春熙店,笔记本电脑,21,6828.49,0.046,136801.97,0,0
2025-03-04,成都春熙店,配件耗材,52,206.39,0.031,10399.58,0,0
2025-03-05,上海旗舰店,智能家居,37,956.52,0.0,35391.24,0,0
2025-03-05,上海旗舰店,智能手机,64,4249.8,0.018,267091.43,0,0
2025-03-05,上海旗舰店,智能穿戴,50,1351.85,0.041,64821.21,0,0
2025-03-05,上海旗舰店,笔记本电脑,27,6864.47,0.032,179409.79,0,0
2025-03-05,上海旗舰店,配件耗材,117,211.2,0.18,20262.53,1,0
2025-03-05,北京中关村店,智能家居,34,952.61,0.032,31352.3,0,0
2025-03-05,北京中关村店,智能手机,62,4202.05,0.035,251408.65,0,0
2025-03-05,北京中关村店,智能穿戴,41,1375.42,0.034,54474.88,0,0
2025-03-05,北京中关村店,笔记本电脑,28,6809.08,0.035,183981.34,0,0
2025-03-05,北京中关村店,配件耗材,107,207.54,0.101,19963.9,1,0
2025-03-05,广州天河店,智能家居,38,942.51,0.019,35134.89,0,0
2025-03-05,广州天河店,智能手机,60,4245.39,0.012,251666.72,0,0
2025-03-05,广州天河店,智能穿戴,44,1346.33,0.019,58112.99,0,0
2025-03-05,广州天河店,笔记本电脑,21,6735.18,0.03,137195.62,0,0
2025-03-05,广州天河店,配件耗材,85,209.12,0.045,16975.32,0,0
2025-03-05,成都春熙店,智能家居,29,948.34,0.011,27199.34,0,0
2025-03-05,成都春熙店,智能手机,45,4234.72,0.018,187132.28,0,0
2025-03-05,成都春熙店,智能穿戴,32,1364.69,0.009,43277.05,0,0
2025-03-05,成都春熙店,笔记本电脑,18,6827.89,0.028,119460.76,0,0
2025-03-05,成都春熙店,配件耗材,51,208.44,0.041,10194.59,0,0
2025-03-06,上海旗舰店,智能家居,46,947.28,0.045,41614.01,0,0
2025-03-06,上海旗舰店,智能手机,67,4171.76,0.048,266091.54,0,0
2025-03-06,上海旗舰店,智能穿戴,45,1359.12,0.021,59876.03,0,0
2025-03-06,上海旗舰店,笔记本电脑,34,6911.73,0.024,229358.85,0,0
2025-03-06,上海旗舰店,配件耗材,81,212.8,0.008,17098.91,0,0
2025-03-06,北京中关村店,智能家居,41,955.85,0.034,37857.4,0,0
2025-03-06,北京中关村店,智能手机,67,4137.7,0.033,268077.45,0,0
2025-03-06,北京中关村店,智能穿戴,63,1381.71,0.096,78691.15,1,0
2025-03-06,北京中关村店,笔记本电脑,27,6866.44,0.019,181871.4,0,0
2025-03-06,北京中关村店,配件耗材,95,208.15,0.039,19003.05,0,0
2025-03-06,广州天河店,智能家居,36,938.53,0.042,32368.02,0,0
2025-03-06,广州天河店,智能手机,58,4242.31,0.047,234489.44,0,0
2025-03-06,广州天河店,智能穿戴,39,1360.06,0.022,51875.41,0,0
2025-03-06,广州天河店,笔记本电脑,21,6783.37,0.031,138034.8,0,0
2025-03-06,广州天河店,配件耗材,82,207.79,0.005,16953.59,0,0
2025-03-06,成都春熙店,智能家居,22,953.89,0.02,20565.87,0,0
2025-03-06,成都春熙店,智能手机,60,4243.48,0.011,251808.1,0,0
2025-03-06,成都春熙店,智能穿戴,34,1359.7,0.027,44981.6,0,0
2025-03-06,成都春熙店,笔记本电脑,20,6759.29,0.003,134780.24,0,0
2025-03-06,成都春熙店,配件耗材,54,208.06,0.02,11010.54,0,0
2025-03-07,上海旗舰店,智能家居,53,932.37,0.01,48921.45,0,0
2025-03-07,上海旗舰店,智能手机,82,4258.78,0.026,340140.24,0,0
2025-03-07,上海旗舰店,智能穿戴,82,1337.92,0.034,105979.32,0,0
2025-03-07,上海旗舰店,笔记本电脑,33,6710.81,0.016,217913.42,0,0
2025-03-07,上海旗舰店,配件耗材,86,207.86,0.023,17464.81,0,0
2025-03-07,北京中关村店,智能家居,39,940.79,0.038,35296.56,0,0
2025-03-07,北京中关村店,智能手机,65,4248.38,0.03,267860.36,0,0
2025-03-07,北京中关村店,智能穿戴,41,1347.59,0.032,53483.15,0,0
2025-03-07,北京中关村店,笔记本电脑,28,6845.46,0.036,184772.66,0,0
2025-03-07,北京中关村店,配件耗材,123,210.1,0.021,25299.61,0,0
2025-03-07,广州天河店,智能家居,39,950.0,0.049,35234.55,0,0
2025-03-07,广州天河店,智能手机,63,4164.98,0.033,253734.75,0,0
2025-03-07,广州天河店,智能穿戴,61,1358.6,0.167,69034.54,1,0
2025-03-07,广州天河店,笔记本电脑,27,6721.53,0.003,180936.87,0,0
2025-03-07,广州天河店,配件耗材,81,209.02,0.039,16270.33,0,0
2025-03-07,成都春熙店,智能家居,28,957.56,0.005,26677.62,0,0
2025-03-07,成都春熙店,智能手机,48,4255.08,0.018,200567.45,0,0
2025-03-07,成都春熙店,智能穿戴,27,1360.22,0.046,35036.55,0,0
2025-03-07,成都春熙店,笔记本电脑,23,6781.41,0.023,152385.06,0,0
2025-03-07,成都春熙店,配件耗材,115,206.48,0.014,23412.77,0,0
2025-03-08,上海旗舰店,智能家居,58,948.7,0.026,53593.96,0,1
2025-03-08,上海旗舰店,智能手机,116,4176.04,0.046,462137.29,0,1
2025-03-08,上海旗舰店,智能穿戴,100,1383.81,0.096,125096.42,1,1
2025-03-08,上海旗舰店,笔记本电脑,34,6858.1,0.002,232709.05,0,1
2025-03-08,上海旗舰店,配件耗材,101,209.46,0.033,20457.33,0,1
2025-03-08,北京中关村店,智能家居,44,942.62,0.024,40479.87,0,1
2025-03-08,北京中关村店,智能手机,65,4149.64,0.016,265410.97,0,1
2025-03-08,北京中关村店,智能穿戴,50,1362.25,0.007,67635.71,0,1
2025-03-08,北京中关村店,笔记本电脑,27,6938.78,0.028,182101.34,0,1
2025-03-08,北京中关村店,配件耗材,90,213.41,0.007,19072.45,0,1
2025-03-08,广州天河店,智能家居,53,948.82,0.036,48477.11,0,1
2025-03-08,广州天河店,智能手机,69,4232.68,0.047,278328.34,0,1
2025-03-08,广州天河店,智能穿戴,45,1350.88,0.043,58175.65,0,1
2025-03-08,广州天河店,笔记本电脑,26,6845.21,0.003,177441.53,0,1
2025-03-08,广州天河店,配件耗材,76,205.98,0.034,15122.23,0,1
2025-03-08,成都春熙店,智能家居,31,940.14,0.022,28503.16,0,1
2025-03-08,成都春熙店,智能手机,59,4185.24,0.031,239274.36,0,1
2025-03-08,成都春熙店,智能穿戴,39,1386.69,0.008,53648.26,0,1
2025-03-08,成都春熙店,笔记本电脑,29,6836.4,0.089,180610.85,1,1
2025-03-08,成都春熙店,配件耗材,64,206.86,0.01,13106.65,0,1
2025-03-09,上海旗舰店,智能家居,67,955.97,0.045,61167.74,0,1
2025-03-09,上海旗舰店,智能手机,118,4212.15,0.156,419496.44,1,1
2025-03-09,上海旗舰店,智能穿戴,57,1378.49,0.026,76531.01,0,1
2025-03-09,上海旗舰店,笔记本电脑,29,6778.72,0.048,187146.9,0,1
2025-03-09,上海旗舰店,配件耗材,89,211.07,0.038,18071.39,0,1
2025-03-09,北京中关村店,智能家居,53,956.96,0.025,49450.91,0,1
2025-03-09,北京中关村店,智能手机,83,4259.73,0.015,348254.23,0,1
2025-03-09,北京中关村店,智能穿戴,42,1365.51,0.042,54942.66,0,1
2025-03-09,北京中关村店,笔记本电脑,28,6853.55,0.033,185566.72,0,1
2025-03-09,北京中关村店,配件耗材,115,207.93,0.037,23027.21,0,1
2025-03-09,广州天河店,智能家居,54,948.25,0.015,50437.42,0,1
2025-03-09,广州天河店,智能手机,54,4182.87,0.0,225874.98,0,1
2025-03-09,广州天河店,智能穿戴,47,1374.96,0.037,62232.06,0,1
2025-03-09,广州天河店,笔记本电脑,36,6918.57,0.115,220425.64,1,1
2025-03-09,广州天河店,配件耗材,75,209.69,0.041,15081.95,0,1
2025-03-09,成都春熙店,智能家居,27,938.72,0.003,25269.4,0,1
2025-03-09,成都春熙店,智能手机,47,4203.61,0.016,194408.56,0,1
2025-03-09,成都春熙店,智能穿戴,25,1360.47,0.01,33671.63,0,1
2025-03-09,成都春熙店,笔记本电脑,17,6959.81,0.026,115240.53,0,1
2025-03-09,成都春熙店,配件耗材,50,206.24,0.032,9982.02,0,1
2025-03-10,上海旗舰店,智能家居,50,953.31,0.008,47284.18,0,0
2025-03-10,上海旗舰店,智能手机,62,4216.7,0.033,252808.03,0,0
2025-03-10,上海旗舰店,智能穿戴,52,1370.09,0.046,67967.42,0,0
2025-03-10,上海旗舰店,笔记本电脑,25,6876.2,0.184,140274.48,1,0
2025-03-10,上海旗舰店,配件耗材,115,207.39,0.01,23611.35,0,0
2025-03-10,北京中关村店,智能家居,34,955.94,0.039,31234.38,0,0
2025-03-10,北京中关村店,智能手机,73,4185.21,0.021,299104.4,0,0
2025-03-10,北京中关村店,智能穿戴,50,1361.24,0.028,66156.26,0,0
2025-03-10,北京中关村店,笔记本电脑,33,6873.95,0.002,226386.67,0,0
2025-03-10,北京中关村店,配件耗材,87,206.6,0.03,17434.97,0,0
2025-03-10,广州天河店,智能家居,52,946.14,0.047,46886.91,0,0
2025-03-10,广州天河店,智能手机,58,4146.07,0.144,205844.08,1,0
2025-03-10,广州天河店,智能穿戴,38,1374.47,0.039,50192.9,0,0
2025-03-10,广州天河店,笔记本电脑,20,6932.41,0.04,133102.27,0,0
2025-03-10,广州天河店,配件耗材,103,211.34,0.176,17936.85,1,0
2025-03-10,成都春熙店,智能家居,27,935.81,0.044,24155.13,0,0
2025-03-10,成都春熙店,智能手机,39,4204.89,0.029,159234.98,0,0
2025-03-10,成都春熙店,智能穿戴,45,1379.24,0.097,56045.42,1,0
2025-03-10,成都春熙店,笔记本电脑,17,6822.4,0.035,111921.47,0,0
2025-03-10,成都春熙店,配件耗材,51,212.13,0.048,10299.34,0,0
2025-03-11,上海旗舰店,智能家居,62,955.54,0.184,48342.68,1,0
2025-03-11,上海旗舰店,智能手机,61,4176.45,0.016,250687.23,0,0
2025-03-11,上海旗舰店,智能穿戴,53,1379.07,0.036,70459.44,0,0
2025-03-11,上海旗舰店,笔记本电脑,36,6804.94,0.193,197697.12,1,0
2025-03-11,上海旗舰店,配件耗材,87,207.92,0.024,17654.9,0,0
2025-03-11,北京中关村店,智能家居,32,936.24,0.031,29030.93,0,0
2025-03-11,北京中关村店,智能手机,49,4153.28,0.027,198015.93,0,0
2025-03-11,北京中关村店,智能穿戴,43,1392.42,0.024,58437.08,0,0
2025-03-11,北京中关村店,笔记本电脑,26,6778.57,0.0,176242.82,0,0
2025-03-11,北京中关村店,配件耗材,82,209.42,0.002,17138.1,0,0
2025-03-11,广州天河店,智能家居,46,932.06,0.017,42145.89,0,0
2025-03-11,广州天河店,智能手机,47,4186.41,0.036,189677.86,0,0
2025-03-11,广州天河店,智能穿戴,38,1370.07,0.017,51177.59,0,0
2025-03-11,广州天河店,笔记本电脑,21,6680.98,0.033,135670.66,0,0
2025-03-11,广州天河店,配件耗材,83,205.64,0.008,16931.58,0,0
2025-03-11,成都春熙店,智能家居,21,948.35,0.039,19138.65,0,0
2025-03-11,成都春熙店,智能手机,45,4234.98,0.006,189430.66,0,0
2025-03-11,成都春熙店,智能穿戴,44,1353.89,0.011,58915.88,0,0
2025-03-11,成都春熙店,笔记本电脑,16,6873.6,0.008,109097.78,0,0
2025-03-11,成都春熙店,配件耗材,57,210.91,0.011,11889.63,0,0
2025-03-12,上海旗舰店,智能家居,56,947.91,0.038,51065.81,0,0
2025-03-12,上海旗舰店,智能手机,81,4233.69,0.005,341214.25,0,0
2025-03-12,上海旗舰店,智能穿戴,48,1366.05,0.02,64258.99,0,0
2025-03-12,上海旗舰店,笔记本电脑,29,6879.05,0.044,190714.78,0,0
2025-03-12,上海旗舰店,配件耗材,105,210.12,0.049,20981.53,0,0
2025-03-12,北京中关村店,智能家居,42,946.35,0.028,38633.79,0,0
2025-03-12,北京中关村店,智能手机,59,4258.8,0.006,249761.58,0,0
2025-03-12,北京中关村店,智能穿戴,37,1364.17,0.021,49414.33,0,0
2025-03-12,北京中关村店,笔记本电脑,29,6911.72,0.082,184003.81,1,0
2025-03-12,北京中关村店,配件耗材,130,209.18,0.05,25833.73,0,0
2025-03-12,广州天河店,智能家居,38,931.33,0.006,35178.2,0,0
2025-03-12,广州天河店,智能手机,62,4135.63,0.018,251793.7,0,0
2025-03-12,广州天河店,智能穿戴,51,1365.6,0.011,68879.5,0,0
2025-03-12,广州天河店,笔记本电脑,19,6715.71,0.003,127215.69,0,0
2025-03-12,广州天河店,配件耗材,78,210.03,0.048,15595.99,0,0
2025-03-12,成都春熙店,智能家居,26,949.11,0.016,24282.03,0,0
2025-03-12,成都春熙店,智能手机,48,4174.23,0.009,198559.77,0,0
2025-03-12,成都春熙店,智能穿戴,35,1370.32,0.026,46714.21,0,0
2025-03-12,成都春熙店,笔记本电脑,13,6721.11,0.002,87199.68,0,0
2025-03-12,成都春熙店,配件耗材,67,208.11,0.004,13887.6,0,0
2025-03-13,上海旗舰店,智能家居,55,942.09,0.049,49276.02,0,0
2025-03-13,上海旗舰店,智能手机,56,4182.77,0.006,232829.71,0,0
2025-03-13,上海旗舰店,智能穿戴,44,1355.33,0.049,56712.43,0,0
2025-03-13,上海旗舰店,笔记本电脑,41,6847.79,0.048,267282.94,0,0
2025-03-13,上海旗舰店,配件耗材,98,205.41,0.024,19647.06,0,0
2025-03-13,北京中关村店,智能家居,45,944.8,0.018,41750.71,0,0
2025-03-13,北京中关村店,智能手机,69,4241.98,0.024,285671.9,0,0
2025-03-13,北京中关村店,智能穿戴,42,1364.42,0.041,54956.11,0,0
2025-03-13,北京中关村店,笔记本电脑,22,6831.17,0.004,149684.6,0,0
2025-03-13,北京中关村店,配件耗材,76,211.7,0.019,15783.51,0,0
2025-03-13,广州天河店,智能家居,42,949.55,0.03,38684.67,0,0
2025-03-13,广州天河店,智能手机,64,4189.39,0.023,261954.18,0,0
2025-03-13,广州天河店,智能穿戴,42,1333.08,0.004,55765.4,0,0
2025-03-13,广州天河店,笔记本电脑,22,6828.3,0.031,145565.7,0,0
2025-03-13,广州天河店,配件耗材,77,209.39,0.036,15542.6,0,0
2025-03-13,成都春熙店,智能家居,32,939.26,0.0,30056.32,0,0
2025-03-13,成都春熙店,智能手机,39,4281.89,0.042,159979.97,0,0
2025-03-13,成都春熙店,智能穿戴,37,1343.41,0.016,48910.87,0,0
2025-03-13,成都春熙店,笔记本电脑,23,6992.1,0.005,160014.21,0,0
2025-03-13,成都春熙店,配件耗材,56,208.17,0.012,11517.63,0,0
2025-03-14,上海旗舰店,智能家居,55,938.49,0.003,51462.1,0,0
2025-03-14,上海旗舰店,智能手机,71,4223.29,0.023,292956.96,0,0
2025-03-14,上海旗舰店,智能穿戴,50,1367.04,0.012,67531.78,0,0
2025-03-14,上海旗舰店,笔记本电脑,28,6735.42,0.03,182934.01,0,0
2025-03-14,上海旗舰店,配件耗材,124,209.18,0.067,24200.45,1,0
2025-03-14,北京中关村店,智能家居,38,942.28,0.035,34553.41,0,0
2025-03-14,北京中关村店,智能手机,95,4217.05,0.038,385396.2,0,0
2025-03-14,北京中关村店,智能穿戴,46,1350.69,0.01,61510.42,0,0
2025-03-14,北京中关村店,笔记本电脑,28,6833.15,0.038,184057.73,0,0
2025-03-14,北京中关村店,配件耗材,91,214.44,0.008,19357.93,0,0
2025-03-14,广州天河店,智能家居,46,952.76,0.041,42030.05,0,0
2025-03-14,广州天河店,智能手机,62,4222.42,0.004,260742.88,0,0
2025-03-14,广州天河店,智能穿戴,44,1345.39,0.005,58901.17,0,0
2025-03-14,广州天河店,笔记本电脑,27,6848.11,0.016,181940.59,0,0
2025-03-14,广州天河店,配件耗材,80,214.71,0.049,16335.14,0,0
2025-03-14,成都春熙店,智能家居,27,945.89,0.043,24440.85,0,0
2025-03-14,成都春熙店,智能手机,52,4179.69,0.005,216257.16,0,0
2025-03-14,成都春熙店,智能穿戴,32,1370.54,0.026,42716.99,0,0
2025-03-14,成都春熙店,笔记本电脑,16,6934.04,0.025,108171.02,0,0
2025-03-14,成都春熙店,配件耗材,63,205.29,0.024,12622.87,0,0
2025-03-15,上海旗舰店,智能家居,82,935.27,0.016,75465.07,0,1
2025-03-15,上海旗舰店,智能手机,88,4193.95,0.035,356150.23,0,1
2025-03-15,上海旗舰店,智能穿戴,58,1349.26,0.036,75439.83,0,1
2025-03-15,上海旗舰店,笔记本电脑,34,6878.04,0.023,228474.73,0,1
2025-03-15,上海旗舰店,配件耗材,130,210.56,0.013,27016.95,0,1
2025-03-15,北京中关村店,智能家居,42,939.96,0.013,38965.1,0,1
2025-03-15,北京中关村店,智能手机,82,4235.53,0.011,343493.01,0,1
2025-03-15,北京中关村店,智能穿戴,59,1364.62,0.028,78258.23,0,1
2025-03-15,北京中关村店,笔记本电脑,42,6857.79,0.015,283706.77,0,1
2025-03-15,北京中关村店,配件耗材,109,209.38,0.013,22525.73,0,1
2025-03-15,广州天河店,智能家居,56,967.26,0.045,51729.06,0,1
2025-03-15,广州天河店,智能手机,80,4135.2,0.049,314606.02,0,1
2025-03-15,广州天河店,智能穿戴,48,1373.49,0.034,63685.98,0,1
2025-03-15,广州天河店,笔记本电脑,35,6834.35,0.014,235853.42,0,1
2025-03-15,广州天河店,配件耗材,108,212.19,0.032,22183.19,0,1
2025-03-15,成都春熙店,智能家居,34,948.11,0.05,30623.95,0,1
2025-03-15,成都春熙店,智能手机,62,4283.84,0.029,257895.74,0,1
2025-03-15,成都春熙店,智能穿戴,33,1363.9,0.05,42758.26,0,1
2025-03-15,成都春熙店,笔记本电脑,22,6740.3,0.014,146210.59,0,1
2025-03-15,成都春熙店,配件耗材,59,211.89,0.029,12138.97,0,1
2025-03-16,上海旗舰店,智能家居,74,954.55,0.079,65056.4,1,1
2025-03-16,上海旗舰店,智能手机,61,4136.87,0.033,244021.55,0,1
2025-03-16,上海旗舰店,智能穿戴,49,1346.67,0.039,63413.34,0,1
2025-03-16,上海旗舰店,笔记本电脑,39,6844.07,0.008,264783.38,0,1
2025-03-16,上海旗舰店,配件耗材,86,207.31,0.027,17347.29,0,1
2025-03-16,北京中关村店,智能家居,33,954.07,0.025,30697.2,0,1
2025-03-16,北京中关村店,智能手机,84,4177.94,0.018,344629.91,0,1
2025-03-16,北京中关村店,智能穿戴,68,1349.87,0.146,78389.65,1,1
2025-03-16,北京中关村店,笔记本电脑,36,6828.13,0.02,240896.43,0,1
2025-03-16,北京中关村店,配件耗材,114,211.99,0.049,22982.68,0,1
2025-03-16,广州天河店,智能家居,41,951.75,0.042,37382.84,0,1
2025-03-16,广州天河店,智能手机,85,4181.2,0.009,352203.38,0,1
2025-03-16,广州天河店,智能穿戴,49,1357.43,0.037,64053.05,0,1
2025-03-16,广州天河店,笔记本电脑,25,6892.25,0.01,170583.19,0,1
2025-03-16,广州天河店,配件耗材,92,214.08,0.043,18848.46,0,1
2025-03-16,成都春熙店,智能家居,35,955.0,0.041,32054.57,0,1
2025-03-16,成都春熙店,智能手机,44,4200.87,0.005,183914.09,0,1
2025-03-16,成都春熙店,智能穿戴,28,1364.86,0.001,38177.86,0,1
2025-03-16,成都春熙店,笔记本电脑,22,6814.24,0.01,148414.15,0,1
2025-03-16,成都春熙店,配件耗材,65,206.12,0.011,13250.42,0,1
2025-03-17,上海旗舰店,智能家居,58,969.25,0.042,53855.41,0,0
2025-03-17,上海旗舰店,智能手机,65,4233.74,0.007,273266.75,0,0
2025-03-17,上海旗舰店,智能穿戴,49,1395.64,0.033,66129.61,0,0
2025-03-17,上海旗舰店,笔记本电脑,35,6998.44,0.219,191302.36,1,0
2025-03-17,上海旗舰店,配件耗材,71,208.47,0.007,14697.76,0,0
2025-03-17,北京中关村店,智能家居,46,941.09,0.042,41471.95,0,0
2025-03-17,北京中关村店,智能手机,57,4217.2,0.042,230284.42,0,0
2025-03-17,北京中关村店,智能穿戴,48,1413.54,0.012,67035.72,0,0
2025-03-17,北京中关村店,笔记本电脑,25,6897.77,0.021,168822.92,0,0
2025-03-17,北京中关村店,配件耗材,91,206.97,0.013,18589.42,0,0
2025-03-17,广州天河店,智能家居,43,938.71,0.019,39597.6,0,0
2025-03-17,广州天河店,智能手机,59,4237.36,0.041,239754.07,0,0
2025-03-17,广州天河店,智能穿戴,40,1385.3,0.04,53195.52,0,0
2025-03-17,广州天河店,笔记本电脑,25,6768.07,0.007,168017.34,0,0
2025-03-17,广州天河店,配件耗材,65,212.43,0.023,13490.37,0,0
2025-03-17,成都春熙店,智能家居,25,947.4,0.036,22832.34,0,0
2025-03-17,成都春熙店,智能手机,40,4203.6,0.014,165789.98,0,0
2025-03-17,成都春熙店,智能穿戴,30,1341.1,0.019,39468.57,0,0
2025-03-17,成都春熙店,笔记本电脑,18,7009.09,0.034,121874.06,0,0
2025-03-17,成都春熙店,配件耗材,60,209.8,0.157,10611.68,1,0
2025-03-18,上海旗舰店,智能家居,48,963.7,0.037,44546.07,0,0
2025-03-18,上海旗舰店,智能手机,59,4218.39,0.003,248138.35,0,0
2025-03-18,上海旗舰店,智能穿戴,50,1382.41,0.032,66908.64,0,0
2025-03-18,上海旗舰店,笔记本电脑,30,6748.3,0.012,200019.61,0,0
2025-03-18,上海旗舰店,配件耗材,86,206.52,0.002,17725.2,0,0
2025-03-18,北京中关村店,智能家居,41,951.1,0.043,37318.31,0,0
2025-03-18,北京中关村店,智能手机,60,4267.13,0.022,250395.19,0,0
2025-03-18,北京中关村店,智能穿戴,45,1369.68,0.041,59108.54,0,0
2025-03-18,北京中关村店,笔记本电脑,25,6860.16,0.02,168073.92,0,0
2025-03-18,北京中关村店,配件耗材,88,207.69,0.002,18240.17,0,0
2025-03-18,广州天河店,智能家居,34,958.96,0.008,32343.8,0,0
2025-03-18,广州天河店,智能手机,75,4256.37,0.049,303585.59,0,0
2025-03-18,广州天河店,智能穿戴,35,1377.01,0.028,46845.88,0,0
2025-03-18,广州天河店,笔记本电脑,19,6790.15,0.05,122562.21,0,0
2025-03-18,广州天河店,配件耗材,92,208.18,0.003,19095.1,0,0
2025-03-18,成都春熙店,智能家居,29,944.86,0.01,27126.93,0,0
2025-03-18,成都春熙店,智能手机,60,4206.34,0.04,242285.18,0,0
2025-03-18,成都春熙店,智能穿戴,34,1361.86,0.044,44265.9,0,0
2025-03-18,成都春熙店,笔记本电脑,18,6837.02,0.029,119497.44,0,0
2025-03-18,成都春熙店,配件耗材,58,206.21,0.151,10154.19,1,0
2025-03-19,上海旗舰店,智能家居,47,939.37,0.028,42914.18,0,0
2025-03-19,上海旗舰店,智能手机,69,4177.33,0.013,284488.7,0,0
2025-03-19,上海旗舰店,智能穿戴,47,1364.95,0.015,63190.36,0,0
2025-03-19,上海旗舰店,笔记本电脑,28,6778.67,0.03,184108.68,0,0
2025-03-19,上海旗舰店,配件耗材,88,210.46,0.019,18168.59,0,0
2025-03-19,北京中关村店,智能家居,43,967.67,0.02,40777.61,0,0
2025-03-19,北京中关村店,智能手机,66,4150.14,0.009,271444.06,0,0
2025-03-19,北京中关村店,智能穿戴,45,1392.05,0.028,60888.27,0,0
2025-03-19,北京中关村店,笔记本电脑,32,6863.15,0.004,218742.32,0,0
2025-03-19,北京中关村店,配件耗材,88,209.65,0.01,18264.71,0,0
2025-03-19,广州天河店,智能家居,43,938.89,0.021,39524.45,0,0
2025-03-19,广州天河店,智能手机,72,4180.3,0.006,299175.71,0,0
2025-03-19,广州天河店,智能穿戴,38,1379.98,0.036,50551.43,0,0
2025-03-19,广州天河店,笔记本电脑,26,6738.19,0.001,175017.75,0,0
2025-03-19,广州天河店,配件耗材,82,210.35,0.036,16627.75,0,0
2025-03-19,成都春熙店,智能家居,26,960.63,0.032,24177.14,0,0
2025-03-19,成都春熙店,智能手机,49,4239.31,0.037,200040.32,0,0
2025-03-19,成都春熙店,智能穿戴,29,1349.21,0.044,37405.5,0,0
2025-03-19,成都春熙店,笔记本电脑,20,6933.13,0.0,138662.6,0,0
2025-03-19,成都春熙店,配件耗材,53,208.7,0.043,10585.47,0,0
2025-03-20,上海旗舰店,智能家居,51,931.15,0.008,47108.74,0,0
2025-03-20,上海旗舰店,智能手机,71,4257.59,0.039,290499.62,0,0
2025-03-20,上海旗舰店,智能穿戴,70,1368.09,0.043,91648.35,0,0
2025-03-20,上海旗舰店,笔记本电脑,26,6877.2,0.003,178270.78,0,0
2025-03-20,上海旗舰店,配件耗材,76,210.41,0.014,15767.28,0,0
2025-03-20,北京中关村店,智能家居,62,949.97,0.212,46411.73,1,0
2025-03-20,北京中关村店,智能手机,76,4237.24,0.01,318809.94,0,0
2025-03-20,北京中关村店,智能穿戴,47,1366.42,0.041,61588.65,0,0
2025-03-20,北京中关村店,笔记本电脑,25,6973.27,0.008,172937.1,0,0
2025-03-20,北京中关村店,配件耗材,99,209.03,0.034,19990.38,0,0
2025-03-20,广州天河店,智能家居,35,942.5,0.047,31437.09,0,0
2025-03-20,广州天河店,智能手机,68,4271.88,0.033,280901.74,0,0
2025-03-20,广州天河店,智能穿戴,43,1378.56,0.029,57559.02,0,0
2025-03-20,广州天河店,笔记本电脑,32,6902.49,0.011,218450.0,0,0
2025-03-20,广州天河店,配件耗材,89,209.06,0.014,18345.85,0,0
2025-03-20,成都春熙店,智能家居,30,941.7,0.033,27318.72,0,0
2025-03-20,成都春熙店,智能手机,48,4210.39,0.011,199875.63,0,0
2025-03-20,成都春熙店,智能穿戴,37,1355.84,0.033,48510.6,0,0
2025-03-20,成都春熙店,笔记本电脑,24,6930.29,0.002,165994.31,0,0
2025-03-20,成都春熙店,配件耗材,43,207.16,0.019,8738.63,0,0
2025-03-21,上海旗舰店,智能家居,53,940.96,0.012,49272.43,0,0
2025-03-21,上海旗舰店,智能手机,78,4194.26,0.045,312430.43,0,0
2025-03-21,上海旗舰店,智能穿戴,50,1362.7,0.023,66567.9,0,0
2025-03-21,上海旗舰店,笔记本电脑,34,6864.71,0.023,228031.94,0,0
2025-03-21,上海旗舰店,配件耗材,113,210.15,0.02,23272.01,0,0
2025-03-21,北京中关村店,智能家居,45,952.55,0.031,41535.94,0,0
2025-03-21,北京中关村店,智能手机,90,4238.5,0.002,380702.07,0,0
2025-03-21,北京中关村店,智能穿戴,44,1378.39,0.007,60224.62,0,0
2025-03-21,北京中关村店,笔记本电脑,30,6885.33,0.046,197058.14,0,0
2025-03-21,北京中关村店,配件耗材,127,210.61,0.034,25838.06,0,0
2025-03-21,广州天河店,智能家居,50,938.84,0.038,45158.2,0,0
2025-03-21,广州天河店,智能手机,68,4208.54,0.022,279884.74,0,0
2025-03-21,广州天河店,智能穿戴,38,1361.94,0.044,49476.56,0,0
2025-03-21,广州天河店,笔记本电脑,25,6780.52,0.048,161376.38,0,0
2025-03-21,广州天河店,配件耗材,84,210.07,0.026,17187.09,0,0
2025-03-21,成都春熙店,智能家居,33,936.86,0.003,30823.63,0,0
2025-03-21,成都春熙店,智能手机,43,4302.09,0.039,177775.27,0,0
2025-03-21,成都春熙店,智能穿戴,35,1354.99,0.008,47045.25,0,0
2025-03-21,成都春熙店,笔记本电脑,21,6819.15,0.006,142342.94,0,0
2025-03-21,成都春熙店,配件耗材,49,212.21,0.027,10117.54,0,0
2025-03-22,上海旗舰店,智能家居,59,938.89,0.001,55339.12,0,1
2025-03-22,上海旗舰店,智能手机,97,4176.52,0.049,385271.44,0,1
2025-03-22,上海旗舰店,智能穿戴,55,1357.81,0.043,71468.33,0,1
2025-03-22,上海旗舰店,笔记本电脑,36,6755.81,0.027,236642.51,0,1
2025-03-22,上海旗舰店,配件耗材,109,210.37,0.028,22288.28,0,1
2025-03-22,北京中关村店,智能家居,43,937.76,0.022,39436.56,0,1
2025-03-22,北京中关村店,智能手机,62,4109.87,0.028,247677.21,0,1
2025-03-22,北京中关村店,智能穿戴,76,1404.23,0.182,87298.17,1,1
2025-03-22,北京中关村店,笔记本电脑,35,6807.63,0.015,234693.04,0,1
2025-03-22,北京中关村店,配件耗材,111,210.09,0.025,22736.99,0,1
2025-03-22,广州天河店,智能家居,44,924.92,0.034,39312.8,0,1
2025-03-22,广州天河店,智能手机,66,4198.31,0.014,273209.22,0,1
2025-03-22,广州天河店,智能穿戴,64,1376.37,0.16,73993.65,1,1
2025-03-22,广州天河店,笔记本电脑,26,6901.62,0.025,174956.07,0,1
2025-03-22,广州天河店,配件耗材,89,208.13,0.029,17986.39,0,1
2025-03-22,成都春熙店,智能家居,44,946.75,0.048,39657.46,0,1
2025-03-22,成都春熙店,智能手机,84,4246.51,0.003,355636.72,0,1
2025-03-22,成都春熙店,智能穿戴,45,1351.71,0.03,59002.14,0,1
2025-03-22,成都春熙店,笔记本电脑,27,6918.33,0.041,179136.32,0,1
2025-03-22,成都春熙店,配件耗材,74,209.28,0.013,15285.39,0,1
2025-03-23,上海旗舰店,智能家居,54,944.94,0.045,48730.56,0,1
2025-03-23,上海旗舰店,智能手机,77,4150.91,0.038,307474.51,0,1
2025-03-23,上海旗舰店,智能穿戴,68,1367.31,0.02,91117.54,0,1
2025-03-23,上海旗舰店,笔记本电脑,35,6913.71,0.085,221411.56,1,1
2025-03-23,上海旗舰店,配件耗材,92,213.13,0.001,19588.35,0,1
2025-03-23,北京中关村店,智能家居,43,943.98,0.035,39170.45,0,1
2025-03-23,北京中关村店,智能手机,69,4290.38,0.013,292187.75,0,1
2025-03-23,北京中关村店,智能穿戴,45,1357.39,0.027,59433.32,0,1
2025-03-23,北京中关村店,笔记本电脑,25,6858.39,0.032,165973.04,0,1
2025-03-23,北京中关村店,配件耗材,102,209.02,0.041,20445.92,0,1
2025-03-23,广州天河店,智能家居,39,926.0,0.02,35391.72,0,1
2025-03-23,广州天河店,智能手机,77,4158.86,0.006,318310.83,0,1
2025-03-23,广州天河店,智能穿戴,36,1395.68,0.017,49390.32,0,1
2025-03-23,广州天河店,笔记本电脑,31,6874.13,0.016,209688.46,0,1
2025-03-23,广州天河店,配件耗材,89,207.28,0.02,18078.96,0,1
2025-03-23,成都春熙店,智能家居,37,939.82,0.038,33451.95,0,1
2025-03-23,成都春熙店,智能手机,52,4215.5,0.002,218767.59,0,1
2025-03-23,成都春熙店,智能穿戴,31,1366.64,0.019,41560.89,0,1
2025-03-23,成都春熙店,笔记本电脑,21,6829.99,0.026,139700.62,0,1
2025-03-23,成都春熙店,配件耗材,62,211.95,0.0,13140.9,0,1
2025-03-24,上海旗舰店,智能家居,45,942.86,0.013,41877.13,0,0
2025-03-24,上海旗舰店,智能手机,70,4167.65,0.031,282691.7,0,0
2025-03-24,上海旗舰店,智能穿戴,45,1376.1,0.004,61676.8,0,0
2025-03-24,上海旗舰店,笔记本电脑,27,6862.67,0.039,178065.7,0,0
2025-03-24,上海旗舰店,配件耗材,120,207.63,0.105,22299.46,1,0
2025-03-24,北京中关村店,智能家居,38,939.38,0.044,34125.8,0,0
2025-03-24,北京中关村店,智能手机,84,4174.29,0.006,348536.52,0,0
2025-03-24,北京中关村店,智能穿戴,43,1361.72,0.043,56036.14,0,0
2025-03-24,北京中关村店,笔记本电脑,33,6882.27,0.134,196681.51,1,0
2025-03-24,北京中关村店,配件耗材,110,204.62,0.029,21855.46,0,0
2025-03-24,广州天河店,智能家居,47,944.81,0.043,42496.61,0,0
2025-03-24,广州天河店,智能手机,61,4220.53,0.017,253075.64,0,0
2025-03-24,广州天河店,智能穿戴,31,1371.66,0.009,42138.77,0,0
2025-03-24,广州天河店,笔记本电脑,27,6871.58,0.007,184233.93,0,0
2025-03-24,广州天河店,配件耗材,76,210.23,0.017,15705.86,0,0
2025-03-24,成都春熙店,智能家居,30,953.63,0.032,27693.42,0,0
2025-03-24,成都春熙店,智能手机,57,4187.6,0.047,227474.62,0,0
2025-03-24,成都春熙店,智能穿戴,36,1361.46,0.044,46856.01,0,0
2025-03-24,成都春熙店,笔记本电脑,15,6841.73,0.005,102112.82,0,0
2025-03-24,成都春熙店,配件耗材,91,210.96,0.044,18352.68,0,0
2025-03-25,上海旗舰店,智能家居,59,960.68,0.022,55433.16,0,0
2025-03-25,上海旗舰店,智能手机,98,4226.15,0.149,352452.46,1,0
2025-03-25,上海旗舰店,智能穿戴,47,1375.29,0.014,63733.69,0,0
2025-03-25,上海旗舰店,笔记本电脑,28,6912.62,0.002,193166.25,0,0
2025-03-25,上海旗舰店,配件耗材,86,202.89,0.041,16733.15,0,0
2025-03-25,北京中关村店,智能家居,40,957.09,0.035,36943.67,0,0
2025-03-25,北京中关村店,智能手机,59,4227.8,0.04,239462.59,0,0
2025-03-25,北京中关村店,智能穿戴,41,1373.09,0.005,56015.21,0,0
2025-03-25,北京中关村店,笔记本电脑,38,6866.42,0.206,207173.62,1,0
2025-03-25,北京中关村店,配件耗材,87,209.02,0.039,17475.54,0,0
2025-03-25,广州天河店,智能家居,41,942.11,0.035,37274.58,0,0
2025-03-25,广州天河店,智能手机,43,4182.08,0.048,171197.63,0,0
2025-03-25,广州天河店,智能穿戴,36,1372.26,0.036,47622.91,0,0
2025-03-25,广州天河店,笔记本电脑,23,6944.52,0.049,151897.49,0,0
2025-03-25,广州天河店,配件耗材,75,210.67,0.025,15405.24,0,0
2025-03-25,成都春熙店,智能家居,26,941.6,0.032,23698.19,0,0
2025-03-25,成都春熙店,智能手机,37,4253.99,0.022,153934.88,0,0
2025-03-25,成都春熙店,智能穿戴,29,1371.12,0.032,38490.08,0,0
2025-03-25,成都春熙店,笔记本电脑,16,6857.01,0.027,106749.93,0,0
2025-03-25,成都春熙店,配件耗材,49,209.23,0.038,9862.68,0,0
2025-03-26,上海旗舰店,智能家居,61,969.07,0.04,56748.74,0,0
2025-03-26,上海旗舰店,智能手机,58,4176.02,0.009,240029.28,0,0
2025-03-26,上海旗舰店,智能穿戴,62,1378.34,0.005,85029.79,0,0
2025-03-26,上海旗舰店,笔记本电脑,24,6830.79,0.038,157709.28,0,0
2025-03-26,上海旗舰店,配件耗材,89,213.45,0.047,18104.19,0,0
2025-03-26,北京中关村店,智能家居,33,947.24,0.034,30196.12,0,0
2025-03-26,北京中关村店,智能手机,57,4176.67,0.039,228785.45,0,0
2025-03-26,北京中关村店,智能穿戴,36,1381.17,0.006,49423.79,0,0
2025-03-26,北京中关村店,笔记本电脑,28,6811.76,0.024,186151.78,0,0
2025-03-26,北京中关村店,配件耗材,101,212.11,0.042,20523.34,0,0
2025-03-26,广州天河店,智能家居,33,935.16,0.022,30181.35,0,0
2025-03-26,广州天河店,智能手机,84,4182.88,0.044,335902.0,0,0
2025-03-26,广州天河店,智能穿戴,39,1365.13,0.04,51110.47,0,0
2025-03-26,广州天河店,笔记本电脑,23,6755.42,0.005,154597.79,0,0
2025-03-26,广州天河店,配件耗材,85,207.89,0.045,16875.47,0,0
2025-03-26,成都春熙店,智能家居,37,938.91,0.149,29563.46,1,0
2025-03-26,成都春熙店,智能手机,42,4231.9,0.049,169030.55,0,0
2025-03-26,成都春熙店,智能穿戴,31,1365.3,0.016,41647.11,0,0
2025-03-26,成都春熙店,笔记本电脑,14,6927.85,0.003,96698.93,0,0
2025-03-26,成都春熙店,配件耗材,63,211.59,0.016,13116.89,0,0
2025-03-27,上海旗舰店,智能家居,68,965.71,0.206,52140.61,1,0
2025-03-27,上海旗舰店,智能手机,70,4202.57,0.044,281235.98,0,0
2025-03-27,上海旗舰店,智能穿戴,52,1374.84,0.029,69418.42,0,0
2025-03-27,上海旗舰店,笔记本电脑,36,6916.64,0.027,242276.07,0,0
2025-03-27,上海旗舰店,配件耗材,100,210.72,0.026,20524.13,0,0
2025-03-27,北京中关村店,智能家居,50,948.09,0.02,46456.41,0,0
2025-03-27,北京中关村店,智能手机,57,4203.22,0.05,227604.36,0,0
2025-03-27,北京中关村店,智能穿戴,57,1366.46,0.019,76408.34,0,0
2025-03-27,北京中关村店,笔记本电脑,29,6810.26,0.037,190190.13,0,0
2025-03-27,北京中关村店,配件耗材,101,211.74,0.046,20402.0,0,0
2025-03-27,广州天河店,智能家居,42,934.32,0.013,38731.3,0,0
2025-03-27,广州天河店,智能手机,55,4267.2,0.028,228124.51,0,0
2025-03-27,广州天河店,智能穿戴,32,1360.54,0.011,43058.37,0,0
2025-03-27,广州天河店,笔记本电脑,32,6929.74,0.04,212881.61,0,0
2025-03-27,广州天河店,配件耗材,73,207.89,0.026,14781.39,0,0
2025-03-27,成都春熙店,智能家居,28,933.83,0.022,25572.0,0,0
2025-03-27,成都春熙店,智能手机,45,4231.72,0.028,185095.43,0,0
2025-03-27,成都春熙店,智能穿戴,34,1374.31,0.022,45698.56,0,0
2025-03-27,成都春熙店,笔记本电脑,18,6904.69,0.015,122420.15,0,0
2025-03-27,成都春熙店,配件耗材,51,211.83,0.031,10468.43,0,0
2025-03-28,上海旗舰店,智能家居,66,940.22,0.011,61371.92,0,0
2025-03-28,上海旗舰店,智能手机,62,4236.66,0.035,253479.37,0,0
2025-03-28,上海旗舰店,智能穿戴,71,1394.63,0.0,99018.73,0,0
2025-03-28,上海旗舰店,笔记本电脑,31,6925.02,0.002,214246.27,0,0
2025-03-28,上海旗舰店,配件耗材,72,213.13,0.005,15268.63,0,0
2025-03-28,北京中关村店,智能家居,42,954.65,0.032,38812.25,0,0
2025-03-28,北京中关村店,智能手机,55,4184.26,0.017,226222.02,0,0
2025-03-28,北京中关村店,智能穿戴,55,1372.88,0.063,70751.37,1,0
2025-03-28,北京中关村店,笔记本电脑,26,6959.16,0.014,178405.03,0,0
2025-03-28,北京中关村店,配件耗材,87,204.49,0.019,17452.61,0,0
2025-03-28,广州天河店,智能家居,57,942.44,0.004,53504.2,0,0
2025-03-28,广州天河店,智能手机,61,4129.25,0.042,241305.11,0,0
2025-03-28,广州天河店,智能穿戴,43,1369.83,0.034,56900.0,0,0
2025-03-28,广州天河店,笔记本电脑,24,6989.37,0.012,165731.94,0,0
2025-03-28,广州天河店,配件耗材,87,208.64,0.029,17625.28,0,0
2025-03-28,成都春熙店,智能家居,24,944.26,0.005,22548.93,0,0
2025-03-28,成都春熙店,智能手机,53,4200.89,0.049,211737.46,0,0
2025-03-28,成都春熙店,智能穿戴,43,1364.71,0.014,57860.97,0,0
2025-03-28,成都春熙店,笔记本电脑,21,6788.52,0.034,137711.92,0,0
2025-03-28,成都春熙店,配件耗材,67,210.23,0.075,13029.0,1,0
2025-03-29,上海旗舰店,智能家居,66,966.96,0.024,62287.7,0,1
2025-03-29,上海旗舰店,智能手机,206,4172.68,0.177,707427.82,1,1
2025-03-29,上海旗舰店,智能穿戴,57,1378.57,0.022,76849.76,0,1
2025-03-29,上海旗舰店,笔记本电脑,31,6905.71,0.034,206798.39,0,1
2025-03-29,上海旗舰店,配件耗材,128,210.94,0.043,25839.31,0,1
2025-03-29,北京中关村店,智能家居,52,958.6,0.001,49797.35,0,1
2025-03-29,北京中关村店,智能手机,77,4289.1,0.044,315729.23,0,1
2025-03-29,北京中关村店,智能穿戴,55,1360.48,0.033,72357.13,0,1
2025-03-29,北京中关村店,笔记本电脑,46,6802.05,0.028,304133.26,0,1
2025-03-29,北京中关村店,配件耗材,127,210.74,0.031,25934.3,0,1
2025-03-29,广州天河店,智能家居,47,962.19,0.007,44906.37,0,1
2025-03-29,广州天河店,智能手机,75,4186.61,0.021,307401.84,0,1
2025-03-29,广州天河店,智能穿戴,43,1374.91,0.043,56578.92,0,1
2025-03-29,广州天河店,笔记本电脑,25,6856.73,0.039,164732.94,0,1
2025-03-29,广州天河店,配件耗材,94,212.81,0.0,20004.14,0,1
2025-03-29,成都春熙店,智能家居,45,933.07,0.179,34472.27,1,1
2025-03-29,成都春熙店,智能手机,65,4209.43,0.018,268687.92,0,1
2025-03-29,成都春熙店,智能穿戴,35,1384.66,0.041,46476.11,0,1
2025-03-29,成都春熙店,笔记本电脑,23,6913.43,0.025,155033.67,0,1
2025-03-29,成都春熙店,配件耗材,71,211.03,0.095,13559.73,1,1
2025-03-30,上海旗舰店,智能家居,69,943.62,0.04,62505.39,0,1
2025-03-30,上海旗舰店,智能手机,57,4167.0,0.024,231818.54,0,1
2025-03-30,上海旗舰店,智能穿戴,69,1366.1,0.019,92469.94,0,1
2025-03-30,上海旗舰店,笔记本电脑,39,6935.68,0.029,262647.27,0,1
2025-03-30,上海旗舰店,配件耗材,86,205.39,0.049,16798.03,0,1
2025-03-30,北京中关村店,智能家居,54,935.27,0.038,48585.41,0,1
2025-03-30,北京中关村店,智能手机,75,4184.65,0.008,311337.96,0,1
2025-03-30,北京中关村店,智能穿戴,53,1358.37,0.012,71129.69,0,1
2025-03-30,北京中关村店,笔记本电脑,31,6957.15,0.023,210711.2,0,1
2025-03-30,北京中关村店,配件耗材,96,206.58,0.034,19157.4,0,1
2025-03-30,广州天河店,智能家居,59,937.57,0.026,53878.4,0,1
2025-03-30,广州天河店,智能手机,64,4216.85,0.004,268798.89,0,1
2025-03-30,广州天河店,智能穿戴,57,1359.63,0.023,75716.44,0,1
2025-03-30,广州天河店,笔记本电脑,27,6908.93,0.037,179639.09,0,1
2025-03-30,广州天河店,配件耗材,144,210.99,0.118,26797.42,1,1
2025-03-30,成都春熙店,智能家居,25,948.47,0.042,22715.86,0,1
2025-03-30,成都春熙店,智能手机,68,4237.21,0.169,239436.26,1,1
2025-03-30,成都春熙店,智能穿戴,36,1403.03,0.039,48539.23,0,1
2025-03-30,成都春熙店,笔记本电脑,17,6791.05,0.043,110483.59,0,1
2025-03-30,成都春熙店,配件耗材,59,209.02,0.035,11900.55,0,1
2025-03-31,上海旗舰店,智能家居,52,927.84,0.015,47523.96,0,0
2025-03-31,上海旗舰店,智能手机,81,4117.09,0.022,326147.64,0,0
2025-03-31,上海旗舰店,智能穿戴,75,1366.3,0.003,102165.08,0,0
2025-03-31,上海旗舰店,笔记本电脑,28,6812.21,0.006,189597.43,0,0
2025-03-31,上海旗舰店,配件耗材,146,212.25,0.13,26959.99,1,0
2025-03-31,北京中关村店,智能家居,31,942.07,0.011,28882.92,0,0
2025-03-31,北京中关村店,智能手机,58,4312.86,0.046,238639.17,0,0
2025-03-31,北京中关村店,智能穿戴,38,1376.68,0.04,50221.29,0,0
2025-03-31,北京中关村店,笔记本电脑,27,6914.56,0.01,184826.19,0,0
2025-03-31,北京中关村店,配件耗材,96,208.79,0.006,19923.58,0,0
2025-03-31,广州天河店,智能家居,39,930.27,0.013,35808.88,0,0
2025-03-31,广州天河店,智能手机,65,4211.27,0.002,273185.08,0,0
2025-03-31,广州天河店,智能穿戴,34,1377.76,0.011,46328.56,0,0
2025-03-31,广州天河店,笔记本电脑,20,6830.54,0.015,134561.64,0,0
2025-03-31,广州天河店,配件耗材,191,205.58,0.001,39226.51,0,0
2025-03-31,成都春熙店,智能家居,22,942.82,0.008,20576.1,0,0
2025-03-31,成都春熙店,智能手机,60,4277.13,0.03,248928.97,0,0
2025-03-31,成都春熙店,智能穿戴,34,1383.81,0.048,44791.16,0,0
2025-03-31,成都春熙店,笔记本电脑,18,6948.97,0.018,122829.99,0,0
2025-03-31,成都春熙店,配件耗材,43,209.88,0.013,8907.52,0,0
2025-04-01,上海旗舰店,智能家居,55,949.95,0.019,51254.55,0,0
2025-04-01,上海旗舰店,智能手机,91,4251.12,0.122,339655.99,1,0
2025-04-01,上海旗舰店,智能穿戴,54,1377.34,0.006,73930.1,0,0
2025-04-01,上海旗舰店,笔记本电脑,35,6992.94,0.033,236676.05,0,0
2025-04-01,上海旗舰店,配件耗材,120,210.66,0.186,20577.27,1,0
2025-04-01,北京中关村店,智能家居,46,957.78,0.039,42339.62,0,0
2025-04-01,北京中关村店,智能手机,72,4194.66,0.048,287518.78,0,0
2025-04-01,北京中关村店,智能穿戴,45,1353.94,0.007,60500.81,0,0
2025-04-01,北京中关村店,笔记本电脑,20,6847.81,0.041,131341.0,0,0
2025-04-01,北京中关村店,配件耗材,83,208.71,0.024,16907.18,0,0
2025-04-01,广州天河店,智能家居,32,952.4,0.039,29288.2,0,0
2025-04-01,广州天河店,智能手机,82,4143.56,0.164,284049.33,1,0
2025-04-01,广州天河店,智能穿戴,33,1359.17,0.031,43462.18,0,0
2025-04-01,广州天河店,笔记本电脑,21,6825.66,0.015,141188.78,0,0
2025-04-01,广州天河店,配件耗材,86,215.26,0.012,18290.21,0,0
2025-04-01,成都春熙店,智能家居,22,964.96,0.005,21122.97,0,0
2025-04-01,成都春熙店,智能手机,42,4249.95,0.032,172785.97,0,0
2025-04-01,成都春熙店,智能穿戴,32,1386.36,0.019,43520.61,0,0
2025-04-01,成都春熙店,笔记本电脑,21,6870.17,0.025,140666.73,0,0
2025-04-01,成都春熙店,配件耗材,51,212.46,0.012,10705.43,0,0
2025-04-02,上海旗舰店,智能家居,57,956.52,0.017,53594.77,0,0
2025-04-02,上海旗舰店,智能手机,56,4235.87,0.038,228194.79,0,0
2025-04-02,上海旗舰店,智能穿戴,57,1380.23,0.041,75447.51,0,0
2025-04-02,上海旗舰店,笔记本电脑,30,6767.7,0.035,195924.92,0,0
2025-04-02,上海旗舰店,配件耗材,138,210.73,0.214,22857.46,1,0
2025-04-02,北京中关村店,智能家居,40,953.71,0.019,37423.58,0,0
2025-04-02,北京中关村店,智能手机,64,4188.69,0.009,265663.47,0,0
2025-04-02,北京中关村店,智能穿戴,52,1365.22,0.025,69216.65,0,0
2025-04-02,北京中关村店,笔记本电脑,25,6950.66,0.007,172550.13,0,0
2025-04-02,北京中关村店,配件耗材,111,212.11,0.172,19494.61,1,0
2025-04-02,广州天河店,智能家居,39,966.25,0.044,36025.67,0,0
2025-04-02,广州天河店,智能手机,50,4192.64,0.048,199569.66,0,0
2025-04-02,广州天河店,智能穿戴,39,1398.77,0.036,52588.16,0,0
2025-04-02,广州天河店,笔记本电脑,26,6831.32,0.011,175660.56,0,0
2025-04-02,广州天河店,配件耗材,64,209.35,0.013,13224.22,0,0
2025-04-02,成都春熙店,智能家居,28,931.15,0.048,24820.73,0,0
2025-04-02,成都春熙店,智能手机,46,4249.89,0.008,193930.98,0,0
2025-04-02,成都春熙店,智能穿戴,32,1358.89,0.017,42745.24,0,0
2025-04-02,成都春熙店,笔记本电脑,18,6852.97,0.014,121626.51,0,0
2025-04-02,成都春熙店,配件耗材,46,210.52,0.022,9470.87,0,0
2025-04-03,上海旗舰店,智能家居,58,958.07,0.048,52900.79,0,0
2025-04-03,上海旗舰店,智能手机,110,4089.53,0.125,393617.26,1,0
2025-04-03,上海旗舰店,智能穿戴,76,1379.89,0.138,90399.35,1,0
2025-04-03,上海旗舰店,笔记本电脑,38,6935.59,0.085,241150.46,1,0
2025-04-03,上海旗舰店,配件耗材,102,213.0,0.049,20661.43,0,0
2025-04-03,北京中关村店,智能家居,41,941.86,0.039,37110.23,0,0
2025-04-03,北京中关村店,智能手机,69,4258.77,0.044,280925.5,0,0
2025-04-03,北京中关村店,智能穿戴,48,1401.4,0.021,65854.59,0,0
2025-04-03,北京中关村店,笔记本电脑,28,6797.78,0.044,181962.98,0,0
2025-04-03,北京中关村店,配件耗材,99,209.79,0.023,20291.52,0,0
2025-04-03,广州天河店,智能家居,40,927.91,0.034,35854.44,0,0
2025-04-03,广州天河店,智能手机,71,4116.98,0.012,288797.91,0,0
2025-04-03,广州天河店,智能穿戴,38,1370.46,0.025,50775.54,0,0
2025-04-03,广州天河店,笔记本电脑,25,6814.59,0.023,166446.36,0,0
2025-04-03,广州天河店,配件耗材,89,207.48,0.035,17819.42,0,0
2025-04-03,成都春熙店,智能家居,23,949.45,0.047,20810.99,0,0
2025-04-03,成都春熙店,智能手机,49,4146.39,0.032,196671.57,0,0
2025-04-03,成都春熙店,智能穿戴,32,1379.25,0.029,42856.06,0,0
2025-04-03,成都春熙店,笔记本电脑,19,6775.54,0.032,124615.73,0,0
2025-04-03,成都春熙店,配件耗材,45,208.27,0.007,9306.54,0,0
2025-04-04,上海旗舰店,智能家居,48,952.44,0.025,44574.19,0,0
2025-04-04,上海旗舰店,智能手机,71,4271.38,0.01,300235.3,0,0
2025-04-04,上海旗舰店,智能穿戴,90,1342.85,0.177,99464.9,1,0
2025-04-04,上海旗舰店,笔记本电脑,32,6910.62,0.045,211188.55,0,0
2025-04-04,上海旗舰店,配件耗材,107,209.15,0.019,21953.85,0,0
2025-04-04,北京中关村店,智能家居,42,949.76,0.024,38932.56,0,0
2025-04-04,北京中关村店,智能手机,73,4148.47,0.024,295570.19,0,0
2025-04-04,北京中关村店,智能穿戴,52,1356.49,0.014,69549.96,0,0
2025-04-04,北京中关村店,笔记本电脑,29,6790.51,0.033,190426.27,0,0
2025-04-04,北京中关村店,配件耗材,90,209.65,0.048,17962.81,0,0
2025-04-04,广州天河店,智能家居,45,960.6,0.008,42881.18,0,0
2025-04-04,广州天河店,智能手机,77,4216.0,0.048,309049.66,0,0
2025-04-04,广州天河店,智能穿戴,57,1374.92,0.134,67868.8,1,0
2025-04-04,广州天河店,笔记本电脑,23,6850.81,0.038,151581.02,0,0
2025-04-04,广州天河店,配件耗材,109,209.72,0.002,22813.76,0,0
2025-04-04,成都春熙店,智能家居,32,956.19,0.005,30445.09,0,0
2025-04-04,成都春熙店,智能手机,40,4219.39,0.018,165737.64,0,0
2025-04-04,成都春熙店,智能穿戴,56,1360.68,0.204,60653.67,1,0
2025-04-04,成都春熙店,笔记本电脑,19,6875.47,0.01,129327.59,0,0
2025-04-04,成都春熙店,配件耗材,47,207.37,0.032,9434.51,0,0
2025-04-05,上海旗舰店,智能家居,70,950.01,0.039,63907.17,0,1
2025-04-05,上海旗舰店,智能手机,87,4235.06,0.041,353343.76,0,1
2025-04-05,上海旗舰店,智能穿戴,82,1383.5,0.04,108909.12,0,1
2025-04-05,上海旗舰店,笔记本电脑,46,6841.64,0.008,312197.72,0,1
2025-04-05,上海旗舰店,配件耗材,119,210.55,0.005,24930.17,0,1
2025-04-05,北京中关村店,智能家居,42,946.65,0.013,39242.43,0,1
2025-04-05,北京中关村店,智能手机,89,4229.2,0.046,359084.46,0,1
2025-04-05,北京中关村店,智能穿戴,56,1370.08,0.019,75266.71,0,1
2025-04-05,北京中关村店,笔记本电脑,34,7003.52,0.042,228118.65,0,1
2025-04-05,北京中关村店,配件耗材,126,209.74,0.036,25475.86,0,1
2025-04-05,广州天河店,智能家居,48,953.87,0.035,44183.26,0,1
2025-04-05,广州天河店,智能手机,70,4240.98,0.013,293009.31,0,1
2025-04-05,广州天河店,智能穿戴,54,1352.7,0.046,69685.69,0,1
2025-04-05,广州天河店,笔记本电脑,28,6931.28,0.037,186895.03,0,1
2025-04-05,广州天河店,配件耗材,101,208.99,0.045,20158.13,0,1
2025-04-05,成都春熙店,智能家居,39,948.32,0.062,34691.44,1,1
2025-04-05,成都春熙店,智能手机,50,4208.24,0.021,205993.35,0,1
2025-04-05,成都春熙店,智能穿戴,56,1414.46,0.002,79051.34,0,1
2025-04-05,成都春熙店,笔记本电脑,29,6816.49,0.033,191154.83,0,1
2025-04-05,成都春熙店,配件耗材,62,212.95,0.012,13044.47,0,1
2025-04-06,上海旗舰店,智能家居,59,954.57,0.047,53672.61,0,1
2025-04-06,上海旗舰店,智能手机,91,4239.07,0.018,378811.77,0,1
2025-04-06,上海旗舰店,智能穿戴,61,1375.13,0.015,82624.69,0,1
2025-04-06,上海旗舰店,笔记本电脑,44,6860.29,0.023,294910.15,0,1
2025-04-06,上海旗舰店,配件耗材,94,212.14,0.03,19342.93,0,1
2025-04-06,北京中关村店,智能家居,38,937.26,0.034,34404.94,0,1
2025-04-06,北京中关村店,智能手机,83,4198.96,0.004,347119.63,0,1
2025-04-06,北京中关村店,智能穿戴,51,1361.37,0.03,67346.97,0,1
2025-04-06,北京中关村店,笔记本电脑,30,6924.65,0.026,202338.27,0,1
2025-04-06,北京中关村店,配件耗材,110,208.71,0.014,22636.69,0,1
2025-04-06,广州天河店,智能家居,55,947.2,0.011,51522.94,0,1
2025-04-06,广州天河店,智能手机,71,4143.75,0.004,293029.42,0,1
2025-04-06,广州天河店,智能穿戴,45,1347.86,0.031,58773.44,0,1
2025-04-06,广州天河店,笔记本电脑,36,6914.37,0.026,242445.47,0,1
2025-04-06,广州天河店,配件耗材,114,211.52,0.121,21195.57,1,1
2025-04-06,成都春熙店,智能家居,30,933.98,0.024,27346.93,0,1
2025-04-06,成都春熙店,智能手机,49,4205.14,0.006,204815.55,0,1
2025-04-06,成都春熙店,智能穿戴,47,1365.48,0.028,62380.59,0,1
2025-04-06,成都春熙店,笔记本电脑,25,6817.65,0.04,163623.6,0,1
2025-04-06,成都春熙店,配件耗材,58,211.63,0.048,11685.36,0,1
2025-04-07,上海旗舰店,智能家居,61,935.14,0.032,55218.15,0,0
2025-04-07,上海旗舰店,智能手机,91,4259.86,0.176,319421.34,1,0
2025-04-07,上海旗舰店,智能穿戴,71,1332.22,0.154,80021.13,1,0
2025-04-07,上海旗舰店,笔记本电脑,37,6890.48,0.014,251378.49,0,0
2025-04-07,上海旗舰店,配件耗材,103,212.37,0.003,21808.49,0,0
2025-04-07,北京中关村店,智能家居,35,941.95,0.023,32209.98,0,0
2025-04-07,北京中关村店,智能手机,70,4136.82,0.048,275677.68,0,0
2025-04-07,北京中关村店,智能穿戴,43,1360.61,0.023,57160.59,0,0
2025-04-07,北京中关村店,笔记本电脑,29,6910.19,0.025,195385.62,0,0
2025-04-07,北京中关村店,配件耗材,106,205.87,0.018,21429.42,0,0
2025-04-07,广州天河店,智能家居,39,935.89,0.046,34820.72,0,0
2025-04-07,广州天河店,智能手机,64,4280.48,0.005,272580.97,0,0
2025-04-07,广州天河店,智能穿戴,39,1364.5,0.02,52151.19,0,0
2025-04-07,广州天河店,笔记本电脑,28,6680.58,0.02,183315.12,0,0
2025-04-07,广州天河店,配件耗材,72,213.71,0.009,15248.64,0,0
2025-04-07,成都春熙店,智能家居,27,931.74,0.008,24955.72,0,0
2025-04-07,成都春熙店,智能手机,48,4219.52,0.027,197068.46,0,0
2025-04-07,成都春熙店,智能穿戴,29,1350.5,0.045,37402.1,0,0
2025-04-07,成都春熙店,笔记本电脑,23,6830.42,0.132,136362.5,1,0
2025-04-07,成都春熙店,配件耗材,49,208.58,0.029,9924.03,0,0
2025-04-08,上海旗舰店,智能家居,55,965.94,0.007,52754.81,0,0
2025-04-08,上海旗舰店,智能手机,65,4200.49,0.042,261564.51,0,0
2025-04-08,上海旗舰店,智能穿戴,54,1363.29,0.026,71703.6,0,0
2025-04-08,上海旗舰店,笔记本电脑,39,6977.95,0.185,221794.14,1,0
2025-04-08,上海旗舰店,配件耗材,116,213.14,0.012,24427.55,0,0
2025-04-08,北京中关村店,智能家居,42,941.02,0.016,38890.47,0,0
2025-04-08,北京中关村店,智能手机,73,4282.28,0.02,306354.31,0,0
2025-04-08,北京中关村店,智能穿戴,50,1367.46,0.027,66526.93,0,0
2025-04-08,北京中关村店,笔记本电脑,24,6836.76,0.023,160308.35,0,0
2025-04-08,北京中关村店,配件耗材,91,211.27,0.008,19071.77,0,0
2025-04-08,广州天河店,智能家居,48,954.08,0.041,43918.21,0,0
2025-04-08,广州天河店,智能手机,71,4238.63,0.036,290108.79,0,0
2025-04-08,广州天河店,智能穿戴,40,1381.44,0.003,55091.83,0,0
2025-04-08,广州天河店,笔记本电脑,28,6811.72,0.045,182145.39,0,0
2025-04-08,广州天河店,配件耗材,75,209.78,0.049,14962.56,0,0
2025-04-08,成都春熙店,智能家居,29,936.47,0.029,26370.06,0,0
2025-04-08,成都春熙店,智能手机,52,4225.16,0.031,212897.36,0,0
2025-04-08,成都春熙店,智能穿戴,36,1377.8,0.019,48658.38,0,0
2025-04-08,成都春熙店,笔记本电脑,16,6782.18,0.036,104608.34,0,0
2025-04-08,成都春熙店,配件耗材,56,211.41,0.007,11756.09,0,0
2025-04-09,上海旗舰店,智能家居,81,940.18,0.14,65492.94,1,0
2025-04-09,上海旗舰店,智能手机,67,4200.84,0.012,278078.8,0,0
2025-04-09,上海旗舰店,智能穿戴,59,1384.34,0.04,78409.02,0,0
2025-04-09,上海旗舰店,笔记本电脑,27,6954.63,0.025,183080.63,0,0
2025-04-09,上海旗舰店,配件耗材,130,212.66,0.018,27148.18,0,0
2025-04-09,北京中关村店,智能家居,49,943.71,0.013,45640.65,0,0
2025-04-09,北京中关村店,智能手机,66,4242.26,0.014,276069.31,0,0
2025-04-09,北京中关村店,智能穿戴,45,1397.58,0.013,62073.52,0,0
2025-04-09,北京中关村店,笔记本电脑,22,6889.98,0.022,148244.81,0,0
2025-04-09,北京中关村店,配件耗材,92,212.17,0.04,18738.85,0,0
2025-04-09,广州天河店,智能家居,43,960.81,0.076,38174.9,1,0
2025-04-09,广州天河店,智能手机,67,4232.95,0.048,269994.48,0,0
2025-04-09,广州天河店,智能穿戴,41,1359.79,0.007,55361.13,0,0
2025-04-09,广州天河店,笔记本电脑,34,6769.25,0.043,220257.86,0,0
2025-04-09,广州天河店,配件耗材,71,209.15,0.007,14745.7,0,0
2025-04-09,成都春熙店,智能家居,31,947.93,0.004,29268.29,0,0
2025-04-09,成都春熙店,智能手机,56,4199.18,0.012,232332.23,0,0
2025-04-09,成都春熙店,智能穿戴,33,1374.28,0.025,44217.46,0,0
2025-04-09,成都春熙店,笔记本电脑,16,6906.61,0.046,105422.5,0,0
2025-04-09,成都春熙店,配件耗材,50,208.87,0.012,10318.18,0,0
2025-04-10,上海旗舰店,智能家居,98,965.49,0.093,85818.54,1,0
2025-04-10,上海旗舰店,智能手机,86,4257.04,0.025,356952.8,0,0
2025-04-10,上海旗舰店,智能穿戴,57,1374.68,0.048,74595.64,0,0
2025-04-10,上海旗舰店,笔记本电脑,33,6897.87,0.001,227402.08,0,0
2025-04-10,上海旗舰店,配件耗材,70,209.9,0.048,13987.74,0,0
2025-04-10,北京中关村店,智能家居,71,959.74,0.169,56625.62,1,0
2025-04-10,北京中关村店,智能手机,68,4179.65,0.034,274552.85,0,0
2025-04-10,北京中关村店,智能穿戴,36,1363.42,0.008,48690.46,0,0
2025-04-10,北京中关村店,笔记本电脑,29,6882.1,0.014,196786.77,0,0
2025-04-10,北京中关村店,配件耗材,92,211.0,0.005,19314.94,0,0
2025-04-10,广州天河店,智能家居,47,949.68,0.027,43429.82,0,0
2025-04-10,广州天河店,智能手机,77,4245.02,0.022,319675.48,0,0
2025-04-10,广州天河店,智能穿戴,41,1369.83,0.048,53467.2,0,0
2025-04-10,广州天河店,笔记本电脑,27,6835.22,0.036,177907.11,0,0
2025-04-10,广州天河店,配件耗材,68,208.15,0.001,14140.05,0,0
2025-04-10,成都春熙店,智能家居,28,937.15,0.011,25951.56,0,0
2025-04-10,成都春熙店,智能手机,48,4183.19,0.014,197982.02,0,0
2025-04-10,成都春熙店,智能穿戴,29,1358.31,0.015,38800.13,0,0
2025-04-10,成都春熙店,笔记本电脑,16,7015.18,0.048,106855.22,0,0
2025-04-10,成都春熙店,配件耗材,54,207.62,0.02,10987.25,0,0
2025-04-11,上海旗舰店,智能家居,51,956.91,0.036,47045.52,0,0
2025-04-11,上海旗舰店,智能手机,103,4238.09,0.136,377156.11,1,0
2025-04-11,上海旗舰店,智能穿戴,45,1393.72,0.022,61337.62,0,0
2025-04-11,上海旗舰店,笔记本电脑,33,6842.24,0.044,215858.99,0,0
2025-04-11,上海旗舰店,配件耗材,88,212.71,0.003,18662.32,0,0
2025-04-11,北京中关村店,智能家居,35,963.07,0.048,32089.49,0,0
2025-04-11,北京中关村店,智能手机,83,4291.42,0.003,355119.3,0,0
2025-04-11,北京中关村店,智能穿戴,46,1369.0,0.035,60769.91,0,0
2025-04-11,北京中关村店,笔记本电脑,41,6730.01,0.209,218260.95,1,0
2025-04-11,北京中关村店,配件耗材,104,208.34,0.005,21559.02,0,0
2025-04-11,广州天河店,智能家居,48,955.23,0.037,44154.55,0,0
2025-04-11,广州天河店,智能手机,132,4149.87,0.046,522584.83,0,0
2025-04-11,广州天河店,智能穿戴,67,1384.11,0.168,77155.83,1,0
2025-04-11,广州天河店,笔记本电脑,26,6847.74,0.002,177685.16,0,0
2025-04-11,广州天河店,配件耗材,91,209.9,0.0,19100.9,0,0
2025-04-11,成都春熙店,智能家居,35,939.26,0.02,32216.62,0,0
2025-04-11,成都春熙店,智能手机,87,4236.74,0.191,298194.47,1,0
2025-04-11,成都春熙店,智能穿戴,39,1376.26,0.012,53030.05,0,0
2025-04-11,成都春熙店,笔记本电脑,18,6908.82,0.028,120876.71,0,0
2025-04-11,成都春熙店,配件耗材,87,205.25,0.117,15767.51,1,0
2025-04-12,上海旗舰店,智能家居,59,961.23,0.023,55408.18,0,1
2025-04-12,上海旗舰店,智能手机,113,4240.82,0.021,469149.19,0,1
2025-04-12,上海旗舰店,智能穿戴,88,1361.3,0.002,119554.81,0,1
2025-04-12,上海旗舰店,笔记本电脑,51,6776.76,0.017,339739.31,0,1
2025-04-12,上海旗舰店,配件耗材,106,214.0,0.037,21844.69,0,1
2025-04-12,北京中关村店,智能家居,53,949.11,0.082,46178.0,1,1
2025-04-12,北京中关村店,智能手机,77,4215.41,0.006,322639.05,0,1
2025-04-12,北京中关村店,智能穿戴,89,1359.3,0.102,108637.97,1,1
2025-04-12,北京中关村店,笔记本电脑,29,6836.03,0.005,197253.65,0,1
2025-04-12,北京中关村店,配件耗材,288,205.81,0.02,58087.81,0,1
2025-04-12,广州天河店,智能家居,42,957.27,0.042,38516.72,0,1
2025-04-12,广州天河店,智能手机,78,4222.61,0.048,313554.13,0,1
2025-04-12,广州天河店,智能穿戴,49,1364.29,0.028,64978.4,0,1
2025-04-12,广州天河店,笔记本电脑,26,6877.28,0.036,172372.15,0,1
2025-04-12,广州天河店,配件耗材,122,213.77,0.021,25532.26,0,1
2025-04-12,成都春熙店,智能家居,32,959.01,0.025,29921.11,0,1
2025-04-12,成都春熙店,智能手机,64,4246.79,0.002,271250.97,0,1
2025-04-12,成都春熙店,智能穿戴,38,1355.82,0.028,50078.57,0,1
2025-04-12,成都春熙店,笔记本电脑,22,6990.98,0.033,148726.11,0,1
2025-04-12,成都春熙店,配件耗材,69,209.4,0.012,14275.22,0,1
2025-04-13,上海旗舰店,智能家居,58,950.29,0.008,54675.89,0,1
2025-04-13,上海旗舰店,智能手机,80,4245.41,0.015,334538.31,0,1
2025-04-13,上海旗舰店,智能穿戴,57,1385.47,0.013,77945.16,0,1
2025-04-13,上海旗舰店,笔记本电脑,38,6875.79,0.007,259451.06,0,1
2025-04-13,上海旗舰店,配件耗材,87,211.5,0.013,18161.29,0,1
2025-04-13,北京中关村店,智能家居,39,939.21,0.032,35457.06,0,1
2025-04-13,北京中关村店,智能手机,64,4170.55,0.05,253569.44,0,1
2025-04-13,北京中关村店,智能穿戴,43,1370.63,0.046,56225.98,0,1
2025-04-13,北京中关村店,笔记本电脑,24,6834.98,0.03,159118.33,0,1
2025-04-13,北京中关村店,配件耗材,100,207.67,0.013,20497.03,0,1
2025-04-13,广州天河店,智能家居,55,958.64,0.015,51934.32,0,1
2025-04-13,广州天河店,智能手机,73,4270.36,0.025,303942.87,0,1
2025-04-13,广州天河店,智能穿戴,48,1366.67,0.001,65534.56,0,1
2025-04-13,广州天河店,笔记本电脑,34,6865.6,0.027,227127.78,0,1
2025-04-13,广州天河店,配件耗材,91,208.2,0.02,18567.28,0,1
2025-04-13,成都春熙店,智能家居,30,933.38,0.042,26825.34,0,1
2025-04-13,成都春熙店,智能手机,57,4201.92,0.036,230887.1,0,1
2025-04-13,成都春熙店,智能穿戴,33,1391.14,0.025,44759.93,0,1
2025-04-13,成都春熙店,笔记本电脑,21,6945.4,0.047,138998.29,0,1
2025-04-13,成都春熙店,配件耗材,63,209.2,0.015,12981.91,0,1
2025-04-14,上海旗舰店,智能家居,54,964.53,0.017,51199.18,0,0
2025-04-14,上海旗舰店,智能手机,73,4185.96,0.03,296407.83,0,0
2025-04-14,上海旗舰店,智能穿戴,49,1380.33,0.037,65133.63,0,0
2025-04-14,上海旗舰店,笔记本电脑,29,6756.01,0.041,187891.39,0,0
2025-04-14,上海旗舰店,配件耗材,100,211.53,0.043,20243.42,0,0
2025-04-14,北京中关村店,智能家居,42,959.58,0.092,36594.54,1,0
2025-04-14,北京中关村店,智能手机,69,4239.16,0.028,284311.98,0,0
2025-04-14,北京中关村店,智能穿戴,41,1390.38,0.009,56492.53,0,0
2025-04-14,北京中关村店,笔记本电脑,29,6867.81,0.033,192594.0,0,0
2025-04-14,北京中关村店,配件耗材,89,211.17,0.04,18042.36,0,0
2025-04-14,广州天河店,智能家居,38,947.63,0.02,35289.74,0,0
2025-04-14,广州天河店,智能手机,46,4250.68,0.025,190643.0,0,0
2025-04-14,广州天河店,智能穿戴,37,1342.84,0.039,47747.36,0,0
2025-04-14,广州天河店,笔记本电脑,23,6821.33,0.005,156106.14,0,0
2025-04-14,广州天河店,配件耗材,84,211.73,0.01,17607.47,0,0
2025-04-14,成都春熙店,智能家居,38,933.44,0.148,30221.05,1,0
2025-04-14,成都春熙店,智能手机,48,4220.61,0.03,196511.6,0,0
2025-04-14,成都春熙店,智能穿戴,32,1387.9,0.012,43879.85,0,0
2025-04-14,成都春熙店,笔记本电脑,18,6839.6,0.018,120896.77,0,0
2025-04-14,成都春熙店,配件耗材,64,207.35,0.034,12819.21,0,0
2025-04-15,上海旗舰店,智能家居,47,968.45,0.039,43741.98,0,0
2025-04-15,上海旗舰店,智能手机,69,4228.12,0.008,289406.36,0,0
2025-04-15,上海旗舰店,智能穿戴,50,1380.34,0.006,68602.9,0,0
2025-04-15,上海旗舰店,笔记本电脑,44,6907.5,0.197,244055.79,1,0
2025-04-15,上海旗舰店,配件耗材,95,212.31,0.004,20088.77,0,0
2025-04-15,北京中关村店,智能家居,43,966.09,0.015,40918.74,0,0
2025-04-15,北京中关村店,智能手机,78,4205.71,0.011,324436.88,0,0
2025-04-15,北京中关村店,智能穿戴,69,1377.89,0.147,81098.47,1,0
2025-04-15,北京中关村店,笔记本电脑,31,6974.95,0.212,170384.08,1,0
2025-04-15,北京中关村店,配件耗材,92,211.18,0.033,18787.42,0,0
2025-04-15,广州天河店,智能家居,32,935.12,0.026,29145.82,0,0
2025-04-15,广州天河店,智能手机,59,4283.73,0.046,241114.03,0,0
2025-04-15,广州天河店,智能穿戴,31,1367.09,0.039,40726.98,0,0
2025-04-15,广州天河店,笔记本电脑,27,6874.31,0.013,183193.49,0,0
2025-04-15,广州天河店,配件耗材,82,214.38,0.016,17297.89,0,0
2025-04-15,成都春熙店,智能家居,29,959.15,0.027,27064.34,0,0
2025-04-15,成都春熙店,智能手机,41,4231.16,0.039,166711.94,0,0
2025-04-15,成都春熙店,智能穿戴,28,1378.96,0.01,38224.77,0,0
2025-04-15,成都春熙店,笔记本电脑,19,6810.38,0.022,126550.48,0,0
2025-04-15,成都春熙店,配件耗材,78,210.5,0.15,13956.15,1,0
2025-04-16,上海旗舰店,智能家居,56,940.29,0.013,51971.71,0,0
2025-04-16,上海旗舰店,智能手机,81,4287.53,0.002,346595.35,0,0
2025-04-16,上海旗舰店,智能穿戴,52,1374.11,0.026,69595.92,0,0
2025-04-16,上海旗舰店,笔记本电脑,33,6950.41,0.005,228216.71,0,0
2025-04-16,上海旗舰店,配件耗材,96,209.65,0.005,20025.77,0,0
2025-04-16,北京中关村店,智能家居,44,939.69,0.034,39940.58,0,0
2025-04-16,北京中关村店,智能手机,107,4174.58,0.166,372531.17,1,0
2025-04-16,北京中关村店,智能穿戴,49,1386.43,0.032,65761.15,0,0
2025-04-16,北京中关村店,笔记本电脑,25,6854.25,0.015,168785.91,0,0
2025-04-16,北京中关村店,配件耗材,102,210.9,0.025,20974.0,0,0
2025-04-16,广州天河店,智能家居,46,934.31,0.011,42505.5,0,0
2025-04-16,广州天河店,智能手机,50,4274.37,0.05,203032.57,0,0
2025-04-16,广州天河店,智能穿戴,44,1362.99,0.039,57632.67,0,0
2025-04-16,广州天河店,笔记本电脑,25,6738.09,0.036,162387.97,0,0
2025-04-16,广州天河店,配件耗材,97,213.99,0.008,20590.97,0,0
2025-04-16,成都春熙店,智能家居,23,943.46,0.038,20875.0,0,0
2025-04-16,成都春熙店,智能手机,59,4232.33,0.006,248209.23,0,0
2025-04-16,成都春熙店,智能穿戴,36,1366.5,0.049,46783.49,0,0
2025-04-16,成都春熙店,笔记本电脑,17,6942.39,0.018,115896.26,0,0
2025-04-16,成都春熙店,配件耗材,65,215.07,0.03,13560.16,0,0
2025-04-17,上海旗舰店,智能家居,49,949.83,0.015,45843.54,0,0
2025-04-17,上海旗舰店,智能手机,71,4184.52,0.018,291753.1,0,0
2025-04-17,上海旗舰店,智能穿戴,56,1369.03,0.011,75822.36,0,0
2025-04-17,上海旗舰店,笔记本电脑,27,7087.41,0.036,184471.11,0,0
2025-04-17,上海旗舰店,配件耗材,91,208.42,0.015,18681.73,0,0
2025-04-17,北京中关村店,智能家居,34,957.12,0.004,32411.91,0,0
2025-04-17,北京中关村店,智能手机,79,4256.68,0.034,324844.28,0,0
2025-04-17,北京中关村店,智能穿戴,51,1357.21,0.023,67625.7,0,0
2025-04-17,北京中关村店,笔记本电脑,23,6624.67,0.035,147034.55,0,0
2025-04-17,北京中关村店,配件耗材,84,209.25,0.023,17172.73,0,0
2025-04-17,广州天河店,智能家居,42,931.99,0.021,38321.56,0,0
2025-04-17,广州天河店,智能手机,86,4332.23,0.045,355806.05,0,0
2025-04-17,广州天河店,智能穿戴,35,1359.2,0.049,45240.97,0,0
2025-04-17,广州天河店,笔记本电脑,23,6838.97,0.022,153835.79,0,0
2025-04-17,广州天河店,配件耗材,78,210.62,0.008,16296.93,0,0
2025-04-17,成都春熙店,智能家居,24,957.75,0.002,22940.03,0,0
2025-04-17,成都春熙店,智能手机,53,4318.92,0.032,221577.87,0,0
2025-04-17,成都春熙店,智能穿戴,37,1357.32,0.003,50070.18,0,0
2025-04-17,成都春熙店,笔记本电脑,17,6982.62,0.047,113125.43,0,0
2025-04-17,成都春熙店,配件耗材,68,208.48,0.018,13921.46,0,0
2025-04-18,上海旗舰店,智能家居,62,958.6,0.007,59017.17,0,0
2025-04-18,上海旗舰店,智能手机,93,4253.52,0.009,392017.16,0,0
2025-04-18,上海旗舰店,智能穿戴,63,1385.39,0.006,86755.89,0,0
2025-04-18,上海旗舰店,笔记本电脑,25,6853.68,0.049,162946.24,0,0
2025-04-18,上海旗舰店,配件耗材,107,207.15,0.02,21721.75,0,0
2025-04-18,北京中关村店,智能家居,63,960.31,0.008,60015.53,0,0
2025-04-18,北京中关村店,智能手机,87,4171.8,0.025,353872.93,0,0
2025-04-18,北京中关村店,智能穿戴,47,1380.05,0.024,63305.65,0,0
2025-04-18,北京中关村店,笔记本电脑,35,6939.83,0.065,227105.94,1,0
2025-04-18,北京中关村店,配件耗材,102,209.9,0.023,20917.37,0,0
2025-04-18,广州天河店,智能家居,39,945.33,0.021,36093.64,0,0
2025-04-18,广州天河店,智能手机,61,4154.51,0.028,246329.21,0,0
2025-04-18,广州天河店,智能穿戴,46,1345.51,0.025,60346.12,0,0
2025-04-18,广州天河店,笔记本电脑,29,6885.17,0.114,176907.56,1,0
2025-04-18,广州天河店,配件耗材,77,212.21,0.037,15735.58,0,0
2025-04-18,成都春熙店,智能家居,32,967.64,0.025,30190.37,0,0
2025-04-18,成都春熙店,智能手机,93,4236.11,0.159,331318.87,1,0
2025-04-18,成都春熙店,智能穿戴,37,1374.98,0.017,50009.4,0,0
2025-04-18,成都春熙店,笔记本电脑,28,6897.59,0.101,173626.14,1,0
2025-04-18,成都春熙店,配件耗材,66,209.96,0.015,13649.5,0,0
2025-04-19,上海旗舰店,智能家居,63,943.55,0.018,58373.66,0,1
2025-04-19,上海旗舰店,智能手机,87,4134.05,0.038,345995.18,0,1
2025-04-19,上海旗舰店,智能穿戴,61,1382.12,0.001,84225.01,0,1
2025-04-19,上海旗舰店,笔记本电脑,40,6953.95,0.028,270369.58,0,1
2025-04-19,上海旗舰店,配件耗材,101,209.79,0.008,21019.28,0,1
2025-04-19,北京中关村店,智能家居,52,954.5,0.011,49088.03,0,1
2025-04-19,北京中关村店,智能手机,79,4292.7,0.001,338784.18,0,1
2025-04-19,北京中关村店,智能穿戴,58,1367.25,0.018,77873.09,0,1
2025-04-19,北京中关村店,笔记本电脑,28,6888.42,0.045,184196.35,0,1
2025-04-19,北京中关村店,配件耗材,120,210.36,0.024,24637.36,0,1
2025-04-19,广州天河店,智能家居,53,946.49,0.032,48558.72,0,1
2025-04-19,广州天河店,智能手机,68,4287.58,0.001,291263.88,0,1
2025-04-19,广州天河店,智能穿戴,78,1382.97,0.108,96221.52,1,1
2025-04-19,广州天河店,笔记本电脑,33,6876.87,0.038,218313.12,0,1
2025-04-19,广州天河店,配件耗材,106,211.57,0.048,21349.95,0,1
2025-04-19,成都春熙店,智能家居,33,949.46,0.047,29859.57,0,1
2025-04-19,成都春熙店,智能手机,58,4152.11,0.004,239859.09,0,1
2025-04-19,成都春熙店,智能穿戴,38,1376.18,0.016,51458.12,0,1
2025-04-19,成都春熙店,笔记本电脑,21,6923.66,0.017,142925.11,0,1
2025-04-19,成都春熙店,配件耗材,62,204.64,0.049,12065.98,0,1
2025-04-20,上海旗舰店,智能家居,54,941.11,0.017,49956.0,0,1
2025-04-20,上海旗舰店,智能手机,94,4293.31,0.015,397517.57,0,1
2025-04-20,上海旗舰店,智能穿戴,80,1358.71,0.157,91631.4,1,1
2025-04-20,上海旗舰店,笔记本电脑,42,7000.49,0.048,279907.59,0,1
2025-04-20,上海旗舰店,配件耗材,88,208.49,0.044,17539.85,0,1
2025-04-20,北京中关村店,智能家居,60,947.13,0.016,55918.56,0,1
2025-04-20,北京中关村店,智能手机,79,4181.44,0.012,326369.75,0,1
2025-04-20,北京中关村店,智能穿戴,54,1383.89,0.002,74580.6,0,1
2025-04-20,北京中关村店,笔记本电脑,30,6747.07,0.025,197351.8,0,1
2025-04-20,北京中关村店,配件耗材,99,207.44,0.01,20331.19,0,1
2025-04-20,广州天河店,智能家居,54,940.85,0.03,49281.72,0,1
2025-04-20,广州天河店,智能手机,74,4238.34,0.008,311128.06,0,1
2025-04-20,广州天河店,智能穿戴,41,1351.5,0.005,55134.44,0,1
2025-04-20,广州天河店,笔记本电脑,30,6884.35,0.046,197030.1,0,1
2025-04-20,广州天河店,配件耗材,98,209.54,0.011,20309.04,0,1
2025-04-20,成都春熙店,智能家居,44,952.14,0.044,40050.82,0,1
2025-04-20,成都春熙店,智能手机,50,4264.3,0.001,213001.79,0,1
2025-04-20,成都春熙店,智能穿戴,35,1375.85,0.028,46806.42,0,1
2025-04-20,成都春熙店,笔记本电脑,19,6859.09,0.018,127976.9,0,1
2025-04-20,成都春熙店,配件耗材,67,213.15,0.036,13766.93,0,1
2025-04-21,上海旗舰店,智能家居,51,949.13,0.042,46372.59,0,0
2025-04-21,上海旗舰店,智能手机,77,4289.99,0.021,323392.32,0,0
2025-04-21,上海旗舰店,智能穿戴,45,1374.59,0.035,59691.57,0,0
2025-04-21,上海旗舰店,笔记本电脑,30,6975.08,0.004,208415.39,0,0
2025-04-21,上海旗舰店,配件耗材,82,213.19,0.047,16659.95,0,0
2025-04-21,北京中关村店,智能家居,42,954.85,0.013,39582.35,0,0
2025-04-21,北京中关村店,智能手机,67,4148.11,0.034,268473.98,0,0
2025-04-21,北京中关村店,智能穿戴,44,1375.75,0.043,57930.08,0,0
2025-04-21,北京中关村店,笔记本电脑,32,6909.47,0.024,215796.57,0,0
2025-04-21,北京中关村店,配件耗材,104,210.88,0.008,21756.07,0,0
2025-04-21,广州天河店,智能家居,42,959.42,0.033,38965.88,0,0
2025-04-21,广州天河店,智能手机,63,4171.89,0.02,257572.49,0,0
2025-04-21,广州天河店,智能穿戴,46,1352.75,0.047,59301.85,0,0
2025-04-21,广州天河店,笔记本电脑,22,6846.32,0.017,148058.52,0,0
2025-04-21,广州天河店,配件耗材,80,206.02,0.023,16102.52,0,0
2025-04-21,成都春熙店,智能家居,25,945.41,0.04,22689.84,0,0
2025-04-21,成都春熙店,智能手机,54,4203.52,0.002,226536.1,0,0
2025-04-21,成都春熙店,智能穿戴,57,1382.08,0.099,70979.48,1,0
2025-04-21,成都春熙店,笔记本电脑,19,6897.69,0.029,127255.48,0,0
2025-04-21,成都春熙店,配件耗材,51,213.33,0.04,10444.64,0,0
2025-04-22,上海旗舰店,智能家居,68,942.32,0.037,61706.88,0,0
2025-04-22,上海旗舰店,智能手机,62,4181.37,0.026,252504.57,0,0
2025-04-22,上海旗舰店,智能穿戴,54,1364.25,0.019,72269.78,0,0
2025-04-22,上海旗舰店,笔记本电脑,29,6960.64,0.038,194187.93,0,0
2025-04-22,上海旗舰店,配件耗材,115,209.67,0.004,24015.6,0,0
2025-04-22,北京中关村店,智能家居,37,959.88,0.011,35124.89,0,0
2025-04-22,北京中关村店,智能手机,60,4217.82,0.02,248007.82,0,0
2025-04-22,北京中关村店,智能穿戴,40,1380.56,0.029,53620.95,0,0
2025-04-22,北京中关村店,笔记本电脑,26,6864.7,0.021,174734.07,0,0
2025-04-22,北京中关村店,配件耗材,86,209.0,0.03,17434.78,0,0
2025-04-22,广州天河店,智能家居,47,948.08,0.041,42732.81,0,0
2025-04-22,广州天河店,智能手机,58,4124.05,0.022,233932.61,0,0
2025-04-22,广州天河店,智能穿戴,45,1367.2,0.037,59247.61,0,0
2025-04-22,广州天河店,笔记本电脑,24,6804.35,0.003,162814.49,0,0
2025-04-22,广州天河店,配件耗材,88,208.17,0.026,17842.67,0,0
2025-04-22,成都春熙店,智能家居,24,943.29,0.028,22005.07,0,0
2025-04-22,成都春熙店,智能手机,55,4242.13,0.047,222351.24,0,0
2025-04-22,成都春熙店,智能穿戴,35,1374.25,0.02,47136.78,0,0
2025-04-22,成都春熙店,笔记本电脑,18,6882.35,0.01,122643.48,0,0
2025-04-22,成都春熙店,配件耗材,55,209.44,0.027,11208.18,0,0
2025-04-23,上海旗舰店,智能家居,60,965.58,0.004,57703.06,0,0
2025-04-23,上海旗舰店,智能手机,88,4125.24,0.038,349226.32,0,0
2025-04-23,上海旗舰店,智能穿戴,55,1372.37,0.001,75404.87,0,0
2025-04-23,上海旗舰店,笔记本电脑,38,6775.43,0.069,239701.16,1,0
2025-04-23,上海旗舰店,配件耗材,70,211.4,0.013,14605.63,0,0
2025-04-23,北京中关村店,智能家居,44,937.01,0.027,40115.27,0,0
2025-04-23,北京中关村店,智能手机,112,4230.09,0.021,463820.91,0,0
2025-04-23,北京中关村店,智能穿戴,47,1372.61,0.03,62577.29,0,0
2025-04-23,北京中关村店,笔记本电脑,53,6749.55,0.106,319807.18,1,0
2025-04-23,北京中关村店,配件耗材,105,208.74,0.004,21830.03,0,0
2025-04-23,广州天河店,智能家居,46,939.32,0.038,41566.79,0,0
2025-04-23,广州天河店,智能手机,69,4215.39,0.02,285044.67,0,0
2025-04-23,广州天河店,智能穿戴,47,1358.4,0.046,60907.94,0,0
2025-04-23,广州天河店,笔记本电脑,26,6854.26,0.011,176250.44,0,0
2025-04-23,广州天河店,配件耗材,105,209.83,0.164,18418.88,1,0
2025-04-23,成都春熙店,智能家居,24,949.67,0.024,22245.07,0,0
2025-04-23,成都春熙店,智能手机,51,4235.38,0.011,213628.33,0,0
2025-04-23,成都春熙店,智能穿戴,52,1347.41,0.195,56402.58,1,0
2025-04-23,成都春熙店,笔记本电脑,15,6833.26,0.007,101781.41,0,0
2025-04-23,成都春熙店,配件耗材,92,211.93,0.127,17021.37,1,0
2025-04-24,上海旗舰店,智能家居,51,947.77,0.037,46547.83,0,0
2025-04-24,上海旗舰店,智能手机,99,4217.29,0.171,346117.21,1,0
2025-04-24,上海旗舰店,智能穿戴,53,1373.08,0.046,69425.67,0,0
2025-04-24,上海旗舰店,笔记本电脑,40,6702.21,0.111,238330.59,1,0
2025-04-24,上海旗舰店,配件耗材,94,210.31,0.047,18839.99,0,0
2025-04-24,北京中关村店,智能家居,44,938.72,0.032,39981.96,0,0
2025-04-24,北京中关村店,智能手机,61,4158.58,0.045,242258.08,0,0
2025-04-24,北京中关村店,智能穿戴,42,1375.26,0.016,56836.75,0,0
2025-04-24,北京中关村店,笔记本电脑,33,6904.47,0.01,225569.03,0,0
2025-04-24,北京中关村店,配件耗材,211,211.35,0.046,42543.49,0,0
2025-04-24,广州天河店,智能家居,38,974.15,0.019,36314.36,0,0
2025-04-24,广州天河店,智能手机,64,4189.42,0.001,267854.76,0,0
2025-04-24,广州天河店,智能穿戴,35,1361.11,0.049,45304.55,0,0
2025-04-24,广州天河店,笔记本电脑,25,6911.56,0.006,171752.27,0,0
2025-04-24,广州天河店,配件耗材,67,211.66,0.008,14067.77,0,0
2025-04-24,成都春熙店,智能家居,27,951.34,0.037,24735.79,0,0
2025-04-24,成都春熙店,智能手机,57,4228.16,0.012,238113.06,0,0
2025-04-24,成都春熙店,智能穿戴,34,1355.5,0.028,44796.56,0,0
2025-04-24,成都春熙店,笔记本电脑,19,6928.15,0.033,127290.9,0,0
2025-04-24,成都春熙店,配件耗材,49,209.21,0.043,9810.48,0,0
2025-04-25,上海旗舰店,智能家居,63,963.19,0.049,57707.6,0,0
2025-04-25,上海旗舰店,智能手机,71,4203.37,0.029,289784.53,0,0
2025-04-25,上海旗舰店,智能穿戴,80,1383.87,0.206,87903.42,1,0
2025-04-25,上海旗舰店,笔记本电脑,30,6839.26,0.032,198612.11,0,0
2025-04-25,上海旗舰店,配件耗材,99,207.53,0.037,19785.29,0,0
2025-04-25,北京中关村店,智能家居,51,944.44,0.04,46239.78,0,0
2025-04-25,北京中关村店,智能手机,73,4243.7,0.04,297398.5,0,0
2025-04-25,北京中关村店,智能穿戴,50,1365.56,0.004,68004.89,0,0
2025-04-25,北京中关村店,笔记本电脑,39,6804.71,0.03,257422.18,0,0
2025-04-25,北京中关村店,配件耗材,101,214.73,0.007,21535.92,0,0
2025-04-25,广州天河店,智能家居,45,940.78,0.04,40641.7,0,0
2025-04-25,广州天河店,智能手机,60,4246.15,0.017,250437.93,0,0
2025-04-25,广州天河店,智能穿戴,42,1346.94,0.035,54591.48,0,0
2025-04-25,广州天河店,笔记本电脑,22,6722.57,0.024,144347.02,0,0
2025-04-25,广州天河店,配件耗材,78,210.27,0.02,16073.04,0,0
2025-04-25,成都春熙店,智能家居,29,937.12,0.028,26415.54,0,0
2025-04-25,成都春熙店,智能手机,59,4216.56,0.04,238825.96,0,0
2025-04-25,成都春熙店,智能穿戴,45,1379.13,0.025,60509.33,0,0
2025-04-25,成都春熙店,笔记本电脑,23,6796.06,0.012,154433.67,0,0
2025-04-25,成都春熙店,配件耗材,50,210.87,0.048,10037.41,0,0
2025-04-26,上海旗舰店,智能家居,72,949.03,0.049,64981.98,0,1
2025-04-26,上海旗舰店,智能手机,98,4146.88,0.033,392983.23,0,1
2025-04-26,上海旗舰店,智能穿戴,136,1383.1,0.036,181329.94,0,1
2025-04-26,上海旗舰店,笔记本电脑,37,6807.71,0.048,239794.78,0,1
2025-04-26,上海旗舰店,配件耗材,112,205.46,0.015,22666.35,0,1
2025-04-26,北京中关村店,智能家居,56,940.29,0.008,52234.99,0,1
2025-04-26,北京中关村店,智能手机,76,4272.98,0.033,314029.85,0,1
2025-04-26,北京中关村店,智能穿戴,51,1377.24,0.034,67851.11,0,1
2025-04-26,北京中关村店,笔记本电脑,32,6819.9,0.031,211471.46,0,1
2025-04-26,北京中关村店,配件耗材,161,212.88,0.102,30777.76,1,1
2025-04-26,广州天河店,智能家居,44,946.97,0.033,40291.68,0,1
2025-04-26,广州天河店,智能手机,75,4243.98,0.033,307794.65,0,1
2025-04-26,广州天河店,智能穿戴,52,1368.96,0.021,69691.02,0,1
2025-04-26,广州天河店,笔记本电脑,33,6854.26,0.01,223928.67,0,1
2025-04-26,广州天河店,配件耗材,123,208.9,0.131,22328.69,1,1
2025-04-26,成都春熙店,智能家居,34,958.38,0.019,31965.81,0,1
2025-04-26,成都春熙店,智能手机,55,4261.99,0.022,229252.44,0,1
2025-04-26,成都春熙店,智能穿戴,51,1401.06,0.034,69024.62,0,1
2025-04-26,成都春熙店,笔记本电脑,22,6848.96,0.014,148567.64,0,1
2025-04-26,成都春熙店,配件耗材,71,212.12,0.035,14533.4,0,1
2025-04-27,上海旗舰店,智能家居,67,956.23,0.039,61568.78,0,1
2025-04-27,上海旗舰店,智能手机,84,4181.24,0.01,347711.92,0,1
2025-04-27,上海旗舰店,智能穿戴,73,1382.65,0.048,96088.64,0,1
2025-04-27,上海旗舰店,笔记本电脑,42,6779.84,0.008,282475.25,0,1
2025-04-27,上海旗舰店,配件耗材,125,211.77,0.033,25597.7,0,1
2025-04-27,北京中关村店,智能家居,42,947.89,0.05,37820.81,0,1
2025-04-27,北京中关村店,智能手机,90,4220.87,0.04,364683.17,0,1
2025-04-27,北京中关村店,智能穿戴,46,1369.84,0.013,62193.48,0,1
2025-04-27,北京中关村店,笔记本电脑,33,6873.13,0.042,217287.13,0,1
2025-04-27,北京中关村店,配件耗材,101,209.73,0.035,20441.33,0,1
2025-04-27,广州天河店,智能家居,39,965.86,0.047,35898.12,0,1
2025-04-27,广州天河店,智能手机,75,4168.8,0.04,300153.6,0,1
2025-04-27,广州天河店,智能穿戴,65,1364.89,0.06,83394.78,1,1
2025-04-27,广州天河店,笔记本电脑,21,6866.6,0.01,142756.61,0,1
2025-04-27,广州天河店,配件耗材,79,211.66,0.049,15901.8,0,1
2025-04-27,成都春熙店,智能家居,41,935.17,0.027,37306.74,0,1
2025-04-27,成都春熙店,智能手机,55,4193.44,0.018,226487.69,0,1
2025-04-27,成都春熙店,智能穿戴,35,1370.82,0.005,47738.81,0,1
2025-04-27,成都春熙店,笔记本电脑,20,6877.72,0.029,133565.32,0,1
2025-04-27,成都春熙店,配件耗材,56,208.43,0.035,11263.56,0,1
2025-04-28,上海旗舰店,智能家居,44,937.77,0.026,40189.07,0,0
2025-04-28,上海旗舰店,智能手机,90,4211.91,0.125,331687.91,1,0
2025-04-28,上海旗舰店,智能穿戴,58,1377.2,0.011,78998.95,0,0
2025-04-28,上海旗舰店,笔记本电脑,34,6670.39,0.039,217948.32,0,0
2025-04-28,上海旗舰店,配件耗材,116,214.54,0.018,24438.68,0,0
2025-04-28,北京中关村店,智能家居,48,942.1,0.023,44180.72,0,0
2025-04-28,北京中关村店,智能手机,66,4211.26,0.027,270438.69,0,0
2025-04-28,北京中关村店,智能穿戴,50,1372.24,0.012,67788.66,0,0
2025-04-28,北京中关村店,笔记本电脑,25,6856.49,0.043,164041.52,0,0
2025-04-28,北京中关村店,配件耗材,105,211.69,0.015,21894.04,0,0
2025-04-28,广州天河店,智能家居,89,945.8,0.011,83250.26,0,0
2025-04-28,广州天河店,智能手机,74,4298.73,0.044,304109.36,0,0
2025-04-28,广州天河店,智能穿戴,32,1398.31,0.033,43269.3,0,0
2025-04-28,广州天河店,笔记本电脑,26,6952.73,0.039,173720.91,0,0
2025-04-28,广州天河店,配件耗材,95,206.95,0.01,19463.65,0,0
2025-04-28,成都春熙店,智能家居,25,930.3,0.022,22745.83,0,0
2025-04-28,成都春熙店,智能手机,64,4266.83,0.204,217369.39,1,0
2025-04-28,成都春熙店,智能穿戴,42,1371.14,0.048,54823.66,0,0
2025-04-28,成都春熙店,笔记本电脑,18,6830.42,0.209,97251.52,1,0
2025-04-28,成都春熙店,配件耗材,53,211.14,0.012,11056.13,0,0
2025-04-29,上海旗舰店,智能家居,64,946.18,0.071,56256.08,1,0
2025-04-29,上海旗舰店,智能手机,64,4255.63,0.032,263644.79,0,0
2025-04-29,上海旗舰店,智能穿戴,53,1337.02,0.002,70720.34,0,0
2025-04-29,上海旗舰店,笔记本电脑,25,6904.72,0.036,166403.75,0,0
2025-04-29,上海旗舰店,配件耗材,106,214.86,0.01,22547.41,0,0
2025-04-29,北京中关村店,智能家居,36,957.51,0.016,33918.83,0,0
2025-04-29,北京中关村店,智能手机,85,4187.7,0.217,278712.37,1,0
2025-04-29,北京中关村店,智能穿戴,45,1377.4,0.026,60371.44,0,0
2025-04-29,北京中关村店,笔记本电脑,32,6833.4,0.032,211671.4,0,0
2025-04-29,北京中关村店,配件耗材,98,209.94,0.016,20244.93,0,0
2025-04-29,广州天河店,智能家居,38,918.8,0.009,34600.17,0,0
2025-04-29,广州天河店,智能手机,50,4292.35,0.014,211612.86,0,0
2025-04-29,广州天河店,智能穿戴,51,1385.48,0.001,70588.82,0,0
2025-04-29,广州天河店,笔记本电脑,28,6802.55,0.154,161138.8,1,0
2025-04-29,广州天河店,配件耗材,90,211.43,0.187,15470.33,1,0
2025-04-29,成都春熙店,智能家居,25,948.89,0.041,22749.64,0,0
2025-04-29,成都春熙店,智能手机,44,4279.76,0.007,186991.27,0,0
2025-04-29,成都春熙店,智能穿戴,52,1383.79,0.215,56486.31,1,0
2025-04-29,成都春熙店,笔记本电脑,15,6771.13,0.03,98519.94,0,0
2025-04-29,成都春熙店,配件耗材,47,207.15,0.011,9628.95,0,0
2025-04-30,上海旗舰店,智能家居,50,962.93,0.021,47135.42,0,0
2025-04-30,上海旗舰店,智能手机,74,4131.36,0.005,304192.04,0,0
2025-04-30,上海旗舰店,智能穿戴,70,1397.76,0.005,97353.98,0,0
2025-04-30,上海旗舰店,笔记本电脑,72,6809.89,0.023,479034.9,0,0
2025-04-30,上海旗舰店,配件耗材,107,207.09,0.017,21781.93,0,0
2025-04-30,北京中关村店,智能家居,40,970.95,0.031,37634.02,0,0
2025-04-30,北京中关村店,智能手机,65,4289.04,0.045,266242.16,0,0
2025-04-30,北京中关村店,智能穿戴,46,1392.76,0.034,61888.68,0,0
2025-04-30,北京中关村店,笔记本电脑,25,6940.55,0.028,168655.36,0,0
2025-04-30,北京中关村店,配件耗材,76,208.0,0.018,15523.46,0,0
2025-04-30,广州天河店,智能家居,45,947.1,0.046,40659.0,0,0
2025-04-30,广州天河店,智能手机,67,4232.32,0.004,282431.18,0,0
2025-04-30,广州天河店,智能穿戴,40,1359.6,0.02,53296.32,0,0
2025-04-30,广州天河店,笔记本电脑,25,6943.39,0.017,170633.81,0,0
2025-04-30,广州天河店,配件耗材,85,207.14,0.016,17325.19,0,0
2025-04-30,成都春熙店,智能家居,23,945.86,0.002,21711.27,0,0
2025-04-30,成都春熙店,智能手机,67,4211.23,0.066,263530.35,1,0
2025-04-30,成都春熙店,智能穿戴,31,1332.01,0.023,40342.59,0,0
2025-04-30,成都春熙店,笔记本电脑,19,6709.34,0.032,123398.18,0,0
2025-04-30,成都春熙店,配件耗材,58,210.75,0.021,11966.81,0,0
2025-05-01,上海旗舰店,智能家居,51,954.79,0.003,48548.21,0,0
2025-05-01,上海旗舰店,智能手机,91,4171.22,0.005,377683.11,0,0
2025-05-01,上海旗舰店,智能穿戴,61,1364.0,0.025,81123.9,0,0
2025-05-01,上海旗舰店,笔记本电脑,36,6871.43,0.017,243166.16,0,0
2025-05-01,上海旗舰店,配件耗材,165,210.45,0.153,29411.44,1,0
2025-05-01,北京中关村店,智能家居,41,959.44,0.043,37645.55,0,0
2025-05-01,北京中关村店,智能手机,66,4181.69,0.026,268815.76,0,0
2025-05-01,北京中关村店,智能穿戴,62,1364.62,0.097,76399.62,1,0
2025-05-01,北京中关村店,笔记本电脑,32,6874.93,0.135,190298.06,1,0
2025-05-01,北京中关村店,配件耗材,141,209.41,0.117,26072.17,1,0
2025-05-01,广州天河店,智能家居,43,953.2,0.003,40864.64,0,0
2025-05-01,广州天河店,智能手机,59,4228.55,0.018,244993.73,0,0
2025-05-01,广州天河店,智能穿戴,45,1384.38,0.042,59680.62,0,0
2025-05-01,广州天河店,笔记本电脑,29,7022.03,0.048,193864.2,0,0
2025-05-01,广州天河店,配件耗材,75,212.95,0.031,15476.14,0,0
2025-05-01,成都春熙店,智能家居,34,948.01,0.043,30846.35,0,0
2025-05-01,成都春熙店,智能手机,64,4240.01,0.018,266476.15,0,0
2025-05-01,成都春熙店,智能穿戴,45,1358.7,0.199,48974.34,1,0
2025-05-01,成都春熙店,笔记本电脑,17,6828.95,0.049,110403.63,0,0
2025-05-01,成都春熙店,配件耗材,57,205.85,0.027,11416.65,0,0
2025-05-02,上海旗舰店,智能家居,52,956.58,0.021,48697.57,0,0
2025-05-02,上海旗舰店,智能手机,71,4258.78,0.03,293302.18,0,0
2025-05-02,上海旗舰店,智能穿戴,133,1367.12,0.003,181281.48,0,0
2025-05-02,上海旗舰店,笔记本电脑,28,6786.87,0.023,185661.62,0,0
2025-05-02,上海旗舰店,配件耗材,102,213.56,0.039,20933.58,0,0
2025-05-02,北京中关村店,智能家居,39,944.91,0.041,35340.58,0,0
2025-05-02,北京中关村店,智能手机,63,4250.53,0.031,259482.1,0,0
2025-05-02,北京中关村店,智能穿戴,48,1375.34,0.023,64497.94,0,0
2025-05-02,北京中关村店,笔记本电脑,33,6835.72,0.016,221969.5,0,0
2025-05-02,北京中关村店,配件耗材,113,209.01,0.03,22909.59,0,0
2025-05-02,广州天河店,智能家居,43,930.28,0.045,38201.95,0,0
2025-05-02,广州天河店,智能手机,65,4215.47,0.0,274005.55,0,0
2025-05-02,广州天河店,智能穿戴,33,1381.07,0.023,44527.08,0,0
2025-05-02,广州天河店,笔记本电脑,26,6869.81,0.044,170756.0,0,0
2025-05-02,广州天河店,配件耗材,91,207.82,0.049,17984.95,0,0
2025-05-02,成都春熙店,智能家居,35,957.3,0.025,32667.86,0,0
2025-05-02,成都春熙店,智能手机,44,4182.43,0.032,178138.06,0,0
2025-05-02,成都春熙店,智能穿戴,39,1352.66,0.031,51118.37,0,0
2025-05-02,成都春熙店,笔记本电脑,17,6776.32,0.032,111511.12,0,0
2025-05-02,成都春熙店,配件耗材,78,211.34,0.187,13401.91,1,0
2025-05-03,上海旗舰店,智能家居,61,949.7,0.014,57120.66,0,1
2025-05-03,上海旗舰店,智能手机,84,4214.74,0.036,341292.79,0,1
2025-05-03,上海旗舰店,智能穿戴,58,1388.19,0.033,77858.02,0,1
2025-05-03,上海旗舰店,笔记本电脑,34,6728.08,0.02,224179.63,0,1
2025-05-03,上海旗舰店,配件耗材,106,213.4,0.006,22484.68,0,1
2025-05-03,北京中关村店,智能家居,48,952.94,0.022,44734.82,0,1
2025-05-03,北京中关村店,智能手机,106,4233.53,0.212,353618.29,1,1
2025-05-03,北京中关村店,智能穿戴,56,1417.85,0.018,77970.41,0,1
2025-05-03,北京中关村店,笔记本电脑,27,6839.87,0.002,184307.14,0,1
2025-05-03,北京中关村店,配件耗材,146,212.58,0.037,29888.32,0,1
2025-05-03,广州天河店,智能家居,49,957.07,0.029,45536.43,0,1
2025-05-03,广州天河店,智能手机,94,4215.7,0.016,389935.39,0,1
2025-05-03,广州天河店,智能穿戴,67,1361.74,0.068,85032.49,1,1
2025-05-03,广州天河店,笔记本电脑,29,6840.5,0.039,190637.89,0,1
2025-05-03,广州天河店,配件耗材,108,211.56,0.026,22254.42,0,1
2025-05-03,成都春熙店,智能家居,42,943.77,0.04,38052.81,0,1
2025-05-03,成都春熙店,智能手机,75,4208.3,0.016,310572.54,0,1
2025-05-03,成都春熙店,智能穿戴,33,1372.95,0.017,44537.13,0,1
2025-05-03,成都春熙店,笔记本电脑,21,6894.85,0.005,144067.89,0,1
2025-05-03,成都春熙店,配件耗材,74,209.57,0.037,14934.38,0,1
2025-05-04,上海旗舰店,智能家居,66,952.76,0.024,61372.99,0,1
2025-05-04,上海旗舰店,智能手机,109,4232.95,0.01,456777.63,0,1
2025-05-04,上海旗舰店,智能穿戴,78,1385.37,0.009,107086.33,0,1
2025-05-04,上海旗舰店,笔记本电脑,42,6859.6,0.018,282917.34,0,1
2025-05-04,上海旗舰店,配件耗材,122,212.73,0.001,25927.11,0,1
2025-05-04,北京中关村店,智能家居,45,937.37,0.001,42139.47,0,1
2025-05-04,北京中关村店,智能手机,66,4280.18,0.04,271192.2,0,1
2025-05-04,北京中关村店,智能穿戴,57,1379.36,0.015,77444.17,0,1
2025-05-04,北京中关村店,笔记本电脑,31,6790.73,0.025,205249.81,0,1
2025-05-04,北京中关村店,配件耗材,129,207.89,0.042,25691.46,0,1
2025-05-04,广州天河店,智能家居,51,951.53,0.025,47314.83,0,1
2025-05-04,广州天河店,智能手机,76,4207.34,0.04,306967.53,0,1
2025-05-04,广州天河店,智能穿戴,49,1374.85,0.006,66963.44,0,1
2025-05-04,广州天河店,笔记本电脑,29,6941.34,0.039,193448.2,0,1
2025-05-04,广州天河店,配件耗材,143,212.29,0.097,27412.8,1,1
2025-05-04,成都春熙店,智能家居,33,945.86,0.05,29652.71,0,1
2025-05-04,成都春熙店,智能手机,49,4228.43,0.039,199112.54,0,1
2025-05-04,成都春熙店,智能穿戴,34,1365.66,0.026,45225.2,0,1
2025-05-04,成都春熙店,笔记本电脑,18,6698.15,0.036,116226.3,0,1
2025-05-04,成都春熙店,配件耗材,87,209.86,0.2,14606.26,1,1
2025-05-05,上海旗舰店,智能家居,76,949.37,0.165,60247.02,1,0
2025-05-05,上海旗舰店,智能手机,84,4238.48,0.005,354252.16,0,0
2025-05-05,上海旗舰店,智能穿戴,42,1387.05,0.043,55751.09,0,0
2025-05-05,上海旗舰店,笔记本电脑,34,6933.26,0.041,226065.88,0,0
2025-05-05,上海旗舰店,配件耗材,151,212.53,0.204,25545.26,1,0
2025-05-05,北京中关村店,智能家居,50,948.14,0.021,46411.45,0,0
2025-05-05,北京中关村店,智能手机,60,4232.37,0.05,241245.09,0,0
2025-05-05,北京中关村店,智能穿戴,57,1366.53,0.029,75633.34,0,0
2025-05-05,北京中关村店,笔记本电脑,29,6851.75,0.048,189163.11,0,0
2025-05-05,北京中关村店,配件耗材,97,208.85,0.01,20055.87,0,0
2025-05-05,广州天河店,智能家居,44,961.25,0.002,42210.41,0,0
2025-05-05,广州天河店,智能手机,65,4267.03,0.028,269590.96,0,0
2025-05-05,广州天河店,智能穿戴,51,1370.13,0.149,59465.01,1,0
2025-05-05,广州天河店,笔记本电脑,21,6922.81,0.04,139563.85,0,0
2025-05-05,广州天河店,配件耗材,86,214.1,0.021,18025.94,0,0
2025-05-05,成都春熙店,智能家居,30,928.54,0.045,26602.67,0,0
2025-05-05,成都春熙店,智能手机,41,4219.86,0.031,167650.82,0,0
2025-05-05,成都春熙店,智能穿戴,28,1382.87,0.013,38217.0,0,0
2025-05-05,成都春熙店,笔记本电脑,17,6873.82,0.009,115803.25,0,0
2025-05-05,成都春熙店,配件耗材,63,212.27,0.027,13011.94,0,0
2025-05-06,上海旗舰店,智能家居,52,924.74,0.016,47317.1,0,0
2025-05-06,上海旗舰店,智能手机,63,4276.78,0.04,258659.65,0,0
2025-05-06,上海旗舰店,智能穿戴,55,1371.76,0.029,73258.84,0,0
2025-05-06,上海旗舰店,笔记本电脑,25,6935.36,0.013,171130.01,0,0
2025-05-06,上海旗舰店,配件耗材,96,211.55,0.026,19780.77,0,0
2025-05-06,北京中关村店,智能家居,45,951.92,0.023,41851.16,0,0
2025-05-06,北京中关村店,智能手机,85,4235.49,0.032,348496.12,0,0
2025-05-06,北京中关村店,智能穿戴,52,1412.26,0.036,70793.77,0,0
2025-05-06,北京中关村店,笔记本电脑,24,6848.81,0.008,163056.47,0,0
2025-05-06,北京中关村店,配件耗材,101,209.96,0.016,20866.66,0,0
2025-05-06,广州天河店,智能家居,37,960.32,0.019,34856.74,0,0
2025-05-06,广州天河店,智能手机,92,4222.02,0.113,344533.72,1,0
2025-05-06,广州天河店,智能穿戴,37,1360.1,0.045,48059.13,0,0
2025-05-06,广州天河店,笔记本电脑,32,6758.36,0.138,186422.6,1,0
2025-05-06,广州天河店,配件耗材,99,211.67,0.091,19048.39,1,0
2025-05-06,成都春熙店,智能家居,28,952.3,0.038,25651.15,0,0
2025-05-06,成都春熙店,智能手机,56,4233.87,0.048,225716.08,0,0
2025-05-06,成都春熙店,智能穿戴,31,1391.65,0.036,41588.07,0,0
2025-05-06,成都春熙店,笔记本电脑,18,6895.62,0.029,120521.65,0,0
2025-05-06,成都春熙店,配件耗材,48,209.04,0.007,9963.68,0,0
2025-05-07,上海旗舰店,智能家居,51,941.08,0.003,47851.09,0,0
2025-05-07,上海旗舰店,智能手机,79,4266.43,0.044,322217.86,0,0
2025-05-07,上海旗舰店,智能穿戴,58,1388.81,0.041,77248.39,0,0
2025-05-07,上海旗舰店,笔记本电脑,29,6871.81,0.01,197289.67,0,0
2025-05-07,上海旗舰店,配件耗材,142,211.36,0.211,23680.35,1,0
2025-05-07,北京中关村店,智能家居,45,948.04,0.03,41381.95,0,0
2025-05-07,北京中关村店,智能手机,92,4241.05,0.095,353109.82,1,0
2025-05-07,北京中关村店,智能穿戴,44,1346.28,0.017,58229.3,0,0
2025-05-07,北京中关村店,笔记本电脑,30,6896.04,0.037,199226.6,0,0
2025-05-07,北京中关村店,配件耗材,90,214.35,0.006,19175.75,0,0
2025-05-07,广州天河店,智能家居,47,955.8,0.038,43215.54,0,0
2025-05-07,广州天河店,智能手机,71,4146.55,0.011,291166.59,0,0
2025-05-07,广州天河店,智能穿戴,36,1378.52,0.034,47939.41,0,0
2025-05-07,广州天河店,笔记本电脑,26,6877.0,0.184,145902.43,1,0
2025-05-07,广州天河店,配件耗材,148,210.33,0.019,30537.39,0,0
2025-05-07,成都春熙店,智能家居,30,942.21,0.033,27333.51,0,0
2025-05-07,成都春熙店,智能手机,80,4195.24,0.205,266817.26,1,0
2025-05-07,成都春熙店,智能穿戴,37,1378.67,0.004,50806.75,0,0
2025-05-07,成都春熙店,笔记本电脑,19,6817.09,0.012,127970.41,0,0
2025-05-07,成都春熙店,配件耗材,55,211.79,0.018,11438.78,0,0
2025-05-08,上海旗舰店,智能家居,61,961.39,0.001,58586.15,0,0
2025-05-08,上海旗舰店,智能手机,71,4268.15,0.025,295462.68,0,0
2025-05-08,上海旗舰店,智能穿戴,50,1375.79,0.011,68032.82,0,0
2025-05-08,上海旗舰店,笔记本电脑,27,6876.85,0.007,184375.23,0,0
2025-05-08,上海旗舰店,配件耗材,139,213.12,0.102,26602.06,1,0
2025-05-08,北京中关村店,智能家居,44,949.15,0.025,40718.53,0,0
2025-05-08,北京中关村店,智能手机,78,4250.18,0.033,320574.08,0,0
2025-05-08,北京中关村店,智能穿戴,60,1372.11,0.031,79774.48,0,0
2025-05-08,北京中关村店,笔记本电脑,23,6987.35,0.044,153637.85,0,0
2025-05-08,北京中关村店,配件耗材,83,209.44,0.005,17296.6,0,0
2025-05-08,广州天河店,智能家居,60,943.79,0.162,47453.76,1,0
2025-05-08,广州天河店,智能手机,48,4285.23,0.01,203634.13,0,0
2025-05-08,广州天河店,智能穿戴,44,1375.1,0.045,57781.7,0,0
2025-05-08,广州天河店,笔记本电脑,35,6759.16,0.129,206052.99,1,0
2025-05-08,广州天河店,配件耗材,87,210.67,0.048,17448.53,0,0
2025-05-08,成都春熙店,智能家居,38,965.43,0.07,34118.3,1,0
2025-05-08,成都春熙店,智能手机,55,4247.25,0.024,227992.38,0,0
2025-05-08,成都春熙店,智能穿戴,37,1388.14,0.04,49306.73,0,0
2025-05-08,成都春熙店,笔记本电脑,20,6834.49,0.033,132179.04,0,0
2025-05-08,成都春熙店,配件耗材,57,210.19,0.021,11729.23,0,0
2025-05-09,上海旗舰店,智能家居,45,948.82,0.024,41672.17,0,0
2025-05-09,上海旗舰店,智能手机,74,4201.0,0.014,306521.76,0,0
2025-05-09,上海旗舰店,智能穿戴,56,1386.02,0.035,74900.52,0,0
2025-05-09,上海旗舰店,笔记本电脑,36,6811.84,0.028,238359.91,0,0
2025-05-09,上海旗舰店,配件耗材,87,209.57,0.046,17393.89,0,0
2025-05-09,北京中关村店,智能家居,45,956.42,0.043,41188.23,0,0
2025-05-09,北京中关村店,智能手机,92,4209.89,0.018,380338.3,0,0
2025-05-09,北京中关村店,智能穿戴,63,1361.4,0.029,83280.92,0,0
2025-05-09,北京中关村店,笔记本电脑,40,6805.78,0.072,252630.55,1,0
2025-05-09,北京中关村店,配件耗材,108,208.61,0.044,21538.57,0,0
2025-05-09,广州天河店,智能家居,51,959.97,0.01,48468.89,0,0
2025-05-09,广州天河店,智能手机,69,4177.67,0.026,280764.49,0,0
2025-05-09,广州天河店,智能穿戴,41,1394.61,0.028,55578.0,0,0
2025-05-09,广州天河店,笔记本电脑,32,6838.6,0.022,214020.83,0,0
2025-05-09,广州天河店,配件耗材,84,213.43,0.013,17695.05,0,0
2025-05-09,成都春熙店,智能家居,39,955.07,0.029,36167.55,0,0
2025-05-09,成都春熙店,智能手机,47,4266.17,0.013,197903.36,0,0
2025-05-09,成都春熙店,智能穿戴,42,1360.09,0.007,56723.91,0,0
2025-05-09,成都春熙店,笔记本电脑,19,6925.81,0.037,126721.55,0,0
2025-05-09,成都春熙店,配件耗材,62,211.98,0.048,12511.91,0,0
2025-05-10,上海旗舰店,智能家居,86,933.78,0.219,62718.27,1,1
2025-05-10,上海旗舰店,智能手机,99,4158.49,0.032,398516.41,0,1
2025-05-10,上海旗舰店,智能穿戴,66,1376.49,0.005,90394.1,0,1
2025-05-10,上海旗舰店,笔记本电脑,35,6895.74,0.014,237971.99,0,1
2025-05-10,上海旗舰店,配件耗材,128,211.78,0.035,26159.07,0,1
2025-05-10,北京中关村店,智能家居,53,951.12,0.04,48392.99,0,1
2025-05-10,北京中关村店,智能手机,86,4187.61,0.012,355812.85,0,1
2025-05-10,北京中关村店,智能穿戴,53,1403.0,0.045,71012.85,0,1
2025-05-10,北京中关村店,笔记本电脑,48,6977.87,0.001,334602.82,0,1
2025-05-10,北京中关村店,配件耗材,122,211.48,0.04,24768.54,0,1
2025-05-10,广州天河店,智能家居,50,954.78,0.039,45877.18,0,1
2025-05-10,广州天河店,智能手机,59,4256.93,0.016,247140.33,0,1
2025-05-10,广州天河店,智能穿戴,43,1357.22,0.005,58068.66,0,1
2025-05-10,广州天河店,笔记本电脑,28,6905.94,0.004,192592.85,0,1
2025-05-10,广州天河店,配件耗材,93,213.1,0.013,19560.66,0,1
2025-05-10,成都春熙店,智能家居,33,941.07,0.047,29595.71,0,1
2025-05-10,成都春熙店,智能手机,53,4241.75,0.032,217618.74,0,1
2025-05-10,成都春熙店,智能穿戴,31,1376.64,0.048,40627.4,0,1
2025-05-10,成都春熙店,笔记本电脑,24,6811.73,0.04,156942.26,0,1
2025-05-10,成都春熙店,配件耗材,85,211.02,0.069,16699.07,1,1
2025-05-11,上海旗舰店,智能家居,91,972.56,0.039,85051.34,0,1
2025-05-11,上海旗舰店,智能手机,94,4186.65,0.097,355371.23,1,1
2025-05-11,上海旗舰店,智能穿戴,51,1348.19,0.015,67726.32,0,1
2025-05-11,上海旗舰店,笔记本电脑,37,6910.18,0.019,250818.8,0,1
2025-05-11,上海旗舰店,配件耗材,123,210.7,0.045,24749.88,0,1
2025-05-11,北京中关村店,智能家居,51,963.24,0.006,48830.49,0,1
2025-05-11,北京中关村店,智能手机,72,4240.35,0.03,296146.04,0,1
2025-05-11,北京中关村店,智能穿戴,45,1372.26,0.029,59960.9,0,1
2025-05-11,北京中关村店,笔记本电脑,33,6905.35,0.042,218305.73,0,1
2025-05-11,北京中关村店,配件耗材,97,210.14,0.047,19425.55,0,1
2025-05-11,广州天河店,智能家居,49,955.25,0.049,44513.69,0,1
2025-05-11,广州天河店,智能手机,78,4139.26,0.02,316405.03,0,1
2025-05-11,广州天河店,智能穿戴,44,1385.49,0.017,59925.21,0,1
2025-05-11,广州天河店,笔记本电脑,27,6904.23,0.037,179516.88,0,1
2025-05-11,广州天河店,配件耗材,102,210.44,0.035,20713.61,0,1
2025-05-11,成都春熙店,智能家居,31,946.27,0.04,28161.0,0,1
2025-05-11,成都春熙店,智能手机,58,4247.81,0.022,240952.77,0,1
2025-05-11,成都春熙店,智能穿戴,45,1362.04,0.017,60249.84,0,1
2025-05-11,成都春熙店,笔记本电脑,21,6824.18,0.024,139868.39,0,1
2025-05-11,成都春熙店,配件耗材,56,212.74,0.026,11603.69,0,1
2025-05-12,上海旗舰店,智能家居,57,950.47,0.015,53364.14,0,0
2025-05-12,上海旗舰店,智能手机,70,4265.55,0.011,295304.03,0,0
2025-05-12,上海旗舰店,智能穿戴,61,1385.01,0.01,83640.75,0,0
2025-05-12,上海旗舰店,笔记本电脑,27,6811.96,0.035,177485.62,0,0
2025-05-12,上海旗舰店,配件耗材,83,207.31,0.001,17189.52,0,0
2025-05-12,北京中关村店,智能家居,60,953.2,0.022,55933.78,0,0
2025-05-12,北京中关村店,智能手机,59,4276.54,0.015,248531.12,0,0
2025-05-12,北京中关村店,智能穿戴,49,1372.25,0.034,64954.08,0,0
2025-05-12,北京中关村店,笔记本电脑,26,6942.87,0.026,175821.24,0,0
2025-05-12,北京中关村店,配件耗材,99,210.55,0.025,20323.34,0,0
2025-05-12,广州天河店,智能家居,53,950.9,0.176,41527.7,1,0
2025-05-12,广州天河店,智能手机,64,4317.75,0.019,271085.62,0,0
2025-05-12,广州天河店,智能穿戴,33,1345.63,0.04,42629.56,0,0
2025-05-12,广州天河店,笔记本电脑,35,6814.94,0.162,199882.19,1,0
2025-05-12,广州天河店,配件耗材,68,210.98,0.011,14188.83,0,0
2025-05-12,成都春熙店,智能家居,28,950.32,0.014,26236.43,0,0
2025-05-12,成都春熙店,智能手机,95,4216.24,0.036,386123.26,0,0
2025-05-12,成都春熙店,智能穿戴,39,1385.36,0.03,52408.17,0,0
2025-05-12,成都春熙店,笔记本电脑,15,7039.5,0.0,105592.5,0,0
2025-05-12,成都春熙店,配件耗材,49,209.73,0.021,10060.96,0,0
2025-05-13,上海旗舰店,智能家居,58,941.53,0.047,52042.13,0,0
2025-05-13,上海旗舰店,智能手机,68,4262.74,0.046,276532.47,0,0
2025-05-13,上海旗舰店,智能穿戴,79,1389.8,0.215,86188.45,1,0
2025-05-13,上海旗舰店,笔记本电脑,32,6708.81,0.028,208670.83,0,0
2025-05-13,上海旗舰店,配件耗材,105,212.67,0.027,21727.43,0,0
2025-05-13,北京中关村店,智能家居,39,957.81,0.034,36084.53,0,0
2025-05-13,北京中关村店,智能手机,51,4252.83,0.033,209736.82,0,0
2025-05-13,北京中关村店,智能穿戴,45,1350.15,0.014,59906.16,0,0
2025-05-13,北京中关村店,笔记本电脑,30,6917.56,0.043,198603.15,0,0
2025-05-13,北京中关村店,配件耗材,105,211.4,0.045,21198.13,0,0
2025-05-13,广州天河店,智能家居,44,951.6,0.073,38813.86,1,0
2025-05-13,广州天河店,智能手机,66,4226.44,0.039,268066.18,0,0
2025-05-13,广州天河店,智能穿戴,36,1362.09,0.027,47711.29,0,0
2025-05-13,广州天河店,笔记本电脑,22,6718.56,0.008,146625.85,0,0
2025-05-13,广州天河店,配件耗材,71,210.53,0.041,14334.78,0,0
2025-05-13,成都春熙店,智能家居,26,957.14,0.008,24686.55,0,0
2025-05-13,成都春熙店,智能手机,56,4180.71,0.016,230373.84,0,0
2025-05-13,成都春熙店,智能穿戴,31,1367.41,0.039,40736.51,0,0
2025-05-13,成都春熙店,笔记本电脑,16,6797.21,0.034,105057.68,0,0
2025-05-13,成都春熙店,配件耗材,64,213.61,0.044,13069.51,0,0
2025-05-14,上海旗舰店,智能家居,58,951.91,0.102,49579.28,1,0
2025-05-14,上海旗舰店,智能手机,56,4270.76,0.032,231509.36,0,0
2025-05-14,上海旗舰店,智能穿戴,53,1384.95,0.004,73108.74,0,0
2025-05-14,上海旗舰店,笔记本电脑,41,6832.2,0.016,275638.28,0,0
2025-05-14,上海旗舰店,配件耗材,91,207.69,0.019,18540.69,0,0
2025-05-14,北京中关村店,智能家居,48,957.49,0.039,44167.1,0,0
2025-05-14,北京中关村店,智能手机,81,4151.14,0.037,323801.37,0,0
2025-05-14,北京中关村店,智能穿戴,45,1371.85,0.035,59572.59,0,0
2025-05-14,北京中关村店,笔记本电脑,26,6915.84,0.027,174956.92,0,0
2025-05-14,北京中关村店,配件耗材,109,209.07,0.046,21740.35,0,0
2025-05-14,广州天河店,智能家居,38,942.97,0.041,34363.71,0,0
2025-05-14,广州天河店,智能手机,96,4201.84,0.136,348517.42,1,0
2025-05-14,广州天河店,智能穿戴,48,1379.48,0.007,65751.53,0,0
2025-05-14,广州天河店,笔记本电脑,22,6864.6,0.021,147849.75,0,0
2025-05-14,广州天河店,配件耗材,104,208.42,0.019,21263.84,0,0
2025-05-14,成都春熙店,智能家居,30,949.97,0.009,28242.61,0,0
2025-05-14,成都春熙店,智能手机,55,4184.93,0.05,218662.59,0,0
2025-05-14,成都春熙店,智能穿戴,36,1369.48,0.034,47625.04,0,0
2025-05-14,成都春熙店,笔记本电脑,30,6873.93,0.184,168273.81,1,0
2025-05-14,成都春熙店,配件耗材,54,209.91,0.007,11255.79,0,0
2025-05-15,上海旗舰店,智能家居,54,955.04,0.02,50540.72,0,0
2025-05-15,上海旗舰店,智能手机,90,4237.42,0.213,300136.46,1,0
2025-05-15,上海旗舰店,智能穿戴,60,1374.09,0.015,81208.72,0,0
2025-05-15,上海旗舰店,笔记本电脑,27,6794.39,0.041,175927.14,0,0
2025-05-15,上海旗舰店,配件耗材,150,210.96,0.193,25536.71,1,0
2025-05-15,北京中关村店,智能家居,42,941.36,0.013,39023.14,0,0
2025-05-15,北京中关村店,智能手机,64,4249.38,0.041,260809.95,0,0
2025-05-15,北京中关村店,智能穿戴,41,1392.63,0.003,56926.54,0,0
2025-05-15,北京中关村店,笔记本电脑,29,6840.75,0.024,193620.59,0,0
2025-05-15,北京中关村店,配件耗材,190,214.15,0.017,39996.8,0,0
2025-05-15,广州天河店,智能家居,46,940.34,0.037,41655.18,0,0
2025-05-15,广州天河店,智能手机,53,4237.59,0.042,215159.39,0,0
2025-05-15,广州天河店,智能穿戴,42,1387.39,0.017,57279.78,0,0
2025-05-15,广州天河店,笔记本电脑,28,6785.3,0.037,182958.83,0,0
2025-05-15,广州天河店,配件耗材,67,213.68,0.003,14273.61,0,0
2025-05-15,成都春熙店,智能家居,31,931.5,0.039,27750.32,0,0
2025-05-15,成都春熙店,智能手机,47,4265.39,0.013,197867.18,0,0
2025-05-15,成都春熙店,智能穿戴,43,1383.63,0.04,57116.25,0,0
2025-05-15,成都春熙店,笔记本电脑,25,6994.55,0.018,171716.2,0,0
2025-05-15,成都春熙店,配件耗材,66,211.35,0.197,11201.13,1,0
2025-05-16,上海旗舰店,智能家居,46,946.78,0.038,41896.91,0,0
2025-05-16,上海旗舰店,智能手机,108,4297.83,0.142,398254.12,1,0
2025-05-16,上海旗舰店,智能穿戴,49,1360.09,0.045,63645.41,0,0
2025-05-16,上海旗舰店,笔记本电脑,42,6904.8,0.033,280431.55,0,0
2025-05-16,上海旗舰店,配件耗材,105,211.54,0.028,21589.77,0,0
2025-05-16,北京中关村店,智能家居,46,946.18,0.012,43001.99,0,0
2025-05-16,北京中关村店,智能手机,100,4200.24,0.157,354080.23,1,0
2025-05-16,北京中关村店,智能穿戴,39,1380.82,0.044,51482.49,0,0
2025-05-16,北京中关村店,笔记本电脑,30,6937.55,0.03,201882.7,0,0
2025-05-16,北京中关村店,配件耗材,114,209.38,0.02,23391.93,0,0
2025-05-16,广州天河店,智能家居,53,945.81,0.019,49175.5,0,0
2025-05-16,广州天河店,智能手机,62,4175.37,0.026,252142.24,0,0
2025-05-16,广州天河店,智能穿戴,44,1362.03,0.042,57412.29,0,0
2025-05-16,广州天河店,笔记本电脑,25,6859.74,0.046,163604.8,0,0
2025-05-16,广州天河店,配件耗材,86,213.87,0.039,17675.5,0,0
2025-05-16,成都春熙店,智能家居,35,968.12,0.037,32630.48,0,0
2025-05-16,成都春熙店,智能手机,76,4260.58,0.062,303728.23,1,0
2025-05-16,成都春熙店,智能穿戴,35,1349.25,0.035,45570.92,0,0
2025-05-16,成都春熙店,笔记本电脑,28,6814.24,0.06,179350.8,1,0
2025-05-16,成都春熙店,配件耗材,55,211.29,0.001,11609.33,0,0
2025-05-17,上海旗舰店,智能家居,66,962.05,0.008,62987.34,0,1
2025-05-17,上海旗舰店,智能手机,88,4210.15,0.026,360860.38,0,1
2025-05-17,上海旗舰店,智能穿戴,75,1375.99,0.002,102992.85,0,1
2025-05-17,上海旗舰店,笔记本电脑,35,6960.58,0.002,243133.06,0,1
2025-05-17,上海旗舰店,配件耗材,170,211.3,0.104,32185.22,1,1
2025-05-17,北京中关村店,智能家居,49,959.3,0.038,45219.48,0,1
2025-05-17,北京中关村店,智能手机,83,4243.91,0.021,344847.39,0,1
2025-05-17,北京中关村店,智能穿戴,80,1359.71,0.008,107906.59,0,1
2025-05-17,北京中关村店,笔记本电脑,49,6794.22,0.151,282646.35,1,1
2025-05-17,北京中关村店,配件耗材,108,208.61,0.039,21651.21,0,1
2025-05-17,广州天河店,智能家居,49,963.25,0.013,46585.66,0,1
2025-05-17,广州天河店,智能手机,71,4218.6,0.005,298023.0,0,1
2025-05-17,广州天河店,智能穿戴,45,1363.62,0.016,60381.09,0,1
2025-05-17,广州天河店,笔记本电脑,33,6925.7,0.025,222834.4,0,1
2025-05-17,广州天河店,配件耗材,86,212.62,0.014,18029.33,0,1
2025-05-17,成都春熙店,智能家居,32,969.6,0.045,29630.98,0,1
2025-05-17,成都春熙店,智能手机,71,4264.14,0.03,293671.32,0,1
2025-05-17,成都春熙店,智能穿戴,55,1368.02,0.031,72908.63,0,1
2025-05-17,成都春熙店,笔记本电脑,21,6859.31,0.037,138715.83,0,1
2025-05-17,成都春熙店,配件耗材,67,212.2,0.026,13847.75,0,1
2025-05-18,上海旗舰店,智能家居,48,936.03,0.024,43851.13,0,1
2025-05-18,上海旗舰店,智能手机,96,4235.2,0.015,400480.51,0,1
2025-05-18,上海旗舰店,智能穿戴,76,1349.18,0.0,102537.68,0,1
2025-05-18,上海旗舰店,笔记本电脑,40,6868.91,0.048,261568.09,0,1
2025-05-18,上海旗舰店,配件耗材,157,211.21,0.103,29744.49,1,1
2025-05-18,北京中关村店,智能家居,43,923.22,0.044,37951.73,0,1
2025-05-18,北京中关村店,智能手机,81,4198.28,0.022,332579.35,0,1
2025-05-18,北京中关村店,智能穿戴,56,1358.71,0.012,75174.71,0,1
2025-05-18,北京中关村店,笔记本电脑,44,6923.37,0.142,261371.06,1,1
2025-05-18,北京中关村店,配件耗材,122,212.89,0.017,25531.05,0,1
2025-05-18,广州天河店,智能家居,82,952.95,0.075,72281.26,1,1
2025-05-18,广州天河店,智能手机,82,4295.47,0.038,338843.86,0,1
2025-05-18,广州天河店,智能穿戴,56,1390.53,0.017,76545.9,0,1
2025-05-18,广州天河店,笔记本电脑,30,6895.37,0.033,200034.68,0,1
2025-05-18,广州天河店,配件耗材,93,212.38,0.002,19711.84,0,1
2025-05-18,成都春熙店,智能家居,39,956.71,0.008,37013.2,0,1
2025-05-18,成都春熙店,智能手机,93,4333.87,0.145,344607.67,1,1
2025-05-18,成都春熙店,智能穿戴,35,1375.5,0.031,46650.08,0,1
2025-05-18,成都春熙店,笔记本电脑,19,6947.72,0.012,130422.6,0,1
2025-05-18,成都春熙店,配件耗材,58,210.85,0.015,12045.86,0,1
2025-05-19,上海旗舰店,智能家居,52,957.02,0.047,47426.08,0,0
2025-05-19,上海旗舰店,智能手机,87,4251.42,0.014,364695.31,0,0
2025-05-19,上海旗舰店,智能穿戴,45,1394.52,0.024,61247.32,0,0
2025-05-19,上海旗舰店,笔记本电脑,39,6904.09,0.021,263605.06,0,0
2025-05-19,上海旗舰店,配件耗材,122,216.54,0.05,25096.99,0,0
2025-05-19,北京中关村店,智能家居,43,972.02,0.023,40835.53,0,0
2025-05-19,北京中关村店,智能手机,65,4208.45,0.011,270540.21,0,0
2025-05-19,北京中关村店,智能穿戴,81,1356.08,0.147,93695.64,1,0
2025-05-19,北京中关村店,笔记本电脑,32,6864.83,0.027,213743.35,0,0
2025-05-19,北京中关村店,配件耗材,85,214.97,0.02,17907.0,0,0
2025-05-19,广州天河店,智能家居,58,963.41,0.002,55766.02,0,0
2025-05-19,广州天河店,智能手机,68,4209.88,0.033,276824.87,0,0
2025-05-19,广州天河店,智能穿戴,35,1355.19,0.025,46245.86,0,0
2025-05-19,广州天河店,笔记本电脑,27,6939.37,0.012,185114.63,0,0
2025-05-19,广州天河店,配件耗材,83,210.31,0.035,16844.78,0,0
2025-05-19,成都春熙店,智能家居,27,954.47,0.001,25744.92,0,0
2025-05-19,成都春熙店,智能手机,54,4250.2,0.015,226068.14,0,0
2025-05-19,成都春熙店,智能穿戴,37,1372.91,0.048,48359.38,0,0
2025-05-19,成都春熙店,笔记本电脑,17,6838.69,0.007,115443.93,0,0
2025-05-19,成都春熙店,配件耗材,46,214.13,0.046,9396.88,0,0
2025-05-20,上海旗舰店,智能家居,54,953.24,0.046,49107.11,0,0
2025-05-20,上海旗舰店,智能手机,84,4305.88,0.002,360970.53,0,0
2025-05-20,上海旗舰店,智能穿戴,50,1360.92,0.023,66480.94,0,0
2025-05-20,上海旗舰店,笔记本电脑,36,6873.98,0.006,245978.5,0,0
2025-05-20,上海旗舰店,配件耗材,88,209.57,0.047,17575.38,0,0
2025-05-20,北京中关村店,智能家居,56,957.99,0.11,47746.22,1,0
2025-05-20,北京中关村店,智能手机,64,4193.55,0.043,256846.55,0,0
2025-05-20,北京中关村店,智能穿戴,52,1385.81,0.036,69467.88,0,0
2025-05-20,北京中关村店,笔记本电脑,29,6966.82,0.025,196986.84,0,0
2025-05-20,北京中关村店,配件耗材,95,210.74,0.042,19179.45,0,0
2025-05-20,广州天河店,智能家居,57,953.78,0.126,47515.41,1,0
2025-05-20,广州天河店,智能手机,59,4260.56,0.009,249110.68,0,0
2025-05-20,广州天河店,智能穿戴,44,1399.33,0.038,59230.84,0,0
2025-05-20,广州天河店,笔记本电脑,29,6894.63,0.014,197145.05,0,0
2025-05-20,广州天河店,配件耗材,70,211.53,0.02,14510.96,0,0
2025-05-20,成都春熙店,智能家居,29,948.76,0.021,26936.25,0,0
2025-05-20,成都春熙店,智能手机,49,4298.46,0.139,181347.73,1,0
2025-05-20,成都春熙店,智能穿戴,41,1371.16,0.024,54868.34,0,0
2025-05-20,成都春熙店,笔记本电脑,17,6874.24,0.02,114524.84,0,0
2025-05-20,成都春熙店,配件耗材,50,210.29,0.042,10072.89,0,0
2025-05-21,上海旗舰店,智能家居,62,942.65,0.01,57859.86,0,0
2025-05-21,上海旗舰店,智能手机,71,4314.22,0.03,297120.33,0,0
2025-05-21,上海旗舰店,智能穿戴,63,1371.05,0.062,81020.83,1,0
2025-05-21,上海旗舰店,笔记本电脑,28,6993.72,0.003,195236.69,0,0
2025-05-21,上海旗舰店,配件耗材,104,209.42,0.002,21736.12,0,0
2025-05-21,北京中关村店,智能家居,50,943.44,0.021,46181.39,0,0
2025-05-21,北京中关村店,智能手机,84,4176.56,0.022,343112.76,0,0
2025-05-21,北京中关村店,智能穿戴,50,1391.45,0.037,66998.32,0,0
2025-05-21,北京中关村店,笔记本电脑,31,6888.2,0.035,206060.5,0,0
2025-05-21,北京中关村店,配件耗材,101,210.76,0.047,20286.28,0,0
2025-05-21,广州天河店,智能家居,46,959.25,0.04,42360.48,0,0
2025-05-21,广州天河店,智能手机,59,4202.11,0.043,237263.74,0,0
2025-05-21,广州天河店,智能穿戴,45,1392.36,0.044,59899.33,0,0
2025-05-21,广州天河店,笔记本电脑,22,6843.08,0.015,148289.54,0,0
2025-05-21,广州天河店,配件耗材,89,211.16,0.035,18135.48,0,0
2025-05-21,成都春熙店,智能家居,26,952.97,0.029,24058.68,0,0
2025-05-21,成都春熙店,智能手机,50,4275.36,0.043,204575.98,0,0
2025-05-21,成都春熙店,智能穿戴,35,1391.18,0.028,47327.94,0,0
2025-05-21,成都春熙店,笔记本电脑,24,6769.33,0.07,151091.45,1,0
2025-05-21,成都春熙店,配件耗材,50,208.34,0.027,10135.74,0,0
2025-05-22,上海旗舰店,智能家居,50,942.17,0.017,46307.66,0,0
2025-05-22,上海旗舰店,智能手机,76,4242.77,0.05,306327.99,0,0
2025-05-22,上海旗舰店,智能穿戴,73,1361.48,0.036,95810.07,0,0
2025-05-22,上海旗舰店,笔记本电脑,40,7032.18,0.188,228405.21,1,0
2025-05-22,上海旗舰店,配件耗材,107,213.42,0.024,22287.88,0,0
2025-05-22,北京中关村店,智能家居,45,955.54,0.038,41365.33,0,0
2025-05-22,北京中关村店,智能手机,69,4248.1,0.001,292825.78,0,0
2025-05-22,北京中关村店,智能穿戴,47,1360.14,0.018,62775.9,0,0
2025-05-22,北京中关村店,笔记本电脑,27,6965.89,0.015,185257.84,0,0
2025-05-22,北京中关村店,配件耗材,124,209.68,0.011,25714.32,0,0
2025-05-22,广州天河店,智能家居,57,960.22,0.003,54568.34,0,0
2025-05-22,广州天河店,智能手机,205,4247.44,0.185,709641.04,1,0
2025-05-22,广州天河店,智能穿戴,52,1384.94,0.152,61070.31,1,0
2025-05-22,广州天河店,笔记本电脑,22,6842.09,0.018,147816.51,0,0
2025-05-22,广州天河店,配件耗材,104,211.08,0.034,21205.94,0,0
2025-05-22,成都春熙店,智能家居,25,936.01,0.021,22908.84,0,0
2025-05-22,成都春熙店,智能手机,56,4275.04,0.044,228868.54,0,0
2025-05-22,成都春熙店,智能穿戴,28,1383.34,0.04,37184.18,0,0
2025-05-22,成都春熙店,笔记本电脑,20,6813.06,0.009,135034.85,0,0
2025-05-22,成都春熙店,配件耗材,72,209.76,0.02,14800.67,0,0
2025-05-23,上海旗舰店,智能家居,79,955.34,0.001,75396.39,0,0
2025-05-23,上海旗舰店,智能手机,63,4318.4,0.027,264713.6,0,0
2025-05-23,上海旗舰店,智能穿戴,68,1367.12,0.006,92406.38,0,0
2025-05-23,上海旗舰店,笔记本电脑,32,6795.08,0.03,210919.28,0,0
2025-05-23,上海旗舰店,配件耗材,113,215.04,0.037,23400.44,0,0
2025-05-23,北京中关村店,智能家居,41,970.58,0.044,38042.85,0,0
2025-05-23,北京中关村店,智能手机,60,4196.77,0.003,251050.78,0,0
2025-05-23,北京中关村店,智能穿戴,41,1385.66,0.013,56073.5,0,0
2025-05-23,北京中关村店,笔记本电脑,48,6892.9,0.196,266010.8,1,0
2025-05-23,北京中关村店,配件耗材,115,209.48,0.005,23969.75,0,0
2025-05-23,广州天河店,智能家居,109,944.1,0.05,97761.56,0,0
2025-05-23,广州天河店,智能手机,69,4307.15,0.001,296896.16,0,0
2025-05-23,广州天河店,智能穿戴,46,1365.19,0.043,60098.39,0,0
2025-05-23,广州天河店,笔记本电脑,26,6862.41,0.041,171107.33,0,0
2025-05-23,广州天河店,配件耗材,82,213.11,0.027,17003.19,0,0
2025-05-23,成都春熙店,智能家居,35,955.04,0.01,33092.14,0,0
2025-05-23,成都春熙店,智能手机,62,4262.48,0.025,257666.92,0,0
2025-05-23,成都春熙店,智能穿戴,38,1363.0,0.03,50240.18,0,0
2025-05-23,成都春熙店,笔记本电脑,25,6822.08,0.017,167652.62,0,0
2025-05-23,成都春熙店,配件耗材,64,212.34,0.012,13426.68,0,0
2025-05-24,上海旗舰店,智能家居,67,954.83,0.016,62950.03,0,1
2025-05-24,上海旗舰店,智能手机,85,4323.59,0.046,350599.91,0,1
2025-05-24,上海旗舰店,智能穿戴,65,1388.31,0.014,88976.79,0,1
2025-05-24,上海旗舰店,笔记本电脑,44,6886.18,0.033,292993.19,0,1
2025-05-24,上海旗舰店,配件耗材,138,209.58,0.045,27620.55,0,1
2025-05-24,北京中关村店,智能家居,88,943.8,0.172,68769.04,1,1
2025-05-24,北京中关村店,智能手机,79,4241.58,0.018,329053.29,0,1
2025-05-24,北京中关村店,智能穿戴,60,1378.46,0.025,80639.91,0,1
2025-05-24,北京中关村店,笔记本电脑,30,6886.55,0.026,201224.99,0,1
2025-05-24,北京中关村店,配件耗材,131,208.87,0.042,26212.77,0,1
2025-05-24,广州天河店,智能家居,62,963.8,0.04,57365.38,0,1
2025-05-24,广州天河店,智能手机,79,4284.26,0.041,324579.82,0,1
2025-05-24,广州天河店,智能穿戴,67,1383.6,0.008,91959.59,0,1
2025-05-24,广州天河店,笔记本电脑,73,6723.77,0.007,487399.36,0,1
2025-05-24,广州天河店,配件耗材,89,210.98,0.014,18514.34,0,1
2025-05-24,成都春熙店,智能家居,40,945.35,0.037,36414.88,0,1
2025-05-24,成都春熙店,智能手机,54,4214.14,0.029,220964.22,0,1
2025-05-24,成都春熙店,智能穿戴,47,1350.39,0.001,63404.86,0,1
2025-05-24,成都春熙店,笔记本电脑,23,6805.7,0.033,151365.57,0,1
2025-05-24,成都春熙店,配件耗材,63,209.51,0.002,13172.73,0,1
2025-05-25,上海旗舰店,智能家居,56,962.72,0.006,53588.85,0,1
2025-05-25,上海旗舰店,智能手机,79,4220.74,0.0,333438.46,0,1
2025-05-25,上海旗舰店,智能穿戴,80,1402.45,0.048,106810.59,0,1
2025-05-25,上海旗舰店,笔记本电脑,29,6895.33,0.004,199164.71,0,1
2025-05-25,上海旗舰店,配件耗材,93,208.2,0.002,19323.87,0,1
2025-05-25,北京中关村店,智能家居,47,954.07,0.014,44213.51,0,1
2025-05-25,北京中关村店,智能手机,72,4230.16,0.036,293606.95,0,1
2025-05-25,北京中关村店,智能穿戴,56,1381.1,0.017,76026.79,0,1
2025-05-25,北京中关村店,笔记本电脑,48,6862.56,0.067,307332.89,1,1
2025-05-25,北京中关村店,配件耗材,118,213.53,0.002,25146.15,0,1
2025-05-25,广州天河店,智能家居,57,935.99,0.136,46095.64,1,1
2025-05-25,广州天河店,智能手机,79,4179.97,0.032,319650.67,0,1
2025-05-25,广州天河店,智能穿戴,46,1365.59,0.043,60116.0,0,1
2025-05-25,广州天河店,笔记本电脑,31,6951.77,0.042,206453.67,0,1
2025-05-25,广州天河店,配件耗材,177,212.38,0.152,31877.39,1,1
2025-05-25,成都春熙店,智能家居,40,952.24,0.025,37137.36,0,1
2025-05-25,成都春熙店,智能手机,71,4210.8,0.179,245451.74,1,1
2025-05-25,成都春熙店,智能穿戴,36,1385.31,0.018,48973.48,0,1
2025-05-25,成都春熙店,笔记本电脑,20,6913.03,0.009,137016.25,0,1
2025-05-25,成都春熙店,配件耗材,62,209.85,0.035,12555.33,0,1
2025-05-26,上海旗舰店,智能家居,44,964.28,0.017,41707.04,0,0
2025-05-26,上海旗舰店,智能手机,77,4236.79,0.02,319708.17,0,0
2025-05-26,上海旗舰店,智能穿戴,66,1375.97,0.015,89451.81,0,0
2025-05-26,上海旗舰店,笔记本电脑,31,7013.03,0.017,213708.06,0,0
2025-05-26,上海旗舰店,配件耗材,128,210.56,0.027,26223.98,0,0
2025-05-26,北京中关村店,智能家居,43,954.55,0.017,40347.87,0,0
2025-05-26,北京中关村店,智能手机,70,4254.03,0.027,289741.98,0,0
2025-05-26,北京中关村店,智能穿戴,70,1379.58,0.105,86430.69,1,0
2025-05-26,北京中关村店,笔记本电脑,28,6825.61,0.031,185192.45,0,0
2025-05-26,北京中关村店,配件耗材,93,211.16,0.046,18734.54,0,0
2025-05-26,广州天河店,智能家居,49,946.56,0.009,45964.01,0,0
2025-05-26,广州天河店,智能手机,68,4192.0,0.125,249424.0,1,0
2025-05-26,广州天河店,智能穿戴,45,1370.43,0.046,58832.56,0,0
2025-05-26,广州天河店,笔记本电脑,28,6939.6,0.019,190616.93,0,0
2025-05-26,广州天河店,配件耗材,82,207.14,0.016,16713.71,0,0
2025-05-26,成都春熙店,智能家居,24,943.27,0.023,22117.79,0,0
2025-05-26,成都春熙店,智能手机,45,4236.65,0.009,188933.41,0,0
2025-05-26,成都春熙店,智能穿戴,31,1373.86,0.009,42206.35,0,0
2025-05-26,成都春熙店,笔记本电脑,15,6922.95,0.042,99482.79,0,0
2025-05-26,成都春熙店,配件耗材,62,209.38,0.138,11190.1,1,0
2025-05-27,上海旗舰店,智能家居,56,957.87,0.005,53372.52,0,0
2025-05-27,上海旗舰店,智能手机,65,4270.78,0.015,273436.69,0,0
2025-05-27,上海旗舰店,智能穿戴,47,1343.84,0.022,61770.95,0,0
2025-05-27,上海旗舰店,笔记本电脑,31,6867.17,0.05,202238.16,0,0
2025-05-27,上海旗舰店,配件耗材,96,209.27,0.045,19185.87,0,0
2025-05-27,北京中关村店,智能家居,52,963.65,0.015,49358.15,0,0
2025-05-27,北京中关村店,智能手机,84,4289.51,0.027,350590.23,0,0
2025-05-27,北京中关村店,智能穿戴,43,1389.5,0.024,58314.54,0,0
2025-05-27,北京中关村店,笔记本电脑,20,6970.09,0.017,137031.97,0,0
2025-05-27,北京中关村店,配件耗材,95,210.21,0.022,19530.61,0,0
2025-05-27,广州天河店,智能家居,44,950.96,0.049,39791.97,0,0
2025-05-27,广州天河店,智能手机,68,4266.33,0.01,287209.34,0,0
2025-05-27,广州天河店,智能穿戴,41,1381.89,0.014,55864.29,0,0
2025-05-27,广州天河店,笔记本电脑,31,6782.81,0.038,202276.96,0,0
2025-05-27,广州天河店,配件耗材,73,208.31,0.0,15206.63,0,0
2025-05-27,成都春熙店,智能家居,27,950.42,0.031,24865.84,0,0
2025-05-27,成都春熙店,智能手机,45,4263.97,0.025,187081.68,0,0
2025-05-27,成都春熙店,智能穿戴,32,1374.59,0.004,43810.93,0,0
2025-05-27,成都春熙店,笔记本电脑,27,6912.69,0.181,152860.31,1,0
2025-05-27,成都春熙店,配件耗材,55,213.04,0.022,11459.42,0,0
2025-05-28,上海旗舰店,智能家居,80,968.68,0.134,67110.15,1,0
2025-05-28,上海旗舰店,智能手机,78,4278.61,0.048,317712.46,0,0
2025-05-28,上海旗舰店,智能穿戴,66,1372.43,0.036,87319.49,0,0
2025-05-28,上海旗舰店,笔记本电脑,24,6854.81,0.014,162212.22,0,0
2025-05-28,上海旗舰店,配件耗材,130,209.6,0.195,21934.64,1,0
2025-05-28,北京中关村店,智能家居,53,952.07,0.091,45867.88,1,0
2025-05-28,北京中关村店,智能手机,72,4223.14,0.023,297072.56,0,0
2025-05-28,北京中关村店,智能穿戴,49,1370.15,0.015,66130.29,0,0
2025-05-28,北京中关村店,笔记本电脑,28,6952.17,0.018,191156.87,0,0
2025-05-28,北京中关村店,配件耗材,103,211.05,0.009,21542.51,0,0
2025-05-28,广州天河店,智能家居,42,945.85,0.039,38176.4,0,0
2025-05-28,广州天河店,智能手机,79,4242.3,0.032,324417.17,0,0
2025-05-28,广州天河店,智能穿戴,41,1343.32,0.002,54965.97,0,0
2025-05-28,广州天河店,笔记本电脑,28,6716.82,0.046,179419.7,0,0
2025-05-28,广州天河店,配件耗材,77,211.47,0.03,15794.69,0,0
2025-05-28,成都春熙店,智能家居,29,970.85,0.029,27338.17,0,0
2025-05-28,成都春熙店,智能手机,46,4322.93,0.015,195871.96,0,0
2025-05-28,成都春熙店,智能穿戴,48,1336.88,0.008,63656.88,0,0
2025-05-28,成都春熙店,笔记本电脑,23,6975.34,0.004,159791.09,0,0
2025-05-28,成都春熙店,配件耗材,64,209.62,0.033,12972.96,0,0
2025-05-29,上海旗舰店,智能家居,55,950.97,0.049,49740.49,0,0
2025-05-29,上海旗舰店,智能手机,72,4172.0,0.002,299783.23,0,0
2025-05-29,上海旗舰店,智能穿戴,60,1387.71,0.008,82596.5,0,0
2025-05-29,上海旗舰店,笔记本电脑,31,7044.33,0.004,217500.73,0,0
2025-05-29,上海旗舰店,配件耗材,128,208.23,0.031,25827.18,0,0
2025-05-29,北京中关村店,智能家居,37,958.58,0.018,34829.05,0,0
2025-05-29,北京中关村店,智能手机,78,4226.92,0.01,326402.76,0,0
2025-05-29,北京中关村店,智能穿戴,53,1381.64,0.016,72055.29,0,0
2025-05-29,北京中关村店,笔记本电脑,36,7005.28,0.041,241850.29,0,0
2025-05-29,北京中关村店,配件耗材,77,213.42,0.047,15660.97,0,0
2025-05-29,广州天河店,智能家居,44,942.52,0.039,39853.52,0,0
2025-05-29,广州天河店,智能手机,70,4186.07,0.021,286871.38,0,0
2025-05-29,广州天河店,智能穿戴,43,1378.76,0.047,56500.21,0,0
2025-05-29,广州天河店,笔记本电脑,33,6954.29,0.102,206083.43,1,0
2025-05-29,广州天河店,配件耗材,83,216.07,0.039,17234.39,0,0
2025-05-29,成都春熙店,智能家居,26,942.12,0.019,24029.71,0,0
2025-05-29,成都春熙店,智能手机,44,4304.57,0.011,187317.67,0,0
2025-05-29,成都春熙店,智能穿戴,37,1371.82,0.028,49336.13,0,0
2025-05-29,成都春熙店,笔记本电脑,18,7000.92,0.038,121227.93,0,0
2025-05-29,成都春熙店,配件耗材,42,212.81,0.048,8509.0,0,0
2025-05-30,上海旗舰店,智能家居,52,956.84,0.013,49108.86,0,0
2025-05-30,上海旗舰店,智能手机,78,4157.61,0.018,318456.3,0,0
2025-05-30,上海旗舰店,智能穿戴,60,1383.03,0.036,79994.46,0,0
2025-05-30,上海旗舰店,笔记本电脑,29,6920.41,0.008,199086.35,0,0
2025-05-30,上海旗舰店,配件耗材,209,211.05,0.037,42477.4,0,0
2025-05-30,北京中关村店,智能家居,46,951.22,0.011,43274.8,0,0
2025-05-30,北京中关村店,智能手机,72,4207.36,0.022,296265.46,0,0
2025-05-30,北京中关村店,智能穿戴,67,1373.98,0.026,89663.19,0,0
2025-05-30,北京中关村店,笔记本电脑,26,6976.48,0.01,179574.6,0,0
2025-05-30,北京中关村店,配件耗材,105,210.33,0.05,20980.42,0,0
2025-05-30,广州天河店,智能家居,50,954.33,0.032,46189.57,0,0
2025-05-30,广州天河店,智能手机,73,4278.22,0.049,297006.87,0,0
2025-05-30,广州天河店,智能穿戴,52,1376.07,0.025,69766.75,0,0
2025-05-30,广州天河店,笔记本电脑,22,6953.94,0.018,150232.92,0,0
2025-05-30,广州天河店,配件耗材,95,213.46,0.043,19406.72,0,0
2025-05-30,成都春熙店,智能家居,28,965.84,0.027,26313.34,0,0
2025-05-30,成都春熙店,智能手机,60,4319.01,0.028,251884.66,0,0
2025-05-30,成都春熙店,智能穿戴,49,1372.41,0.167,56017.66,1,0
2025-05-30,成都春熙店,笔记本电脑,20,6914.91,0.027,134564.15,0,0
2025-05-30,成都春熙店,配件耗材,74,212.27,0.133,13618.82,1,0
2025-05-31,上海旗舰店,智能家居,53,958.74,0.034,49085.57,0,1
2025-05-31,上海旗舰店,智能手机,67,4307.56,0.014,284566.03,0,1
2025-05-31,上海旗舰店,智能穿戴,69,1382.15,0.005,94891.51,0,1
2025-05-31,上海旗舰店,笔记本电脑,35,6939.17,0.025,236799.18,0,1
2025-05-31,上海旗舰店,配件耗材,114,212.32,0.006,24059.25,0,1
2025-05-31,北京中关村店,智能家居,62,976.3,0.006,60167.42,0,1
2025-05-31,北京中关村店,智能手机,93,4182.51,0.031,376915.25,0,1
2025-05-31,北京中关村店,智能穿戴,68,1361.86,0.108,82604.98,1,1
2025-05-31,北京中关村店,笔记本电脑,34,6852.3,0.018,228784.59,0,1
2025-05-31,北京中关村店,配件耗材,125,206.5,0.119,22740.81,1,1
2025-05-31,广州天河店,智能家居,52,950.75,0.007,49092.93,0,1
2025-05-31,广州天河店,智能手机,62,4266.4,0.037,254729.68,0,1
2025-05-31,广州天河店,智能穿戴,50,1362.87,0.009,67530.21,0,1
2025-05-31,广州天河店,笔记本电脑,30,6817.05,0.044,195512.99,0,1
2025-05-31,广州天河店,配件耗材,103,213.26,0.019,21548.43,0,1
2025-05-31,成都春熙店,智能家居,34,963.56,0.027,31876.49,0,1
2025-05-31,成都春熙店,智能手机,67,4191.47,0.025,273807.78,0,1
2025-05-31,成都春熙店,智能穿戴,47,1368.2,0.093,58325.0,1,1
2025-05-31,成都春熙店,笔记本电脑,41,6965.4,0.182,233605.59,1,1
2025-05-31,成都春熙店,配件耗材,59,210.08,0.022,12122.04,0,1
2025-06-01,上海旗舰店,智能家居,79,958.37,0.205,60190.43,1,1
2025-06-01,上海旗舰店,智能手机,92,4318.55,0.045,379427.8,0,1
2025-06-01,上海旗舰店,智能穿戴,75,1354.42,0.008,100768.85,0,1
2025-06-01,上海旗舰店,笔记本电脑,39,6993.73,0.012,269482.4,0,1
2025-06-01,上海旗舰店,配件耗材,140,211.62,0.032,28678.74,0,1
2025-06-01,北京中关村店,智能家居,60,957.82,0.021,56262.35,0,1
2025-06-01,北京中关村店,智能手机,114,4237.72,0.098,435756.27,1,1
2025-06-01,北京中关村店,智能穿戴,60,1343.18,0.007,80026.66,0,1
2025-06-01,北京中关村店,笔记本电脑,41,6772.34,0.1,249899.35,1,1
2025-06-01,北京中关村店,配件耗材,114,213.77,0.02,23882.38,0,1
2025-06-01,广州天河店,智能家居,53,952.16,0.047,48092.65,0,1
2025-06-01,广州天河店,智能手机,71,4219.28,0.007,297471.9,0,1
2025-06-01,广州天河店,智能穿戴,65,1366.28,0.145,75931.01,1,1
2025-06-01,广州天河店,笔记本电脑,27,6783.52,0.008,181689.8,0,1
2025-06-01,广州天河店,配件耗材,114,211.11,0.086,21996.82,1,1
2025-06-01,成都春熙店,智能家居,30,958.04,0.033,27792.74,0,1
2025-06-01,成都春熙店,智能手机,90,4315.11,0.197,311853.0,1,1
2025-06-01,成都春熙店,智能穿戴,56,1376.16,0.05,73211.71,0,1
2025-06-01,成都春熙店,笔记本电脑,22,6962.94,0.04,147057.29,0,1
2025-06-01,成都春熙店,配件耗材,101,205.98,0.126,18182.68,1,1
2025-06-02,上海旗舰店,智能家居,70,937.2,0.042,62848.63,0,0
2025-06-02,上海旗舰店,智能手机,84,4170.71,0.029,340179.79,0,0
2025-06-02,上海旗舰店,智能穿戴,83,1380.02,0.081,105263.79,1,0
2025-06-02,上海旗舰店,笔记本电脑,30,6919.84,0.009,205726.84,0,0
2025-06-02,上海旗舰店,配件耗材,106,212.15,0.024,21948.19,0,0
2025-06-02,北京中关村店,智能家居,65,950.74,0.082,56730.66,1,0
2025-06-02,北京中关村店,智能手机,72,4248.64,0.024,298560.43,0,0
2025-06-02,北京中关村店,智能穿戴,54,1360.18,0.15,62432.26,1,0
2025-06-02,北京中关村店,笔记本电脑,33,7031.88,0.013,229035.36,0,0
2025-06-02,北京中关村店,配件耗材,83,213.56,0.043,16963.28,0,0
2025-06-02,广州天河店,智能家居,49,946.91,0.139,39949.19,1,0
2025-06-02,广州天河店,智能手机,75,4232.68,0.214,249516.49,1,0
2025-06-02,广州天河店,智能穿戴,50,1384.04,0.011,68440.78,0,0
2025-06-02,广州天河店,笔记本电脑,25,6826.32,0.037,164343.65,0,0
2025-06-02,广州天河店,配件耗材,85,209.39,0.037,17139.62,0,0
2025-06-02,成都春熙店,智能家居,33,972.2,0.001,32050.52,0,0
2025-06-02,成都春熙店,智能手机,49,4232.19,0.046,197837.95,0,0
2025-06-02,成都春熙店,智能穿戴,42,1391.5,0.012,57741.68,0,0
2025-06-02,成都春熙店,笔记本电脑,19,6885.11,0.035,126238.49,0,0
2025-06-02,成都春熙店,配件耗材,73,207.36,0.048,14410.69,0,0
2025-06-03,上海旗舰店,智能家居,54,955.66,0.032,49954.26,0,0
2025-06-03,上海旗舰店,智能手机,117,4255.83,0.099,448636.83,1,0
2025-06-03,上海旗舰店,智能穿戴,61,1385.24,0.029,82049.15,0,0
2025-06-03,上海旗舰店,笔记本电脑,41,6723.75,0.13,239836.16,1,0
2025-06-03,上海旗舰店,配件耗材,164,212.91,0.087,31879.44,1,0
2025-06-03,北京中关村店,智能家居,77,946.87,0.091,66274.27,1,0
2025-06-03,北京中关村店,智能手机,72,4280.57,0.021,301728.82,0,0
2025-06-03,北京中关村店,智能穿戴,73,1384.6,0.155,85409.05,1,0
2025-06-03,北京中关村店,笔记本电脑,38,6895.2,0.017,257563.3,0,0
2025-06-03,北京中关村店,配件耗材,162,210.9,0.16,28699.27,1,0
2025-06-03,广州天河店,智能家居,62,956.43,0.134,51352.64,1,0
2025-06-03,广州天河店,智能手机,90,4237.53,0.143,326840.69,1,0
2025-06-03,广州天河店,智能穿戴,45,1384.13,0.01,61662.99,0,0
2025-06-03,广州天河店,笔记本电脑,27,6922.13,0.009,185215.43,0,0
2025-06-03,广州天河店,配件耗材,127,212.92,0.116,23904.1,1,0
2025-06-03,成都春熙店,智能家居,40,954.19,0.069,35534.04,1,0
2025-06-03,成都春熙店,智能手机,63,4203.48,0.032,256345.02,0,0
2025-06-03,成都春熙店,智能穿戴,33,1371.23,0.018,44436.08,0,0
2025-06-03,成都春熙店,笔记本电脑,22,6823.13,0.014,148007.34,0,0
2025-06-03,成都春熙店,配件耗材,113,210.93,0.084,21832.94,1,0
2025-06-04,上海旗舰店,智能家居,61,966.97,0.028,57333.59,0,0
2025-06-04,上海旗舰店,智能手机,73,4302.34,0.026,305904.98,0,0
2025-06-04,上海旗舰店,智能穿戴,65,1374.76,0.047,85159.51,0,0
2025-06-04,上海旗舰店,笔记本电脑,39,6878.22,0.019,263153.82,0,0
2025-06-04,上海旗舰店,配件耗材,129,211.37,0.025,26585.06,0,0
2025-06-04,北京中关村店,智能家居,42,950.17,0.004,39747.51,0,0
2025-06-04,北京中关村店,智能手机,105,4223.65,0.157,373856.38,1,0
2025-06-04,北京中关村店,智能穿戴,43,1385.89,0.032,57686.29,0,0
2025-06-04,北京中关村店,笔记本电脑,29,6995.63,0.006,201656.03,0,0
2025-06-04,北京中关村店,配件耗材,95,205.84,0.046,18655.28,0,0
2025-06-04,广州天河店,智能家居,61,950.38,0.202,46262.6,1,0
2025-06-04,广州天河店,智能手机,79,4247.89,0.019,329207.23,0,0
2025-06-04,广州天河店,智能穿戴,47,1368.91,0.025,62730.3,0,0
2025-06-04,广州天河店,笔记本电脑,35,6867.73,0.182,196623.11,1,0
2025-06-04,广州天河店,配件耗材,102,215.08,0.019,21521.33,0,0
2025-06-04,成都春熙店,智能家居,26,951.92,0.01,24502.42,0,0
2025-06-04,成都春熙店,智能手机,65,4220.36,0.013,270757.2,0,0
2025-06-04,成都春熙店,智能穿戴,65,1396.94,0.161,76182.12,1,0
2025-06-04,成都春熙店,笔记本电脑,27,6891.76,0.086,170074.85,1,0
2025-06-04,成都春熙店,配件耗材,75,211.81,0.074,14710.2,1,0
2025-06-05,上海旗舰店,智能家居,101,952.32,0.152,81564.3,1,0
2025-06-05,上海旗舰店,智能手机,94,4263.46,0.01,396757.59,0,0
2025-06-05,上海旗舰店,智能穿戴,52,1359.49,0.001,70622.79,0,0
2025-06-05,上海旗舰店,笔记本电脑,36,7023.7,0.044,241727.66,0,0
2025-06-05,上海旗舰店,配件耗材,180,209.57,0.098,34025.79,1,0
2025-06-05,北京中关村店,智能家居,56,957.93,0.033,51873.83,0,0
2025-06-05,北京中关村店,智能手机,97,4222.33,0.006,407108.61,0,0
2025-06-05,北京中关村店,智能穿戴,66,1367.18,0.219,70472.66,1,0
2025-06-05,北京中关村店,笔记本电脑,38,6894.0,0.085,239704.38,1,0
2025-06-05,北京中关村店,配件耗材,132,213.09,0.006,27959.11,0,0
2025-06-05,广州天河店,智能家居,53,943.39,0.023,48849.68,0,0
2025-06-05,广州天河店,智能手机,79,4348.77,0.012,339430.2,0,0
2025-06-05,广州天河店,智能穿戴,39,1354.26,0.017,51918.27,0,0
2025-06-05,广州天河店,笔记本电脑,46,6946.02,0.088,291399.43,1,0
2025-06-05,广州天河店,配件耗材,100,212.46,0.003,21182.26,0,0
2025-06-05,成都春熙店,智能家居,28,954.53,0.042,25604.31,0,0
2025-06-05,成都春熙店,智能手机,55,4250.51,0.044,223491.82,0,0
2025-06-05,成都春熙店,智能穿戴,58,1386.17,0.109,71634.49,1,0
2025-06-05,成都春熙店,笔记本电脑,21,6962.99,0.044,139788.99,0,0
2025-06-05,成都春熙店,配件耗材,100,213.21,0.161,17888.32,1,0
2025-06-06,上海旗舰店,智能家居,66,949.76,0.106,56039.64,1,0
2025-06-06,上海旗舰店,智能手机,88,4262.65,0.015,369486.5,0,0
2025-06-06,上海旗舰店,智能穿戴,72,1388.69,0.032,96786.14,0,0
2025-06-06,上海旗舰店,笔记本电脑,56,6890.84,0.162,323373.34,1,0
2025-06-06,上海旗舰店,配件耗材,127,213.98,0.017,26713.48,0,0
2025-06-06,北京中关村店,智能家居,48,957.45,0.048,43751.64,0,0
2025-06-06,北京中关村店,智能手机,89,4180.79,0.02,364648.5,0,0
2025-06-06,北京中关村店,智能穿戴,85,1387.94,0.182,96503.47,1,0
2025-06-06,北京中关村店,笔记本电脑,38,6915.96,0.011,259915.61,0,0
2025-06-06,北京中关村店,配件耗材,126,210.1,0.001,26446.13,0,0
2025-06-06,广州天河店,智能家居,55,958.05,0.042,50479.65,0,0
2025-06-06,广州天河店,智能手机,83,4338.69,0.188,292410.35,1,0
2025-06-06,广州天河店,智能穿戴,46,1367.08,0.045,60055.82,0,0
2025-06-06,广州天河店,笔记本电脑,36,6943.33,0.128,217965.02,1,0
2025-06-06,广州天河店,配件耗材,134,211.28,0.18,23215.45,1,0
2025-06-06,成都春熙店,智能家居,35,963.17,0.03,32699.62,0,0
2025-06-06,成都春熙店,智能手机,60,4228.18,0.018,249124.37,0,0
2025-06-06,成都春熙店,智能穿戴,38,1391.99,0.041,50726.9,0,0
2025-06-06,成都春熙店,笔记本电脑,20,6968.66,0.016,137143.23,0,0
2025-06-06,成都春熙店,配件耗材,74,210.08,0.039,14939.63,0,0
2025-06-07,上海旗舰店,智能家居,79,957.43,0.127,66031.07,1,1
2025-06-07,上海旗舰店,智能手机,128,4280.28,0.042,524865.05,0,1
2025-06-07,上海旗舰店,智能穿戴,88,1362.28,0.064,112208.28,1,1
2025-06-07,上海旗舰店,笔记本电脑,46,6855.17,0.038,303354.98,0,1
2025-06-07,上海旗舰店,配件耗材,163,211.14,0.063,32247.62,1,1
2025-06-07,北京中关村店,智能家居,54,950.47,0.006,51017.43,0,1
2025-06-07,北京中关村店,智能手机,94,4276.38,0.03,389920.33,0,1
2025-06-07,北京中关村店,智能穿戴,86,1367.21,0.2,94064.05,1,1
2025-06-07,北京中关村店,笔记本电脑,31,6891.02,0.028,207640.21,0,1
2025-06-07,北京中关村店,配件耗材,103,211.77,0.047,20787.13,0,1
2025-06-07,广州天河店,智能家居,74,974.39,0.187,58621.25,1,1
2025-06-07,广州天河店,智能手机,67,4263.11,0.05,271346.95,0,1
2025-06-07,广州天河店,智能穿戴,34,1383.16,0.007,46698.25,0,1
2025-06-07,广州天河店,笔记本电脑,36,6881.89,0.024,241802.09,0,1
2025-06-07,广州天河店,配件耗材,144,210.02,0.085,27672.24,1,1
2025-06-07,成都春熙店,智能家居,35,958.25,0.017,32968.59,0,1
2025-06-07,成都春熙店,智能手机,87,4262.16,0.154,313703.5,1,1
2025-06-07,成都春熙店,智能穿戴,50,1401.74,0.024,68404.91,0,1
2025-06-07,成都春熙店,笔记本电脑,28,6867.79,0.047,183260.11,0,1
2025-06-07,成都春熙店,配件耗材,82,214.53,0.2,14073.17,1,1
2025-06-08,上海旗舰店,智能家居,114,955.75,0.165,90977.84,1,1
2025-06-08,上海旗舰店,智能手机,108,4169.11,0.023,439907.81,0,1
2025-06-08,上海旗舰店,智能穿戴,94,1362.1,0.062,120099.08,1,1
2025-06-08,上海旗舰店,笔记本电脑,35,6894.31,0.024,235509.63,0,1
2025-06-08,上海旗舰店,配件耗材,104,207.42,0.037,20773.53,0,1
2025-06-08,北京中关村店,智能家居,53,945.78,0.003,49975.96,0,1
2025-06-08,北京中关村店,智能手机,84,4243.6,0.012,352184.85,0,1
2025-06-08,北京中关村店,智能穿戴,54,1363.98,0.022,72034.51,0,1
2025-06-08,北京中关村店,笔记本电脑,36,6858.84,0.029,239757.61,0,1
2025-06-08,北京中关村店,配件耗材,115,209.12,0.021,23543.78,0,1
2025-06-08,广州天河店,智能家居,46,959.28,0.027,42935.45,0,1
2025-06-08,广州天河店,智能手机,86,4302.32,0.019,362969.53,0,1
2025-06-08,广州天河店,智能穿戴,82,1390.73,0.124,99898.92,1,1
2025-06-08,广州天河店,笔记本电脑,39,6905.16,0.173,222712.13,1,1
2025-06-08,广州天河店,配件耗材,182,215.75,0.168,32669.73,1,1
2025-06-08,成都春熙店,智能家居,40,936.8,0.044,35823.23,0,1
2025-06-08,成都春熙店,智能手机,60,4225.83,0.02,248478.8,0,1
2025-06-08,成都春熙店,智能穿戴,47,1375.55,0.02,63357.83,0,1
2025-06-08,成都春熙店,笔记本电脑,33,6919.0,0.096,206407.61,1,1
2025-06-08,成都春熙店,配件耗材,78,211.66,0.014,16278.35,0,1
2025-06-09,上海旗舰店,智能家居,94,959.77,0.116,79753.05,1,0
2025-06-09,上海旗舰店,智能手机,133,4259.64,0.096,512145.04,1,0
2025-06-09,上海旗舰店,智能穿戴,60,1392.5,0.024,81544.8,0,0
2025-06-09,上海旗舰店,笔记本电脑,57,6979.32,0.199,318654.81,1,0
2025-06-09,上海旗舰店,配件耗材,105,211.54,0.013,21922.95,0,0
2025-06-09,北京中关村店,智能家居,46,961.14,0.004,44035.59,0,0
2025-06-09,北京中关村店,智能手机,66,4257.5,0.05,266945.25,0,0
2025-06-09,北京中关村店,智能穿戴,82,1373.02,0.077,103918.39,1,0
2025-06-09,北京中关村店,笔记本电脑,39,6717.08,0.207,207739.13,1,0
2025-06-09,北京中关村店,配件耗材,114,209.84,0.006,23778.23,0,0
2025-06-09,广州天河店,智能家居,57,962.98,0.031,53188.27,0,0
2025-06-09,广州天河店,智能手机,112,4275.96,0.149,407550.3,1,0
2025-06-09,广州天河店,智能穿戴,55,1376.95,0.031,73384.55,0,0
2025-06-09,广州天河店,笔记本电脑,42,6995.81,0.203,234177.74,1,0
2025-06-09,广州天河店,配件耗材,81,216.0,0.049,16638.7,0,0
2025-06-09,成都春熙店,智能家居,40,959.52,0.067,35809.29,1,0
2025-06-09,成都春熙店,智能手机,54,4247.48,0.035,221336.18,0,0
2025-06-09,成都春熙店,智能穿戴,33,1404.47,0.046,44215.52,0,0
2025-06-09,成都春熙店,笔记本电脑,27,6827.24,0.022,180280.1,0,0
2025-06-09,成都春熙店,配件耗材,59,214.71,0.012,12515.88,0,0
2025-06-10,上海旗舰店,智能家居,80,966.78,0.044,73939.33,0,0
2025-06-10,上海旗舰店,智能手机,95,4286.58,0.139,350620.81,1,0
2025-06-10,上海旗舰店,智能穿戴,58,1371.99,0.02,77983.91,0,0
2025-06-10,上海旗舰店,笔记本电脑,33,6993.03,0.035,222693.04,0,0
2025-06-10,上海旗舰店,配件耗材,138,212.69,0.007,29145.76,0,0
2025-06-10,北京中关村店,智能家居,43,952.17,0.0,40943.31,0,0
2025-06-10,北京中关村店,智能手机,73,4281.61,0.004,311307.3,0,0
2025-06-10,北京中关村店,智能穿戴,45,1390.84,0.035,60397.23,0,0
2025-06-10,北京中关村店,笔记本电脑,40,7061.06,0.118,249114.2,1,0
2025-06-10,北京中关村店,配件耗材,116,211.41,0.006,24376.42,0,0
2025-06-10,广州天河店,智能家居,62,951.08,0.044,56372.41,0,0
2025-06-10,广州天河店,智能手机,82,4256.17,0.086,318991.43,1,0
2025-06-10,广州天河店,智能穿戴,50,1389.04,0.024,67785.15,0,0
2025-06-10,广州天河店,笔记本电脑,25,6959.16,0.041,166845.86,0,0
2025-06-10,广州天河店,配件耗材,80,211.75,0.008,16804.48,0,0
2025-06-10,成都春熙店,智能家居,32,964.81,0.044,29515.47,0,0
2025-06-10,成都春熙店,智能手机,70,4355.64,0.129,265563.37,1,0
2025-06-10,成都春熙店,智能穿戴,37,1386.1,0.034,49541.99,0,0
2025-06-10,成都春熙店,笔记本电脑,15,6865.12,0.014,101535.12,0,0
2025-06-10,成都春熙店,配件耗材,64,210.96,0.018,13258.41,0,0
2025-06-11,上海旗舰店,智能家居,81,961.37,0.155,65800.97,1,0
2025-06-11,上海旗舰店,智能手机,91,4235.22,0.023,376540.7,0,0
2025-06-11,上海旗舰店,智能穿戴,68,1377.67,0.045,89465.89,0,0
2025-06-11,上海旗舰店,笔记本电脑,38,6909.42,0.014,258882.15,0,0
2025-06-11,上海旗舰店,配件耗材,109,210.98,0.015,22651.87,0,0
2025-06-11,北京中关村店,智能家居,54,948.8,0.039,49237.03,0,0
2025-06-11,北京中关村店,智能手机,73,4203.78,0.038,295214.65,0,0
2025-06-11,北京中关村店,智能穿戴,52,1362.3,0.009,70202.04,0,0
2025-06-11,北京中关村店,笔记本电脑,43,6906.68,0.029,288374.61,0,0
2025-06-11,北京中关村店,配件耗材,102,211.67,0.027,21007.4,0,0
2025-06-11,广州天河店,智能家居,54,932.67,0.043,48198.52,0,0
2025-06-11,广州天河店,智能手机,63,4252.77,0.004,266852.81,0,0
2025-06-11,广州天河店,智能穿戴,45,1389.52,0.038,60152.32,0,0
2025-06-11,广州天河店,笔记本电脑,44,6933.03,0.12,268446.92,1,0
2025-06-11,广州天河店,配件耗材,97,211.8,0.047,19579.0,0,0
2025-06-11,成都春熙店,智能家居,32,951.38,0.022,29774.39,0,0
2025-06-11,成都春熙店,智能手机,68,4270.6,0.047,276751.96,0,0
2025-06-11,成都春熙店,智能穿戴,57,1375.73,0.065,73319.53,1,0
2025-06-11,成都春熙店,笔记本电脑,20,6964.56,0.027,135530.34,0,0
2025-06-11,成都春熙店,配件耗材,68,210.01,0.031,13837.98,0,0
2025-06-12,上海旗舰店,智能家居,102,971.12,0.194,79837.72,1,0
2025-06-12,上海旗舰店,智能手机,83,4219.58,0.029,340068.61,0,0
2025-06-12,上海旗舰店,智能穿戴,59,1399.49,0.028,80257.95,0,0
2025-06-12,上海旗舰店,笔记本电脑,44,6888.95,0.134,262496.55,1,0
2025-06-12,上海旗舰店,配件耗材,78,216.65,0.037,16273.45,0,0
2025-06-12,北京中关村店,智能家居,60,953.1,0.036,55127.3,0,0
2025-06-12,北京中关村店,智能手机,101,4243.85,0.202,342045.82,1,0
2025-06-12,北京中关村店,智能穿戴,67,1386.0,0.108,82832.9,1,0
2025-06-12,北京中关村店,笔记本电脑,32,7029.46,0.035,217069.72,0,0
2025-06-12,北京中关村店,配件耗材,171,212.55,0.095,32893.18,1,0
2025-06-12,广州天河店,智能家居,47,961.93,0.016,44487.34,0,0
2025-06-12,广州天河店,智能手机,94,4255.87,0.037,385249.86,0,0
2025-06-12,广州天河店,智能穿戴,51,1376.22,0.128,61203.26,1,0
2025-06-12,广州天河店,笔记本电脑,42,6843.0,0.006,285681.56,0,0
2025-06-12,广州天河店,配件耗材,125,213.48,0.101,23989.82,1,0
2025-06-12,成都春熙店,智能家居,42,940.73,0.165,32991.4,1,0
2025-06-12,成都春熙店,智能手机,66,4254.0,0.038,270094.97,0,0
2025-06-12,成都春熙店,智能穿戴,34,1379.09,0.027,45623.06,0,0
2025-06-12,成都春熙店,笔记本电脑,19,6918.01,0.011,129996.33,0,0
2025-06-12,成都春熙店,配件耗材,54,212.73,0.036,11073.87,0,0
2025-06-13,上海旗舰店,智能家居,97,957.31,0.161,77908.76,1,0
2025-06-13,上海旗舰店,智能手机,80,4261.85,0.017,335151.88,0,0
2025-06-13,上海旗舰店,智能穿戴,67,1377.1,0.011,91250.78,0,0
2025-06-13,上海旗舰店,笔记本电脑,37,6909.48,0.009,253349.9,0,0
2025-06-13,上海旗舰店,配件耗材,112,209.29,0.004,23346.72,0,0
2025-06-13,北京中关村店,智能家居,47,962.23,0.026,44048.96,0,0
2025-06-13,北京中关村店,智能手机,92,4261.76,0.001,391689.84,0,0
2025-06-13,北京中关村店,智能穿戴,53,1374.74,0.024,71112.55,0,0
2025-06-13,北京中关村店,笔记本电脑,47,6852.87,0.098,290520.57,1,0
2025-06-13,北京中关村店,配件耗材,108,210.81,0.038,21902.32,0,0
2025-06-13,广州天河店,智能家居,51,955.88,0.02,47774.88,0,0
2025-06-13,广州天河店,智能手机,89,4287.67,0.011,377405.0,0,0
2025-06-13,广州天河店,智能穿戴,46,1363.63,0.009,62162.44,0,0
2025-06-13,广州天河店,笔记本电脑,29,6982.91,0.005,201491.87,0,0
2025-06-13,广州天河店,配件耗材,98,212.02,0.001,20757.18,0,0
2025-06-13,成都春熙店,智能家居,28,966.56,0.043,25899.94,0,0
2025-06-13,成都春熙店,智能手机,66,4148.88,0.021,268075.73,0,0
2025-06-13,成都春熙店,智能穿戴,41,1381.87,0.049,53880.49,0,0
2025-06-13,成都春熙店,笔记本电脑,23,6974.5,0.027,156082.34,0,0
2025-06-13,成都春熙店,配件耗材,112,206.89,0.037,22314.33,0,0
2025-06-14,上海旗舰店,智能家居,75,953.86,0.012,70681.03,0,1
2025-06-14,上海旗舰店,智能手机,116,4218.6,0.014,482506.59,0,1
2025-06-14,上海旗舰店,智能穿戴,80,1358.76,0.035,104896.27,0,1
2025-06-14,上海旗舰店,笔记本电脑,41,6972.1,0.01,282997.54,0,1
2025-06-14,上海旗舰店,配件耗材,176,213.65,0.147,32074.85,1,1
2025-06-14,北京中关村店,智能家居,71,960.35,0.104,61093.63,1,1
2025-06-14,北京中关村店,智能手机,89,4258.0,0.005,377067.19,0,1
2025-06-14,北京中关村店,智能穿戴,60,1374.68,0.022,80666.22,0,1
2025-06-14,北京中关村店,笔记本电脑,32,7019.37,0.023,219453.58,0,1
2025-06-14,北京中关村店,配件耗材,159,207.78,0.01,32706.65,0,1
2025-06-14,广州天河店,智能家居,43,959.97,0.017,40576.97,0,1
2025-06-14,广州天河店,智能手机,77,4230.26,0.043,311723.63,0,1
2025-06-14,广州天河店,智能穿戴,52,1372.96,0.034,68966.53,0,1
2025-06-14,广州天河店,笔记本电脑,36,6946.54,0.213,196809.37,1,1
2025-06-14,广州天河店,配件耗材,118,214.34,0.019,24811.57,0,1
2025-06-14,成都春熙店,智能家居,43,967.29,0.047,39638.58,0,1
2025-06-14,成都春熙店,智能手机,211,4254.64,0.12,790001.56,1,1
2025-06-14,成都春熙店,智能穿戴,35,1372.06,0.024,46869.57,0,1
2025-06-14,成都春熙店,笔记本电脑,38,6927.39,0.109,234547.57,1,1
2025-06-14,成都春熙店,配件耗材,104,211.58,0.194,17735.48,1,1
2025-06-15,上海旗舰店,智能家居,84,948.97,0.157,67198.46,1,1
2025-06-15,上海旗舰店,智能手机,110,4254.04,0.142,401496.3,1,1
2025-06-15,上海旗舰店,智能穿戴,73,1355.67,0.005,98469.09,0,1
2025-06-15,上海旗舰店,笔记本电脑,52,6901.29,0.156,302883.82,1,1
2025-06-15,上海旗舰店,配件耗材,127,209.81,0.004,26539.29,0,1
2025-06-15,北京中关村店,智能家居,67,946.99,0.207,50314.53,1,1
2025-06-15,北京中关村店,智能手机,87,4303.18,0.023,365766.0,0,1
2025-06-15,北京中关村店,智能穿戴,60,1380.05,0.031,80236.11,0,1
2025-06-15,北京中关村店,笔记本电脑,42,6849.03,0.045,274714.59,0,1
2025-06-15,北京中关村店,配件耗材,177,210.54,0.173,30818.63,1,1
2025-06-15,广州天河店,智能家居,66,943.99,0.142,53456.27,1,1
2025-06-15,广州天河店,智能手机,84,4333.35,0.006,361817.39,0,1
2025-06-15,广州天河店,智能穿戴,56,1380.54,0.146,66022.94,1,1
2025-06-15,广州天河店,笔记本电脑,37,6916.79,0.094,231864.63,1,1
2025-06-15,广州天河店,配件耗材,122,213.44,0.134,22550.36,1,1
2025-06-15,成都春熙店,智能家居,33,962.41,0.026,30933.78,0,1
2025-06-15,成都春熙店,智能手机,56,4251.87,0.036,229532.95,0,1
2025-06-15,成都春熙店,智能穿戴,51,1366.63,0.101,62658.62,1,1
2025-06-15,成都春熙店,笔记本电脑,34,6843.25,0.144,199165.95,1,1
2025-06-15,成都春熙店,配件耗材,87,208.91,0.176,14976.34,1,1
2025-06-16,上海旗舰店,智能家居,61,959.46,0.03,56771.25,0,0
2025-06-16,上海旗舰店,智能手机,90,4240.29,0.044,364834.55,0,0
2025-06-16,上海旗舰店,智能穿戴,69,1354.6,0.002,93280.47,0,0
2025-06-16,上海旗舰店,笔记本电脑,33,6911.61,0.041,218731.72,0,0
2025-06-16,上海旗舰店,配件耗材,128,210.04,0.005,26750.69,0,0
2025-06-16,北京中关村店,智能家居,42,971.24,0.026,39731.49,0,0
2025-06-16,北京中关村店,智能手机,83,4333.97,0.134,311517.1,1,0
2025-06-16,北京中关村店,智能穿戴,58,1374.9,0.034,77032.9,0,0
2025-06-16,北京中关村店,笔记本电脑,32,6878.41,0.042,210864.54,0,0
2025-06-16,北京中关村店,配件耗材,184,208.62,0.119,33818.14,1,0
2025-06-16,广州天河店,智能家居,51,936.54,0.036,46044.05,0,0
2025-06-16,广州天河店,智能手机,106,4257.86,0.129,393111.18,1,0
2025-06-16,广州天河店,智能穿戴,53,1387.67,0.044,70310.46,0,0
2025-06-16,广州天河店,笔记本电脑,27,6890.86,0.048,177122.67,0,0
2025-06-16,广州天河店,配件耗材,92,211.51,0.041,18661.1,0,0
2025-06-16,成都春熙店,智能家居,43,959.06,0.101,37074.38,1,0
2025-06-16,成都春熙店,智能手机,98,4256.34,0.166,347879.18,1,0
2025-06-16,成都春熙店,智能穿戴,47,1374.41,0.046,61625.8,0,0
2025-06-16,成都春熙店,笔记本电脑,21,6921.26,0.004,144765.07,0,0
2025-06-16,成都春熙店,配件耗材,62,211.8,0.002,13105.34,0,0
2025-06-17,上海旗舰店,智能家居,68,968.21,0.048,62678.04,0,0
2025-06-17,上海旗舰店,智能手机,74,4251.04,0.044,300735.57,0,0
2025-06-17,上海旗舰店,智能穿戴,53,1385.28,0.039,70556.47,0,0
2025-06-17,上海旗舰店,笔记本电脑,42,6855.69,0.01,285059.59,0,0
2025-06-17,上海旗舰店,配件耗材,163,210.94,0.151,29191.35,1,0
2025-06-17,北京中关村店,智能家居,50,955.02,0.025,46557.22,0,0
2025-06-17,北京中关村店,智能手机,77,4253.44,0.03,317689.43,0,0
2025-06-17,北京中关村店,智能穿戴,48,1385.42,0.045,63507.65,0,0
2025-06-17,北京中关村店,笔记本电脑,32,7023.85,0.011,222290.8,0,0
2025-06-17,北京中关村店,配件耗材,122,213.06,0.014,25629.41,0,0
2025-06-17,广州天河店,智能家居,66,956.14,0.194,50862.82,1,0
2025-06-17,广州天河店,智能手机,89,4325.77,0.144,329554.46,1,0
2025-06-17,广州天河店,智能穿戴,63,1374.55,0.141,74386.52,1,0
2025-06-17,广州天河店,笔记本电脑,40,6886.76,0.124,241312.07,1,0
2025-06-17,广州天河店,配件耗材,76,214.59,0.027,15868.5,0,0
2025-06-17,成都春熙店,智能家居,48,962.65,0.219,36087.82,1,0
2025-06-17,成都春熙店,智能手机,84,4191.26,0.014,347136.92,0,0
2025-06-17,成都春熙店,智能穿戴,45,1385.74,0.186,50759.66,1,0
2025-06-17,成都春熙店,笔记本电脑,28,6855.06,0.187,156048.59,1,0
2025-06-17,成都春熙店,配件耗材,85,209.61,0.118,15714.46,1,0
2025-06-18,上海旗舰店,智能家居,65,961.82,0.026,60892.82,0,0
2025-06-18,上海旗舰店,智能手机,99,4325.06,0.035,413194.61,0,0
2025-06-18,上海旗舰店,智能穿戴,95,1367.83,0.112,115390.14,1,0
2025-06-18,上海旗舰店,笔记本电脑,36,6965.13,0.011,247986.49,0,0
2025-06-18,上海旗舰店,配件耗材,173,210.14,0.186,29592.34,1,0
2025-06-18,北京中关村店,智能家居,78,948.57,0.069,68883.26,1,0
2025-06-18,北京中关村店,智能手机,69,4207.76,0.027,282496.38,0,0
2025-06-18,北京中关村店,智能穿戴,58,1394.26,0.024,78926.27,0,0
2025-06-18,北京中关村店,笔记本电脑,30,6940.06,0.045,198832.72,0,0
2025-06-18,北京中关村店,配件耗材,160,211.1,0.094,30601.06,1,0
2025-06-18,广州天河店,智能家居,55,977.22,0.023,52510.92,0,0
2025-06-18,广州天河店,智能手机,61,4258.76,0.025,253289.75,0,0
2025-06-18,广州天河店,智能穿戴,51,1390.04,0.061,66567.63,1,0
2025-06-18,广州天河店,笔记本电脑,35,6941.84,0.173,200931.56,1,0
2025-06-18,广州天河店,配件耗材,124,211.31,0.132,22743.72,1,0
2025-06-18,成都春熙店,智能家居,42,944.19,0.217,31050.63,1,0
2025-06-18,成都春熙店,智能手机,69,4197.45,0.03,280935.33,0,0
2025-06-18,成都春熙店,智能穿戴,47,1391.07,0.144,55965.53,1,0
2025-06-18,成都春熙店,笔记本电脑,19,6901.78,0.043,125495.07,0,0
2025-06-18,成都春熙店,配件耗材,71,211.1,0.125,13114.59,1,0
2025-06-19,上海旗舰店,智能家居,65,953.14,0.189,50244.78,1,0
2025-06-19,上海旗舰店,智能手机,154,4174.97,0.163,538145.28,1,0
2025-06-19,上海旗舰店,智能穿戴,78,1385.64,0.015,106458.72,0,0
2025-06-19,上海旗舰店,笔记本电脑,37,6835.99,0.027,246102.48,0,0
2025-06-19,上海旗舰店,配件耗材,141,210.96,0.017,29239.69,0,0
2025-06-19,北京中关村店,智能家居,47,945.24,0.004,44248.57,0,0
2025-06-19,北京中关村店,智能手机,75,4295.89,0.035,310915.04,0,0
2025-06-19,北京中关村店,智能穿戴,55,1417.41,0.026,75930.65,0,0
2025-06-19,北京中关村店,笔记本电脑,26,6807.6,0.028,172041.67,0,0
2025-06-19,北京中关村店,配件耗材,125,210.25,0.029,25519.09,0,0
2025-06-19,广州天河店,智能家居,51,949.64,0.019,47511.44,0,0
2025-06-19,广州天河店,智能手机,63,4285.1,0.033,261052.58,0,0
2025-06-19,广州天河店,智能穿戴,47,1400.5,0.02,64507.03,0,0
2025-06-19,广州天河店,笔记本电脑,25,6809.89,0.01,168544.78,0,0
2025-06-19,广州天河店,配件耗材,116,213.76,0.003,24721.77,0,0
2025-06-19,成都春熙店,智能家居,32,960.36,0.016,30239.82,0,0
2025-06-19,成都春熙店,智能手机,58,4249.87,0.093,223568.66,1,0
2025-06-19,成都春熙店,智能穿戴,36,1387.25,0.049,47493.89,0,0
2025-06-19,成都春熙店,笔记本电脑,28,6876.9,0.009,190820.22,0,0
2025-06-19,成都春熙店,配件耗材,111,210.53,0.074,21639.54,1,0
2025-06-20,上海旗舰店,智能家居,63,958.78,0.005,60101.12,0,0
2025-06-20,上海旗舰店,智能手机,87,4267.63,0.011,367199.69,0,0
2025-06-20,上海旗舰店,智能穿戴,72,1374.64,0.047,94322.3,0,0
2025-06-20,上海旗舰店,笔记本电脑,33,6950.02,0.035,221323.39,0,0
2025-06-20,上海旗舰店,配件耗材,167,214.18,0.12,31475.89,1,0
2025-06-20,北京中关村店,智能家居,66,950.27,0.07,58327.57,1,0
2025-06-20,北京中关村店,智能手机,112,4171.22,0.065,436810.16,1,0
2025-06-20,北京中关村店,智能穿戴,53,1401.66,0.031,71985.05,0,0
2025-06-20,北京中关村店,笔记本电脑,43,6894.77,0.19,240144.84,1,0
2025-06-20,北京中关村店,配件耗材,150,211.99,0.119,28014.48,1,0
2025-06-20,广州天河店,智能家居,42,948.59,0.029,38685.4,0,0
2025-06-20,广州天河店,智能手机,110,4255.57,0.157,394619.01,1,0
2025-06-20,广州天河店,智能穿戴,48,1379.06,0.005,65863.91,0,0
2025-06-20,广州天河店,笔记本电脑,47,6836.12,0.115,284348.41,1,0
2025-06-20,广州天河店,配件耗材,104,211.26,0.0,21971.04,0,0
2025-06-20,成都春熙店,智能家居,31,973.13,0.049,28688.85,0,0
2025-06-20,成都春熙店,智能手机,62,4274.09,0.146,226304.52,1,0
2025-06-20,成都春熙店,智能穿戴,41,1395.62,0.019,56133.23,0,0
2025-06-20,成都春熙店,笔记本电脑,19,6862.08,0.049,123990.92,0,0
2025-06-20,成都春熙店,配件耗材,64,213.62,0.027,13302.54,0,0
2025-06-21,上海旗舰店,智能家居,92,953.84,0.0,87753.28,0,1
2025-06-21,上海旗舰店,智能手机,103,4226.9,0.026,424051.06,0,1
2025-06-21,上海旗舰店,智能穿戴,92,1386.62,0.096,115322.41,1,1
2025-06-21,上海旗舰店,笔记本电脑,42,6947.46,0.004,290626.15,0,1
2025-06-21,上海旗舰店,配件耗材,134,211.8,0.043,27160.81,0,1
2025-06-21,北京中关村店,智能家居,75,954.81,0.064,67027.66,1,1
2025-06-21,北京中关村店,智能手机,90,4246.47,0.038,367659.37,0,1
2025-06-21,北京中关村店,智能穿戴,55,1380.72,0.001,75863.66,0,1
2025-06-21,北京中关村店,笔记本电脑,40,6975.6,0.013,275396.69,0,1
2025-06-21,北京中关村店,配件耗材,114,212.4,0.012,23923.04,0,1
2025-06-21,广州天河店,智能家居,59,958.38,0.036,54508.82,0,1
2025-06-21,广州天河店,智能手机,96,4246.7,0.216,319623.63,1,1
2025-06-21,广州天河店,智能穿戴,56,1381.89,0.032,74909.49,0,1
2025-06-21,广州天河店,笔记本电脑,35,6909.92,0.02,237010.26,0,1
2025-06-21,广州天河店,配件耗材,136,215.7,0.191,23732.18,1,1
2025-06-21,成都春熙店,智能家居,39,976.96,0.013,37606.12,0,1
2025-06-21,成都春熙店,智能手机,59,4302.53,0.012,250803.08,0,1
2025-06-21,成都春熙店,智能穿戴,54,1382.38,0.024,72856.96,0,1
2025-06-21,成都春熙店,笔记本电脑,25,6821.14,0.007,169334.8,0,1
2025-06-21,成都春熙店,配件耗材,84,209.65,0.188,14299.81,1,1
2025-06-22,上海旗舰店,智能家居,65,952.09,0.037,59596.07,0,1
2025-06-22,上海旗舰店,智能手机,118,4240.17,0.179,410779.19,1,1
2025-06-22,上海旗舰店,智能穿戴,104,1381.12,0.062,134731.02,1,1
2025-06-22,上海旗舰店,笔记本电脑,38,6778.23,0.007,255769.73,0,1
2025-06-22,上海旗舰店,配件耗材,142,209.88,0.018,29266.51,0,1
2025-06-22,北京中关村店,智能家居,46,960.92,0.031,42832.05,0,1
2025-06-22,北京中关村店,智能手机,131,4255.05,0.213,438682.89,1,1
2025-06-22,北京中关村店,智能穿戴,80,1357.61,0.158,91448.61,1,1
2025-06-22,北京中关村店,笔记本电脑,32,6909.73,0.03,214478.02,0,1
2025-06-22,北京中关村店,配件耗材,139,210.0,0.214,22943.34,1,1
2025-06-22,广州天河店,智能家居,72,965.81,0.021,68078.02,0,1
2025-06-22,广州天河店,智能手机,69,4329.3,0.049,284084.34,0,1
2025-06-22,广州天河店,智能穿戴,49,1392.24,0.028,66309.61,0,1
2025-06-22,广州天河店,笔记本电脑,39,6913.52,0.002,269088.03,0,1
2025-06-22,广州天河店,配件耗材,162,208.02,0.115,29823.83,1,1
2025-06-22,成都春熙店,智能家居,42,962.52,0.017,39738.6,0,1
2025-06-22,成都春熙店,智能手机,59,4294.7,0.004,252373.75,0,1
2025-06-22,成都春熙店,智能穿戴,56,1384.96,0.105,69414.2,1,1
2025-06-22,成都春熙店,笔记本电脑,35,6898.02,0.165,201594.63,1,1
2025-06-22,成都春熙店,配件耗材,82,212.64,0.022,17052.88,0,1
2025-06-23,上海旗舰店,智能家居,47,936.92,0.006,43771.03,0,0
2025-06-23,上海旗舰店,智能手机,76,4318.79,0.0,328228.04,0,0
2025-06-23,上海旗舰店,智能穿戴,59,1386.48,0.005,81393.31,0,0
2025-06-23,上海旗舰店,笔记本电脑,35,6970.81,0.03,236659.0,0,0
2025-06-23,上海旗舰店,配件耗材,147,210.79,0.083,28414.28,1,0
2025-06-23,北京中关村店,智能家居,52,961.05,0.006,49674.75,0,0
2025-06-23,北京中关村店,智能手机,132,4307.42,0.065,531621.78,1,0
2025-06-23,北京中关村店,智能穿戴,69,1373.06,0.004,94362.18,0,0
2025-06-23,北京中关村店,笔记本电脑,79,6995.32,0.116,488525.17,1,0
2025-06-23,北京中关村店,配件耗材,104,211.34,0.004,21891.44,0,0
2025-06-23,广州天河店,智能家居,88,943.75,0.144,71090.8,1,0
2025-06-23,广州天河店,智能手机,71,4170.16,0.038,284830.27,0,0
2025-06-23,广州天河店,智能穿戴,55,1386.96,0.064,71400.7,1,0
2025-06-23,广州天河店,笔记本电脑,30,6839.79,0.047,195549.6,0,0
2025-06-23,广州天河店,配件耗材,163,214.2,0.175,28804.54,1,0
2025-06-23,成都春熙店,智能家居,27,957.17,0.033,24990.75,0,0
2025-06-23,成都春熙店,智能手机,63,4245.45,0.046,255160.04,0,0
2025-06-23,成都春熙店,智能穿戴,39,1390.13,0.013,53510.27,0,0
2025-06-23,成都春熙店,笔记本电脑,24,6948.14,0.035,160918.92,0,0
2025-06-23,成都春熙店,配件耗材,67,211.33,0.112,12573.29,1,0
2025-06-24,上海旗舰店,智能家居,59,957.02,0.006,56125.39,0,0
2025-06-24,上海旗舰店,智能手机,105,4324.81,0.134,393254.97,1,0
2025-06-24,上海旗舰店,智能穿戴,83,1382.37,0.178,94313.58,1,0
2025-06-24,上海旗舰店,笔记本电脑,26,7098.12,0.029,179199.14,0,0
2025-06-24,上海旗舰店,配件耗材,91,210.28,0.038,18408.33,0,0
2025-06-24,北京中关村店,智能家居,69,948.33,0.08,60199.99,1,0
2025-06-24,北京中关村店,智能手机,78,4285.71,0.125,292499.71,1,0
2025-06-24,北京中关村店,智能穿戴,48,1353.36,0.043,62167.94,0,0
2025-06-24,北京中关村店,笔记本电脑,79,6932.31,0.199,438669.64,1,0
2025-06-24,北京中关村店,配件耗材,93,214.36,0.014,19656.38,0,0
2025-06-24,广州天河店,智能家居,66,949.8,0.117,55352.44,1,0
2025-06-24,广州天河店,智能手机,84,4291.62,0.121,316876.05,1,0
2025-06-24,广州天河店,智能穿戴,61,1386.29,0.119,74500.61,1,0
2025-06-24,广州天河店,笔记本电脑,48,6923.21,0.152,281802.34,1,0
2025-06-24,广州天河店,配件耗材,79,213.11,0.046,16061.25,0,0
2025-06-24,成都春熙店,智能家居,37,941.05,0.009,34505.48,0,0
2025-06-24,成都春熙店,智能手机,56,4318.68,0.041,231930.39,0,0
2025-06-24,成都春熙店,智能穿戴,46,1385.47,0.102,57230.99,1,0
2025-06-24,成都春熙店,笔记本电脑,20,6921.03,0.068,129008.0,1,0
2025-06-24,成都春熙店,配件耗材,55,215.51,0.047,11295.96,0,0
2025-06-25,上海旗舰店,智能家居,61,973.71,0.139,51140.22,1,0
2025-06-25,上海旗舰店,智能手机,87,4249.18,0.005,367830.27,0,0
2025-06-25,上海旗舰店,智能穿戴,61,1373.68,0.016,82453.77,0,0
2025-06-25,上海旗舰店,笔记本电脑,36,7006.24,0.011,249450.17,0,0
2025-06-25,上海旗舰店,配件耗材,146,210.67,0.16,25836.57,1,0
2025-06-25,北京中关村店,智能家居,65,954.12,0.155,52405.04,1,0
2025-06-25,北京中关村店,智能手机,84,4207.69,0.021,346023.59,0,0
2025-06-25,北京中关村店,智能穿戴,76,1372.54,0.209,82511.61,1,0
2025-06-25,北京中关村店,笔记本电脑,40,6995.76,0.218,218827.37,1,0
2025-06-25,北京中关村店,配件耗材,116,211.71,0.025,23944.4,0,0
2025-06-25,广州天河店,智能家居,61,963.1,0.097,53050.44,1,0
2025-06-25,广州天河店,智能手机,92,4278.89,0.198,315713.62,1,0
2025-06-25,广州天河店,智能穿戴,58,1393.32,0.108,72084.8,1,0
2025-06-25,广州天河店,笔记本电脑,44,6925.24,0.207,241635.47,1,0
2025-06-25,广州天河店,配件耗材,99,210.9,0.006,20753.83,0,0
2025-06-25,成都春熙店,智能家居,32,955.56,0.014,30149.83,0,0
2025-06-25,成都春熙店,智能手机,52,4269.03,0.043,212444.01,0,0
2025-06-25,成都春熙店,智能穿戴,41,1389.12,0.043,54504.9,0,0
2025-06-25,成都春熙店,笔记本电脑,26,6886.06,0.04,171876.06,0,0
2025-06-25,成都春熙店,配件耗材,60,214.43,0.031,12466.96,0,0
2025-06-26,上海旗舰店,智能家居,89,956.65,0.151,72285.43,1,0
2025-06-26,上海旗舰店,智能手机,69,4184.28,0.039,277455.42,0,0
2025-06-26,上海旗舰店,智能穿戴,92,1360.71,0.069,116547.53,1,0
2025-06-26,上海旗舰店,笔记本电脑,32,7024.56,0.038,216244.06,0,0
2025-06-26,上海旗舰店,配件耗材,110,216.93,0.008,23671.4,0,0
2025-06-26,北京中关村店,智能家居,60,962.9,0.09,52574.34,1,0
2025-06-26,北京中关村店,智能手机,116,4275.32,0.12,436424.67,1,0
2025-06-26,北京中关村店,智能穿戴,50,1383.29,0.009,68542.02,0,0
2025-06-26,北京中关村店,笔记本电脑,37,6773.35,0.027,243847.37,0,0
2025-06-26,北京中关村店,配件耗材,124,209.14,0.021,25388.76,0,0
2025-06-26,广州天河店,智能家居,95,962.0,0.035,88191.35,0,0
2025-06-26,广州天河店,智能手机,103,4291.06,0.154,373914.39,1,0
2025-06-26,广州天河店,智能穿戴,51,1413.77,0.219,56311.87,1,0
2025-06-26,广州天河店,笔记本电脑,28,6990.85,0.028,190262.97,0,0
2025-06-26,广州天河店,配件耗材,86,208.6,0.024,17509.05,0,0
2025-06-26,成都春熙店,智能家居,31,962.03,0.005,29673.82,0,0
2025-06-26,成都春熙店,智能手机,50,4252.43,0.03,206242.85,0,0
2025-06-26,成都春熙店,智能穿戴,55,1386.57,0.073,70694.27,1,0
2025-06-26,成都春熙店,笔记本电脑,17,6912.12,0.04,112805.8,0,0
2025-06-26,成都春熙店,配件耗材,73,212.26,0.05,14720.23,0,0
2025-06-27,上海旗舰店,智能家居,76,950.88,0.023,70604.74,0,0
2025-06-27,上海旗舰店,智能手机,92,4215.61,0.096,350603.85,1,0
2025-06-27,上海旗舰店,智能穿戴,86,1411.19,0.002,121119.62,0,0
2025-06-27,上海旗舰店,笔记本电脑,44,6835.86,0.167,250547.94,1,0
2025-06-27,上海旗舰店,配件耗材,130,212.55,0.006,27465.71,0,0
2025-06-27,北京中关村店,智能家居,59,947.95,0.035,53971.53,0,0
2025-06-27,北京中关村店,智能手机,87,4253.9,0.013,365278.14,0,0
2025-06-27,北京中关村店,智能穿戴,66,1404.43,0.01,91765.46,0,0
2025-06-27,北京中关村店,笔记本电脑,35,6925.75,0.042,232220.4,0,0
2025-06-27,北京中关村店,配件耗材,146,211.0,0.12,27109.28,1,0
2025-06-27,广州天河店,智能家居,59,965.3,0.037,54845.45,0,0
2025-06-27,广州天河店,智能手机,75,4305.54,0.024,315165.53,0,0
2025-06-27,广州天河店,智能穿戴,80,1376.37,0.072,102181.71,1,0
2025-06-27,广州天河店,笔记本电脑,29,6845.16,0.007,197120.07,0,0
2025-06-27,广州天河店,配件耗材,121,211.37,0.015,25192.13,0,0
2025-06-27,成都春熙店,智能家居,33,977.56,0.037,31065.88,0,0
2025-06-27,成都春熙店,智能手机,56,4247.2,0.028,231183.59,0,0
2025-06-27,成都春熙店,智能穿戴,41,1398.01,0.036,55254.95,0,0
2025-06-27,成都春熙店,笔记本电脑,23,6954.37,0.036,154192.29,0,0
2025-06-27,成都春熙店,配件耗材,70,210.63,0.042,14124.85,0,0
2025-06-28,上海旗舰店,智能家居,86,959.07,0.08,75881.62,1,1
2025-06-28,上海旗舰店,智能手机,117,4281.15,0.04,480858.77,0,1
2025-06-28,上海旗舰店,智能穿戴,85,1378.89,0.04,112517.42,0,1
2025-06-28,上海旗舰店,笔记本电脑,39,6873.58,0.036,258419.11,0,1
2025-06-28,上海旗舰店,配件耗材,164,212.03,0.163,29104.93,1,1
2025-06-28,北京中关村店,智能家居,49,955.58,0.029,45465.54,0,1
2025-06-28,北京中关村店,智能手机,112,4290.51,0.02,470926.38,0,1
2025-06-28,北京中关村店,智能穿戴,60,1384.26,0.044,79401.15,0,1
2025-06-28,北京中关村店,笔记本电脑,33,6823.1,0.004,224261.65,0,1
2025-06-28,北京中关村店,配件耗材,140,214.27,0.017,29487.84,0,1
2025-06-28,广州天河店,智能家居,55,949.65,0.013,51551.75,0,1
2025-06-28,广州天河店,智能手机,66,4219.72,0.044,266247.45,0,1
2025-06-28,广州天河店,智能穿戴,58,1387.73,0.046,76785.88,0,1
2025-06-28,广州天河店,笔记本电脑,38,6944.58,0.004,262838.46,0,1
2025-06-28,广州天河店,配件耗材,120,211.68,0.001,25376.2,0,1
2025-06-28,成都春熙店,智能家居,42,950.61,0.047,38049.12,0,1
2025-06-28,成都春熙店,智能手机,69,4239.94,0.218,228778.68,1,1
2025-06-28,成都春熙店,智能穿戴,62,1395.8,0.176,71308.63,1,1
2025-06-28,成都春熙店,笔记本电脑,30,7017.87,0.093,190956.24,1,1
2025-06-28,成都春熙店,配件耗材,122,212.51,0.108,23126.19,1,1
2025-06-29,上海旗舰店,智能家居,76,957.18,0.018,71436.26,0,1
2025-06-29,上海旗舰店,智能手机,83,4213.16,0.033,338152.43,0,1
2025-06-29,上海旗舰店,智能穿戴,73,1392.88,0.019,99748.32,0,1
2025-06-29,上海旗舰店,笔记本电脑,61,6812.0,0.149,353617.73,1,1
2025-06-29,上海旗舰店,配件耗材,165,215.11,0.031,34392.86,0,1
2025-06-29,北京中关村店,智能家居,114,954.45,0.095,98470.61,1,1
2025-06-29,北京中关村店,智能手机,82,4332.46,0.009,352064.36,0,1
2025-06-29,北京中关村店,智能穿戴,74,1392.05,0.175,84984.65,1,1
2025-06-29,北京中关村店,笔记本电脑,42,6929.7,0.104,260778.47,1,1
2025-06-29,北京中关村店,配件耗材,129,213.24,0.028,26737.74,0,1
2025-06-29,广州天河店,智能家居,70,961.27,0.129,58608.63,1,1
2025-06-29,广州天河店,智能手机,98,4257.65,0.142,358000.24,1,1
2025-06-29,广州天河店,智能穿戴,60,1409.39,0.002,84394.27,0,1
2025-06-29,广州天河店,笔记本电脑,41,6975.9,0.138,246542.26,1,1
2025-06-29,广州天河店,配件耗材,124,214.04,0.02,26010.14,0,1
2025-06-29,成都春熙店,智能家居,34,946.05,0.021,31490.22,0,1
2025-06-29,成都春熙店,智能手机,64,4250.95,0.036,262266.61,0,1
2025-06-29,成都春熙店,智能穿戴,40,1357.86,0.006,53988.51,0,1
2025-06-29,成都春熙店,笔记本电脑,28,6895.77,0.118,170297.94,1,1
2025-06-29,成都春熙店,配件耗材,55,209.41,0.027,11206.58,0,1
2025-06-30,上海旗舰店,智能家居,58,953.46,0.014,54526.47,0,0
2025-06-30,上海旗舰店,智能手机,115,4278.07,0.211,388170.68,1,0
2025-06-30,上海旗舰店,智能穿戴,66,1383.48,0.041,87565.98,0,0
2025-06-30,上海旗舰店,笔记本电脑,34,6824.62,0.043,222059.49,0,0
2025-06-30,上海旗舰店,配件耗材,173,214.01,0.168,30803.74,1,0
2025-06-30,北京中关村店,智能家居,47,949.39,0.042,42747.23,0,0
2025-06-30,北京中关村店,智能手机,101,4297.03,0.139,373674.03,1,0
2025-06-30,北京中关村店,智能穿戴,69,1375.75,0.105,84959.44,1,0
2025-06-30,北京中关村店,笔记本电脑,33,6836.65,0.03,218841.17,0,0
2025-06-30,北京中关村店,配件耗材,103,209.21,0.021,21096.11,0,0
2025-06-30,广州天河店,智能家居,50,967.59,0.019,47460.29,0,0
2025-06-30,广州天河店,智能手机,83,4276.04,0.041,340359.96,0,0
2025-06-30,广州天河店,智能穿戴,64,1394.43,0.023,87190.92,0,0
2025-06-30,广州天河店,笔记本电脑,42,6897.73,0.079,266817.99,1,0
2025-06-30,广州天河店,配件耗材,104,208.2,0.033,20938.26,0,0
2025-06-30,成都春熙店,智能家居,40,947.01,0.065,35418.17,1,0
2025-06-30,成都春熙店,智能手机,69,4290.09,0.034,285951.66,0,0
2025-06-30,成都春熙店,智能穿戴,46,1376.39,0.033,61224.58,0,0
2025-06-30,成都春熙店,笔记本电脑,24,6920.8,0.034,160451.83,0,0
2025-06-30,成都春熙店,配件耗材,54,213.23,0.033,11134.44,0,0
2025-07-01,上海旗舰店,智能家居,46,953.86,0.035,42341.85,0,0
2025-07-01,上海旗舰店,智能手机,69,4291.6,0.008,293751.44,0,0
2025-07-01,上海旗舰店,智能穿戴,45,1373.07,0.044,59069.47,0,0
2025-07-01,上海旗舰店,笔记本电脑,30,7047.55,0.006,210157.94,0,0
2025-07-01,上海旗舰店,配件耗材,91,211.68,0.029,18704.26,0,0
2025-07-01,北京中关村店,智能家居,37,964.14,0.042,34174.91,0,0
2025-07-01,北京中关村店,智能手机,60,4217.45,0.014,249504.34,0,0
2025-07-01,北京中关村店,智能穿戴,41,1385.05,0.044,54288.42,0,0
2025-07-01,北京中关村店,笔记本电脑,37,6913.39,0.09,232773.84,1,0
2025-07-01,北京中关村店,配件耗材,81,212.01,0.042,16451.55,0,0
2025-07-01,广州天河店,智能家居,46,948.97,0.044,41731.9,0,0
2025-07-01,广州天河店,智能手机,81,4301.58,0.005,346685.84,0,0
2025-07-01,广州天河店,智能穿戴,39,1363.01,0.007,52785.29,0,0
2025-07-01,广州天河店,笔记本电脑,23,6873.26,0.009,156662.22,0,0
2025-07-01,广州天河店,配件耗材,73,213.33,0.035,15028.03,0,0
2025-07-01,成都春熙店,智能家居,27,952.74,0.04,24695.02,0,0
2025-07-01,成都春熙店,智能手机,60,4267.93,0.038,246344.92,0,0
2025-07-01,成都春熙店,智能穿戴,34,1380.87,0.013,46339.24,0,0
2025-07-01,成都春熙店,笔记本电脑,18,6907.57,0.001,124211.92,0,0
2025-07-01,成都春熙店,配件耗材,50,210.52,0.006,10462.84,0,0
2025-07-02,上海旗舰店,智能家居,42,952.63,0.028,38890.17,0,0
2025-07-02,上海旗舰店,智能手机,70,4266.87,0.018,293304.64,0,0
2025-07-02,上海旗舰店,智能穿戴,57,1354.9,0.037,74371.82,0,0
2025-07-02,上海旗舰店,笔记本电脑,28,6994.04,0.038,188391.46,0,0
2025-07-02,上海旗舰店,配件耗材,111,212.94,0.02,23163.61,0,0
2025-07-02,北京中关村店,智能家居,43,959.79,0.01,40858.26,0,0
2025-07-02,北京中关村店,智能手机,61,4237.33,0.02,253307.59,0,0
2025-07-02,北京中关村店,智能穿戴,47,1395.21,0.001,65509.3,0,0
2025-07-02,北京中关村店,笔记本电脑,31,7002.62,0.036,209266.3,0,0
2025-07-02,北京中关村店,配件耗材,100,214.46,0.159,18036.09,1,0
2025-07-02,广州天河店,智能家居,48,953.63,0.02,44858.76,0,0
2025-07-02,广州天河店,智能手机,53,4293.5,0.05,216177.72,0,0
2025-07-02,广州天河店,智能穿戴,45,1371.19,0.016,60716.29,0,0
2025-07-02,广州天河店,笔记本电脑,38,6888.45,0.134,226685.11,1,0
2025-07-02,广州天河店,配件耗材,76,207.07,0.025,15343.89,0,0
2025-07-02,成都春熙店,智能家居,32,973.68,0.036,30036.08,0,0
2025-07-02,成都春熙店,智能手机,58,4280.61,0.028,241323.67,0,0
2025-07-02,成都春熙店,智能穿戴,38,1395.43,0.028,51541.6,0,0
2025-07-02,成都春熙店,笔记本电脑,17,6873.1,0.031,113220.58,0,0
2025-07-02,成都春熙店,配件耗材,43,213.67,0.024,8967.3,0,0
2025-07-03,上海旗舰店,智能家居,54,968.43,0.046,49889.64,0,0
2025-07-03,上海旗舰店,智能手机,63,4317.44,0.006,270366.73,0,0
2025-07-03,上海旗舰店,智能穿戴,53,1399.02,0.011,73332.43,0,0
2025-07-03,上海旗舰店,笔记本电脑,31,6946.54,0.044,205867.66,0,0
2025-07-03,上海旗舰店,配件耗材,70,211.07,0.008,14656.7,0,0
2025-07-03,北京中关村店,智能家居,56,942.42,0.047,50295.07,0,0
2025-07-03,北京中关村店,智能手机,79,4311.13,0.041,326615.52,0,0
2025-07-03,北京中关村店,智能穿戴,40,1376.83,0.045,52594.91,0,0
2025-07-03,北京中关村店,笔记本电脑,25,6921.11,0.024,168875.08,0,0
2025-07-03,北京中关村店,配件耗材,100,214.99,0.031,20832.53,0,0
2025-07-03,广州天河店,智能家居,56,951.04,0.115,47133.54,1,0
2025-07-03,广州天河店,智能手机,67,4231.76,0.049,269635.05,0,0
2025-07-03,广州天河店,智能穿戴,38,1386.65,0.048,50163.45,0,0
2025-07-03,广州天河店,笔记本电脑,32,6978.94,0.007,221762.8,0,0
2025-07-03,广州天河店,配件耗材,66,213.59,0.006,14012.36,0,0
2025-07-03,成都春熙店,智能家居,37,966.39,0.152,30321.45,1,0
2025-07-03,成都春熙店,智能手机,61,4264.17,0.036,250750.25,0,0
2025-07-03,成都春熙店,智能穿戴,29,1393.94,0.033,39090.26,0,0
2025-07-03,成都春熙店,笔记本电脑,23,6986.83,0.035,155072.69,0,0
2025-07-03,成都春熙店,配件耗材,62,212.2,0.047,12538.05,0,0
2025-07-04,上海旗舰店,智能家居,59,959.99,0.038,54487.11,0,0
2025-07-04,上海旗舰店,智能手机,71,4224.36,0.035,289432.03,0,0
2025-07-04,上海旗舰店,智能穿戴,41,1393.55,0.017,56164.25,0,0
2025-07-04,上海旗舰店,笔记本电脑,31,6944.53,0.013,212481.78,0,0
2025-07-04,上海旗舰店,配件耗材,120,206.91,0.007,24655.4,0,0
2025-07-04,北京中关村店,智能家居,59,978.65,0.189,46827.42,1,0
2025-07-04,北京中关村店,智能手机,73,4286.2,0.039,300689.79,0,0
2025-07-04,北京中关村店,智能穿戴,42,1405.49,0.03,57259.66,0,0
2025-07-04,北京中关村店,笔记本电脑,38,6927.4,0.046,251132.1,0,0
2025-07-04,北京中关村店,配件耗材,116,211.59,0.021,24029.01,0,0
2025-07-04,广州天河店,智能家居,45,956.22,0.028,41825.06,0,0
2025-07-04,广州天河店,智能手机,69,4292.92,0.042,283770.6,0,0
2025-07-04,广州天河店,智能穿戴,37,1373.13,0.006,50500.98,0,0
2025-07-04,广州天河店,笔记本电脑,27,7010.75,0.05,179825.74,0,0
2025-07-04,广州天河店,配件耗材,96,211.8,0.037,19580.49,0,0
2025-07-04,成都春熙店,智能家居,30,957.38,0.034,27744.87,0,0
2025-07-04,成都春熙店,智能手机,50,4267.12,0.047,203328.27,0,0
2025-07-04,成都春熙店,智能穿戴,61,1404.8,0.108,76437.98,1,0
2025-07-04,成都春熙店,笔记本电脑,20,6960.66,0.04,133644.67,0,0
2025-07-04,成都春熙店,配件耗材,53,211.14,0.011,11067.33,0,0
2025-07-05,上海旗舰店,智能家居,53,957.4,0.017,49879.58,0,1
2025-07-05,上海旗舰店,智能手机,72,4207.91,0.042,290244.8,0,1
2025-07-05,上海旗舰店,智能穿戴,112,1393.94,0.015,153779.46,0,1
2025-07-05,上海旗舰店,笔记本电脑,35,6816.49,0.001,238338.57,0,1
2025-07-05,上海旗舰店,配件耗材,133,213.44,0.046,27081.69,0,1
2025-07-05,北京中关村店,智能家居,123,955.38,0.012,116101.6,0,1
2025-07-05,北京中关村店,智能手机,81,4260.18,0.027,335757.57,0,1
2025-07-05,北京中关村店,智能穿戴,58,1396.17,0.006,80491.99,0,1
2025-07-05,北京中关村店,笔记本电脑,32,6922.69,0.017,217760.14,0,1
2025-07-05,北京中关村店,配件耗材,96,215.43,0.029,20081.52,0,1
2025-07-05,广州天河店,智能家居,45,961.13,0.01,42818.34,0,1
2025-07-05,广州天河店,智能手机,73,4297.05,0.019,307724.64,0,1
2025-07-05,广州天河店,智能穿戴,72,1383.36,0.029,96713.46,0,1
2025-07-05,广州天河店,笔记本电脑,33,6913.54,0.014,224952.76,0,1
2025-07-05,广州天河店,配件耗材,76,210.6,0.043,15317.36,0,1
2025-07-05,成都春熙店,智能家居,33,965.38,0.013,31443.39,0,1
2025-07-05,成都春熙店,智能手机,54,4323.13,0.04,224111.06,0,1
2025-07-05,成都春熙店,智能穿戴,29,1363.7,0.038,38044.5,0,1
2025-07-05,成都春熙店,笔记本电脑,24,7006.06,0.036,162092.2,0,1
2025-07-05,成都春熙店,配件耗材,68,213.52,0.032,14054.74,0,1
2025-07-06,上海旗舰店,智能家居,77,964.42,0.21,58665.67,1,1
2025-07-06,上海旗舰店,智能手机,80,4223.62,0.029,328090.8,0,1
2025-07-06,上海旗舰店,智能穿戴,60,1381.5,0.031,80320.41,0,1
2025-07-06,上海旗舰店,笔记本电脑,29,6931.59,0.046,191769.37,0,1
2025-07-06,上海旗舰店,配件耗材,103,210.93,0.024,21204.37,0,1
2025-07-06,北京中关村店,智能家居,45,971.21,0.004,43529.63,0,1
2025-07-06,北京中关村店,智能手机,117,4244.31,0.161,416634.2,1,1
2025-07-06,北京中关村店,智能穿戴,61,1367.78,0.045,79680.02,0,1
2025-07-06,北京中关村店,笔记本电脑,31,6917.64,0.025,209085.67,0,1
2025-07-06,北京中关村店,配件耗材,113,211.07,0.02,23373.89,0,1
2025-07-06,广州天河店,智能家居,46,966.96,0.131,38653.26,1,1
2025-07-06,广州天河店,智能手机,64,4252.02,0.014,268319.47,0,1
2025-07-06,广州天河店,智能穿戴,49,1394.87,0.02,66981.66,0,1
2025-07-06,广州天河店,笔记本电脑,30,6968.25,0.02,204866.55,0,1
2025-07-06,广州天河店,配件耗材,85,212.91,0.05,17192.48,0,1
2025-07-06,成都春熙店,智能家居,32,951.38,0.006,30261.5,0,1
2025-07-06,成都春熙店,智能手机,47,4296.82,0.001,201748.59,0,1
2025-07-06,成都春熙店,智能穿戴,45,1386.93,0.034,60289.85,0,1
2025-07-06,成都春熙店,笔记本电脑,21,6932.77,0.016,143258.76,0,1
2025-07-06,成都春熙店,配件耗材,64,211.25,0.03,13114.4,0,1
2025-07-07,上海旗舰店,智能家居,56,944.52,0.034,51094.75,0,0
2025-07-07,上海旗舰店,智能手机,86,4291.99,0.05,350655.58,0,0
2025-07-07,上海旗舰店,智能穿戴,66,1382.87,0.024,89078.95,0,0
2025-07-07,上海旗舰店,笔记本电脑,33,6861.98,0.002,225992.45,0,0
2025-07-07,上海旗舰店,配件耗材,98,212.14,0.003,20727.35,0,0
2025-07-07,北京中关村店,智能家居,44,967.51,0.049,40484.49,0,0
2025-07-07,北京中关村店,智能手机,89,4239.4,0.015,371647.0,0,0
2025-07-07,北京中关村店,智能穿戴,66,1401.41,0.043,88515.86,0,0
2025-07-07,北京中关村店,笔记本电脑,32,6914.22,0.216,173463.95,1,0
2025-07-07,北京中关村店,配件耗材,101,213.37,0.036,20774.56,0,0
2025-07-07,广州天河店,智能家居,50,964.04,0.043,46129.31,0,0
2025-07-07,广州天河店,智能手机,63,4225.25,0.001,265924.56,0,0
2025-07-07,广州天河店,智能穿戴,44,1375.27,0.016,59543.69,0,0
2025-07-07,广州天河店,笔记本电脑,23,6828.42,0.031,152185.0,0,0
2025-07-07,广州天河店,配件耗材,74,213.61,0.007,15696.49,0,0
2025-07-07,成都春熙店,智能家居,25,967.59,0.024,23609.2,0,0
2025-07-07,成都春熙店,智能手机,45,4166.58,0.032,181496.22,0,0
2025-07-07,成都春熙店,智能穿戴,31,1388.31,0.004,42865.46,0,0
2025-07-07,成都春熙店,笔记本电脑,19,6858.79,0.009,129144.16,0,0
2025-07-07,成都春熙店,配件耗材,72,212.59,0.205,12168.65,1,0
2025-07-08,上海旗舰店,智能家居,49,951.3,0.031,45168.68,0,0
2025-07-08,上海旗舰店,智能手机,80,4309.47,0.012,340620.51,0,0
2025-07-08,上海旗舰店,智能穿戴,91,1385.07,0.013,124402.83,0,0
2025-07-08,上海旗舰店,笔记本电脑,29,6931.67,0.039,193178.71,0,0
2025-07-08,上海旗舰店,配件耗材,90,212.1,0.021,18688.13,0,0
2025-07-08,北京中关村店,智能家居,42,949.95,0.004,39738.31,0,0
2025-07-08,北京中关村店,智能手机,60,4246.64,0.03,247154.45,0,0
2025-07-08,北京中关村店,智能穿戴,46,1392.01,0.004,63776.33,0,0
2025-07-08,北京中关村店,笔记本电脑,28,6895.1,0.0,193062.8,0,0
2025-07-08,北京中关村店,配件耗材,106,210.22,0.027,21681.67,0,0
2025-07-08,广州天河店,智能家居,54,958.3,0.038,49781.77,0,0
2025-07-08,广州天河店,智能手机,65,4260.83,0.039,266152.75,0,0
2025-07-08,广州天河店,智能穿戴,47,1398.25,0.034,63483.35,0,0
2025-07-08,广州天河店,笔记本电脑,27,6901.68,0.016,183363.83,0,0
2025-07-08,广州天河店,配件耗材,74,210.98,0.004,15550.07,0,0
2025-07-08,成都春熙店,智能家居,30,966.35,0.043,27743.91,0,0
2025-07-08,成都春熙店,智能手机,57,4195.73,0.181,195869.26,1,0
2025-07-08,成都春熙店,智能穿戴,27,1395.15,0.049,35823.27,0,0
2025-07-08,成都春熙店,笔记本电脑,21,7033.25,0.01,146221.27,0,0
2025-07-08,成都春熙店,配件耗材,82,211.04,0.07,16093.91,1,0
2025-07-09,上海旗舰店,智能家居,54,977.92,0.038,50800.99,0,0
2025-07-09,上海旗舰店,智能手机,79,4248.54,0.002,334963.39,0,0
2025-07-09,上海旗舰店,智能穿戴,65,1385.52,0.035,86906.74,0,0
2025-07-09,上海旗舰店,笔记本电脑,40,7039.69,0.023,275111.09,0,0
2025-07-09,上海旗舰店,配件耗材,89,214.14,0.017,18734.47,0,0
2025-07-09,北京中关村店,智能家居,39,964.02,0.044,35942.52,0,0
2025-07-09,北京中关村店,智能手机,74,4238.58,0.016,308636.44,0,0
2025-07-09,北京中关村店,智能穿戴,43,1368.93,0.034,56862.61,0,0
2025-07-09,北京中关村店,笔记本电脑,25,6930.18,0.048,164938.28,0,0
2025-07-09,北京中关村店,配件耗材,106,211.28,0.028,21768.6,0,0
2025-07-09,广州天河店,智能家居,51,962.18,0.023,47942.54,0,0
2025-07-09,广州天河店,智能手机,71,4293.07,0.028,296273.35,0,0
2025-07-09,广州天河店,智能穿戴,44,1371.39,0.05,57324.1,0,0
2025-07-09,广州天河店,笔记本电脑,32,6944.87,0.006,220902.42,0,0
2025-07-09,广州天河店,配件耗材,68,214.15,0.021,14256.39,0,0
2025-07-09,成都春熙店,智能家居,27,961.17,0.029,25198.99,0,0
2025-07-09,成都春熙店,智能手机,55,4322.68,0.025,231803.72,0,0
2025-07-09,成都春熙店,智能穿戴,37,1377.1,0.036,49118.4,0,0
2025-07-09,成都春熙店,笔记本电脑,30,6978.68,0.137,180678.03,1,0
2025-07-09,成都春熙店,配件耗材,53,213.15,0.005,11240.47,0,0
2025-07-10,上海旗舰店,智能家居,52,970.82,0.026,49170.09,0,0
2025-07-10,上海旗舰店,智能手机,84,4293.06,0.014,355568.4,0,0
2025-07-10,上海旗舰店,智能穿戴,84,1395.7,0.172,97073.73,1,0
2025-07-10,上海旗舰店,笔记本电脑,34,6874.34,0.048,222508.64,0,0
2025-07-10,上海旗舰店,配件耗材,75,214.62,0.01,15935.53,0,0
2025-07-10,北京中关村店,智能家居,50,954.87,0.011,47218.32,0,0
2025-07-10,北京中关村店,智能手机,110,4191.07,0.196,370658.23,1,0
2025-07-10,北京中关村店,智能穿戴,47,1368.16,0.034,62117.2,0,0
2025-07-10,北京中关村店,笔记本电脑,25,7073.06,0.043,169222.96,0,0
2025-07-10,北京中关村店,配件耗材,165,213.12,0.142,30171.4,1,0
2025-07-10,广州天河店,智能家居,54,984.22,0.038,51128.26,0,0
2025-07-10,广州天河店,智能手机,74,4206.06,0.008,308758.45,0,0
2025-07-10,广州天河店,智能穿戴,41,1376.95,0.021,55269.4,0,0
2025-07-10,广州天河店,笔记本电脑,24,7014.24,0.023,164469.9,0,0
2025-07-10,广州天河店,配件耗材,87,214.07,0.025,18158.49,0,0
2025-07-10,成都春熙店,智能家居,32,959.31,0.026,29899.77,0,0
2025-07-10,成都春熙店,智能手机,54,4308.46,0.041,223117.91,0,0
2025-07-10,成都春熙店,智能穿戴,29,1366.82,0.037,38171.18,0,0
2025-07-10,成都春熙店,笔记本电脑,18,7063.77,0.026,123842.02,0,0
2025-07-10,成都春熙店,配件耗材,74,209.1,0.034,14947.3,0,0
2025-07-11,上海旗舰店,智能家居,67,968.44,0.042,62160.29,0,0
2025-07-11,上海旗舰店,智能手机,86,4197.31,0.034,348695.73,0,0
2025-07-11,上海旗舰店,智能穿戴,47,1395.48,0.037,63160.82,0,0
2025-07-11,上海旗舰店,笔记本电脑,34,6935.8,0.05,224026.34,0,0
2025-07-11,上海旗舰店,配件耗材,128,211.77,0.049,25778.34,0,0
2025-07-11,北京中关村店,智能家居,38,956.01,0.011,35928.77,0,0
2025-07-11,北京中关村店,智能手机,78,4280.22,0.047,318165.87,0,0
2025-07-11,北京中关村店,智能穿戴,48,1389.27,0.01,66018.11,0,0
2025-07-11,北京中关村店,笔记本电脑,32,6933.06,0.044,212096.17,0,0
2025-07-11,北京中关村店,配件耗材,86,212.68,0.026,17814.93,0,0
2025-07-11,广州天河店,智能家居,44,967.32,0.012,42051.34,0,0
2025-07-11,广州天河店,智能手机,71,4271.75,0.045,289646.01,0,0
2025-07-11,广州天河店,智能穿戴,37,1371.51,0.041,48665.29,0,0
2025-07-11,广州天河店,笔记本电脑,30,6929.07,0.028,202051.68,0,0
2025-07-11,广州天河店,配件耗材,106,217.8,0.088,21055.16,1,0
2025-07-11,成都春熙店,智能家居,39,956.36,0.158,31404.95,1,0
2025-07-11,成都春熙店,智能手机,51,4261.14,0.043,207973.46,0,0
2025-07-11,成都春熙店,智能穿戴,39,1368.65,0.034,51562.52,0,0
2025-07-11,成都春熙店,笔记本电脑,24,6910.71,0.151,140812.63,1,0
2025-07-11,成都春熙店,配件耗材,53,211.94,0.015,11064.33,0,0
2025-07-12,上海旗舰店,智能家居,73,974.22,0.021,69624.58,0,1
2025-07-12,上海旗舰店,智能手机,79,4189.06,0.023,323324.22,0,1
2025-07-12,上海旗舰店,智能穿戴,88,1401.57,0.118,108784.26,1,1
2025-07-12,上海旗舰店,笔记本电脑,46,6868.84,0.014,311543.11,0,1
2025-07-12,上海旗舰店,配件耗材,109,210.38,0.04,22014.16,0,1
2025-07-12,北京中关村店,智能家居,46,960.09,0.021,43236.69,0,1
2025-07-12,北京中关村店,智能手机,88,4272.79,0.021,368109.4,0,1
2025-07-12,北京中关村店,智能穿戴,51,1359.9,0.039,66650.06,0,1
2025-07-12,北京中关村店,笔记本电脑,28,6886.65,0.006,191669.24,0,1
2025-07-12,北京中关村店,配件耗材,131,211.59,0.019,27191.64,0,1
2025-07-12,广州天河店,智能家居,50,971.48,0.05,46145.3,0,1
2025-07-12,广州天河店,智能手机,78,4259.21,0.022,324909.58,0,1
2025-07-12,广州天河店,智能穿戴,53,1376.7,0.031,70703.18,0,1
2025-07-12,广州天河店,笔记本电脑,29,6970.4,0.048,192438.8,0,1
2025-07-12,广州天河店,配件耗材,111,214.06,0.049,22596.39,0,1
2025-07-12,成都春熙店,智能家居,39,952.1,0.005,36946.24,0,1
2025-07-12,成都春熙店,智能手机,60,4255.82,0.021,249986.87,0,1
2025-07-12,成都春熙店,智能穿戴,52,1405.13,0.178,60060.88,1,1
2025-07-12,成都春熙店,笔记本电脑,23,6888.87,0.022,154958.24,0,1
2025-07-12,成都春熙店,配件耗材,58,212.63,0.03,11962.56,0,1
2025-07-13,上海旗舰店,智能家居,45,955.52,0.038,41364.46,0,1
2025-07-13,上海旗舰店,智能手机,89,4291.86,0.023,373190.1,0,1
2025-07-13,上海旗舰店,智能穿戴,70,1382.18,0.039,92979.25,0,1
2025-07-13,上海旗舰店,笔记本电脑,46,6943.71,0.009,316535.96,0,1
2025-07-13,上海旗舰店,配件耗材,102,211.66,0.05,20509.85,0,1
2025-07-13,北京中关村店,智能家居,52,956.6,0.048,47355.53,0,1
2025-07-13,北京中关村店,智能手机,80,4294.14,0.019,337004.11,0,1
2025-07-13,北京中关村店,智能穿戴,51,1388.39,0.013,69887.39,0,1
2025-07-13,北京中关村店,笔记本电脑,37,6886.86,0.04,244621.27,0,1
2025-07-13,北京中关村店,配件耗材,105,212.32,0.026,21713.97,0,1
2025-07-13,广州天河店,智能家居,53,953.53,0.024,49324.2,0,1
2025-07-13,广州天河店,智能手机,70,4259.02,0.023,291274.38,0,1
2025-07-13,广州天河店,智能穿戴,80,1366.98,0.096,98859.99,1,1
2025-07-13,广州天河店,笔记本电脑,24,6988.18,0.022,164026.56,0,1
2025-07-13,广州天河店,配件耗材,70,210.27,0.008,14601.15,0,1
2025-07-13,成都春熙店,智能家居,29,979.72,0.009,28156.17,0,1
2025-07-13,成都春熙店,智能手机,57,4292.53,0.004,243695.51,0,1
2025-07-13,成都春熙店,智能穿戴,32,1403.57,0.005,44689.67,0,1
2025-07-13,成都春熙店,笔记本电脑,23,6865.39,0.017,155219.6,0,1
2025-07-13,成都春熙店,配件耗材,59,213.1,0.026,12246.0,0,1
2025-07-14,上海旗舰店,智能家居,62,954.98,0.187,48136.72,1,0
2025-07-14,上海旗舰店,智能手机,68,4291.46,0.032,282481.06,0,0
2025-07-14,上海旗舰店,智能穿戴,68,1362.86,0.0,92674.48,0,0
2025-07-14,上海旗舰店,笔记本电脑,25,6958.17,0.045,166126.31,0,0
2025-07-14,上海旗舰店,配件耗材,128,212.29,0.044,25977.5,0,0
2025-07-14,北京中关村店,智能家居,46,959.76,0.045,42162.26,0,0
2025-07-14,北京中关村店,智能手机,68,4233.89,0.044,275236.72,0,0
2025-07-14,北京中关村店,智能穿戴,62,1355.47,0.015,82778.55,0,0
2025-07-14,北京中关村店,笔记本电脑,26,6979.49,0.039,174389.54,0,0
2025-07-14,北京中关村店,配件耗材,113,209.48,0.027,23032.12,0,0
2025-07-14,广州天河店,智能家居,36,950.73,0.029,33233.72,0,0
2025-07-14,广州天河店,智能手机,57,4197.97,0.006,237848.58,0,0
2025-07-14,广州天河店,智能穿戴,38,1399.69,0.023,51964.89,0,0
2025-07-14,广州天河店,笔记本电脑,26,6978.23,0.018,178168.17,0,0
2025-07-14,广州天河店,配件耗材,87,215.1,0.026,18227.14,0,0
2025-07-14,成都春熙店,智能家居,33,971.47,0.046,30583.82,0,0
2025-07-14,成都春熙店,智能手机,53,4269.75,0.003,225617.86,0,0
2025-07-14,成都春熙店,智能穿戴,30,1364.61,0.02,40119.53,0,0
2025-07-14,成都春熙店,笔记本电脑,15,7020.31,0.019,103303.86,0,0
2025-07-14,成都春熙店,配件耗材,56,208.6,0.028,11354.52,0,0
2025-07-15,上海旗舰店,智能家居,56,968.19,0.045,51778.8,0,0
2025-07-15,上海旗舰店,智能手机,61,4240.0,0.022,252949.92,0,0
2025-07-15,上海旗舰店,智能穿戴,53,1396.78,0.002,73881.28,0,0
2025-07-15,上海旗舰店,笔记本电脑,27,6855.28,0.042,177318.67,0,0
2025-07-15,上海旗舰店,配件耗材,103,210.85,0.008,21543.81,0,0
2025-07-15,北京中关村店,智能家居,44,951.67,0.001,41831.61,0,0
2025-07-15,北京中关村店,智能手机,74,4303.19,0.042,305061.75,0,0
2025-07-15,北京中关村店,智能穿戴,36,1406.99,0.022,49537.3,0,0
2025-07-15,北京中关村店,笔记本电脑,41,6877.72,0.169,234330.8,1,0
2025-07-15,北京中关村店,配件耗材,99,207.65,0.001,20536.79,0,0
2025-07-15,广州天河店,智能家居,47,954.83,0.12,39491.77,1,0
2025-07-15,广州天河店,智能手机,60,4234.07,0.0,254044.2,0,0
2025-07-15,广州天河店,智能穿戴,37,1379.92,0.018,50138.01,0,0
2025-07-15,广州天河店,笔记本电脑,25,6942.39,0.026,169047.2,0,0
2025-07-15,广州天河店,配件耗材,74,212.26,0.034,15173.19,0,0
2025-07-15,成都春熙店,智能家居,36,952.35,0.207,27187.69,1,0
2025-07-15,成都春熙店,智能手机,42,4239.3,0.023,173955.44,0,0
2025-07-15,成都春熙店,智能穿戴,39,1405.48,0.022,53607.82,0,0
2025-07-15,成都春熙店,笔记本电脑,20,6870.63,0.049,130679.38,0,0
2025-07-15,成都春熙店,配件耗材,47,212.37,0.002,9961.43,0,0
2025-07-16,上海旗舰店,智能家居,44,959.44,0.031,40906.68,0,0
2025-07-16,上海旗舰店,智能手机,75,4269.15,0.012,316344.02,0,0
2025-07-16,上海旗舰店,智能穿戴,57,1370.44,0.049,74287.44,0,0
2025-07-16,上海旗舰店,笔记本电脑,37,6900.06,0.043,244324.22,0,0
2025-07-16,上海旗舰店,配件耗材,102,210.02,0.04,20565.16,0,0
2025-07-16,北京中关村店,智能家居,41,938.93,0.048,36648.32,0,0
2025-07-16,北京中关村店,智能手机,64,4300.19,0.025,268331.86,0,0
2025-07-16,北京中关村店,智能穿戴,48,1384.73,0.028,64605.96,0,0
2025-07-16,北京中关村店,笔记本电脑,51,6914.83,0.043,337492.11,0,0
2025-07-16,北京中关村店,配件耗材,114,212.35,0.043,23166.96,0,0
2025-07-16,广州天河店,智能家居,44,963.38,0.009,42007.22,0,0
2025-07-16,广州天河店,智能手机,59,4237.5,0.002,249512.48,0,0
2025-07-16,广州天河店,智能穿戴,50,1399.21,0.013,69051.01,0,0
2025-07-16,广州天河店,笔记本电脑,25,6910.74,0.008,171386.35,0,0
2025-07-16,广州天河店,配件耗材,62,215.29,0.017,13121.06,0,0
2025-07-16,成都春熙店,智能家居,31,956.46,0.025,28909.0,0,0
2025-07-16,成都春熙店,智能手机,56,4264.7,0.048,227359.69,0,0
2025-07-16,成都春熙店,智能穿戴,36,1366.72,0.049,46791.03,0,0
2025-07-16,成都春熙店,笔记本电脑,18,6883.61,0.013,122294.22,0,0
2025-07-16,成都春熙店,配件耗材,41,214.58,0.045,8401.88,0,0
2025-07-17,上海旗舰店,智能家居,64,950.9,0.046,58058.15,0,0
2025-07-17,上海旗舰店,智能手机,69,4264.54,0.022,287779.69,0,0
2025-07-17,上海旗舰店,智能穿戴,60,1379.19,0.044,79110.34,0,0
2025-07-17,上海旗舰店,笔记本电脑,26,6937.38,0.019,176944.81,0,0
2025-07-17,上海旗舰店,配件耗材,76,212.0,0.01,15950.88,0,0
2025-07-17,北京中关村店,智能家居,43,967.82,0.038,40034.84,0,0
2025-07-17,北京中关村店,智能手机,93,4303.58,0.005,398231.78,0,0
2025-07-17,北京中关村店,智能穿戴,40,1403.45,0.004,55913.45,0,0
2025-07-17,北京中关村店,笔记本电脑,34,6821.74,0.018,227764.26,0,0
2025-07-17,北京中关村店,配件耗材,124,213.16,0.171,21912.0,1,0
2025-07-17,广州天河店,智能家居,54,965.63,0.032,50475.41,0,0
2025-07-17,广州天河店,智能手机,63,4337.25,0.022,267235.32,0,0
2025-07-17,广州天河店,智能穿戴,34,1365.42,0.019,45542.22,0,0
2025-07-17,广州天河店,笔记本电脑,82,6927.65,0.212,447637.03,1,0
2025-07-17,广州天河店,配件耗材,81,208.88,0.024,16513.22,0,0
2025-07-17,成都春熙店,智能家居,27,953.58,0.041,24691.05,0,0
2025-07-17,成都春熙店,智能手机,58,4233.56,0.049,233514.7,0,0
2025-07-17,成都春熙店,智能穿戴,34,1373.98,0.012,46154.74,0,0
2025-07-17,成都春熙店,笔记本电脑,19,6969.59,0.019,129906.19,0,0
2025-07-17,成都春熙店,配件耗材,50,210.64,0.021,10310.83,0,0
2025-07-18,上海旗舰店,智能家居,63,949.85,0.048,56968.2,0,0
2025-07-18,上海旗舰店,智能手机,89,4245.19,0.033,365353.79,0,0
2025-07-18,上海旗舰店,智能穿戴,57,1377.02,0.048,74722.61,0,0
2025-07-18,上海旗舰店,笔记本电脑,38,6867.52,0.023,254963.55,0,0
2025-07-18,上海旗舰店,配件耗材,128,212.98,0.003,27179.66,0,0
2025-07-18,北京中关村店,智能家居,65,957.36,0.177,51213.97,1,0
2025-07-18,北京中关村店,智能手机,97,4228.1,0.064,383877.66,1,0
2025-07-18,北京中关村店,智能穿戴,54,1410.9,0.013,75198.15,0,0
2025-07-18,北京中关村店,笔记本电脑,29,6817.92,0.044,189020.01,0,0
2025-07-18,北京中关村店,配件耗材,98,218.37,0.037,20608.45,0,0
2025-07-18,广州天河店,智能家居,42,955.89,0.007,39866.35,0,0
2025-07-18,广州天河店,智能手机,76,4308.5,0.008,324826.43,0,0
2025-07-18,广州天河店,智能穿戴,48,1398.36,0.001,67054.16,0,0
2025-07-18,广州天河店,笔记本电脑,22,6838.83,0.044,143834.27,0,0
2025-07-18,广州天河店,配件耗材,63,210.66,0.021,12992.88,0,0
2025-07-18,成都春熙店,智能家居,30,975.23,0.01,28964.33,0,0
2025-07-18,成都春熙店,智能手机,47,4280.9,0.02,197178.25,0,0
2025-07-18,成都春熙店,智能穿戴,27,1402.31,0.045,36158.56,0,0
2025-07-18,成都春熙店,笔记本电脑,19,7072.32,0.033,129939.74,0,0
2025-07-18,成都春熙店,配件耗材,66,212.78,0.032,13594.09,0,0
2025-07-19,上海旗舰店,智能家居,66,955.25,0.041,60461.59,0,1
2025-07-19,上海旗舰店,智能手机,92,4259.05,0.026,381644.95,0,1
2025-07-19,上海旗舰店,智能穿戴,71,1416.03,0.024,98125.21,0,1
2025-07-19,上海旗舰店,笔记本电脑,32,6843.76,0.035,211335.31,0,1
2025-07-19,上海旗舰店,配件耗材,129,210.76,0.011,26888.97,0,1
2025-07-19,北京中关村店,智能家居,52,968.11,0.002,50241.04,0,1
2025-07-19,北京中关村店,智能手机,120,4260.51,0.086,467292.74,1,1
2025-07-19,北京中关村店,智能穿戴,55,1418.24,0.028,75819.11,0,1
2025-07-19,北京中关村店,笔记本电脑,33,6970.65,0.0,230031.45,0,1
2025-07-19,北京中关村店,配件耗材,107,209.63,0.01,22206.11,0,1
2025-07-19,广州天河店,智能家居,56,976.5,0.012,54027.79,0,1
2025-07-19,广州天河店,智能手机,79,4276.19,0.049,321265.88,0,1
2025-07-19,广州天河店,智能穿戴,53,1382.67,0.007,72768.54,0,1
2025-07-19,广州天河店,笔记本电脑,26,7067.32,0.048,174930.3,0,1
2025-07-19,广州天河店,配件耗材,100,210.08,0.031,20356.75,0,1
2025-07-19,成都春熙店,智能家居,38,966.54,0.014,36214.32,0,1
2025-07-19,成都春熙店,智能手机,67,4237.77,0.038,273141.23,0,1
2025-07-19,成都春熙店,智能穿戴,46,1397.38,0.034,62093.98,0,1
2025-07-19,成都春熙店,笔记本电脑,22,6936.67,0.032,147723.32,0,1
2025-07-19,成都春熙店,配件耗材,61,212.69,0.01,12844.35,0,1
2025-07-20,上海旗舰店,智能家居,60,945.53,0.041,54405.8,0,1
2025-07-20,上海旗舰店,智能手机,71,4275.25,0.021,297168.35,0,1
2025-07-20,上海旗舰店,智能穿戴,55,1373.71,0.043,72305.23,0,1
2025-07-20,上海旗舰店,笔记本电脑,33,6862.0,0.035,218520.39,0,1
2025-07-20,上海旗舰店,配件耗材,101,212.98,0.033,20801.12,0,1
2025-07-20,北京中关村店,智能家居,47,959.62,0.004,44921.73,0,1
2025-07-20,北京中关村店,智能手机,56,4281.75,0.043,229467.55,0,1
2025-07-20,北京中关村店,智能穿戴,56,1382.92,0.002,77288.63,0,1
2025-07-20,北京中关村店,笔记本电脑,30,6876.24,0.002,205874.63,0,1
2025-07-20,北京中关村店,配件耗材,109,214.47,0.026,22769.42,0,1
2025-07-20,广州天河店,智能家居,48,947.35,0.03,44108.62,0,1
2025-07-20,广州天河店,智能手机,56,4301.88,0.027,234400.84,0,1
2025-07-20,广州天河店,智能穿戴,45,1418.01,0.01,63172.35,0,1
2025-07-20,广州天河店,笔记本电脑,29,6898.16,0.049,190244.35,0,1
2025-07-20,广州天河店,配件耗材,102,212.91,0.032,21021.88,0,1
2025-07-20,成都春熙店,智能家居,59,954.58,0.021,55137.5,0,1
2025-07-20,成都春熙店,智能手机,59,4324.54,0.018,250555.2,0,1
2025-07-20,成都春熙店,智能穿戴,39,1390.66,0.025,52879.85,0,1
2025-07-20,成都春熙店,笔记本电脑,23,6928.32,0.033,154092.77,0,1
2025-07-20,成都春熙店,配件耗材,72,212.38,0.005,15214.9,0,1
2025-07-21,上海旗舰店,智能家居,54,969.04,0.03,50758.32,0,0
2025-07-21,上海旗舰店,智能手机,75,4246.76,0.023,311181.34,0,0
2025-07-21,上海旗舰店,智能穿戴,68,1417.09,0.037,92796.72,0,0
2025-07-21,上海旗舰店,笔记本电脑,35,6871.62,0.031,233050.99,0,0
2025-07-21,上海旗舰店,配件耗材,81,210.31,0.035,16438.88,0,0
2025-07-21,北京中关村店,智能家居,41,969.2,0.038,38227.19,0,0
2025-07-21,北京中关村店,智能手机,75,4235.19,0.028,308745.35,0,0
2025-07-21,北京中关村店,智能穿戴,60,1388.09,0.017,81869.55,0,0
2025-07-21,北京中关村店,笔记本电脑,49,6982.92,0.087,312394.89,1,0
2025-07-21,北京中关村店,配件耗材,97,212.05,0.044,19663.82,0,0
2025-07-21,广州天河店,智能家居,37,946.87,0.004,34894.05,0,0
2025-07-21,广州天河店,智能手机,74,4289.96,0.005,315869.75,0,0
2025-07-21,广州天河店,智能穿戴,39,1376.0,0.04,51517.44,0,0
2025-07-21,广州天河店,笔记本电脑,21,6900.17,0.037,139542.14,0,0
2025-07-21,广州天河店,配件耗材,75,212.37,0.002,15895.89,0,0
2025-07-21,成都春熙店,智能家居,26,946.28,0.0,24603.28,0,0
2025-07-21,成都春熙店,智能手机,51,4286.81,0.038,210319.47,0,0
2025-07-21,成都春熙店,智能穿戴,43,1384.72,0.031,57697.13,0,0
2025-07-21,成都春熙店,笔记本电脑,16,7079.56,0.025,110441.14,0,0
2025-07-21,成都春熙店,配件耗材,73,209.09,0.023,14912.51,0,0
2025-07-22,上海旗舰店,智能家居,47,958.82,0.019,44208.31,0,0
2025-07-22,上海旗舰店,智能手机,67,4271.88,0.014,282208.94,0,0
2025-07-22,上海旗舰店,智能穿戴,62,1377.06,0.042,81791.86,0,0
2025-07-22,上海旗舰店,笔记本电脑,26,6932.08,0.041,172844.48,0,0
2025-07-22,上海旗舰店,配件耗材,106,211.78,0.025,21887.46,0,0
2025-07-22,北京中关村店,智能家居,50,951.0,0.025,46361.25,0,0
2025-07-22,北京中关村店,智能手机,75,4326.41,0.032,314097.37,0,0
2025-07-22,北京中关村店,智能穿戴,38,1370.89,0.033,50374.72,0,0
2025-07-22,北京中关村店,笔记本电脑,24,7008.43,0.047,160296.81,0,0
2025-07-22,北京中关村店,配件耗材,101,212.53,0.028,20864.5,0,0
2025-07-22,广州天河店,智能家居,45,963.05,0.009,42947.21,0,0
2025-07-22,广州天河店,智能手机,61,4277.3,0.017,256479.74,0,0
2025-07-22,广州天河店,智能穿戴,40,1386.58,0.043,53078.28,0,0
2025-07-22,广州天河店,笔记本电脑,30,6970.6,0.01,207026.82,0,0
2025-07-22,广州天河店,配件耗材,124,211.37,0.208,20758.22,1,0
2025-07-22,成都春熙店,智能家居,29,975.57,0.035,27301.33,0,0
2025-07-22,成都春熙店,智能手机,47,4297.93,0.039,194124.6,0,0
2025-07-22,成都春熙店,智能穿戴,22,1398.7,0.049,29263.6,0,0
2025-07-22,成都春熙店,笔记本电脑,20,7062.95,0.032,136738.71,0,0
2025-07-22,成都春熙店,配件耗材,67,211.82,0.021,13893.91,0,0
2025-07-23,上海旗舰店,智能家居,63,961.28,0.0,60560.64,0,0
2025-07-23,上海旗舰店,智能手机,79,4308.07,0.005,338635.84,0,0
2025-07-23,上海旗舰店,智能穿戴,54,1387.55,0.045,71555.95,0,0
2025-07-23,上海旗舰店,笔记本电脑,31,6757.2,0.013,206750.05,0,0
2025-07-23,上海旗舰店,配件耗材,105,213.51,0.03,21745.99,0,0
2025-07-23,北京中关村店,智能家居,46,953.35,0.04,42099.94,0,0
2025-07-23,北京中关村店,智能手机,89,4293.38,0.036,368354.83,0,0
2025-07-23,北京中关村店,智能穿戴,40,1375.35,0.03,53363.58,0,0
2025-07-23,北京中关村店,笔记本电脑,33,6852.79,0.027,220036.23,0,0
2025-07-23,北京中关村店,配件耗材,90,212.74,0.046,18265.86,0,0
2025-07-23,广州天河店,智能家居,51,959.37,0.024,47753.6,0,0
2025-07-23,广州天河店,智能手机,56,4376.45,0.013,241895.14,0,0
2025-07-23,广州天河店,智能穿戴,43,1401.31,0.017,59231.97,0,0
2025-07-23,广州天河店,笔记本电脑,27,6901.24,0.023,182047.81,0,0
2025-07-23,广州天河店,配件耗材,81,212.3,0.043,16456.86,0,0
2025-07-23,成都春熙店,智能家居,27,962.92,0.005,25868.85,0,0
2025-07-23,成都春熙店,智能手机,48,4251.3,0.025,198960.84,0,0
2025-07-23,成都春熙店,智能穿戴,33,1378.81,0.045,43453.2,0,0
2025-07-23,成都春熙店,笔记本电脑,17,6752.44,0.026,111806.9,0,0
2025-07-23,成都春熙店,配件耗材,53,212.44,0.005,11203.02,0,0
2025-07-24,上海旗舰店,智能家居,53,976.11,0.014,51009.56,0,0
2025-07-24,上海旗舰店,智能手机,80,4272.92,0.001,341491.77,0,0
2025-07-24,上海旗舰店,智能穿戴,51,1376.62,0.038,67539.73,0,0
2025-07-24,上海旗舰店,笔记本电脑,38,6864.81,0.013,257471.56,0,0
2025-07-24,上海旗舰店,配件耗材,155,215.62,0.063,31315.57,1,0
2025-07-24,北京中关村店,智能家居,47,941.92,0.027,43074.94,0,0
2025-07-24,北京中关村店,智能手机,78,4251.41,0.013,327299.05,0,0
2025-07-24,北京中关村店,智能穿戴,46,1392.01,0.005,63712.3,0,0
2025-07-24,北京中关村店,笔记本电脑,28,6935.95,0.044,185661.51,0,0
2025-07-24,北京中关村店,配件耗材,83,214.03,0.044,16982.85,0,0
2025-07-24,广州天河店,智能家居,39,969.2,0.041,36249.05,0,0
2025-07-24,广州天河店,智能手机,60,4268.06,0.019,251218.01,0,0
2025-07-24,广州天河店,智能穿戴,39,1378.31,0.024,52463.99,0,0
2025-07-24,广州天河店,笔记本电脑,22,6920.51,0.031,147531.43,0,0
2025-07-24,广州天河店,配件耗材,79,210.06,0.014,16362.41,0,0
2025-07-24,成都春熙店,智能家居,29,961.1,0.032,26980.0,0,0
2025-07-24,成都春熙店,智能手机,53,4314.35,0.015,225230.64,0,0
2025-07-24,成都春熙店,智能穿戴,37,1403.44,0.02,50888.73,0,0
2025-07-24,成都春熙店,笔记本电脑,24,6918.16,0.016,163379.27,0,0
2025-07-24,成都春熙店,配件耗材,52,218.56,0.015,11194.64,0,0
2025-07-25,上海旗舰店,智能家居,63,963.6,0.036,58521.36,0,0
2025-07-25,上海旗舰店,智能手机,99,4379.58,0.049,412333.08,0,0
2025-07-25,上海旗舰店,智能穿戴,64,1357.32,0.037,83654.35,0,0
2025-07-25,上海旗舰店,笔记本电脑,39,6881.5,0.017,263816.07,0,0
2025-07-25,上海旗舰店,配件耗材,98,215.18,0.036,20328.48,0,0
2025-07-25,北京中关村店,智能家居,37,956.89,0.039,34024.14,0,0
2025-07-25,北京中关村店,智能手机,77,4295.18,0.015,325767.93,0,0
2025-07-25,北京中关村店,智能穿戴,46,1399.48,0.017,63281.69,0,0
2025-07-25,北京中关村店,笔记本电脑,31,6967.76,0.039,207576.54,0,0
2025-07-25,北京中关村店,配件耗材,98,211.32,0.018,20336.59,0,0
2025-07-25,广州天河店,智能家居,44,955.8,0.021,41172.04,0,0
2025-07-25,广州天河店,智能手机,66,4327.69,0.045,272774.3,0,0
2025-07-25,广州天河店,智能穿戴,50,1398.65,0.016,68813.58,0,0
2025-07-25,广州天河店,笔记本电脑,28,6987.36,0.021,191537.51,0,0
2025-07-25,广州天河店,配件耗材,100,210.3,0.012,20777.64,0,0
2025-07-25,成都春熙店,智能家居,24,960.21,0.043,22054.1,0,0
2025-07-25,成都春熙店,智能手机,53,4272.42,0.041,217154.29,0,0
2025-07-25,成都春熙店,智能穿戴,34,1401.54,0.032,46127.48,0,0
2025-07-25,成都春熙店,笔记本电脑,16,6859.2,0.033,106125.54,0,0
2025-07-25,成都春熙店,配件耗材,50,215.05,0.023,10505.19,0,0
2025-07-26,上海旗舰店,智能家居,61,961.67,0.044,56080.75,0,1
2025-07-26,上海旗舰店,智能手机,97,4294.57,0.049,396161.2,0,1
2025-07-26,上海旗舰店,智能穿戴,59,1377.67,0.029,78925.34,0,1
2025-07-26,上海旗舰店,笔记本电脑,45,6959.37,0.001,312858.48,0,1
2025-07-26,上海旗舰店,配件耗材,101,211.2,0.001,21309.87,0,1
2025-07-26,北京中关村店,智能家居,55,954.97,0.019,51525.41,0,1
2025-07-26,北京中关村店,智能手机,94,4273.41,0.009,398085.24,0,1
2025-07-26,北京中关村店,智能穿戴,52,1389.56,0.014,71245.52,0,1
2025-07-26,北京中关村店,笔记本电脑,33,6948.44,0.011,226776.24,0,1
2025-07-26,北京中关村店,配件耗材,118,212.71,0.045,23970.29,0,1
2025-07-26,广州天河店,智能家居,50,964.5,0.047,45958.42,0,1
2025-07-26,广州天河店,智能手机,76,4317.64,0.004,326828.08,0,1
2025-07-26,广州天河店,智能穿戴,42,1389.95,0.049,55517.38,0,1
2025-07-26,广州天河店,笔记本电脑,28,6908.88,0.029,187838.63,0,1
2025-07-26,广州天河店,配件耗材,75,212.68,0.003,15903.15,0,1
2025-07-26,成都春熙店,智能家居,30,968.48,0.028,28240.88,0,1
2025-07-26,成都春熙店,智能手机,70,4258.84,0.013,294243.26,0,1
2025-07-26,成都春熙店,智能穿戴,38,1392.35,0.01,52380.21,0,1
2025-07-26,成都春熙店,笔记本电脑,23,6921.26,0.038,153139.8,0,1
2025-07-26,成都春熙店,配件耗材,59,216.06,0.021,12479.84,0,1
2025-07-27,上海旗舰店,智能家居,68,965.22,0.022,64190.99,0,1
2025-07-27,上海旗舰店,智能手机,84,4277.19,0.047,342397.61,0,1
2025-07-27,上海旗舰店,智能穿戴,86,1390.21,0.025,116569.11,0,1
2025-07-27,上海旗舰店,笔记本电脑,39,6988.15,0.005,271175.16,0,1
2025-07-27,上海旗舰店,配件耗材,99,211.03,0.042,20014.51,0,1
2025-07-27,北京中关村店,智能家居,53,948.82,0.024,49080.56,0,1
2025-07-27,北京中关村店,智能手机,123,4279.67,0.151,446913.1,1,1
2025-07-27,北京中关村店,智能穿戴,68,1366.26,0.022,90861.76,0,1
2025-07-27,北京中关村店,笔记本电脑,38,7115.21,0.01,267674.2,0,1
2025-07-27,北京中关村店,配件耗材,148,213.24,0.177,25973.48,1,1
2025-07-27,广州天河店,智能家居,71,968.93,0.08,63290.51,1,1
2025-07-27,广州天河店,智能手机,79,4259.3,0.032,325717.19,0,1
2025-07-27,广州天河店,智能穿戴,42,1374.93,0.008,57285.08,0,1
2025-07-27,广州天河店,笔记本电脑,38,6911.45,0.093,238210.04,1,1
2025-07-27,广州天河店,配件耗材,114,210.47,0.02,23513.71,0,1
2025-07-27,成都春熙店,智能家居,35,963.03,0.028,32762.28,0,1
2025-07-27,成都春熙店,智能手机,53,4309.36,0.0,228396.08,0,1
2025-07-27,成都春熙店,智能穿戴,40,1378.43,0.029,53538.22,0,1
2025-07-27,成都春熙店,笔记本电脑,21,6994.51,0.01,145415.86,0,1
2025-07-27,成都春熙店,配件耗材,69,212.2,0.014,14436.81,0,1
2025-07-28,上海旗舰店,智能家居,57,970.32,0.019,54257.38,0,0
2025-07-28,上海旗舰店,智能手机,78,4246.04,0.048,315293.95,0,0
2025-07-28,上海旗舰店,智能穿戴,66,1412.49,0.138,80359.38,1,0
2025-07-28,上海旗舰店,笔记本电脑,42,7066.24,0.174,245142.0,1,0
2025-07-28,上海旗舰店,配件耗材,113,217.58,0.026,23947.29,0,0
2025-07-28,北京中关村店,智能家居,35,964.75,0.012,33361.06,0,0
2025-07-28,北京中关村店,智能手机,96,4264.39,0.068,381543.5,1,0
2025-07-28,北京中关村店,智能穿戴,52,1388.53,0.012,71337.12,0,0
2025-07-28,北京中关村店,笔记本电脑,30,7039.88,0.016,207817.26,0,0
2025-07-28,北京中关村店,配件耗材,105,217.14,0.005,22685.7,0,0
2025-07-28,广州天河店,智能家居,39,953.35,0.049,35358.8,0,0
2025-07-28,广州天河店,智能手机,52,4302.35,0.03,217010.53,0,0
2025-07-28,广州天河店,智能穿戴,40,1401.73,0.04,53826.43,0,0
2025-07-28,广州天河店,笔记本电脑,26,6963.38,0.025,176521.68,0,0
2025-07-28,广州天河店,配件耗材,81,212.27,0.049,16351.37,0,0
2025-07-28,成都春熙店,智能家居,28,950.12,0.046,25379.61,0,0
2025-07-28,成都春熙店,智能手机,46,4245.99,0.022,191018.6,0,0
2025-07-28,成都春熙店,智能穿戴,35,1392.93,0.049,46363.68,0,0
2025-07-28,成都春熙店,笔记本电脑,18,7011.18,0.048,120143.58,0,0
2025-07-28,成都春熙店,配件耗材,54,210.02,0.025,11057.55,0,0
2025-07-29,上海旗舰店,智能家居,57,956.72,0.012,53878.64,0,0
2025-07-29,上海旗舰店,智能手机,65,4316.65,0.007,278618.17,0,0
2025-07-29,上海旗舰店,智能穿戴,56,1385.59,0.017,76273.96,0,0
2025-07-29,上海旗舰店,笔记本电脑,29,7003.04,0.006,201869.63,0,0
2025-07-29,上海旗舰店,配件耗材,118,212.34,0.011,24780.5,0,0
2025-07-29,北京中关村店,智能家居,49,947.15,0.023,45342.91,0,0
2025-07-29,北京中关村店,智能手机,69,4276.52,0.049,280620.97,0,0
2025-07-29,北京中关村店,智能穿戴,69,1400.38,0.19,78267.24,1,0
2025-07-29,北京中关村店,笔记本电脑,29,6967.29,0.011,199828.84,0,0
2025-07-29,北京中关村店,配件耗材,106,210.05,0.023,21753.2,0,0
2025-07-29,广州天河店,智能家居,59,951.76,0.078,51773.84,1,0
2025-07-29,广州天河店,智能手机,59,4259.73,0.032,243281.7,0,0
2025-07-29,广州天河店,智能穿戴,45,1408.82,0.042,60734.23,0,0
2025-07-29,广州天河店,笔记本电脑,23,7033.75,0.005,160967.37,0,0
2025-07-29,广州天河店,配件耗材,66,208.53,0.001,13749.22,0,0
2025-07-29,成都春熙店,智能家居,37,952.98,0.049,33532.51,0,0
2025-07-29,成都春熙店,智能手机,58,4247.22,0.008,244368.05,0,0
2025-07-29,成都春熙店,智能穿戴,31,1392.39,0.035,41653.35,0,0
2025-07-29,成都春熙店,笔记本电脑,21,6846.59,0.048,136877.03,0,0
2025-07-29,成都春熙店,配件耗材,67,216.47,0.043,13879.84,0,0
2025-07-30,上海旗舰店,智能家居,70,960.91,0.026,65514.84,0,0
2025-07-30,上海旗舰店,智能手机,86,4240.27,0.012,360287.26,0,0
2025-07-30,上海旗舰店,智能穿戴,52,1407.96,0.026,71310.36,0,0
2025-07-30,上海旗舰店,笔记本电脑,60,6957.18,0.04,400733.57,0,0
2025-07-30,上海旗舰店,配件耗材,99,207.47,0.015,20231.44,0,0
2025-07-30,北京中关村店,智能家居,50,971.58,0.043,46490.1,0,0
2025-07-30,北京中关村店,智能手机,65,4245.26,0.029,267939.58,0,0
2025-07-30,北京中关村店,智能穿戴,49,1365.75,0.008,66386.38,0,0
2025-07-30,北京中关村店,笔记本电脑,23,7039.7,0.021,158512.92,0,0
2025-07-30,北京中关村店,配件耗材,118,212.4,0.016,24662.19,0,0
2025-07-30,广州天河店,智能家居,33,980.8,0.041,31039.38,0,0
2025-07-30,广州天河店,智能手机,68,4285.99,0.029,282995.35,0,0
2025-07-30,广州天河店,智能穿戴,56,1359.19,0.114,67437.57,1,0
2025-07-30,广州天河店,笔记本电脑,27,6986.62,0.023,184300.05,0,0
2025-07-30,广州天河店,配件耗材,70,213.75,0.04,14364.0,0,0
2025-07-30,成都春熙店,智能家居,31,952.59,0.017,29028.28,0,0
2025-07-30,成都春熙店,智能手机,42,4215.44,0.035,170851.78,0,0
2025-07-30,成都春熙店,智能穿戴,39,1399.16,0.025,53203.06,0,0
2025-07-30,成都春熙店,笔记本电脑,18,6974.11,0.002,125282.91,0,0
2025-07-30,成都春熙店,配件耗材,63,215.76,0.039,13062.76,0,0
2025-07-31,上海旗舰店,智能家居,49,948.0,0.035,44826.18,0,0
2025-07-31,上海旗舰店,智能手机,75,4237.84,0.0,317838.0,0,0
2025-07-31,上海旗舰店,智能穿戴,68,1387.11,0.098,85079.78,1,0
2025-07-31,上海旗舰店,笔记本电脑,35,7016.39,0.032,237715.29,0,0
2025-07-31,上海旗舰店,配件耗材,126,210.74,0.05,25225.58,0,0
2025-07-31,北京中关村店,智能家居,38,960.81,0.029,35451.97,0,0
2025-07-31,北京中关村店,智能手机,81,4288.4,0.049,330339.74,0,0
2025-07-31,北京中关村店,智能穿戴,41,1386.77,0.018,55834.13,0,0
2025-07-31,北京中关村店,笔记本电脑,27,7073.77,0.034,184498.07,0,0
2025-07-31,北京中关村店,配件耗材,86,215.53,0.045,17701.48,0,0
2025-07-31,广州天河店,智能家居,57,957.79,0.093,49516.79,1,0
2025-07-31,广州天河店,智能手机,56,4248.41,0.036,229346.17,0,0
2025-07-31,广州天河店,智能穿戴,41,1390.84,0.048,54287.27,0,0
2025-07-31,广州天河店,笔记本电脑,21,6803.11,0.04,137150.7,0,0
2025-07-31,广州天河店,配件耗材,76,215.28,0.046,15608.66,0,0
2025-07-31,成都春熙店,智能家居,29,971.72,0.01,27898.08,0,0
2025-07-31,成都春熙店,智能手机,53,4224.65,0.014,220771.76,0,0
2025-07-31,成都春熙店,智能穿戴,36,1372.42,0.026,48122.53,0,0
2025-07-31,成都春熙店,笔记本电脑,19,6967.15,0.045,126418.94,0,0
2025-07-31,成都春熙店,配件耗材,54,212.29,0.019,11245.85,0,0
2025-08-01,上海旗舰店,智能家居,54,954.3,0.046,49161.72,0,0
2025-08-01,上海旗舰店,智能手机,68,4229.93,0.034,277855.64,0,0
2025-08-01,上海旗舰店,智能穿戴,111,1384.14,0.042,147186.68,0,0
2025-08-01,上海旗舰店,笔记本电脑,33,6996.52,0.003,230192.5,0,0
2025-08-01,上海旗舰店,配件耗材,110,219.52,0.008,23954.02,0,0
2025-08-01,北京中关村店,智能家居,42,950.14,0.012,39427.01,0,0
2025-08-01,北京中关村店,智能手机,62,4212.41,0.029,253595.51,0,0
2025-08-01,北京中关村店,智能穿戴,74,1380.41,0.205,81209.52,1,0
2025-08-01,北京中关村店,笔记本电脑,26,6990.62,0.014,179211.53,0,0
2025-08-01,北京中关村店,配件耗材,140,206.49,0.157,24369.95,1,0
2025-08-01,广州天河店,智能家居,48,951.14,0.021,44695.97,0,0
2025-08-01,广州天河店,智能手机,67,4264.08,0.017,280836.57,0,0
2025-08-01,广州天河店,智能穿戴,44,1398.53,0.011,60858.43,0,0
2025-08-01,广州天河店,笔记本电脑,28,6831.22,0.044,182858.1,0,0
2025-08-01,广州天河店,配件耗材,101,210.85,0.023,20806.05,0,0
2025-08-01,成都春熙店,智能家居,30,964.5,0.04,27777.6,0,0
2025-08-01,成都春熙店,智能手机,57,4246.27,0.04,232355.89,0,0
2025-08-01,成都春熙店,智能穿戴,31,1367.92,0.011,41939.06,0,0
2025-08-01,成都春熙店,笔记本电脑,21,6953.37,0.042,139887.9,0,0
2025-08-01,成都春熙店,配件耗材,81,210.42,0.204,13567.04,1,0
2025-08-02,上海旗舰店,智能家居,73,954.6,0.041,66828.68,0,1
2025-08-02,上海旗舰店,智能手机,103,4301.32,0.01,438605.6,0,1
2025-08-02,上海旗舰店,智能穿戴,58,1386.32,0.046,76707.86,0,1
2025-08-02,上海旗舰店,笔记本电脑,44,6967.87,0.006,304746.76,0,1
2025-08-02,上海旗舰店,配件耗材,103,213.88,0.027,21434.84,0,1
2025-08-02,北京中关村店,智能家居,48,954.24,0.013,45208.07,0,1
2025-08-02,北京中关村店,智能手机,86,4202.51,0.177,297445.25,1,1
2025-08-02,北京中关村店,智能穿戴,55,1395.87,0.009,76081.89,0,1
2025-08-02,北京中关村店,笔记本电脑,38,6857.61,0.045,248862.67,0,1
2025-08-02,北京中关村店,配件耗材,126,209.69,0.01,26156.73,0,1
2025-08-02,广州天河店,智能家居,54,960.94,0.035,50074.58,0,1
2025-08-02,广州天河店,智能手机,96,4259.2,0.012,403976.6,0,1
2025-08-02,广州天河店,智能穿戴,49,1382.46,0.014,66792.17,0,1
2025-08-02,广州天河店,笔记本电脑,32,6967.29,0.001,222730.33,0,1
2025-08-02,广州天河店,配件耗材,85,213.51,0.046,17313.53,0,1
2025-08-02,成都春熙店,智能家居,32,967.3,0.028,30086.9,0,1
2025-08-02,成都春熙店,智能手机,69,4277.64,0.094,267412.39,1,1
2025-08-02,成都春熙店,智能穿戴,57,1382.17,0.019,77286.8,0,1
2025-08-02,成都春熙店,笔记本电脑,25,6825.29,0.023,166707.71,0,1
2025-08-02,成都春熙店,配件耗材,62,209.98,0.043,12458.95,0,1
2025-08-03,上海旗舰店,智能家居,55,965.6,0.05,50452.6,0,1
2025-08-03,上海旗舰店,智能手机,69,4282.33,0.016,290753.08,0,1
2025-08-03,上海旗舰店,智能穿戴,48,1370.64,0.001,65724.93,0,1
2025-08-03,上海旗舰店,笔记本电脑,37,6948.01,0.191,207974.78,1,1
2025-08-03,上海旗舰店,配件耗材,106,214.4,0.023,22203.69,0,1
2025-08-03,北京中关村店,智能家居,60,944.71,0.048,53961.84,0,1
2025-08-03,北京中关村店,智能手机,61,4278.06,0.042,250001.27,0,1
2025-08-03,北京中关村店,智能穿戴,56,1384.53,0.028,75362.74,0,1
2025-08-03,北京中关村店,笔记本电脑,37,6990.52,0.026,251924.36,0,1
2025-08-03,北京中关村店,配件耗材,109,210.67,0.011,22710.44,0,1
2025-08-03,广州天河店,智能家居,46,953.16,0.033,42398.46,0,1
2025-08-03,广州天河店,智能手机,85,4258.5,0.008,359076.72,0,1
2025-08-03,广州天河店,智能穿戴,54,1390.7,0.043,71868.59,0,1
2025-08-03,广州天河店,笔记本电脑,33,6909.9,0.202,181965.31,1,1
2025-08-03,广州天河店,配件耗材,91,212.09,0.012,19068.59,0,1
2025-08-03,成都春熙店,智能家居,32,956.41,0.16,25708.3,1,1
2025-08-03,成都春熙店,智能手机,54,4246.24,0.04,220125.08,0,1
2025-08-03,成都春熙店,智能穿戴,43,1386.27,0.01,59013.51,0,1
2025-08-03,成都春熙店,笔记本电脑,20,6949.26,0.039,133564.78,0,1
2025-08-03,成都春熙店,配件耗材,48,213.49,0.029,9950.34,0,1
2025-08-04,上海旗舰店,智能家居,49,963.75,0.042,45240.35,0,0
2025-08-04,上海旗舰店,智能手机,67,4294.77,0.011,284584.34,0,0
2025-08-04,上海旗舰店,智能穿戴,75,1387.48,0.028,101147.29,0,0
2025-08-04,上海旗舰店,笔记本电脑,40,6906.11,0.072,256354.8,1,0
2025-08-04,上海旗舰店,配件耗材,115,211.18,0.02,23799.99,0,0
2025-08-04,北京中关村店,智能家居,46,950.43,0.002,43632.34,0,0
2025-08-04,北京中关村店,智能手机,67,4263.72,0.002,285097.9,0,0
2025-08-04,北京中关村店,智能穿戴,50,1405.78,0.022,68742.64,0,0
2025-08-04,北京中关村店,笔记本电脑,36,6958.68,0.029,243247.62,0,0
2025-08-04,北京中关村店,配件耗材,93,211.29,0.026,19139.07,0,0
2025-08-04,广州天河店,智能家居,42,962.95,0.042,38745.26,0,0
2025-08-04,广州天河店,智能手机,54,4249.33,0.019,225104.01,0,0
2025-08-04,广州天河店,智能穿戴,36,1394.2,0.026,48886.23,0,0
2025-08-04,广州天河店,笔记本电脑,29,6979.85,0.028,196748.01,0,0
2025-08-04,广州天河店,配件耗材,78,211.09,0.022,16102.79,0,0
2025-08-04,成都春熙店,智能家居,30,971.63,0.016,28682.52,0,0
2025-08-04,成都春熙店,智能手机,45,4292.76,0.014,190469.76,0,0
2025-08-04,成都春熙店,智能穿戴,39,1395.5,0.031,52737.34,0,0
2025-08-04,成都春熙店,笔记本电脑,22,6899.19,0.046,144800.2,0,0
2025-08-04,成都春熙店,配件耗材,67,210.97,0.032,13682.67,0,0
2025-08-05,上海旗舰店,智能家居,71,979.71,0.143,59612.41,1,0
2025-08-05,上海旗舰店,智能手机,76,4278.21,0.016,319941.66,0,0
2025-08-05,上海旗舰店,智能穿戴,49,1382.94,0.028,65866.67,0,0
2025-08-05,上海旗舰店,笔记本电脑,32,6948.14,0.049,211445.8,0,0
2025-08-05,上海旗舰店,配件耗材,89,212.58,0.02,18541.23,0,0
2025-08-05,北京中关村店,智能家居,60,970.66,0.104,52182.68,1,0
2025-08-05,北京中关村店,智能手机,63,4268.25,0.043,257337.06,0,0
2025-08-05,北京中关村店,智能穿戴,40,1402.79,0.046,53530.47,0,0
2025-08-05,北京中关村店,笔记本电脑,23,6929.2,0.04,152996.74,0,0
2025-08-05,北京中关村店,配件耗材,117,213.62,0.009,24768.6,0,0
2025-08-05,广州天河店,智能家居,39,959.3,0.017,36776.68,0,0
2025-08-05,广州天河店,智能手机,56,4273.17,0.042,229247.02,0,0
2025-08-05,广州天河店,智能穿戴,38,1392.52,0.018,51963.28,0,0
2025-08-05,广州天河店,笔记本电脑,22,6937.73,0.01,151103.76,0,0
2025-08-05,广州天河店,配件耗材,76,209.3,0.01,15747.73,0,0
2025-08-05,成都春熙店,智能家居,31,956.84,0.03,28772.18,0,0
2025-08-05,成都春熙店,智能手机,46,4287.99,0.018,193697.08,0,0
2025-08-05,成都春熙店,智能穿戴,27,1389.16,0.049,35669.46,0,0
2025-08-05,成都春熙店,笔记本电脑,18,6949.77,0.034,120842.6,0,0
2025-08-05,成都春熙店,配件耗材,51,212.5,0.017,10653.26,0,0
2025-08-06,上海旗舰店,智能家居,54,947.46,0.01,50651.21,0,0
2025-08-06,上海旗舰店,智能手机,72,4264.55,0.039,295072.74,0,0
2025-08-06,上海旗舰店,智能穿戴,48,1404.17,0.033,65175.95,0,0
2025-08-06,上海旗舰店,笔记本电脑,27,6924.48,0.03,181352.13,0,0
2025-08-06,上海旗舰店,配件耗材,96,214.11,0.002,20513.45,0,0
2025-08-06,北京中关村店,智能家居,38,973.87,0.005,36822.02,0,0
2025-08-06,北京中关村店,智能手机,73,4205.47,0.007,304850.31,0,0
2025-08-06,北京中关村店,智能穿戴,66,1402.71,0.003,92301.12,0,0
2025-08-06,北京中关村店,笔记本电脑,27,6966.71,0.03,182458.13,0,0
2025-08-06,北京中关村店,配件耗材,127,213.1,0.18,22192.23,1,0
2025-08-06,广州天河店,智能家居,44,961.47,0.043,40485.58,0,0
2025-08-06,广州天河店,智能手机,66,4306.13,0.039,273120.6,0,0
2025-08-06,广州天河店,智能穿戴,44,1412.75,0.041,59612.4,0,0
2025-08-06,广州天河店,笔记本电脑,21,6835.73,0.016,141253.52,0,0
2025-08-06,广州天河店,配件耗材,79,212.87,0.044,16076.79,0,0
2025-08-06,成都春熙店,智能家居,37,968.14,0.009,35498.79,0,0
2025-08-06,成都春熙店,智能手机,56,4352.2,0.0,243723.2,0,0
2025-08-06,成都春熙店,智能穿戴,42,1405.19,0.025,57542.53,0,0
2025-08-06,成都春熙店,笔记本电脑,20,7002.44,0.014,138088.12,0,0
2025-08-06,成都春熙店,配件耗材,48,215.99,0.013,10232.74,0,0
2025-08-07,上海旗舰店,智能家居,56,949.99,0.048,50645.87,0,0
2025-08-07,上海旗舰店,智能手机,71,4251.94,0.008,299472.64,0,0
2025-08-07,上海旗舰店,智能穿戴,62,1371.39,0.01,84175.92,0,0
2025-08-07,上海旗舰店,笔记本电脑,32,6951.62,0.044,212663.96,0,0
2025-08-07,上海旗舰店,配件耗材,83,211.62,0.007,17441.51,0,0
2025-08-07,北京中关村店,智能家居,41,951.9,0.049,37115.53,0,0
2025-08-07,北京中关村店,智能手机,64,4306.25,0.042,264024.8,0,0
2025-08-07,北京中关村店,智能穿戴,49,1379.07,0.006,67168.98,0,0
2025-08-07,北京中关村店,笔记本电脑,27,6839.54,0.015,181897.57,0,0
2025-08-07,北京中关村店,配件耗材,89,213.91,0.044,18200.32,0,0
2025-08-07,广州天河店,智能家居,40,959.4,0.012,37915.49,0,0
2025-08-07,广州天河店,智能手机,74,4225.52,0.02,306434.71,0,0
2025-08-07,广州天河店,智能穿戴,44,1386.94,0.045,58279.22,0,0
2025-08-07,广州天河店,笔记本电脑,35,6865.44,0.028,233562.27,0,0
2025-08-07,广州天河店,配件耗材,89,213.18,0.024,18517.67,0,0
2025-08-07,成都春熙店,智能家居,30,952.03,0.048,27189.98,0,0
2025-08-07,成都春熙店,智能手机,51,4315.24,0.034,212594.61,0,0
2025-08-07,成都春熙店,智能穿戴,29,1391.38,0.039,38776.37,0,0
2025-08-07,成都春熙店,笔记本电脑,20,6927.52,0.02,135779.39,0,0
2025-08-07,成都春熙店,配件耗材,56,209.66,0.035,11330.03,0,0
2025-08-08,上海旗舰店,智能家居,72,968.57,0.035,67296.24,0,0
2025-08-08,上海旗舰店,智能手机,65,4283.09,0.048,265037.61,0,0
2025-08-08,上海旗舰店,智能穿戴,69,1397.56,0.022,94310.14,0,0
2025-08-08,上海旗舰店,笔记本电脑,44,7056.01,0.04,298045.86,0,0
2025-08-08,上海旗舰店,配件耗材,108,212.15,0.028,22270.66,0,0
2025-08-08,北京中关村店,智能家居,48,953.03,0.032,44281.59,0,0
2025-08-08,北京中关村店,智能手机,102,4249.75,0.072,402264.34,1,0
2025-08-08,北京中关村店,智能穿戴,39,1396.17,0.002,54341.73,0,0
2025-08-08,北京中关村店,笔记本电脑,30,6868.79,0.034,199057.53,0,0
2025-08-08,北京中关村店,配件耗材,86,210.16,0.031,17513.47,0,0
2025-08-08,广州天河店,智能家居,41,965.29,0.041,37954.24,0,0
2025-08-08,广州天河店,智能手机,65,4296.7,0.012,275934.07,0,0
2025-08-08,广州天河店,智能穿戴,50,1395.97,0.028,67844.14,0,0
2025-08-08,广州天河店,笔记本电脑,30,6995.07,0.028,203976.24,0,0
2025-08-08,广州天河店,配件耗材,73,215.89,0.003,15712.69,0,0
2025-08-08,成都春熙店,智能家居,36,948.66,0.028,33195.51,0,0
2025-08-08,成都春熙店,智能手机,51,4228.08,0.023,210672.54,0,0
2025-08-08,成都春熙店,智能穿戴,46,1408.91,0.107,57875.2,1,0
2025-08-08,成都春熙店,笔记本电脑,20,6903.75,0.024,134761.2,0,0
2025-08-08,成都春熙店,配件耗材,68,213.86,0.045,13888.07,0,0
2025-08-09,上海旗舰店,智能家居,82,974.16,0.014,78762.78,0,1
2025-08-09,上海旗舰店,智能手机,78,4323.92,0.016,331869.51,0,1
2025-08-09,上海旗舰店,智能穿戴,76,1396.42,0.078,97849.94,1,1
2025-08-09,上海旗舰店,笔记本电脑,37,6917.11,0.016,251838.14,0,1
2025-08-09,上海旗舰店,配件耗材,116,211.55,0.04,23558.21,0,1
2025-08-09,北京中关村店,智能家居,49,965.39,0.046,45128.12,0,1
2025-08-09,北京中关村店,智能手机,86,4222.37,0.01,359492.58,0,1
2025-08-09,北京中关村店,智能穿戴,67,1393.92,0.047,89003.19,0,1
2025-08-09,北京中关村店,笔记本电脑,47,6891.71,0.19,262367.4,1,1
2025-08-09,北京中关村店,配件耗材,148,214.67,0.005,31612.3,0,1
2025-08-09,广州天河店,智能家居,63,955.17,0.003,59995.18,0,1
2025-08-09,广州天河店,智能手机,80,4261.9,0.012,336860.58,0,1
2025-08-09,广州天河店,智能穿戴,49,1405.06,0.007,68366.0,0,1
2025-08-09,广州天河店,笔记本电脑,34,7101.62,0.175,199200.44,1,1
2025-08-09,广州天河店,配件耗材,148,214.12,0.132,27506.71,1,1
2025-08-09,成都春熙店,智能家居,28,964.0,0.019,26479.15,0,1
2025-08-09,成都春熙店,智能手机,65,4284.67,0.026,271262.46,0,1
2025-08-09,成都春熙店,智能穿戴,43,1392.77,0.0,59889.11,0,1
2025-08-09,成都春熙店,笔记本电脑,17,6987.19,0.033,114862.42,0,1
2025-08-09,成都春熙店,配件耗材,59,214.77,0.048,12063.2,0,1
2025-08-10,上海旗舰店,智能家居,64,975.53,0.005,62121.75,0,1
2025-08-10,上海旗舰店,智能手机,81,4281.55,0.033,335360.97,0,1
2025-08-10,上海旗舰店,智能穿戴,63,1403.54,0.013,87273.52,0,1
2025-08-10,上海旗舰店,笔记本电脑,36,6909.0,0.022,243252.07,0,1
2025-08-10,上海旗舰店,配件耗材,161,212.73,0.111,30447.83,1,1
2025-08-10,北京中关村店,智能家居,46,973.73,0.013,44209.29,0,1
2025-08-10,北京中关村店,智能手机,98,4195.22,0.121,361384.64,1,1
2025-08-10,北京中关村店,智能穿戴,59,1400.34,0.001,82537.44,0,1
2025-08-10,北京中关村店,笔记本电脑,46,7075.72,0.204,259084.56,1,1
2025-08-10,北京中关村店,配件耗材,110,217.58,0.008,23742.33,0,1
2025-08-10,广州天河店,智能家居,41,954.68,0.013,38633.04,0,1
2025-08-10,广州天河店,智能手机,58,4249.11,0.007,244723.24,0,1
2025-08-10,广州天河店,智能穿戴,42,1385.75,0.037,56048.04,0,1
2025-08-10,广州天河店,笔记本电脑,19,7037.2,0.003,133305.68,0,1
2025-08-10,广州天河店,配件耗材,102,213.55,0.033,21063.29,0,1
2025-08-10,成都春熙店,智能家居,33,952.73,0.0,31440.09,0,1
2025-08-10,成都春熙店,智能手机,88,4324.17,0.121,334483.2,1,1
2025-08-10,成都春熙店,智能穿戴,37,1401.48,0.014,51128.79,0,1
2025-08-10,成都春熙店,笔记本电脑,30,6829.26,0.078,188897.33,1,1
2025-08-10,成都春熙店,配件耗材,65,215.75,0.04,13462.8,0,1
2025-08-11,上海旗舰店,智能家居,65,974.0,0.0,63310.0,0,0
2025-08-11,上海旗舰店,智能手机,67,4281.12,0.033,277369.48,0,0
2025-08-11,上海旗舰店,智能穿戴,52,1382.37,0.001,71811.36,0,0
2025-08-11,上海旗舰店,笔记本电脑,24,6877.75,0.044,157803.1,0,0
2025-08-11,上海旗舰店,配件耗材,116,212.13,0.025,23991.9,0,0
2025-08-11,北京中关村店,智能家居,40,933.44,0.031,36180.13,0,0
2025-08-11,北京中关村店,智能手机,56,4306.05,0.007,239450.83,0,0
2025-08-11,北京中关村店,智能穿戴,54,1389.18,0.018,73665.44,0,0
2025-08-11,北京中关村店,笔记本电脑,22,7059.8,0.013,153296.5,0,0
2025-08-11,北京中关村店,配件耗材,100,213.57,0.006,21228.86,0,0
2025-08-11,广州天河店,智能家居,58,953.58,0.034,53427.18,0,0
2025-08-11,广州天河店,智能手机,55,4327.47,0.031,230632.51,0,0
2025-08-11,广州天河店,智能穿戴,46,1379.13,0.029,61600.22,0,0
2025-08-11,广州天河店,笔记本电脑,23,6869.64,0.025,154051.68,0,0
2025-08-11,广州天河店,配件耗材,140,215.39,0.155,25480.64,1,0
2025-08-11,成都春熙店,智能家居,32,973.2,0.043,29803.28,0,0
2025-08-11,成都春熙店,智能手机,58,4349.62,0.032,244205.07,0,0
2025-08-11,成都春熙店,智能穿戴,31,1414.67,0.02,42977.67,0,0
2025-08-11,成都春熙店,笔记本电脑,27,6861.19,0.04,177842.04,0,0
2025-08-11,成都春熙店,配件耗材,48,210.73,0.032,9791.36,0,0
2025-08-12,上海旗舰店,智能家居,50,964.58,0.029,46830.36,0,0
2025-08-12,上海旗舰店,智能手机,89,4360.04,0.014,382610.95,0,0
2025-08-12,上海旗舰店,智能穿戴,55,1381.0,0.03,73676.35,0,0
2025-08-12,上海旗舰店,笔记本电脑,31,7010.73,0.047,207118.0,0,0
2025-08-12,上海旗舰店,配件耗材,105,215.55,0.006,22496.95,0,0
2025-08-12,北京中关村店,智能家居,45,966.59,0.047,41452.21,0,0
2025-08-12,北京中关村店,智能手机,67,4283.97,0.013,283294.65,0,0
2025-08-12,北京中关村店,智能穿戴,43,1413.33,0.02,59557.73,0,0
2025-08-12,北京中关村店,笔记本电脑,32,6990.84,0.002,223259.47,0,0
2025-08-12,北京中关村店,配件耗材,109,213.02,0.049,22081.44,0,0
2025-08-12,广州天河店,智能家居,43,966.31,0.043,39764.62,0,0
2025-08-12,广州天河店,智能手机,63,4190.86,0.019,259007.72,0,0
2025-08-12,广州天河店,智能穿戴,45,1385.58,0.026,60729.97,0,0
2025-08-12,广州天河店,笔记本电脑,25,6886.21,0.05,163547.49,0,0
2025-08-12,广州天河店,配件耗材,66,214.55,0.035,13664.69,0,0
2025-08-12,成都春熙店,智能家居,42,965.04,0.16,34046.61,1,0
2025-08-12,成都春熙店,智能手机,71,4264.52,0.201,241921.96,1,0
2025-08-12,成都春熙店,智能穿戴,35,1389.93,0.046,46409.76,0,0
2025-08-12,成都春熙店,笔记本电脑,18,6877.74,0.023,120951.94,0,0
2025-08-12,成都春熙店,配件耗材,50,213.54,0.045,10196.53,0,0
2025-08-13,上海旗舰店,智能家居,56,960.07,0.04,51613.36,0,0
2025-08-13,上海旗舰店,智能手机,65,4227.62,0.003,273970.91,0,0
2025-08-13,上海旗舰店,智能穿戴,61,1405.35,0.029,83240.29,0,0
2025-08-13,上海旗舰店,笔记本电脑,31,7023.11,0.003,217063.26,0,0
2025-08-13,上海旗舰店,配件耗材,92,210.27,0.034,18687.12,0,0
2025-08-13,北京中关村店,智能家居,43,963.02,0.033,40043.33,0,0
2025-08-13,北京中关村店,智能手机,75,4309.37,0.029,313829.87,0,0
2025-08-13,北京中关村店,智能穿戴,40,1380.86,0.019,54184.95,0,0
2025-08-13,北京中关村店,笔记本电脑,30,7000.68,0.021,205609.97,0,0
2025-08-13,北京中关村店,配件耗材,100,209.63,0.027,20397.0,0,0
2025-08-13,广州天河店,智能家居,34,957.71,0.002,32497.02,0,0
2025-08-13,广州天河店,智能手机,55,4276.89,0.037,226525.48,0,0
2025-08-13,广州天河店,智能穿戴,34,1398.34,0.03,46117.25,0,0
2025-08-13,广州天河店,笔记本电脑,55,7015.2,0.205,306739.62,1,0
2025-08-13,广州天河店,配件耗材,77,213.11,0.019,16097.69,0,0
2025-08-13,成都春熙店,智能家居,27,962.92,0.025,25348.87,0,0
2025-08-13,成都春熙店,智能手机,47,4260.1,0.018,196620.66,0,0
2025-08-13,成都春熙店,智能穿戴,38,1354.12,0.023,50273.06,0,0
2025-08-13,成都春熙店,笔记本电脑,25,7029.13,0.071,163251.54,1,0
2025-08-13,成都春熙店,配件耗材,49,213.57,0.033,10119.59,0,0
2025-08-14,上海旗舰店,智能家居,80,973.9,0.099,70198.71,1,0
2025-08-14,上海旗舰店,智能手机,81,4294.46,0.041,333589.36,0,0
2025-08-14,上海旗舰店,智能穿戴,75,1378.55,0.123,90674.13,1,0
2025-08-14,上海旗舰店,笔记本电脑,23,6938.63,0.017,156875.49,0,0
2025-08-14,上海旗舰店,配件耗材,143,214.28,0.182,25065.19,1,0
2025-08-14,北京中关村店,智能家居,38,967.47,0.009,36432.99,0,0
2025-08-14,北京中关村店,智能手机,65,4341.58,0.046,269221.38,0,0
2025-08-14,北京中关村店,智能穿戴,56,1393.04,0.043,74655.8,0,0
2025-08-14,北京中关村店,笔记本电脑,25,6938.84,0.042,166185.22,0,0
2025-08-14,北京中关村店,配件耗材,118,214.91,0.018,24902.91,0,0
2025-08-14,广州天河店,智能家居,48,948.04,0.038,43776.7,0,0
2025-08-14,广州天河店,智能手机,66,4210.31,0.004,276768.94,0,0
2025-08-14,广州天河店,智能穿戴,44,1382.26,0.025,59298.95,0,0
2025-08-14,广州天河店,笔记本电脑,26,6917.66,0.001,179679.3,0,0
2025-08-14,广州天河店,配件耗材,79,214.85,0.03,16463.96,0,0
2025-08-14,成都春熙店,智能家居,25,968.32,0.006,24062.75,0,0
2025-08-14,成都春熙店,智能手机,45,4303.95,0.003,193096.72,0,0
2025-08-14,成都春熙店,智能穿戴,38,1393.88,0.02,51908.09,0,0
2025-08-14,成都春熙店,笔记本电脑,19,6949.15,0.021,129261.14,0,0
2025-08-14,成都春熙店,配件耗材,60,211.0,0.038,12178.92,0,0
2025-08-15,上海旗舰店,智能家居,66,981.32,0.038,62305.97,0,0
2025-08-15,上海旗舰店,智能手机,69,4333.55,0.033,289147.46,0,0
2025-08-15,上海旗舰店,智能穿戴,47,1377.88,0.025,63141.35,0,0
2025-08-15,上海旗舰店,笔记本电脑,27,6879.15,0.031,179979.2,0,0
2025-08-15,上海旗舰店,配件耗材,111,213.93,0.009,23532.51,0,0
2025-08-15,北京中关村店,智能家居,39,951.17,0.032,35908.57,0,0
2025-08-15,北京中关村店,智能手机,84,4272.78,0.017,352811.99,0,0
2025-08-15,北京中关村店,智能穿戴,46,1366.77,0.023,61425.38,0,0
2025-08-15,北京中关村店,笔记本电脑,30,6981.06,0.009,207546.91,0,0
2025-08-15,北京中关村店,配件耗材,94,215.15,0.047,19273.57,0,0
2025-08-15,广州天河店,智能家居,49,959.58,0.006,46737.3,0,0
2025-08-15,广州天河店,智能手机,71,4261.63,0.044,289262.4,0,0
2025-08-15,广州天河店,智能穿戴,42,1402.21,0.005,58598.36,0,0
2025-08-15,广州天河店,笔记本电脑,26,6958.66,0.004,180201.46,0,0
2025-08-15,广州天河店,配件耗材,86,213.15,0.002,18294.24,0,0
2025-08-15,成都春熙店,智能家居,29,971.8,0.026,27449.46,0,0
2025-08-15,成都春熙店,智能手机,54,4241.43,0.019,224685.51,0,0
2025-08-15,成都春熙店,智能穿戴,37,1373.87,0.023,49664.03,0,0
2025-08-15,成都春熙店,笔记本电脑,19,6818.08,0.014,127729.91,0,0
2025-08-15,成都春熙店,配件耗材,82,213.07,0.005,17384.38,0,0
2025-08-16,上海旗舰店,智能家居,87,969.11,0.022,82457.69,0,1
2025-08-16,上海旗舰店,智能手机,59,4344.47,0.03,248634.02,0,1
2025-08-16,上海旗舰店,智能穿戴,66,1390.5,0.013,90579.95,0,1
2025-08-16,上海旗舰店,笔记本电脑,35,7006.71,0.008,243272.97,0,1
2025-08-16,上海旗舰店,配件耗材,141,209.22,0.044,28202.02,0,1
2025-08-16,北京中关村店,智能家居,57,951.95,0.008,53827.06,0,1
2025-08-16,北京中关村店,智能手机,79,4208.97,0.035,320870.83,0,1
2025-08-16,北京中关村店,智能穿戴,48,1398.71,0.016,66063.87,0,1
2025-08-16,北京中关村店,笔记本电脑,31,7007.25,0.041,208318.54,0,1
2025-08-16,北京中关村店,配件耗材,129,214.37,0.015,27238.92,0,1
2025-08-16,广州天河店,智能家居,55,955.86,0.0,52572.3,0,1
2025-08-16,广州天河店,智能手机,99,4285.28,0.002,423394.23,0,1
2025-08-16,广州天河店,智能穿戴,46,1379.64,0.02,62194.17,0,1
2025-08-16,广州天河店,笔记本电脑,30,6896.07,0.013,204192.63,0,1
2025-08-16,广州天河店,配件耗材,79,216.18,0.009,16924.52,0,1
2025-08-16,成都春熙店,智能家居,35,964.05,0.027,32830.72,0,1
2025-08-16,成都春熙店,智能手机,49,4258.96,0.032,202010.99,0,1
2025-08-16,成都春熙店,智能穿戴,44,1379.94,0.019,59563.73,0,1
2025-08-16,成都春熙店,笔记本电脑,19,6941.97,0.014,130050.87,0,1
2025-08-16,成都春熙店,配件耗材,51,212.58,0.003,10809.06,0,1
2025-08-17,上海旗舰店,智能家居,86,960.51,0.197,66330.9,1,1
2025-08-17,上海旗舰店,智能手机,99,4285.1,0.029,411922.38,0,1
2025-08-17,上海旗舰店,智能穿戴,56,1362.31,0.015,75145.02,0,1
2025-08-17,上海旗舰店,笔记本电脑,33,6960.13,0.043,219807.87,0,1
2025-08-17,上海旗舰店,配件耗材,156,210.28,0.031,31786.77,0,1
2025-08-17,北京中关村店,智能家居,69,959.35,0.064,61958.66,1,1
2025-08-17,北京中关村店,智能手机,79,4248.59,0.032,324898.17,0,1
2025-08-17,北京中关村店,智能穿戴,52,1391.25,0.005,71983.27,0,1
2025-08-17,北京中关村店,笔记本电脑,33,6979.05,0.007,228696.49,0,1
2025-08-17,北京中关村店,配件耗材,104,213.67,0.003,22155.01,0,1
2025-08-17,广州天河店,智能家居,52,960.88,0.033,48316.89,0,1
2025-08-17,广州天河店,智能手机,69,4275.52,0.031,285865.54,0,1
2025-08-17,广州天河店,智能穿戴,58,1393.41,0.016,79524.7,0,1
2025-08-17,广州天河店,笔记本电脑,22,6896.82,0.032,146874.68,0,1
2025-08-17,广州天河店,配件耗材,76,211.15,0.03,15565.98,0,1
2025-08-17,成都春熙店,智能家居,30,940.04,0.023,27552.57,0,1
2025-08-17,成都春熙店,智能手机,57,4343.86,0.027,240914.82,0,1
2025-08-17,成都春熙店,智能穿戴,49,1392.88,0.035,65862.33,0,1
2025-08-17,成都春熙店,笔记本电脑,18,6964.29,0.043,119966.86,0,1
2025-08-17,成都春熙店,配件耗材,57,212.77,0.004,12079.38,0,1
2025-08-18,上海旗舰店,智能家居,52,965.79,0.014,49517.98,0,0
2025-08-18,上海旗舰店,智能手机,74,4302.63,0.044,304385.26,0,0
2025-08-18,上海旗舰店,智能穿戴,79,1384.79,0.176,90144.29,1,0
2025-08-18,上海旗舰店,笔记本电脑,27,6887.44,0.037,179080.33,0,0
2025-08-18,上海旗舰店,配件耗材,95,211.42,0.01,19884.05,0,0
2025-08-18,北京中关村店,智能家居,53,965.67,0.048,48723.85,0,0
2025-08-18,北京中关村店,智能手机,67,4305.07,0.044,275748.34,0,0
2025-08-18,北京中关村店,智能穿戴,53,1398.98,0.002,73997.65,0,0
2025-08-18,北京中关村店,笔记本电脑,29,6921.54,0.036,193498.57,0,0
2025-08-18,北京中关村店,配件耗材,89,210.75,0.037,18062.75,0,0
2025-08-18,广州天河店,智能家居,71,967.19,0.065,64206.91,1,0
2025-08-18,广州天河店,智能手机,51,4273.63,0.046,207929.19,0,0
2025-08-18,广州天河店,智能穿戴,40,1389.89,0.041,53316.18,0,0
2025-08-18,广州天河店,笔记本电脑,28,6875.82,0.043,184244.47,0,0
2025-08-18,广州天河店,配件耗材,86,218.55,0.023,18363.01,0,0
2025-08-18,成都春熙店,智能家居,33,966.17,0.028,30990.87,0,0
2025-08-18,成都春熙店,智能手机,75,4233.34,0.117,280352.94,1,0
2025-08-18,成都春熙店,智能穿戴,47,1408.12,0.036,63799.1,0,0
2025-08-18,成都春熙店,笔记本电脑,16,6989.12,0.013,110372.18,0,0
2025-08-18,成都春熙店,配件耗材,54,212.68,0.022,11232.06,0,0
2025-08-19,上海旗舰店,智能家居,43,968.42,0.017,40934.14,0,0
2025-08-19,上海旗舰店,智能手机,60,4272.39,0.047,244295.26,0,0
2025-08-19,上海旗舰店,智能穿戴,56,1385.12,0.031,75162.15,0,0
2025-08-19,上海旗舰店,笔记本电脑,28,7007.55,0.019,192483.38,0,0
2025-08-19,上海旗舰店,配件耗材,83,212.46,0.012,17422.57,0,0
2025-08-19,北京中关村店,智能家居,40,969.19,0.048,36906.76,0,0
2025-08-19,北京中关村店,智能手机,73,4277.77,0.039,300098.4,0,0
2025-08-19,北京中关村店,智能穿戴,42,1390.43,0.0,58398.06,0,0
2025-08-19,北京中关村店,笔记本电脑,32,6932.31,0.026,216066.24,0,0
2025-08-19,北京中关村店,配件耗材,102,209.26,0.048,20319.98,0,0
2025-08-19,广州天河店,智能家居,43,959.49,0.035,39814.04,0,0
2025-08-19,广州天河店,智能手机,54,4229.69,0.045,218125.11,0,0
2025-08-19,广州天河店,智能穿戴,54,1410.74,0.206,60486.89,1,0
2025-08-19,广州天河店,笔记本电脑,28,6975.37,0.004,194529.12,0,0
2025-08-19,广州天河店,配件耗材,85,215.14,0.024,17848.01,0,0
2025-08-19,成都春熙店,智能家居,25,953.78,0.025,23248.39,0,0
2025-08-19,成都春熙店,智能手机,58,4320.44,0.034,242065.61,0,0
2025-08-19,成都春熙店,智能穿戴,31,1402.57,0.021,42566.6,0,0
2025-08-19,成都春熙店,笔记本电脑,38,6817.06,0.0,259048.28,0,0
2025-08-19,成都春熙店,配件耗材,50,213.91,0.042,10246.29,0,0
2025-08-20,上海旗舰店,智能家居,67,989.22,0.048,63096.41,0,0
2025-08-20,上海旗舰店,智能手机,62,4290.37,0.024,259618.87,0,0
2025-08-20,上海旗舰店,智能穿戴,55,1386.69,0.031,73903.64,0,0
2025-08-20,上海旗舰店,笔记本电脑,30,6843.38,0.002,204890.8,0,0
2025-08-20,上海旗舰店,配件耗材,100,213.39,0.007,21189.63,0,0
2025-08-20,北京中关村店,智能家居,37,954.93,0.05,33565.79,0,0
2025-08-20,北京中关村店,智能手机,53,4258.52,0.023,220510.42,0,0
2025-08-20,北京中关村店,智能穿戴,40,1396.99,0.027,54370.85,0,0
2025-08-20,北京中关村店,笔记本电脑,27,6818.99,0.006,183008.05,0,0
2025-08-20,北京中关村店,配件耗材,118,210.12,0.024,24199.1,0,0
2025-08-20,广州天河店,智能家居,36,973.3,0.03,33987.64,0,0
2025-08-20,广州天河店,智能手机,77,4228.62,0.044,311277.18,0,0
2025-08-20,广州天河店,智能穿戴,37,1391.47,0.016,50660.64,0,0
2025-08-20,广州天河店,笔记本电脑,30,6987.08,0.115,185506.97,1,0
2025-08-20,广州天河店,配件耗材,85,213.24,0.008,17980.4,0,0
2025-08-20,成都春熙店,智能家居,28,961.46,0.009,26678.59,0,0
2025-08-20,成都春熙店,智能手机,43,4333.67,0.025,181689.11,0,0
2025-08-20,成都春熙店,智能穿戴,35,1402.65,0.039,47178.13,0,0
2025-08-20,成都春熙店,笔记本电脑,21,6917.6,0.023,141928.4,0,0
2025-08-20,成都春熙店,配件耗材,52,213.14,0.008,10994.61,0,0
2025-08-21,上海旗舰店,智能家居,42,968.37,0.03,39451.39,0,0
2025-08-21,上海旗舰店,智能手机,62,4299.02,0.043,255078.05,0,0
2025-08-21,上海旗舰店,智能穿戴,60,1399.56,0.015,82714.0,0,0
2025-08-21,上海旗舰店,笔记本电脑,37,7046.87,0.027,253694.37,0,0
2025-08-21,上海旗舰店,配件耗材,117,217.39,0.001,25409.2,0,0
2025-08-21,北京中关村店,智能家居,39,972.23,0.016,37310.3,0,0
2025-08-21,北京中关村店,智能手机,68,4368.9,0.042,284607.62,0,0
2025-08-21,北京中关村店,智能穿戴,60,1398.54,0.036,80891.55,0,0
2025-08-21,北京中关村店,笔记本电脑,30,6923.88,0.008,206054.67,0,0
2025-08-21,北京中关村店,配件耗材,96,211.2,0.038,19504.74,0,0
2025-08-21,广州天河店,智能家居,48,966.28,0.024,45268.29,0,0
2025-08-21,广州天河店,智能手机,45,4277.03,0.015,189579.35,0,0
2025-08-21,广州天河店,智能穿戴,38,1386.84,0.027,51277.02,0,0
2025-08-21,广州天河店,笔记本电脑,29,6971.2,0.034,195291.2,0,0
2025-08-21,广州天河店,配件耗材,78,214.22,0.007,16592.2,0,0
2025-08-21,成都春熙店,智能家居,27,949.04,0.043,24522.24,0,0
2025-08-21,成都春熙店,智能手机,48,4291.28,0.032,199390.03,0,0
2025-08-21,成都春熙店,智能穿戴,32,1388.07,0.041,42597.09,0,0
2025-08-21,成都春熙店,笔记本电脑,19,6915.2,0.037,126527.41,0,0
2025-08-21,成都春熙店,配件耗材,65,213.4,0.037,13357.77,0,0
2025-08-22,上海旗舰店,智能家居,56,958.39,0.009,53186.81,0,0
2025-08-22,上海旗舰店,智能手机,84,4257.23,0.101,321488.98,1,0
2025-08-22,上海旗舰店,智能穿戴,59,1376.44,0.015,79991.81,0,0
2025-08-22,上海旗舰店,笔记本电脑,28,7053.37,0.001,197296.87,0,0
2025-08-22,上海旗舰店,配件耗材,134,214.58,0.125,25159.51,1,0
2025-08-22,北京中关村店,智能家居,38,976.61,0.015,36554.51,0,0
2025-08-22,北京中关村店,智能手机,57,4258.97,0.032,234992.93,0,0
2025-08-22,北京中关村店,智能穿戴,67,1385.5,0.105,83081.51,1,0
2025-08-22,北京中关村店,笔记本电脑,34,7089.55,0.043,230679.78,0,0
2025-08-22,北京中关村店,配件耗材,104,211.84,0.045,21039.95,0,0
2025-08-22,广州天河店,智能家居,53,965.31,0.019,50189.36,0,0
2025-08-22,广州天河店,智能手机,61,4203.35,0.033,247943.01,0,0
2025-08-22,广州天河店,智能穿戴,63,1391.58,0.12,77149.2,1,0
2025-08-22,广州天河店,笔记本电脑,28,6971.48,0.04,187393.38,0,0
2025-08-22,广州天河店,配件耗材,80,214.73,0.024,16766.12,0,0
2025-08-22,成都春熙店,智能家居,33,962.18,0.007,31529.68,0,0
2025-08-22,成都春熙店,智能手机,53,4227.75,0.048,213315.35,0,0
2025-08-22,成都春熙店,智能穿戴,36,1397.55,0.012,49708.06,0,0
2025-08-22,成都春熙店,笔记本电脑,19,6956.85,0.036,127421.66,0,0
2025-08-22,成都春熙店,配件耗材,61,211.02,0.013,12704.88,0,0
2025-08-23,上海旗舰店,智能家居,61,969.22,0.018,58058.22,0,1
2025-08-23,上海旗舰店,智能手机,97,4285.61,0.0,415704.17,0,1
2025-08-23,上海旗舰店,智能穿戴,48,1381.36,0.002,66172.67,0,1
2025-08-23,上海旗舰店,笔记本电脑,57,6844.32,0.018,383103.97,0,1
2025-08-23,上海旗舰店,配件耗材,164,212.95,0.075,32304.51,1,1
2025-08-23,北京中关村店,智能家居,47,959.62,0.03,43749.08,0,1
2025-08-23,北京中关村店,智能手机,97,4218.14,0.019,401385.55,0,1
2025-08-23,北京中关村店,智能穿戴,63,1380.72,0.115,76982.04,1,1
2025-08-23,北京中关村店,笔记本电脑,29,6899.75,0.001,199892.66,0,1
2025-08-23,北京中关村店,配件耗材,122,210.13,0.035,24738.6,0,1
2025-08-23,广州天河店,智能家居,40,959.68,0.026,37389.13,0,1
2025-08-23,广州天河店,智能手机,72,4289.32,0.014,304507.41,0,1
2025-08-23,广州天河店,智能穿戴,51,1389.53,0.036,68314.85,0,1
2025-08-23,广州天河店,笔记本电脑,27,7003.94,0.018,185702.47,0,1
2025-08-23,广州天河店,配件耗材,116,215.41,0.047,23813.14,0,1
2025-08-23,成都春熙店,智能家居,29,983.65,0.011,28212.07,0,1
2025-08-23,成都春熙店,智能手机,60,4328.77,0.031,251674.69,0,1
2025-08-23,成都春熙店,智能穿戴,33,1408.91,0.014,45843.11,0,1
2025-08-23,成都春熙店,笔记本电脑,33,6958.8,0.116,203002.11,1,1
2025-08-23,成都春熙店,配件耗材,125,214.58,0.018,26339.69,0,1
2025-08-24,上海旗舰店,智能家居,55,966.77,0.022,52002.56,0,1
2025-08-24,上海旗舰店,智能手机,84,4229.76,0.038,341798.45,0,1
2025-08-24,上海旗舰店,智能穿戴,61,1375.58,0.024,81896.53,0,1
2025-08-24,上海旗舰店,笔记本电脑,27,6979.0,0.026,183533.74,0,1
2025-08-24,上海旗舰店,配件耗材,89,216.31,0.011,19039.82,0,1
2025-08-24,北京中关村店,智能家居,43,981.64,0.048,40184.42,0,1
2025-08-24,北京中关村店,智能手机,61,4255.8,0.001,259344.2,0,1
2025-08-24,北京中关村店,智能穿戴,51,1403.84,0.021,70092.33,0,1
2025-08-24,北京中关村店,笔记本电脑,31,6867.85,0.012,210348.51,0,1
2025-08-24,北京中关村店,配件耗材,101,215.73,0.025,21244.01,0,1
2025-08-24,广州天河店,智能家居,42,960.56,0.009,39980.43,0,1
2025-08-24,广州天河店,智能手机,87,4250.32,0.03,358684.5,0,1
2025-08-24,广州天河店,智能穿戴,47,1390.14,0.028,63507.16,0,1
2025-08-24,广州天河店,笔记本电脑,19,6982.41,0.045,126695.83,0,1
2025-08-24,广州天河店,配件耗材,81,212.42,0.006,17102.78,0,1
2025-08-24,成都春熙店,智能家居,33,962.62,0.02,31131.13,0,1
2025-08-24,成都春熙店,智能手机,63,4245.21,0.009,265041.2,0,1
2025-08-24,成都春熙店,智能穿戴,38,1421.26,0.044,51631.53,0,1
2025-08-24,成都春熙店,笔记本电脑,23,6969.26,0.043,153400.38,0,1
2025-08-24,成都春熙店,配件耗材,68,212.36,0.012,14267.19,0,1
2025-08-25,上海旗舰店,智能家居,65,957.89,0.037,59959.12,0,0
2025-08-25,上海旗舰店,智能手机,66,4284.04,0.032,273698.75,0,0
2025-08-25,上海旗舰店,智能穿戴,59,1386.14,0.039,78592.75,0,0
2025-08-25,上海旗舰店,笔记本电脑,30,6988.36,0.039,201474.42,0,0
2025-08-25,上海旗舰店,配件耗材,78,210.86,0.004,16381.29,0,0
2025-08-25,北京中关村店,智能家居,42,965.96,0.044,38785.23,0,0
2025-08-25,北京中关村店,智能手机,66,4200.44,0.028,269466.63,0,0
2025-08-25,北京中关村店,智能穿戴,55,1396.54,0.035,74121.36,0,0
2025-08-25,北京中关村店,笔记本电脑,32,7008.7,0.048,213513.04,0,0
2025-08-25,北京中关村店,配件耗材,148,216.42,0.182,26200.67,1,0
2025-08-25,广州天河店,智能家居,56,977.04,0.045,52252.1,0,0
2025-08-25,广州天河店,智能手机,65,4255.33,0.009,274107.08,0,0
2025-08-25,广州天河店,智能穿戴,39,1398.01,0.021,53377.42,0,0
2025-08-25,广州天河店,笔记本电脑,29,6965.66,0.025,196954.04,0,0
2025-08-25,广州天河店,配件耗材,77,210.56,0.004,16148.27,0,0
2025-08-25,成都春熙店,智能家居,21,960.96,0.02,19776.56,0,0
2025-08-25,成都春熙店,智能手机,63,4333.35,0.085,249795.96,1,0
2025-08-25,成都春熙店,智能穿戴,31,1398.98,0.006,43108.17,0,0
2025-08-25,成都春熙店,笔记本电脑,19,7129.69,0.015,133432.15,0,0
2025-08-25,成都春熙店,配件耗材,54,216.44,0.044,11173.5,0,0
2025-08-26,上海旗舰店,智能家居,70,955.78,0.031,64830.56,0,0
2025-08-26,上海旗舰店,智能手机,97,4269.2,0.164,346197.97,1,0
2025-08-26,上海旗舰店,智能穿戴,58,1420.49,0.049,78351.39,0,0
2025-08-26,上海旗舰店,笔记本电脑,32,7024.07,0.044,214880.35,0,0
2025-08-26,上海旗舰店,配件耗材,120,214.66,0.146,21998.36,1,0
2025-08-26,北京中关村店,智能家居,42,968.78,0.0,40688.76,0,0
2025-08-26,北京中关村店,智能手机,68,4286.72,0.048,277505.11,0,0
2025-08-26,北京中关村店,智能穿戴,50,1386.55,0.035,66901.04,0,0
2025-08-26,北京中关村店,笔记本电脑,31,6947.08,0.008,213636.6,0,0
2025-08-26,北京中关村店,配件耗材,149,215.82,0.168,26754.77,1,0
2025-08-26,广州天河店,智能家居,34,953.54,0.018,31836.79,0,0
2025-08-26,广州天河店,智能手机,59,4282.02,0.009,250365.43,0,0
2025-08-26,广州天河店,智能穿戴,62,1413.61,0.086,80106.45,1,0
2025-08-26,广州天河店,笔记本电脑,26,6988.0,0.003,181142.94,0,0
2025-08-26,广州天河店,配件耗材,96,214.17,0.022,20107.99,0,0
2025-08-26,成都春熙店,智能家居,27,956.49,0.027,25127.95,0,0
2025-08-26,成都春熙店,智能手机,76,4346.64,0.07,307220.52,1,0
2025-08-26,成都春熙店,智能穿戴,38,1377.68,0.003,52194.78,0,0
2025-08-26,成都春熙店,笔记本电脑,19,6924.36,0.049,125116.26,0,0
2025-08-26,成都春熙店,配件耗材,72,215.01,0.002,15449.76,0,0
2025-08-27,上海旗舰店,智能家居,54,962.1,0.028,50498.7,0,0
2025-08-27,上海旗舰店,智能手机,73,4316.33,0.011,311626.08,0,0
2025-08-27,上海旗舰店,智能穿戴,55,1399.21,0.043,73647.42,0,0
2025-08-27,上海旗舰店,笔记本电脑,29,6960.04,0.045,192758.31,0,0
2025-08-27,上海旗舰店,配件耗材,95,212.79,0.034,19527.74,0,0
2025-08-27,北京中关村店,智能家居,42,965.83,0.045,38739.44,0,0
2025-08-27,北京中关村店,智能手机,76,4339.0,0.006,327785.42,0,0
2025-08-27,北京中关村店,智能穿戴,58,1399.15,0.174,67030.48,1,0
2025-08-27,北京中关村店,笔记本电脑,32,6975.55,0.214,175449.03,1,0
2025-08-27,北京中关村店,配件耗材,121,212.45,0.001,25680.74,0,0
2025-08-27,广州天河店,智能家居,36,954.17,0.027,33422.67,0,0
2025-08-27,广州天河店,智能手机,69,4284.06,0.008,293235.34,0,0
2025-08-27,广州天河店,智能穿戴,37,1378.24,0.049,48496.13,0,0
2025-08-27,广州天河店,笔记本电脑,20,7081.0,0.028,137654.64,0,0
2025-08-27,广州天河店,配件耗材,85,213.23,0.013,17888.93,0,0
2025-08-27,成都春熙店,智能家居,36,979.05,0.079,32461.38,1,0
2025-08-27,成都春熙店,智能手机,45,4256.3,0.02,187702.83,0,0
2025-08-27,成都春熙店,智能穿戴,30,1394.35,0.021,40952.06,0,0
2025-08-27,成都春熙店,笔记本电脑,21,6979.18,0.036,141286.52,0,0
2025-08-27,成都春熙店,配件耗材,70,213.87,0.167,12470.76,1,0
2025-08-28,上海旗舰店,智能家居,73,978.65,0.013,70512.71,0,0
2025-08-28,上海旗舰店,智能手机,99,4256.45,0.044,402847.45,0,0
2025-08-28,上海旗舰店,智能穿戴,46,1412.58,0.012,64198.94,0,0
2025-08-28,上海旗舰店,笔记本电脑,35,7015.56,0.024,239651.53,0,0
2025-08-28,上海旗舰店,配件耗材,123,213.91,0.03,25521.6,0,0
2025-08-28,北京中关村店,智能家居,45,957.27,0.003,42947.92,0,0
2025-08-28,北京中关村店,智能手机,78,4260.51,0.005,330658.18,0,0
2025-08-28,北京中关村店,智能穿戴,66,1382.75,0.069,84964.46,1,0
2025-08-28,北京中关村店,笔记本电脑,29,6981.07,0.016,199211.81,0,0
2025-08-28,北京中关村店,配件耗材,133,216.96,0.012,28509.41,0,0
2025-08-28,广州天河店,智能家居,39,963.65,0.049,35740.81,0,0
2025-08-28,广州天河店,智能手机,69,4300.38,0.004,295539.32,0,0
2025-08-28,广州天河店,智能穿戴,54,1407.31,0.106,67939.3,1,0
2025-08-28,广州天河店,笔记本电脑,30,6912.7,0.006,206136.71,0,0
2025-08-28,广州天河店,配件耗材,85,216.63,0.048,17529.7,0,0
2025-08-28,成都春熙店,智能家居,24,957.83,0.005,22872.98,0,0
2025-08-28,成都春熙店,智能手机,62,4208.39,0.049,248135.09,0,0
2025-08-28,成都春熙店,智能穿戴,46,1399.29,0.043,61599.54,0,0
2025-08-28,成都春熙店,笔记本电脑,21,6967.8,0.044,139885.55,0,0
2025-08-28,成都春熙店,配件耗材,44,213.76,0.03,9123.28,0,0
2025-08-29,上海旗舰店,智能家居,54,966.16,0.027,50763.98,0,0
2025-08-29,上海旗舰店,智能手机,85,4343.39,0.037,355528.19,0,0
2025-08-29,上海旗舰店,智能穿戴,68,1382.11,0.003,93701.53,0,0
2025-08-29,上海旗舰店,笔记本电脑,28,6967.56,0.023,190604.57,0,0
2025-08-29,上海旗舰店,配件耗材,137,212.82,0.008,28923.09,0,0
2025-08-29,北京中关村店,智能家居,45,965.68,0.018,42673.4,0,0
2025-08-29,北京中关村店,智能手机,71,4241.33,0.034,290895.86,0,0
2025-08-29,北京中关村店,智能穿戴,58,1386.34,0.019,78879.97,0,0
2025-08-29,北京中关村店,笔记本电脑,27,7018.64,0.017,186281.72,0,0
2025-08-29,北京中关村店,配件耗材,119,213.25,0.025,24742.33,0,0
2025-08-29,广州天河店,智能家居,56,953.69,0.026,52018.07,0,0
2025-08-29,广州天河店,智能手机,72,4279.85,0.002,307532.9,0,0
2025-08-29,广州天河店,智能穿戴,47,1400.75,0.013,64979.39,0,0
2025-08-29,广州天河店,笔记本电脑,26,6962.73,0.039,173970.77,0,0
2025-08-29,广州天河店,配件耗材,98,212.6,0.035,20105.58,0,0
2025-08-29,成都春熙店,智能家居,25,970.73,0.032,23491.67,0,0
2025-08-29,成都春熙店,智能手机,42,4374.3,0.014,181148.51,0,0
2025-08-29,成都春熙店,智能穿戴,37,1382.56,0.001,51103.57,0,0
2025-08-29,成都春熙店,笔记本电脑,20,7015.94,0.028,136389.87,0,0
2025-08-29,成都春熙店,配件耗材,53,216.53,0.007,11395.76,0,0
2025-08-30,上海旗舰店,智能家居,57,972.25,0.042,53090.68,0,1
2025-08-30,上海旗舰店,智能手机,70,4270.44,0.036,288169.29,0,1
2025-08-30,上海旗舰店,智能穿戴,71,1387.17,0.049,93663.11,0,1
2025-08-30,上海旗舰店,笔记本电脑,27,6968.13,0.027,183059.74,0,1
2025-08-30,上海旗舰店,配件耗材,114,212.59,0.0,24235.26,0,1
2025-08-30,北京中关村店,智能家居,54,966.16,0.018,51233.53,0,1
2025-08-30,北京中关村店,智能手机,82,4305.67,0.038,339648.47,0,1
2025-08-30,北京中关村店,智能穿戴,72,1396.4,0.022,98328.9,0,1
2025-08-30,北京中关村店,笔记本电脑,32,7075.7,0.02,221893.95,0,1
2025-08-30,北京中关村店,配件耗材,110,216.49,0.044,22766.09,0,1
2025-08-30,广州天河店,智能家居,51,942.4,0.007,47725.96,0,1
2025-08-30,广州天河店,智能手机,89,4299.23,0.005,380718.31,0,1
2025-08-30,广州天河店,智能穿戴,43,1392.86,0.017,58874.8,0,1
2025-08-30,广州天河店,笔记本电脑,34,6929.49,0.068,219581.68,1,1
2025-08-30,广州天河店,配件耗材,95,210.14,0.041,19144.8,0,1
2025-08-30,成都春熙店,智能家居,38,952.12,0.017,35565.49,0,1
2025-08-30,成都春熙店,智能手机,55,4281.03,0.039,226273.84,0,1
2025-08-30,成都春熙店,智能穿戴,39,1374.01,0.036,51657.28,0,1
2025-08-30,成都春熙店,笔记本电脑,17,7004.53,0.009,118005.32,0,1
2025-08-30,成都春熙店,配件耗材,62,215.38,0.017,13126.55,0,1
2025-08-31,上海旗舰店,智能家居,68,956.9,0.016,64028.09,0,1
2025-08-31,上海旗舰店,智能手机,78,4392.02,0.03,332300.23,0,1
2025-08-31,上海旗舰店,智能穿戴,62,1361.06,0.032,81685.38,0,1
2025-08-31,上海旗舰店,笔记本电脑,38,6970.91,0.031,256682.85,0,1
2025-08-31,上海旗舰店,配件耗材,110,212.75,0.042,22419.59,0,1
2025-08-31,北京中关村店,智能家居,61,968.04,0.029,57337.98,0,1
2025-08-31,北京中关村店,智能手机,78,4356.61,0.037,327242.4,0,1
2025-08-31,北京中关村店,智能穿戴,53,1395.63,0.025,72119.18,0,1
2025-08-31,北京中关村店,笔记本电脑,41,6993.48,0.031,277843.97,0,1
2025-08-31,北京中关村店,配件耗材,103,215.05,0.035,21374.89,0,1
2025-08-31,广州天河店,智能家居,41,974.22,0.01,39543.59,0,1
2025-08-31,广州天河店,智能手机,85,4263.22,0.015,356938.09,0,1
2025-08-31,广州天河店,智能穿戴,45,1358.18,0.0,61118.1,0,1
2025-08-31,广州天河店,笔记本电脑,35,6851.82,0.016,235976.68,0,1
2025-08-31,广州天河店,配件耗材,83,215.11,0.032,17282.8,0,1
2025-08-31,成都春熙店,智能家居,29,969.57,0.023,27470.83,0,1
2025-08-31,成都春熙店,智能手机,53,4287.53,0.011,224739.46,0,1
2025-08-31,成都春熙店,智能穿戴,45,1395.18,0.045,59957.86,0,1
2025-08-31,成都春熙店,笔记本电脑,21,7007.43,0.045,140534.01,0,1
2025-08-31,成都春熙店,配件耗材,53,212.78,0.041,10814.97,0,1
2025-09-01,上海旗舰店,智能家居,86,968.54,0.187,67718.38,1,0
2025-09-01,上海旗舰店,智能手机,81,4266.93,0.039,332142.1,0,0
2025-09-01,上海旗舰店,智能穿戴,52,1383.83,0.013,71023.69,0,0
2025-09-01,上海旗舰店,笔记本电脑,34,7072.9,0.036,231821.37,0,0
2025-09-01,上海旗舰店,配件耗材,88,215.47,0.011,18752.79,0,0
2025-09-01,北京中关村店,智能家居,42,976.22,0.046,39115.18,0,0
2025-09-01,北京中关村店,智能手机,91,4320.66,0.05,373521.06,0,0
2025-09-01,北京中关村店,智能穿戴,41,1392.54,0.034,55152.94,0,0
2025-09-01,北京中关村店,笔记本电脑,42,6906.39,0.008,287747.83,0,0
2025-09-01,北京中关村店,配件耗材,139,211.54,0.037,28316.11,0,0
2025-09-01,广州天河店,智能家居,45,967.91,0.023,42554.16,0,0
2025-09-01,广州天河店,智能手机,82,4314.65,0.025,344956.27,0,0
2025-09-01,广州天河店,智能穿戴,43,1417.36,0.041,58447.67,0,0
2025-09-01,广州天河店,笔记本电脑,32,6961.06,0.019,218521.6,0,0
2025-09-01,广州天河店,配件耗材,91,215.69,0.029,19058.58,0,0
2025-09-01,成都春熙店,智能家居,34,950.76,0.023,31582.35,0,0
2025-09-01,成都春熙店,智能手机,58,4383.62,0.007,252470.21,0,0
2025-09-01,成都春熙店,智能穿戴,31,1389.36,0.05,40916.65,0,0
2025-09-01,成都春熙店,笔记本电脑,18,7023.67,0.044,120863.31,0,0
2025-09-01,成都春熙店,配件耗材,59,212.5,0.035,12098.69,0,0
2025-09-02,上海旗舰店,智能家居,50,974.71,0.01,48248.14,0,0
2025-09-02,上海旗舰店,智能手机,81,4268.92,0.027,336446.39,0,0
2025-09-02,上海旗舰店,智能穿戴,68,1399.4,0.043,91067.35,0,0
2025-09-02,上海旗舰店,笔记本电脑,33,6957.24,0.029,222930.84,0,0
2025-09-02,上海旗舰店,配件耗材,100,211.58,0.038,20354.0,0,0
2025-09-02,北京中关村店,智能家居,59,943.45,0.11,49540.56,1,0
2025-09-02,北京中关村店,智能手机,77,4278.2,0.004,328103.71,0,0
2025-09-02,北京中关村店,智能穿戴,51,1379.8,0.033,68047.6,0,0
2025-09-02,北京中关村店,笔记本电脑,28,7049.43,0.037,190080.83,0,0
2025-09-02,北京中关村店,配件耗材,100,208.14,0.041,19960.63,0,0
2025-09-02,广州天河店,智能家居,48,959.29,0.045,43973.85,0,0
2025-09-02,广州天河店,智能手机,105,4197.67,0.137,380371.87,1,0
2025-09-02,广州天河店,智能穿戴,57,1379.3,0.04,75475.3,0,0
2025-09-02,广州天河店,笔记本电脑,30,6939.79,0.01,206111.76,0,0
2025-09-02,广州天河店,配件耗材,88,215.04,0.003,18866.75,0,0
2025-09-02,成都春熙店,智能家居,28,970.91,0.027,26451.47,0,0
2025-09-02,成都春熙店,智能手机,41,4261.46,0.046,166682.75,0,0
2025-09-02,成都春熙店,智能穿戴,42,1393.51,0.045,55893.69,0,0
2025-09-02,成都春熙店,笔记本电脑,20,6984.11,0.01,138285.38,0,0
2025-09-02,成都春熙店,配件耗材,61,213.17,0.014,12821.32,0,0
2025-09-03,上海旗舰店,智能家居,60,965.54,0.046,55267.51,0,0
2025-09-03,上海旗舰店,智能手机,96,4259.49,0.048,389283.31,0,0
2025-09-03,上海旗舰店,智能穿戴,68,1374.72,0.018,91798.3,0,0
2025-09-03,上海旗舰店,笔记本电脑,36,6943.85,0.028,242979.2,0,0
2025-09-03,上海旗舰店,配件耗材,108,213.71,0.0,23080.68,0,0
2025-09-03,北京中关村店,智能家居,51,969.49,0.008,49048.44,0,0
2025-09-03,北京中关村店,智能手机,87,4314.31,0.143,321670.64,1,0
2025-09-03,北京中关村店,智能穿戴,56,1404.29,0.032,76123.75,0,0
2025-09-03,北京中关村店,笔记本电脑,50,6943.63,0.129,302395.09,1,0
2025-09-03,北京中关村店,配件耗材,102,216.53,0.049,21003.84,0,0
2025-09-03,广州天河店,智能家居,61,967.59,0.045,56366.96,0,0
2025-09-03,广州天河店,智能手机,65,4225.27,0.02,269149.7,0,0
2025-09-03,广州天河店,智能穿戴,49,1357.69,0.021,65129.75,0,0
2025-09-03,广州天河店,笔记本电脑,29,7037.57,0.049,194089.14,0,0
2025-09-03,广州天河店,配件耗材,72,213.68,0.035,14846.49,0,0
2025-09-03,成都春熙店,智能家居,28,954.59,0.002,26675.06,0,0
2025-09-03,成都春熙店,智能手机,52,4287.24,0.04,214019.02,0,0
2025-09-03,成都春熙店,智能穿戴,53,1383.16,0.023,71621.41,0,0
2025-09-03,成都春熙店,笔记本电脑,21,7026.52,0.021,144458.22,0,0
2025-09-03,成都春熙店,配件耗材,68,212.64,0.012,14286.01,0,0
2025-09-04,上海旗舰店,智能家居,50,961.31,0.002,47969.37,0,0
2025-09-04,上海旗舰店,智能手机,75,4234.38,0.013,313449.98,0,0
2025-09-04,上海旗舰店,智能穿戴,52,1390.65,0.038,69565.88,0,0
2025-09-04,上海旗舰店,笔记本电脑,34,6990.15,0.019,233149.46,0,0
2025-09-04,上海旗舰店,配件耗材,137,209.98,0.038,27674.1,0,0
2025-09-04,北京中关村店,智能家居,54,970.02,0.011,51804.89,0,0
2025-09-04,北京中关村店,智能手机,78,4299.18,0.029,325611.29,0,0
2025-09-04,北京中关村店,智能穿戴,59,1380.45,0.001,81365.1,0,0
2025-09-04,北京中关村店,笔记本电脑,58,7009.99,0.188,330142.49,1,0
2025-09-04,北京中关村店,配件耗材,135,213.38,0.006,28633.46,0,0
2025-09-04,广州天河店,智能家居,61,962.27,0.03,56937.52,0,0
2025-09-04,广州天河店,智能手机,110,4271.89,0.177,386734.2,1,0
2025-09-04,广州天河店,智能穿戴,52,1377.08,0.037,68958.66,0,0
2025-09-04,广州天河店,笔记本电脑,23,6990.8,0.043,153874.5,0,0
2025-09-04,广州天河店,配件耗材,76,212.86,0.023,15805.28,0,0
2025-09-04,成都春熙店,智能家居,32,973.63,0.016,30657.66,0,0
2025-09-04,成都春熙店,智能手机,60,4292.88,0.037,248042.61,0,0
2025-09-04,成都春熙店,智能穿戴,48,1378.53,0.037,63721.17,0,0
2025-09-04,成都春熙店,笔记本电脑,16,6904.99,0.025,107717.84,0,0
2025-09-04,成都春熙店,配件耗材,72,212.16,0.02,14970.01,0,0
2025-09-05,上海旗舰店,智能家居,80,965.68,0.103,69297.2,1,0
2025-09-05,上海旗舰店,智能手机,84,4240.38,0.038,342656.63,0,0
2025-09-05,上海旗舰店,智能穿戴,61,1387.61,0.027,82358.82,0,0
2025-09-05,上海旗舰店,笔记本电脑,39,6937.51,0.021,264881.07,0,0
2025-09-05,上海旗舰店,配件耗材,115,209.12,0.021,23543.78,0,0
2025-09-05,北京中关村店,智能家居,51,973.74,0.009,49213.79,0,0
2025-09-05,北京中关村店,智能手机,86,4256.29,0.018,359452.2,0,0
2025-09-05,北京中关村店,智能穿戴,52,1398.55,0.025,70906.48,0,0
2025-09-05,北京中关村店,笔记本电脑,32,7026.03,0.038,216289.31,0,0
2025-09-05,北京中关村店,配件耗材,93,215.4,0.03,19431.23,0,0
2025-09-05,广州天河店,智能家居,44,971.04,0.007,42426.68,0,0
2025-09-05,广州天河店,智能手机,73,4369.21,0.032,308745.86,0,0
2025-09-05,广州天河店,智能穿戴,56,1399.79,0.187,63729.64,1,0
2025-09-05,广州天河店,笔记本电脑,26,6850.67,0.005,177226.83,0,0
2025-09-05,广州天河店,配件耗材,108,215.31,0.025,22672.14,0,0
2025-09-05,成都春熙店,智能家居,33,960.83,0.015,31231.78,0,0
2025-09-05,成都春熙店,智能手机,71,4346.34,0.022,301801.16,0,0
2025-09-05,成都春熙店,智能穿戴,42,1381.49,0.024,56630.04,0,0
2025-09-05,成都春熙店,笔记本电脑,18,6991.21,0.034,121563.16,0,0
2025-09-05,成都春熙店,配件耗材,53,217.38,0.013,11371.37,0,0
2025-09-06,上海旗舰店,智能家居,74,978.91,0.037,69759.08,0,1
2025-09-06,上海旗舰店,智能手机,100,4289.53,0.009,425092.42,0,1
2025-09-06,上海旗舰店,智能穿戴,85,1413.85,0.009,119095.65,0,1
2025-09-06,上海旗舰店,笔记本电脑,41,6984.55,0.005,284934.72,0,1
2025-09-06,上海旗舰店,配件耗材,118,210.24,0.012,24510.62,0,1
2025-09-06,北京中关村店,智能家居,54,962.62,0.034,50214.11,0,1
2025-09-06,北京中关村店,智能手机,70,4319.16,0.024,295085.01,0,1
2025-09-06,北京中关村店,智能穿戴,65,1424.73,0.005,92144.41,0,1
2025-09-06,北京中关村店,笔记本电脑,36,6920.13,0.025,242896.56,0,1
2025-09-06,北京中关村店,配件耗材,110,212.29,0.027,22721.4,0,1
2025-09-06,广州天河店,智能家居,71,957.82,0.027,66169.08,0,1
2025-09-06,广州天河店,智能手机,94,4304.8,0.026,394130.27,0,1
2025-09-06,广州天河店,智能穿戴,62,1369.71,0.006,84412.49,0,1
2025-09-06,广州天河店,笔记本电脑,39,6799.09,0.019,260126.38,0,1
2025-09-06,广州天河店,配件耗材,102,212.58,0.02,21249.5,0,1
2025-09-06,成都春熙店,智能家居,32,967.67,0.033,29943.58,0,1
2025-09-06,成都春熙店,智能手机,72,4263.55,0.033,296845.41,0,1
2025-09-06,成都春熙店,智能穿戴,42,1390.19,0.034,56402.79,0,1
2025-09-06,成都春熙店,笔记本电脑,22,6990.78,0.008,152566.78,0,1
2025-09-06,成都春熙店,配件耗材,66,216.73,0.046,13646.19,0,1
2025-09-07,上海旗舰店,智能家居,66,967.34,0.048,60779.91,0,1
2025-09-07,上海旗舰店,智能手机,105,4255.92,0.033,432124.84,0,1
2025-09-07,上海旗舰店,智能穿戴,48,1390.1,0.045,63722.18,0,1
2025-09-07,上海旗舰店,笔记本电脑,43,6920.21,0.006,295783.62,0,1
2025-09-07,上海旗舰店,配件耗材,120,213.66,0.021,25100.78,0,1
2025-09-07,北京中关村店,智能家居,53,970.88,0.039,49449.83,0,1
2025-09-07,北京中关村店,智能手机,70,4286.5,0.009,297354.51,0,1
2025-09-07,北京中关村店,智能穿戴,61,1400.46,0.023,83463.21,0,1
2025-09-07,北京中关村店,笔记本电脑,48,7078.93,0.082,311925.97,1,1
2025-09-07,北京中关村店,配件耗材,126,213.67,0.05,25576.3,0,1
2025-09-07,广州天河店,智能家居,52,967.5,0.037,48448.53,0,1
2025-09-07,广州天河店,智能手机,69,4267.94,0.007,292426.44,0,1
2025-09-07,广州天河店,智能穿戴,54,1405.88,0.033,73412.24,0,1
2025-09-07,广州天河店,笔记本电脑,36,6979.0,0.004,250239.02,0,1
2025-09-07,广州天河店,配件耗材,106,210.97,0.014,22049.74,0,1
2025-09-07,成都春熙店,智能家居,31,948.9,0.019,28857.0,0,1
2025-09-07,成都春熙店,智能手机,56,4343.57,0.01,240807.52,0,1
2025-09-07,成都春熙店,智能穿戴,51,1393.72,0.021,69587.05,0,1
2025-09-07,成都春熙店,笔记本电脑,24,6976.38,0.026,163079.86,0,1
2025-09-07,成都春熙店,配件耗材,65,214.56,0.002,13918.51,0,1
2025-09-08,上海旗舰店,智能家居,39,974.45,0.039,36521.41,0,0
2025-09-08,上海旗舰店,智能手机,76,4317.06,0.014,323503.21,0,0
2025-09-08,上海旗舰店,智能穿戴,59,1397.25,0.048,78480.74,0,0
2025-09-08,上海旗舰店,笔记本电脑,41,6964.36,0.002,284967.68,0,0
2025-09-08,上海旗舰店,配件耗材,93,217.06,0.02,19782.85,0,0
2025-09-08,北京中关村店,智能家居,48,989.77,0.015,46796.33,0,0
2025-09-08,北京中关村店,智能手机,67,4283.7,0.032,277823.65,0,0
2025-09-08,北京中关村店,智能穿戴,45,1415.96,0.043,60978.32,0,0
2025-09-08,北京中关村店,笔记本电脑,27,7066.41,0.048,181635.0,0,0
2025-09-08,北京中关村店,配件耗材,113,214.06,0.02,23705.0,0,0
2025-09-08,广州天河店,智能家居,67,974.67,0.069,60796.99,1,0
2025-09-08,广州天河店,智能手机,88,4290.09,0.009,374130.17,0,0
2025-09-08,广州天河店,智能穿戴,57,1385.75,0.007,78434.84,0,0
2025-09-08,广州天河店,笔记本电脑,23,6882.52,0.004,157664.77,0,0
2025-09-08,广州天河店,配件耗材,76,213.48,0.02,15899.99,0,0
2025-09-08,成都春熙店,智能家居,33,952.65,0.024,30682.95,0,0
2025-09-08,成都春熙店,智能手机,62,4344.39,0.005,268005.42,0,0
2025-09-08,成都春熙店,智能穿戴,42,1391.13,0.017,57434.19,0,0
2025-09-08,成都春熙店,笔记本电脑,19,7000.4,0.036,128219.33,0,0
2025-09-08,成都春熙店,配件耗材,59,217.37,0.017,12606.81,0,0
2025-09-09,上海旗舰店,智能家居,65,977.84,0.01,62924.0,0,0
2025-09-09,上海旗舰店,智能手机,88,4256.28,0.023,365937.93,0,0
2025-09-09,上海旗舰店,智能穿戴,58,1403.01,0.003,81130.46,0,0
2025-09-09,上海旗舰店,笔记本电脑,43,6791.28,0.031,282972.26,0,0
2025-09-09,上海旗舰店,配件耗材,100,213.35,0.006,21206.99,0,0
2025-09-09,北京中关村店,智能家居,40,967.78,0.028,37627.29,0,0
2025-09-09,北京中关村店,智能手机,81,4319.0,0.047,333396.57,0,0
2025-09-09,北京中关村店,智能穿戴,52,1397.23,0.017,71420.81,0,0
2025-09-09,北京中关村店,笔记本电脑,44,7006.89,0.161,258666.35,1,0
2025-09-09,北京中关村店,配件耗材,145,213.92,0.115,27451.28,1,0
2025-09-09,广州天河店,智能家居,47,985.43,0.021,45342.59,0,0
2025-09-09,广州天河店,智能手机,73,4306.45,0.042,301167.27,0,0
2025-09-09,广州天河店,智能穿戴,50,1391.63,0.013,68676.94,0,0
2025-09-09,广州天河店,笔记本电脑,35,6938.97,0.025,236792.35,0,0
2025-09-09,广州天河店,配件耗材,94,214.46,0.008,19997.97,0,0
2025-09-09,成都春熙店,智能家居,33,976.47,0.0,32223.51,0,0
2025-09-09,成都春熙店,智能手机,59,4340.42,0.047,244048.8,0,0
2025-09-09,成都春熙店,智能穿戴,45,1390.12,0.003,62367.73,0,0
2025-09-09,成都春熙店,笔记本电脑,22,6976.06,0.008,152245.53,0,0
2025-09-09,成都春熙店,配件耗材,58,210.42,0.036,11765.0,0,0
2025-09-10,上海旗舰店,智能家居,59,968.6,0.032,55318.68,0,0
2025-09-10,上海旗舰店,智能手机,68,4275.18,0.034,280828.02,0,0
2025-09-10,上海旗舰店,智能穿戴,59,1403.48,0.034,79989.94,0,0
2025-09-10,上海旗舰店,笔记本电脑,33,7037.63,0.049,220861.94,0,0
2025-09-10,上海旗舰店,配件耗材,106,212.64,0.006,22404.6,0,0
2025-09-10,北京中关村店,智能家居,50,977.29,0.011,48326.99,0,0
2025-09-10,北京中关村店,智能手机,63,4297.01,0.027,263402.42,0,0
2025-09-10,北京中关村店,智能穿戴,50,1387.68,0.049,65984.18,0,0
2025-09-10,北京中关村店,笔记本电脑,29,7070.48,0.003,204428.79,0,0
2025-09-10,北京中关村店,配件耗材,249,215.51,0.14,46149.31,1,0
2025-09-10,广州天河店,智能家居,41,960.46,0.028,38276.25,0,0
2025-09-10,广州天河店,智能手机,63,4263.99,0.026,261646.95,0,0
2025-09-10,广州天河店,智能穿戴,45,1400.4,0.023,61568.59,0,0
2025-09-10,广州天河店,笔记本电脑,31,7020.23,0.013,214797.98,0,0
2025-09-10,广州天河店,配件耗材,75,214.94,0.012,15927.05,0,0
2025-09-10,成都春熙店,智能家居,32,971.62,0.003,30998.56,0,0
2025-09-10,成都春熙店,智能手机,63,4303.18,0.012,267847.14,0,0
2025-09-10,成都春熙店,智能穿戴,40,1395.71,0.004,55605.09,0,0
2025-09-10,成都春熙店,笔记本电脑,23,7005.94,0.047,153563.2,0,0
2025-09-10,成都春熙店,配件耗材,81,217.08,0.02,17231.81,0,0
2025-09-11,上海旗舰店,智能家居,68,952.88,0.012,64018.29,0,0
2025-09-11,上海旗舰店,智能手机,94,4402.24,0.002,412982.94,0,0
2025-09-11,上海旗舰店,智能穿戴,57,1404.73,0.024,78147.94,0,0
2025-09-11,上海旗舰店,笔记本电脑,34,6899.1,0.049,223075.5,0,0
2025-09-11,上海旗舰店,配件耗材,117,213.85,0.017,24595.1,0,0
2025-09-11,北京中关村店,智能家居,41,965.07,0.036,38143.43,0,0
2025-09-11,北京中关村店,智能手机,68,4337.22,0.03,286083.03,0,0
2025-09-11,北京中关村店,智能穿戴,59,1392.89,0.039,78975.47,0,0
2025-09-11,北京中关村店,笔记本电脑,45,6977.28,0.195,252751.97,1,0
2025-09-11,北京中关村店,配件耗材,122,212.99,0.032,25153.27,0,0
2025-09-11,广州天河店,智能家居,53,961.12,0.005,50684.66,0,0
2025-09-11,广州天河店,智能手机,62,4390.81,0.025,265424.46,0,0
2025-09-11,广州天河店,智能穿戴,45,1393.19,0.007,62254.7,0,0
2025-09-11,广州天河店,笔记本电脑,33,6943.41,0.042,219508.96,0,0
2025-09-11,广州天河店,配件耗材,112,208.56,0.157,19691.4,1,0
2025-09-11,成都春熙店,智能家居,25,951.52,0.038,22884.06,0,0
2025-09-11,成都春熙店,智能手机,51,4283.48,0.031,211685.3,0,0
2025-09-11,成都春熙店,智能穿戴,43,1387.83,0.011,59020.25,0,0
2025-09-11,成都春熙店,笔记本电脑,26,7049.44,0.045,175037.6,0,0
2025-09-11,成都春熙店,配件耗材,49,214.08,0.002,10468.94,0,0
2025-09-12,上海旗舰店,智能家居,61,979.96,0.0,59777.56,0,0
2025-09-12,上海旗舰店,智能手机,115,4315.23,0.184,404941.18,1,0
2025-09-12,上海旗舰店,智能穿戴,61,1406.74,0.029,83322.62,0,0
2025-09-12,上海旗舰店,笔记本电脑,34,7152.53,0.017,239051.86,0,0
2025-09-12,上海旗舰店,配件耗材,100,215.91,0.038,20770.54,0,0
2025-09-12,北京中关村店,智能家居,58,973.13,0.048,53732.35,0,0
2025-09-12,北京中关村店,智能手机,84,4308.04,0.044,345952.84,0,0
2025-09-12,北京中关村店,智能穿戴,59,1410.65,0.046,79399.85,0,0
2025-09-12,北京中关村店,笔记本电脑,34,6900.57,0.035,226407.7,0,0
2025-09-12,北京中关村店,配件耗材,140,213.09,0.019,29265.78,0,0
2025-09-12,广州天河店,智能家居,54,949.96,0.021,50220.59,0,0
2025-09-12,广州天河店,智能手机,66,4331.6,0.032,276737.26,0,0
2025-09-12,广州天河店,智能穿戴,42,1382.5,0.031,56264.99,0,0
2025-09-12,广州天河店,笔记本电脑,37,6939.39,0.011,253933.1,0,0
2025-09-12,广州天河店,配件耗材,93,213.87,0.031,19273.32,0,0
2025-09-12,成都春熙店,智能家居,52,959.53,0.085,45654.44,1,0
2025-09-12,成都春熙店,智能手机,54,4306.48,0.015,229061.67,0,0
2025-09-12,成都春熙店,智能穿戴,44,1361.21,0.008,59414.09,0,0
2025-09-12,成都春熙店,笔记本电脑,24,7037.69,0.044,161472.76,0,0
2025-09-12,成都春熙店,配件耗材,67,214.77,0.002,14360.81,0,0
2025-09-13,上海旗舰店,智能家居,78,966.52,0.001,75313.17,0,1
2025-09-13,上海旗舰店,智能手机,106,4229.5,0.003,446982.02,0,1
2025-09-13,上海旗舰店,智能穿戴,61,1393.55,0.011,84071.48,0,1
2025-09-13,上海旗舰店,笔记本电脑,52,6877.27,0.01,354041.86,0,1
2025-09-13,上海旗舰店,配件耗材,112,217.58,0.034,23540.42,0,1
2025-09-13,北京中关村店,智能家居,72,950.36,0.013,67536.38,0,1
2025-09-13,北京中关村店,智能手机,109,4333.23,0.022,461930.98,0,1
2025-09-13,北京中关村店,智能穿戴,90,1386.62,0.033,120677.54,0,1
2025-09-13,北京中关村店,笔记本电脑,36,7025.72,0.043,242050.11,0,1
2025-09-13,北京中关村店,配件耗材,155,215.24,0.048,31760.81,0,1
2025-09-13,广州天河店,智能家居,51,977.16,0.021,48788.62,0,1
2025-09-13,广州天河店,智能手机,87,4271.27,0.006,369370.89,0,1
2025-09-13,广州天河店,智能穿戴,47,1375.44,0.007,64193.16,0,1
2025-09-13,广州天河店,笔记本电脑,38,6982.91,0.025,258716.82,0,1
2025-09-13,广州天河店,配件耗材,103,213.73,0.022,21529.88,0,1
2025-09-13,成都春熙店,智能家居,34,971.0,0.046,31495.36,0,1
2025-09-13,成都春熙店,智能手机,69,4296.79,0.04,284619.37,0,1
2025-09-13,成都春熙店,智能穿戴,43,1408.65,0.019,59421.08,0,1
2025-09-13,成都春熙店,笔记本电脑,21,6970.23,0.016,144032.83,0,1
2025-09-13,成都春熙店,配件耗材,77,214.28,0.038,15872.58,0,1
2025-09-14,上海旗舰店,智能家居,64,981.2,0.021,61478.07,0,1
2025-09-14,上海旗舰店,智能手机,157,4243.39,0.043,637565.1,0,1
2025-09-14,上海旗舰店,智能穿戴,81,1384.21,0.02,109878.59,0,1
2025-09-14,上海旗舰店,笔记本电脑,38,7041.31,0.02,262218.38,0,1
2025-09-14,上海旗舰店,配件耗材,118,215.26,0.046,24232.25,0,1
2025-09-14,北京中关村店,智能家居,72,976.48,0.046,67072.46,0,1
2025-09-14,北京中关村店,智能手机,103,4401.3,0.136,391680.49,1,1
2025-09-14,北京中关村店,智能穿戴,59,1434.78,0.018,83128.28,0,1
2025-09-14,北京中关村店,笔记本电脑,33,7015.71,0.018,227351.1,0,1
2025-09-14,北京中关村店,配件耗材,125,212.94,0.013,26271.47,0,1
2025-09-14,广州天河店,智能家居,49,957.0,0.0,46893.0,0,1
2025-09-14,广州天河店,智能手机,80,4341.74,0.002,346644.52,0,1
2025-09-14,广州天河店,智能穿戴,62,1394.49,0.039,83086.5,0,1
2025-09-14,广州天河店,笔记本电脑,27,6913.03,0.021,182732.12,0,1
2025-09-14,广州天河店,配件耗材,147,210.46,0.127,27008.54,1,1
2025-09-14,成都春熙店,智能家居,45,974.63,0.21,34648.1,1,1
2025-09-14,成都春熙店,智能手机,60,4282.95,0.003,256206.07,0,1
2025-09-14,成都春熙店,智能穿戴,51,1378.88,0.009,69689.97,0,1
2025-09-14,成都春熙店,笔记本电脑,21,7061.42,0.006,147400.08,0,1
2025-09-14,成都春熙店,配件耗材,60,213.61,0.019,12573.08,0,1
2025-09-15,上海旗舰店,智能家居,55,969.7,0.004,53120.17,0,0
2025-09-15,上海旗舰店,智能手机,69,4275.51,0.009,292355.1,0,0
2025-09-15,上海旗舰店,智能穿戴,68,1395.62,0.026,92434.7,0,0
2025-09-15,上海旗舰店,笔记本电脑,44,7015.53,0.011,305287.8,0,0
2025-09-15,上海旗舰店,配件耗材,116,215.07,0.046,23800.51,0,0
2025-09-15,北京中关村店,智能家居,51,988.6,0.134,43662.51,1,0
2025-09-15,北京中关村店,智能手机,81,4296.95,0.042,333434.73,0,0
2025-09-15,北京中关村店,智能穿戴,57,1382.39,0.039,75723.18,0,0
2025-09-15,北京中关村店,笔记本电脑,34,7025.42,0.024,233131.54,0,0
2025-09-15,北京中关村店,配件耗材,125,214.01,0.006,26590.74,0,0
2025-09-15,广州天河店,智能家居,45,969.92,0.019,42817.12,0,0
2025-09-15,广州天河店,智能手机,83,4272.08,0.029,344299.74,0,0
2025-09-15,广州天河店,智能穿戴,63,1417.19,0.046,85175.95,0,0
2025-09-15,广州天河店,笔记本电脑,31,6914.58,0.014,211351.05,0,0
2025-09-15,广州天河店,配件耗材,85,216.63,0.026,17934.8,0,0
2025-09-15,成都春熙店,智能家居,31,967.28,0.047,28576.35,0,0
2025-09-15,成都春熙店,智能手机,48,4318.05,0.011,204986.47,0,0
2025-09-15,成都春熙店,智能穿戴,40,1403.83,0.014,55367.06,0,0
2025-09-15,成都春熙店,笔记本电脑,19,7046.59,0.05,127190.95,0,0
2025-09-15,成都春熙店,配件耗材,88,213.88,0.066,17579.22,1,0
2025-09-16,上海旗舰店,智能家居,64,960.29,0.032,59491.89,0,0
2025-09-16,上海旗舰店,智能手机,67,4305.07,0.016,283824.65,0,0
2025-09-16,上海旗舰店,智能穿戴,70,1379.72,0.009,95711.18,0,0
2025-09-16,上海旗舰店,笔记本电脑,43,6965.43,0.112,265967.98,1,0
2025-09-16,上海旗舰店,配件耗材,105,212.78,0.031,21649.3,0,0
2025-09-16,北京中关村店,智能家居,39,973.84,0.042,36384.61,0,0
2025-09-16,北京中关村店,智能手机,88,4218.19,0.023,362663.1,0,0
2025-09-16,北京中关村店,智能穿戴,44,1384.96,0.009,60389.8,0,0
2025-09-16,北京中关村店,笔记本电脑,24,6952.44,0.041,160017.36,0,0
2025-09-16,北京中关村店,配件耗材,110,213.9,0.05,22352.55,0,0
2025-09-16,广州天河店,智能家居,53,971.94,0.013,50843.15,0,0
2025-09-16,广州天河店,智能手机,63,4276.12,0.044,257542.16,0,0
2025-09-16,广州天河店,智能穿戴,42,1392.29,0.028,56838.85,0,0
2025-09-16,广州天河店,笔记本电脑,28,6934.64,0.04,186403.12,0,0
2025-09-16,广州天河店,配件耗材,97,211.55,0.011,20294.63,0,0
2025-09-16,成都春熙店,智能家居,32,954.89,0.018,30006.46,0,0
2025-09-16,成都春熙店,智能手机,65,4255.13,0.027,269115.7,0,0
2025-09-16,成都春熙店,智能穿戴,44,1384.89,0.08,56060.35,1,0
2025-09-16,成都春熙店,笔记本电脑,20,7027.95,0.004,139996.76,0,0
2025-09-16,成都春熙店,配件耗材,56,210.03,0.001,11749.92,0,0
2025-09-17,上海旗舰店,智能家居,65,975.99,0.05,60267.38,0,0
2025-09-17,上海旗舰店,智能手机,73,4265.22,0.03,302020.23,0,0
2025-09-17,上海旗舰店,智能穿戴,56,1408.03,0.026,76799.59,0,0
2025-09-17,上海旗舰店,笔记本电脑,53,7107.64,0.164,314925.31,1,0
2025-09-17,上海旗舰店,配件耗材,126,216.73,0.03,26488.74,0,0
2025-09-17,北京中关村店,智能家居,42,970.28,0.032,39447.7,0,0
2025-09-17,北京中关村店,智能手机,84,4259.42,0.01,354213.37,0,0
2025-09-17,北京中关村店,智能穿戴,53,1417.13,0.031,72779.55,0,0
2025-09-17,北京中关村店,笔记本电脑,39,6861.09,0.023,261428.11,0,0
2025-09-17,北京中关村店,配件耗材,110,215.84,0.011,23481.23,0,0
2025-09-17,广州天河店,智能家居,49,960.83,0.013,46468.62,0,0
2025-09-17,广州天河店,智能手机,65,4296.59,0.019,273972.06,0,0
2025-09-17,广州天河店,智能穿戴,54,1393.99,0.002,75124.91,0,0
2025-09-17,广州天河店,笔记本电脑,28,7050.73,0.008,195841.08,0,0
2025-09-17,广州天河店,配件耗材,96,216.74,0.023,20328.48,0,0
2025-09-17,成都春熙店,智能家居,31,952.68,0.034,28528.96,0,0
2025-09-17,成都春熙店,智能手机,53,4317.94,0.048,217865.98,0,0
2025-09-17,成都春熙店,智能穿戴,37,1404.39,0.007,51598.69,0,0
2025-09-17,成都春熙店,笔记本电脑,18,6979.86,0.042,120360.71,0,0
2025-09-17,成都春熙店,配件耗材,62,214.76,0.004,13261.86,0,0
2025-09-18,上海旗舰店,智能家居,76,979.95,0.032,72092.96,0,0
2025-09-18,上海旗舰店,智能手机,130,4385.96,0.157,480657.36,1,0
2025-09-18,上海旗舰店,智能穿戴,70,1388.58,0.039,93409.78,0,0
2025-09-18,上海旗舰店,笔记本电脑,31,6952.95,0.018,211661.7,0,0
2025-09-18,上海旗舰店,配件耗材,106,213.44,0.027,22013.77,0,0
2025-09-18,北京中关村店,智能家居,47,960.83,0.042,43262.33,0,0
2025-09-18,北京中关村店,智能手机,86,4304.92,0.018,363559.1,0,0
2025-09-18,北京中关村店,智能穿戴,49,1365.45,0.036,64498.4,0,0
2025-09-18,北京中关村店,笔记本电脑,35,7043.84,0.004,245548.26,0,0
2025-09-18,北京中关村店,配件耗材,109,214.02,0.02,22861.62,0,0
2025-09-18,广州天河店,智能家居,47,953.53,0.03,43471.43,0,0
2025-09-18,广州天河店,智能手机,80,4298.58,0.016,338384.22,0,0
2025-09-18,广州天河店,智能穿戴,77,1386.76,0.173,88307.49,1,0
2025-09-18,广州天河店,笔记本电脑,35,6932.0,0.022,237282.36,0,0
2025-09-18,广州天河店,配件耗材,111,211.09,0.035,22610.91,0,0
2025-09-18,成都春熙店,智能家居,45,956.54,0.144,36845.92,1,0
2025-09-18,成都春熙店,智能手机,50,4292.49,0.05,203893.27,0,0
2025-09-18,成都春熙店,智能穿戴,38,1403.43,0.044,50983.81,0,0
2025-09-18,成都春熙店,笔记本电脑,20,7080.5,0.004,141043.56,0,0
2025-09-18,成都春熙店,配件耗材,61,214.6,0.028,12724.06,0,0
2025-09-19,上海旗舰店,智能家居,68,974.13,0.035,63922.41,0,0
2025-09-19,上海旗舰店,智能手机,80,4345.15,0.034,335793.19,0,0
2025-09-19,上海旗舰店,智能穿戴,65,1408.57,0.021,89634.35,0,0
2025-09-19,上海旗舰店,笔记本电脑,45,6959.69,0.034,302537.72,0,0
2025-09-19,上海旗舰店,配件耗材,123,218.99,0.001,26908.83,0,0
2025-09-19,北京中关村店,智能家居,46,972.55,0.012,44200.45,0,0
2025-09-19,北京中关村店,智能手机,89,4181.76,0.043,356173.04,0,0
2025-09-19,北京中关村店,智能穿戴,60,1391.29,0.001,83393.92,0,0
2025-09-19,北京中关村店,笔记本电脑,33,7000.52,0.023,225703.77,0,0
2025-09-19,北京中关村店,配件耗材,121,214.83,0.042,24902.66,0,0
2025-09-19,广州天河店,智能家居,75,961.15,0.163,60336.19,1,0
2025-09-19,广州天河店,智能手机,97,4351.01,0.026,411074.72,0,0
2025-09-19,广州天河店,智能穿戴,80,1405.89,0.115,99537.01,1,0
2025-09-19,广州天河店,笔记本电脑,37,7084.61,0.013,258722.87,0,0
2025-09-19,广州天河店,配件耗材,89,211.5,0.025,18352.91,0,0
2025-09-19,成都春熙店,智能家居,37,967.67,0.024,34944.5,0,0
2025-09-19,成都春熙店,智能手机,69,4269.95,0.01,291680.28,0,0
2025-09-19,成都春熙店,智能穿戴,43,1407.2,0.007,60086.03,0,0
2025-09-19,成都春熙店,笔记本电脑,21,7053.05,0.0,148114.05,0,0
2025-09-19,成都春熙店,配件耗材,69,213.89,0.025,14389.45,0,0
2025-09-20,上海旗舰店,智能家居,61,963.53,0.017,57776.15,0,1
2025-09-20,上海旗舰店,智能手机,141,4244.74,0.141,514118.66,1,1
2025-09-20,上海旗舰店,智能穿戴,61,1387.11,0.03,82075.3,0,1
2025-09-20,上海旗舰店,笔记本电脑,36,6958.18,0.04,240474.7,0,1
2025-09-20,上海旗舰店,配件耗材,161,214.21,0.093,31280.44,1,1
2025-09-20,北京中关村店,智能家居,49,966.1,0.043,45303.33,0,1
2025-09-20,北京中关村店,智能手机,108,4224.94,0.014,449905.41,0,1
2025-09-20,北京中关村店,智能穿戴,68,1398.28,0.008,94322.38,0,1
2025-09-20,北京中关村店,笔记本电脑,34,6939.94,0.048,224631.98,0,1
2025-09-20,北京中关村店,配件耗材,130,213.47,0.022,27140.58,0,1
2025-09-20,广州天河店,智能家居,73,970.85,0.008,70305.07,0,1
2025-09-20,广州天河店,智能手机,142,4250.16,0.174,498509.77,1,1
2025-09-20,广州天河店,智能穿戴,47,1396.26,0.002,65492.97,0,1
2025-09-20,广州天河店,笔记本电脑,42,7050.94,0.061,278074.97,1,1
2025-09-20,广州天河店,配件耗材,197,213.63,0.136,36361.54,1,1
2025-09-20,成都春熙店,智能家居,32,972.34,0.042,29808.06,0,1
2025-09-20,成都春熙店,智能手机,74,4323.04,0.011,316386.01,0,1
2025-09-20,成都春熙店,智能穿戴,40,1403.21,0.025,54725.19,0,1
2025-09-20,成都春熙店,笔记本电脑,33,6946.72,0.014,226032.38,0,1
2025-09-20,成都春熙店,配件耗材,79,212.6,0.001,16778.6,0,1
2025-09-21,上海旗舰店,智能家居,65,965.93,0.044,60022.89,0,1
2025-09-21,上海旗舰店,智能手机,105,4334.37,0.003,453743.52,0,1
2025-09-21,上海旗舰店,智能穿戴,119,1385.99,0.189,133760.51,1,1
2025-09-21,上海旗舰店,笔记本电脑,39,7067.96,0.03,267380.93,0,1
2025-09-21,上海旗舰店,配件耗材,202,216.05,0.162,36572.08,1,1
2025-09-21,北京中关村店,智能家居,74,974.19,0.113,63943.88,1,1
2025-09-21,北京中关村店,智能手机,83,4334.09,0.049,342102.73,0,1
2025-09-21,北京中关村店,智能穿戴,69,1436.87,0.003,98846.6,0,1
2025-09-21,北京中关村店,笔记本电脑,41,7024.96,0.004,286871.27,0,1
2025-09-21,北京中关村店,配件耗材,195,212.63,0.204,33004.43,1,1
2025-09-21,广州天河店,智能家居,55,969.02,0.012,52656.55,0,1
2025-09-21,广州天河店,智能手机,73,4221.09,0.017,302901.2,0,1
2025-09-21,广州天河店,智能穿戴,59,1407.13,0.016,81692.34,0,1
2025-09-21,广州天河店,笔记本电脑,38,7073.98,0.046,256445.92,0,1
2025-09-21,广州天河店,配件耗材,121,216.6,0.023,25605.8,0,1
2025-09-21,成都春熙店,智能家居,36,973.25,0.037,33740.63,0,1
2025-09-21,成都春熙店,智能手机,51,4346.8,0.048,211045.83,0,1
2025-09-21,成都春熙店,智能穿戴,45,1400.03,0.028,61237.31,0,1
2025-09-21,成都春熙店,笔记本电脑,27,6998.4,0.044,180642.7,0,1
2025-09-21,成都春熙店,配件耗材,65,220.68,0.013,14157.73,0,1
2025-09-22,上海旗舰店,智能家居,66,973.22,0.005,63911.36,0,0
2025-09-22,上海旗舰店,智能手机,74,4265.88,0.014,311255.67,0,0
2025-09-22,上海旗舰店,智能穿戴,58,1394.07,0.011,79966.64,0,0
2025-09-22,上海旗舰店,笔记本电脑,50,7067.93,0.094,320177.23,1,0
2025-09-22,上海旗舰店,配件耗材,141,209.61,0.04,28372.81,0,0
2025-09-22,北京中关村店,智能家居,53,954.28,0.011,50020.49,0,0
2025-09-22,北京中关村店,智能手机,67,4332.4,0.007,288238.9,0,0
2025-09-22,北京中关村店,智能穿戴,47,1406.92,0.04,63480.23,0,0
2025-09-22,北京中关村店,笔记本电脑,36,6952.78,0.011,247546.78,0,0
2025-09-22,北京中关村店,配件耗材,132,211.22,0.003,27797.4,0,0
2025-09-22,广州天河店,智能家居,52,963.09,0.033,48428.02,0,0
2025-09-22,广州天河店,智能手机,65,4267.94,0.049,263822.71,0,0
2025-09-22,广州天河店,智能穿戴,59,1407.62,0.043,79478.45,0,0
2025-09-22,广州天河店,笔记本电脑,26,6981.88,0.047,172997.02,0,0
2025-09-22,广州天河店,配件耗材,120,215.59,0.173,21395.15,1,0
2025-09-22,成都春熙店,智能家居,38,945.87,0.064,33642.7,1,0
2025-09-22,成都春熙店,智能手机,52,4278.82,0.044,212708.7,0,0
2025-09-22,成都春熙店,智能穿戴,39,1405.7,0.012,54164.43,0,0
2025-09-22,成都春熙店,笔记本电脑,18,6985.04,0.031,121833.07,0,0
2025-09-22,成都春熙店,配件耗材,69,212.98,0.001,14680.92,0,0
2025-09-23,上海旗舰店,智能家居,54,965.35,0.014,51399.1,0,0
2025-09-23,上海旗舰店,智能手机,80,4325.3,0.032,334951.23,0,0
2025-09-23,上海旗舰店,智能穿戴,69,1370.89,0.038,90996.94,0,0
2025-09-23,上海旗舰店,笔记本电脑,36,6984.08,0.156,212204.29,1,0
2025-09-23,上海旗舰店,配件耗材,112,216.87,0.046,23172.13,0,0
2025-09-23,北京中关村店,智能家居,44,964.52,0.029,41208.15,0,0
2025-09-23,北京中关村店,智能手机,54,4274.53,0.037,222284.11,0,0
2025-09-23,北京中关村店,智能穿戴,65,1402.98,0.044,87181.18,0,0
2025-09-23,北京中关村店,笔记本电脑,30,6878.19,0.168,171679.62,1,0
2025-09-23,北京中关村店,配件耗材,119,213.36,0.047,24196.52,0,0
2025-09-23,广州天河店,智能家居,44,958.93,0.007,41897.57,0,0
2025-09-23,广州天河店,智能手机,73,4303.03,0.006,312236.46,0,0
2025-09-23,广州天河店,智能穿戴,29,1387.23,0.016,39586.0,0,0
2025-09-23,广州天河店,笔记本电脑,26,6923.16,0.038,173162.08,0,0
2025-09-23,广州天河店,配件耗材,83,215.6,0.035,17268.48,0,0
2025-09-23,成都春熙店,智能家居,31,966.26,0.019,29384.93,0,0
2025-09-23,成都春熙店,智能手机,43,4324.27,0.002,185571.72,0,0
2025-09-23,成都春熙店,智能穿戴,32,1419.07,0.031,44002.52,0,0
2025-09-23,成都春熙店,笔记本电脑,23,6985.93,0.004,160033.68,0,0
2025-09-23,成都春熙店,配件耗材,54,216.78,0.043,11202.76,0,0
2025-09-24,上海旗舰店,智能家居,78,971.28,0.021,74168.88,0,0
2025-09-24,上海旗舰店,智能手机,79,4271.04,0.047,321553.79,0,0
2025-09-24,上海旗舰店,智能穿戴,63,1421.03,0.047,85317.22,0,0
2025-09-24,上海旗舰店,笔记本电脑,37,7116.7,0.016,259104.81,0,0
2025-09-24,上海旗舰店,配件耗材,122,212.91,0.043,24858.09,0,0
2025-09-24,北京中关村店,智能家居,47,964.51,0.047,43201.37,0,0
2025-09-24,北京中关村店,智能手机,76,4298.56,0.008,324077.04,0,0
2025-09-24,北京中关村店,智能穿戴,56,1397.68,0.181,64103.2,1,0
2025-09-24,北京中关村店,笔记本电脑,24,6998.11,0.043,160732.59,0,0
2025-09-24,北京中关村店,配件耗材,104,216.12,0.044,21487.51,0,0
2025-09-24,广州天河店,智能家居,49,970.81,0.017,46761.01,0,0
2025-09-24,广州天河店,智能手机,75,4261.81,0.004,318357.21,0,0
2025-09-24,广州天河店,智能穿戴,47,1395.72,0.032,63499.68,0,0
2025-09-24,广州天河店,笔记本电脑,23,6861.77,0.028,153401.73,0,0
2025-09-24,广州天河店,配件耗材,78,212.69,0.01,16423.92,0,0
2025-09-24,成都春熙店,智能家居,31,970.01,0.003,29980.1,0,0
2025-09-24,成都春熙店,智能手机,71,4303.42,0.111,271627.57,1,0
2025-09-24,成都春熙店,智能穿戴,48,1405.98,0.035,65124.99,0,0
2025-09-24,成都春熙店,笔记本电脑,25,7012.54,0.205,139374.23,1,0
2025-09-24,成都春熙店,配件耗材,58,215.44,0.029,12133.15,0,0
2025-09-25,上海旗舰店,智能家居,58,942.52,0.024,53354.17,0,0
2025-09-25,上海旗舰店,智能手机,122,4280.11,0.046,498153.44,0,0
2025-09-25,上海旗舰店,智能穿戴,78,1403.27,0.007,108688.87,0,0
2025-09-25,上海旗舰店,笔记本电脑,31,7095.68,0.049,209187.74,0,0
2025-09-25,上海旗舰店,配件耗材,105,214.88,0.046,21524.53,0,0
2025-09-25,北京中关村店,智能家居,53,967.01,0.028,49816.49,0,0
2025-09-25,北京中关村店,智能手机,66,4284.88,0.012,279408.46,0,0
2025-09-25,北京中关村店,智能穿戴,54,1383.87,0.001,74654.25,0,0
2025-09-25,北京中关村店,笔记本电脑,34,7174.97,0.022,238582.1,0,0
2025-09-25,北京中关村店,配件耗材,144,211.68,0.072,28287.22,1,0
2025-09-25,广州天河店,智能家居,57,964.5,0.032,53217.25,0,0
2025-09-25,广州天河店,智能手机,81,4326.66,0.04,336441.08,0,0
2025-09-25,广州天河店,智能穿戴,71,1381.61,0.087,89560.11,1,0
2025-09-25,广州天河店,笔记本电脑,29,7073.87,0.044,196115.97,0,0
2025-09-25,广州天河店,配件耗材,102,210.1,0.011,21194.47,0,0
2025-09-25,成都春熙店,智能家居,50,984.01,0.166,41033.22,1,0
2025-09-25,成都春熙店,智能手机,51,4306.52,0.047,209309.79,0,0
2025-09-25,成都春熙店,智能穿戴,42,1403.88,0.033,57017.18,0,0
2025-09-25,成都春熙店,笔记本电脑,23,6916.0,0.039,152864.35,0,0
2025-09-25,成都春熙店,配件耗材,72,217.49,0.007,15549.67,0,0
2025-09-26,上海旗舰店,智能家居,69,971.25,0.031,64938.75,0,0
2025-09-26,上海旗舰店,智能手机,98,4388.11,0.018,422294.15,0,0
2025-09-26,上海旗舰店,智能穿戴,61,1406.68,0.048,81688.72,0,0
2025-09-26,上海旗舰店,笔记本电脑,40,6971.98,0.037,268560.67,0,0
2025-09-26,上海旗舰店,配件耗材,135,218.47,0.042,28254.73,0,0
2025-09-26,北京中关村店,智能家居,62,988.33,0.044,58580.3,0,0
2025-09-26,北京中关村店,智能手机,73,4243.8,0.039,297715.3,0,0
2025-09-26,北京中关村店,智能穿戴,54,1401.29,0.003,75442.65,0,0
2025-09-26,北京中关村店,笔记本电脑,33,7059.87,0.028,226452.39,0,0
2025-09-26,北京中关村店,配件耗材,136,213.41,0.204,23102.91,1,0
2025-09-26,广州天河店,智能家居,54,974.62,0.026,51261.11,0,0
2025-09-26,广州天河店,智能手机,73,4342.96,0.016,311963.5,0,0
2025-09-26,广州天河店,智能穿戴,40,1425.89,0.048,54297.89,0,0
2025-09-26,广州天河店,笔记本电脑,28,7044.83,0.013,194690.92,0,0
2025-09-26,广州天河店,配件耗材,108,214.25,0.011,22884.47,0,0
2025-09-26,成都春熙店,智能家居,32,954.46,0.011,30206.75,0,0
2025-09-26,成都春熙店,智能手机,63,4347.4,0.025,267039.04,0,0
2025-09-26,成都春熙店,智能穿戴,36,1381.94,0.031,48207.59,0,0
2025-09-26,成都春熙店,笔记本电脑,23,7023.8,0.004,160901.21,0,0
2025-09-26,成都春熙店,配件耗材,58,214.38,0.012,12284.83,0,0
2025-09-27,上海旗舰店,智能家居,86,950.36,0.017,80341.53,0,1
2025-09-27,上海旗舰店,智能手机,86,4314.71,0.037,357335.65,0,1
2025-09-27,上海旗舰店,智能穿戴,83,1376.08,0.029,110902.42,0,1
2025-09-27,上海旗舰店,笔记本电脑,39,6984.15,0.038,262031.34,0,1
2025-09-27,上海旗舰店,配件耗材,140,215.39,0.029,29280.12,0,1
2025-09-27,北京中关村店,智能家居,57,970.63,0.039,53168.2,0,1
2025-09-27,北京中关村店,智能手机,95,4344.58,0.024,402829.46,0,1
2025-09-27,北京中关村店,智能穿戴,68,1410.88,0.009,95076.38,0,1
2025-09-27,北京中关村店,笔记本电脑,36,6953.6,0.031,242569.38,0,1
2025-09-27,北京中关村店,配件耗材,160,210.95,0.048,32131.9,0,1
2025-09-27,广州天河店,智能家居,64,954.21,0.046,58260.25,0,1
2025-09-27,广州天河店,智能手机,88,4322.26,0.045,363242.73,0,1
2025-09-27,广州天河店,智能穿戴,51,1421.3,0.049,68934.47,0,1
2025-09-27,广州天河店,笔记本电脑,37,7058.0,0.008,259056.83,0,1
2025-09-27,广州天河店,配件耗材,109,211.32,0.037,22181.63,0,1
2025-09-27,成都春熙店,智能家居,40,975.94,0.006,38803.37,0,1
2025-09-27,成都春熙店,智能手机,61,4269.53,0.031,252367.65,0,1
2025-09-27,成都春熙店,智能穿戴,38,1410.12,0.048,51012.5,0,1
2025-09-27,成都春熙店,笔记本电脑,29,7041.51,0.015,201140.73,0,1
2025-09-27,成都春熙店,配件耗材,70,215.33,0.044,14409.88,0,1
2025-09-28,上海旗舰店,智能家居,72,990.52,0.048,67894.2,0,1
2025-09-28,上海旗舰店,智能手机,101,4380.68,0.014,436254.4,0,1
2025-09-28,上海旗舰店,智能穿戴,121,1388.71,0.197,134931.23,1,1
2025-09-28,上海旗舰店,笔记本电脑,39,6963.26,0.008,269394.6,0,1
2025-09-28,上海旗舰店,配件耗材,169,215.89,0.049,34697.62,0,1
2025-09-28,北京中关村店,智能家居,49,948.98,0.025,45337.52,0,1
2025-09-28,北京中关村店,智能手机,92,4342.5,0.045,381532.05,0,1
2025-09-28,北京中关村店,智能穿戴,89,1366.81,0.122,106805.27,1,1
2025-09-28,北京中关村店,笔记本电脑,40,6996.38,0.047,266702.01,0,1
2025-09-28,北京中关村店,配件耗材,117,210.59,0.024,24047.69,0,1
2025-09-28,广州天河店,智能家居,70,971.98,0.02,66677.83,0,1
2025-09-28,广州天河店,智能手机,93,4296.61,0.033,386398.43,0,1
2025-09-28,广州天河店,智能穿戴,50,1391.03,0.034,67186.75,0,1
2025-09-28,广州天河店,笔记本电脑,29,7011.86,0.049,193380.09,0,1
2025-09-28,广州天河店,配件耗材,121,209.99,0.071,23604.77,1,1
2025-09-28,成都春熙店,智能家居,36,964.04,0.041,33282.52,0,1
2025-09-28,成都春熙店,智能手机,65,4319.94,0.019,275460.97,0,1
2025-09-28,成都春熙店,智能穿戴,41,1381.03,0.008,56169.25,0,1
2025-09-28,成都春熙店,笔记本电脑,24,7033.68,0.018,165769.77,0,1
2025-09-28,成都春熙店,配件耗材,63,213.45,0.042,12882.56,0,1
2025-09-29,上海旗舰店,智能家居,73,963.34,0.065,65752.77,1,0
2025-09-29,上海旗舰店,智能手机,72,4298.91,0.04,297140.66,0,0
2025-09-29,上海旗舰店,智能穿戴,64,1411.03,0.032,87416.13,0,0
2025-09-29,上海旗舰店,笔记本电脑,43,6968.65,0.012,296056.13,0,0
2025-09-29,上海旗舰店,配件耗材,149,213.78,0.147,27170.8,1,0
2025-09-29,北京中关村店,智能家居,51,950.14,0.022,47391.08,0,0
2025-09-29,北京中关村店,智能手机,67,4335.97,0.001,290219.48,0,0
2025-09-29,北京中关村店,智能穿戴,63,1414.72,0.031,86364.41,0,0
2025-09-29,北京中关村店,笔记本电脑,26,7031.72,0.042,175146.08,0,0
2025-09-29,北京中关村店,配件耗材,103,210.97,0.026,21164.93,0,0
2025-09-29,广州天河店,智能家居,43,964.32,0.043,39682.73,0,0
2025-09-29,广州天河店,智能手机,65,4271.79,0.006,276000.35,0,0
2025-09-29,广州天河店,智能穿戴,49,1388.61,0.028,66136.72,0,0
2025-09-29,广州天河店,笔记本电脑,31,7136.3,0.036,213261.19,0,0
2025-09-29,广州天河店,配件耗材,106,215.28,0.032,22089.45,0,0
2025-09-29,成都春熙店,智能家居,30,964.42,0.048,27543.84,0,0
2025-09-29,成都春熙店,智能手机,69,4261.85,0.039,282599.01,0,0
2025-09-29,成都春熙店,智能穿戴,36,1423.62,0.045,48944.06,0,0
2025-09-29,成都春熙店,笔记本电脑,18,7034.84,0.04,121562.04,0,0
2025-09-29,成都春熙店,配件耗材,69,215.66,0.03,14434.12,0,0
2025-09-30,上海旗舰店,智能家居,57,972.46,0.017,54487.91,0,0
2025-09-30,上海旗舰店,智能手机,111,4242.44,0.022,460550.8,0,0
2025-09-30,上海旗舰店,智能穿戴,56,1391.36,0.027,75812.42,0,0
2025-09-30,上海旗舰店,笔记本电脑,32,7127.56,0.035,220099.05,0,0
2025-09-30,上海旗舰店,配件耗材,120,213.83,0.046,24479.26,0,0
2025-09-30,北京中关村店,智能家居,47,981.15,0.037,44407.83,0,0
2025-09-30,北京中关村店,智能手机,81,4366.58,0.027,344143.27,0,0
2025-09-30,北京中关村店,智能穿戴,52,1414.92,0.02,72104.32,0,0
2025-09-30,北京中关村店,笔记本电脑,33,6990.36,0.033,223069.38,0,0
2025-09-30,北京中关村店,配件耗材,132,215.95,0.022,27878.28,0,0
2025-09-30,广州天河店,智能家居,39,961.97,0.013,37029.11,0,0
2025-09-30,广州天河店,智能手机,83,4342.83,0.021,352885.34,0,0
2025-09-30,广州天河店,智能穿戴,44,1402.3,0.034,59603.36,0,0
2025-09-30,广州天河店,笔记本电脑,28,6920.6,0.017,190482.59,0,0
2025-09-30,广州天河店,配件耗材,105,214.19,0.007,22332.52,0,0
2025-09-30,成都春熙店,智能家居,33,983.91,0.002,32404.09,0,0
2025-09-30,成都春熙店,智能手机,60,4337.01,0.041,249551.56,0,0
2025-09-30,成都春熙店,智能穿戴,36,1418.36,0.018,50141.86,0,0
2025-09-30,成都春熙店,笔记本电脑,17,7004.63,0.03,115506.35,0,0
2025-09-30,成都春熙店,配件耗材,61,217.21,0.047,12627.07,0,0
2025-10-01,上海旗舰店,智能家居,66,968.89,0.019,62731.75,0,0
2025-10-01,上海旗舰店,智能手机,88,4334.78,0.007,378790.42,0,0
2025-10-01,上海旗舰店,智能穿戴,64,1376.64,0.049,83787.82,0,0
2025-10-01,上海旗舰店,笔记本电脑,30,7142.26,0.035,206768.43,0,0
2025-10-01,上海旗舰店,配件耗材,118,213.57,0.005,25075.25,0,0
2025-10-01,北京中关村店,智能家居,77,980.33,0.124,66125.22,1,0
2025-10-01,北京中关村店,智能手机,81,4316.01,0.031,338759.31,0,0
2025-10-01,北京中关村店,智能穿戴,56,1395.62,0.043,74794.07,0,0
2025-10-01,北京中关村店,笔记本电脑,31,7116.53,0.007,219068.14,0,0
2025-10-01,北京中关村店,配件耗材,105,213.42,0.042,21467.92,0,0
2025-10-01,广州天河店,智能家居,53,968.93,0.043,49145.1,0,0
2025-10-01,广州天河店,智能手机,67,4257.55,0.035,275271.9,0,0
2025-10-01,广州天河店,智能穿戴,61,1397.86,0.192,68897.72,1,0
2025-10-01,广州天河店,笔记本电脑,26,7006.04,0.035,175781.54,0,0
2025-10-01,广州天河店,配件耗材,86,211.34,0.03,17629.98,0,0
2025-10-01,成都春熙店,智能家居,34,962.08,0.003,32612.59,0,0
2025-10-01,成都春熙店,智能手机,65,4343.14,0.029,274117.28,0,0
2025-10-01,成都春熙店,智能穿戴,41,1403.09,0.006,57181.53,0,0
2025-10-01,成都春熙店,笔记本电脑,21,7016.47,0.044,140862.65,0,0
2025-10-01,成都春熙店,配件耗材,53,213.32,0.009,11204.21,0,0
2025-10-02,上海旗舰店,智能家居,177,970.52,0.049,163364.72,0,0
2025-10-02,上海旗舰店,智能手机,75,4266.61,0.045,305595.94,0,0
2025-10-02,上海旗舰店,智能穿戴,54,1393.52,0.013,74271.83,0,0
2025-10-02,上海旗舰店,笔记本电脑,31,6944.23,0.039,206875.56,0,0
2025-10-02,上海旗舰店,配件耗材,92,210.42,0.013,19106.98,0,0
2025-10-02,北京中关村店,智能家居,47,964.7,0.012,44796.81,0,0
2025-10-02,北京中关村店,智能手机,152,4245.18,0.021,631716.75,0,0
2025-10-02,北京中关村店,智能穿戴,55,1396.58,0.006,76351.03,0,0
2025-10-02,北京中关村店,笔记本电脑,41,7025.38,0.113,255491.99,1,0
2025-10-02,北京中关村店,配件耗材,106,216.44,0.027,22323.19,0,0
2025-10-02,广州天河店,智能家居,87,960.06,0.145,71414.06,1,0
2025-10-02,广州天河店,智能手机,69,4262.11,0.037,283204.42,0,0
2025-10-02,广州天河店,智能穿戴,57,1397.15,0.039,76531.69,0,0
2025-10-02,广州天河店,笔记本电脑,26,6912.04,0.019,176298.49,0,0
2025-10-02,广州天河店,配件耗材,96,212.1,0.046,19424.97,0,0
2025-10-02,成都春熙店,智能家居,43,967.75,0.034,40198.4,0,0
2025-10-02,成都春熙店,智能手机,60,4300.36,0.009,255699.41,0,0
2025-10-02,成都春熙店,智能穿戴,35,1414.62,0.025,48273.91,0,0
2025-10-02,成都春熙店,笔记本电脑,26,6988.25,0.042,174063.33,0,0
2025-10-02,成都春熙店,配件耗材,51,214.56,0.026,10658.05,0,0
2025-10-03,上海旗舰店,智能家居,97,976.88,0.209,74953.07,1,0
2025-10-03,上海旗舰店,智能手机,130,4308.3,0.149,476627.23,1,0
2025-10-03,上海旗舰店,智能穿戴,78,1391.43,0.007,107771.82,0,0
2025-10-03,上海旗舰店,笔记本电脑,47,6996.69,0.03,318979.1,0,0
2025-10-03,上海旗舰店,配件耗材,135,216.38,0.004,29094.45,0,0
2025-10-03,北京中关村店,智能家居,41,953.94,0.013,38603.09,0,0
2025-10-03,北京中关村店,智能手机,92,4317.13,0.026,386849.39,0,0
2025-10-03,北京中关村店,智能穿戴,47,1395.32,0.02,64268.44,0,0
2025-10-03,北京中关村店,笔记本电脑,25,7028.09,0.037,169201.27,0,0
2025-10-03,北京中关村店,配件耗材,188,212.79,0.165,33403.77,1,0
2025-10-03,广州天河店,智能家居,49,963.61,0.045,45092.13,0,0
2025-10-03,广州天河店,智能手机,74,4338.66,0.05,305007.8,0,0
2025-10-03,广州天河店,智能穿戴,55,1396.76,0.032,74363.5,0,0
2025-10-03,广州天河店,笔记本电脑,25,6972.22,0.02,170819.39,0,0
2025-10-03,广州天河店,配件耗材,95,216.23,0.002,20500.77,0,0
2025-10-03,成都春熙店,智能家居,33,967.41,0.005,31764.91,0,0
2025-10-03,成都春熙店,智能手机,63,4278.47,0.017,264961.37,0,0
2025-10-03,成都春熙店,智能穿戴,44,1388.62,0.007,60671.59,0,0
2025-10-03,成都春熙店,笔记本电脑,25,6963.98,0.014,171662.11,0,0
2025-10-03,成都春熙店,配件耗材,60,213.63,0.016,12612.72,0,0
2025-10-04,上海旗舰店,智能家居,79,977.56,0.023,75451.01,0,1
2025-10-04,上海旗舰店,智能手机,110,4334.09,0.049,453389.15,0,1
2025-10-04,上海旗舰店,智能穿戴,89,1376.03,0.023,119649.94,0,1
2025-10-04,上海旗舰店,笔记本电脑,41,6876.34,0.024,275163.62,0,1
2025-10-04,上海旗舰店,配件耗材,111,217.8,0.0,24175.8,0,1
2025-10-04,北京中关村店,智能家居,47,962.41,0.016,44509.54,0,1
2025-10-04,北京中关村店,智能手机,93,4317.05,0.025,391448.51,0,1
2025-10-04,北京中关村店,智能穿戴,73,1386.29,0.009,100288.38,0,1
2025-10-04,北京中关村店,笔记本电脑,50,6917.45,0.158,291224.65,1,1
2025-10-04,北京中关村店,配件耗材,150,212.18,0.035,30713.06,0,1
2025-10-04,广州天河店,智能家居,79,982.43,0.037,74740.33,0,1
2025-10-04,广州天河店,智能手机,100,4296.97,0.018,421962.45,0,1
2025-10-04,广州天河店,智能穿戴,59,1378.29,0.021,79611.41,0,1
2025-10-04,广州天河店,笔记本电脑,80,7026.87,0.023,549220.16,0,1
2025-10-04,广州天河店,配件耗材,128,209.43,0.001,26780.23,0,1
2025-10-04,成都春熙店,智能家居,47,958.13,0.027,43816.24,0,1
2025-10-04,成都春熙店,智能手机,75,4319.5,0.005,322342.69,0,1
2025-10-04,成都春熙店,智能穿戴,54,1411.49,0.003,75991.8,0,1
2025-10-04,成都春熙店,笔记本电脑,24,7098.91,0.036,164240.38,0,1
2025-10-04,成都春熙店,配件耗材,83,213.19,0.048,16845.42,0,1
2025-10-05,上海旗舰店,智能家居,67,971.89,0.013,64270.11,0,1
2025-10-05,上海旗舰店,智能手机,103,4331.9,0.189,361856.6,1,1
2025-10-05,上海旗舰店,智能穿戴,53,1407.58,0.039,71692.27,0,1
2025-10-05,上海旗舰店,笔记本电脑,37,6974.18,0.018,253399.86,0,1
2025-10-05,上海旗舰店,配件耗材,124,214.76,0.009,26390.57,0,1
2025-10-05,北京中关村店,智能家居,65,962.43,0.022,61181.68,0,1
2025-10-05,北京中关村店,智能手机,109,4300.56,0.045,447666.79,0,1
2025-10-05,北京中关村店,智能穿戴,58,1398.28,0.032,78505.03,0,1
2025-10-05,北京中关村店,笔记本电脑,36,6989.27,0.027,244820.15,0,1
2025-10-05,北京中关村店,配件耗材,143,215.16,0.002,30706.34,0,1
2025-10-05,广州天河店,智能家居,76,970.4,0.161,61876.59,1,1
2025-10-05,广州天河店,智能手机,78,4247.23,0.026,322670.56,0,1
2025-10-05,广州天河店,智能穿戴,65,1405.25,0.034,88235.65,0,1
2025-10-05,广州天河店,笔记本电脑,41,6981.79,0.122,251330.48,1,1
2025-10-05,广州天河店,配件耗材,150,216.44,0.048,30907.63,0,1
2025-10-05,成都春熙店,智能家居,43,974.61,0.039,40273.81,0,1
2025-10-05,成都春熙店,智能手机,57,4323.08,0.019,241733.66,0,1
2025-10-05,成都春熙店,智能穿戴,51,1393.27,0.0,71056.77,0,1
2025-10-05,成都春熙店,笔记本电脑,20,7001.34,0.011,138486.51,0,1
2025-10-05,成都春熙店,配件耗材,86,214.17,0.024,17976.57,0,1
2025-10-06,上海旗舰店,智能家居,63,961.94,0.045,57875.12,0,0
2025-10-06,上海旗舰店,智能手机,99,4292.65,0.073,393949.37,1,0
2025-10-06,上海旗舰店,智能穿戴,100,1385.14,0.089,126186.25,1,0
2025-10-06,上海旗舰店,笔记本电脑,49,6976.84,0.15,290585.39,1,0
2025-10-06,上海旗舰店,配件耗材,92,210.28,0.048,18417.16,0,0
2025-10-06,北京中关村店,智能家居,65,961.66,0.036,60257.62,0,0
2025-10-06,北京中关村店,智能手机,80,4332.41,0.047,330302.94,0,0
2025-10-06,北京中关村店,智能穿戴,63,1389.36,0.022,85604.03,0,0
2025-10-06,北京中关村店,笔记本电脑,37,7067.37,0.027,254432.39,0,0
2025-10-06,北京中关村店,配件耗材,131,215.42,0.033,27288.76,0,0
2025-10-06,广州天河店,智能家居,55,969.77,0.022,52163.93,0,0
2025-10-06,广州天河店,智能手机,68,4311.02,0.019,287579.52,0,0
2025-10-06,广州天河店,智能穿戴,46,1395.75,0.016,63177.23,0,0
2025-10-06,广州天河店,笔记本电脑,30,7025.33,0.023,205912.42,0,0
2025-10-06,广州天河店,配件耗材,109,217.98,0.002,23712.3,0,0
2025-10-06,成都春熙店,智能家居,32,992.67,0.024,31003.07,0,0
2025-10-06,成都春熙店,智能手机,47,4283.35,0.046,192056.85,0,0
2025-10-06,成都春熙店,智能穿戴,43,1389.28,0.049,56811.83,0,0
2025-10-06,成都春熙店,笔记本电脑,24,6959.88,0.031,161858.97,0,0
2025-10-06,成都春熙店,配件耗材,146,213.59,0.075,28845.33,1,0
2025-10-07,上海旗舰店,智能家居,54,976.07,0.008,52286.12,0,0
2025-10-07,上海旗舰店,智能手机,73,4257.66,0.011,307390.28,0,0
2025-10-07,上海旗舰店,智能穿戴,68,1414.17,0.038,92509.34,0,0
2025-10-07,上海旗舰店,笔记本电脑,43,7075.58,0.018,298773.44,0,0
2025-10-07,上海旗舰店,配件耗材,94,215.6,0.022,19820.54,0,0
2025-10-07,北京中关村店,智能家居,43,982.71,0.008,41918.48,0,0
2025-10-07,北京中关村店,智能手机,73,4284.55,0.018,307142.25,0,0
2025-10-07,北京中关村店,智能穿戴,55,1405.7,0.031,74916.78,0,0
2025-10-07,北京中关村店,笔记本电脑,34,7024.31,0.0,238826.54,0,0
2025-10-07,北京中关村店,配件耗材,125,208.86,0.018,25637.56,0,0
2025-10-07,广州天河店,智能家居,44,965.17,0.006,42212.68,0,0
2025-10-07,广州天河店,智能手机,62,4331.28,0.037,258603.4,0,0
2025-10-07,广州天河店,智能穿戴,66,1392.18,0.064,86003.31,1,0
2025-10-07,广州天河店,笔记本电脑,26,6955.35,0.033,174871.41,0,0
2025-10-07,广州天河店,配件耗材,98,215.3,0.038,20297.62,0,0
2025-10-07,成都春熙店,智能家居,31,972.11,0.041,28899.86,0,0
2025-10-07,成都春熙店,智能手机,50,4366.73,0.009,216371.47,0,0
2025-10-07,成都春熙店,智能穿戴,31,1408.44,0.014,43050.38,0,0
2025-10-07,成都春熙店,笔记本电脑,21,6997.76,0.073,136225.39,1,0
2025-10-07,成都春熙店,配件耗材,66,215.83,0.021,13945.64,0,0
2025-10-08,上海旗舰店,智能家居,55,951.69,0.025,51034.38,0,0
2025-10-08,上海旗舰店,智能手机,70,4353.16,0.048,290094.58,0,0
2025-10-08,上海旗舰店,智能穿戴,59,1390.3,0.005,81617.56,0,0
2025-10-08,上海旗舰店,笔记本电脑,53,7079.27,0.191,303537.86,1,0
2025-10-08,上海旗舰店,配件耗材,122,215.54,0.03,25507.0,0,0
2025-10-08,北京中关村店,智能家居,56,949.52,0.025,51843.79,0,0
2025-10-08,北京中关村店,智能手机,76,4284.18,0.017,320062.52,0,0
2025-10-08,北京中关村店,智能穿戴,46,1422.59,0.025,63803.16,0,0
2025-10-08,北京中关村店,笔记本电脑,31,7034.29,0.049,207377.9,0,0
2025-10-08,北京中关村店,配件耗材,131,213.4,0.02,27396.29,0,0
2025-10-08,广州天河店,智能家居,47,976.0,0.017,45092.18,0,0
2025-10-08,广州天河店,智能手机,102,4337.62,0.088,403502.76,1,0
2025-10-08,广州天河店,智能穿戴,82,1360.66,0.159,93833.83,1,0
2025-10-08,广州天河店,笔记本电脑,23,7087.17,0.014,160722.84,0,0
2025-10-08,广州天河店,配件耗材,98,212.53,0.01,20619.66,0,0
2025-10-08,成都春熙店,智能家居,30,993.96,0.019,29252.24,0,0
2025-10-08,成都春熙店,智能手机,83,4269.75,0.106,316823.99,1,0
2025-10-08,成都春熙店,智能穿戴,33,1420.33,0.013,46261.57,0,0
2025-10-08,成都春熙店,笔记本电脑,22,7030.64,0.011,152972.67,0,0
2025-10-08,成都春熙店,配件耗材,69,218.23,0.043,14410.38,0,0
2025-10-09,上海旗舰店,智能家居,85,964.01,0.068,76368.87,1,0
2025-10-09,上海旗舰店,智能手机,98,4357.08,0.041,409487.09,0,0
2025-10-09,上海旗舰店,智能穿戴,58,1408.53,0.042,78263.56,0,0
2025-10-09,上海旗舰店,笔记本电脑,35,6971.23,0.048,232281.38,0,0
2025-10-09,上海旗舰店,配件耗材,119,211.36,0.011,24875.17,0,0
2025-10-09,北京中关村店,智能家居,70,980.69,0.107,61302.93,1,0
2025-10-09,北京中关村店,智能手机,126,4277.5,0.06,506627.1,1,0
2025-10-09,北京中关村店,智能穿戴,127,1394.64,0.026,172514.18,0,0
2025-10-09,北京中关村店,笔记本电脑,34,7058.22,0.0,239979.48,0,0
2025-10-09,北京中关村店,配件耗材,118,214.05,0.03,24500.16,0,0
2025-10-09,广州天河店,智能家居,45,972.6,0.033,42322.69,0,0
2025-10-09,广州天河店,智能手机,69,4296.4,0.003,295562.25,0,0
2025-10-09,广州天河店,智能穿戴,58,1393.99,0.082,74221.6,1,0
2025-10-09,广州天河店,笔记本电脑,34,6919.88,0.028,228688.19,0,0
2025-10-09,广州天河店,配件耗材,98,212.76,0.004,20767.08,0,0
2025-10-09,成都春熙店,智能家居,43,973.17,0.028,40674.61,0,0
2025-10-09,成都春熙店,智能手机,53,4416.34,0.043,224001.18,0,0
2025-10-09,成都春熙店,智能穿戴,46,1403.01,0.018,63376.77,0,0
2025-10-09,成都春熙店,笔记本电脑,17,6934.89,0.048,112234.26,0,0
2025-10-09,成都春熙店,配件耗材,54,215.23,0.003,11587.55,0,0
2025-10-10,上海旗舰店,智能家居,61,972.27,0.003,59130.54,0,0
2025-10-10,上海旗舰店,智能手机,127,4353.96,0.166,461162.74,1,0
2025-10-10,上海旗舰店,智能穿戴,58,1402.84,0.024,79411.97,0,0
2025-10-10,上海旗舰店,笔记本电脑,65,7000.51,0.03,441382.16,0,0
2025-10-10,上海旗舰店,配件耗材,105,215.41,0.032,21894.27,0,0
2025-10-10,北京中关村店,智能家居,84,966.84,0.206,64484.36,1,0
2025-10-10,北京中关村店,智能手机,83,4335.33,0.022,351916.08,0,0
2025-10-10,北京中关村店,智能穿戴,52,1396.68,0.021,71102.19,0,0
2025-10-10,北京中关村店,笔记本电脑,36,7016.97,0.04,242506.48,0,0
2025-10-10,北京中关村店,配件耗材,158,215.7,0.021,33364.91,0,0
2025-10-10,广州天河店,智能家居,49,965.3,0.045,45171.21,0,0
2025-10-10,广州天河店,智能手机,90,4318.99,0.043,371994.61,0,0
2025-10-10,广州天河店,智能穿戴,49,1388.2,0.028,66117.19,0,0
2025-10-10,广州天河店,笔记本电脑,40,6977.61,0.002,278546.19,0,0
2025-10-10,广州天河店,配件耗材,105,214.59,0.004,22441.82,0,0
2025-10-10,成都春熙店,智能家居,36,972.89,0.05,33272.84,0,0
2025-10-10,成都春熙店,智能手机,60,4372.31,0.023,256304.81,0,0
2025-10-10,成都春熙店,智能穿戴,56,1420.89,0.204,63337.59,1,0
2025-10-10,成都春熙店,笔记本电脑,20,7085.72,0.036,136612.68,0,0
2025-10-10,成都春熙店,配件耗材,47,209.24,0.037,9470.41,0,0
2025-10-11,上海旗舰店,智能家居,58,969.78,0.037,54166.09,0,1
2025-10-11,上海旗舰店,智能手机,98,4266.25,0.032,404713.54,0,1
2025-10-11,上海旗舰店,智能穿戴,101,1410.2,0.096,128756.9,1,1
2025-10-11,上海旗舰店,笔记本电脑,42,7169.46,0.045,287567.04,0,1
2025-10-11,上海旗舰店,配件耗材,129,214.91,0.011,27418.43,0,1
2025-10-11,北京中关村店,智能家居,51,963.76,0.033,47529.75,0,1
2025-10-11,北京中关村店,智能手机,88,4327.98,0.011,376672.76,0,1
2025-10-11,北京中关村店,智能穿戴,73,1391.05,0.087,92712.09,1,1
2025-10-11,北京中关村店,笔记本电脑,37,6977.74,0.047,246042.09,0,1
2025-10-11,北京中关村店,配件耗材,116,215.8,0.043,23956.39,0,1
2025-10-11,广州天河店,智能家居,57,952.8,0.02,53223.41,0,1
2025-10-11,广州天河店,智能手机,82,4321.48,0.039,340541.27,0,1
2025-10-11,广州天河店,智能穿戴,65,1381.81,0.034,86763.85,0,1
2025-10-11,广州天河店,笔记本电脑,26,7046.06,0.031,177518.44,0,1
2025-10-11,广州天河店,配件耗材,82,213.17,0.015,17217.74,0,1
2025-10-11,成都春熙店,智能家居,40,976.57,0.039,37539.35,0,1
2025-10-11,成都春熙店,智能手机,76,4280.59,0.017,319794.32,0,1
2025-10-11,成都春熙店,智能穿戴,53,1414.51,0.208,59375.47,1,1
2025-10-11,成都春熙店,笔记本电脑,20,7022.23,0.029,136371.71,0,1
2025-10-11,成都春熙店,配件耗材,90,212.3,0.032,18495.58,0,1
2025-10-12,上海旗舰店,智能家居,72,970.07,0.036,67330.62,0,1
2025-10-12,上海旗舰店,智能手机,79,4407.23,0.018,341904.09,0,1
2025-10-12,上海旗舰店,智能穿戴,65,1397.06,0.044,86813.31,0,1
2025-10-12,上海旗舰店,笔记本电脑,47,6826.73,0.02,314439.18,0,1
2025-10-12,上海旗舰店,配件耗材,120,216.59,0.033,25133.1,0,1
2025-10-12,北京中关村店,智能家居,62,985.38,0.036,58894.19,0,1
2025-10-12,北京中关村店,智能手机,87,4332.32,0.025,367489.04,0,1
2025-10-12,北京中关村店,智能穿戴,70,1389.75,0.136,84052.08,1,1
2025-10-12,北京中关村店,笔记本电脑,50,7017.55,0.144,300351.14,1,1
2025-10-12,北京中关村店,配件耗材,143,215.23,0.0,30777.89,0,1
2025-10-12,广州天河店,智能家居,54,966.69,0.025,50896.23,0,1
2025-10-12,广州天河店,智能手机,64,4221.02,0.039,259609.61,0,1
2025-10-12,广州天河店,智能穿戴,44,1404.32,0.004,61542.92,0,1
2025-10-12,广州天河店,笔记本电脑,42,7103.63,0.036,287611.77,0,1
2025-10-12,广州天河店,配件耗材,117,214.84,0.042,24080.56,0,1
2025-10-12,成都春熙店,智能家居,39,982.68,0.029,37213.11,0,1
2025-10-12,成都春熙店,智能手机,69,4377.46,0.043,289056.82,0,1
2025-10-12,成都春熙店,智能穿戴,43,1356.07,0.046,55628.7,0,1
2025-10-12,成都春熙店,笔记本电脑,27,6962.44,0.024,183474.22,0,1
2025-10-12,成都春熙店,配件耗材,73,213.64,0.047,14862.72,0,1
2025-10-13,上海旗舰店,智能家居,63,969.7,0.046,58280.91,0,0
2025-10-13,上海旗舰店,智能手机,84,4231.89,0.048,338415.78,0,0
2025-10-13,上海旗舰店,智能穿戴,73,1414.98,0.033,99884.85,0,0
2025-10-13,上海旗舰店,笔记本电脑,35,7071.19,0.03,240066.9,0,0
2025-10-13,上海旗舰店,配件耗材,131,217.48,0.006,28318.94,0,0
2025-10-13,北京中关村店,智能家居,69,968.77,0.085,61163.29,1,0
2025-10-13,北京中关村店,智能手机,72,4250.66,0.042,293193.52,0,0
2025-10-13,北京中关村店,智能穿戴,61,1393.25,0.026,82778.56,0,0
2025-10-13,北京中关村店,笔记本电脑,38,6999.24,0.064,248948.97,1,0
2025-10-13,北京中关村店,配件耗材,134,213.23,0.033,27629.92,0,0
2025-10-13,广州天河店,智能家居,51,990.38,0.021,49448.68,0,0
2025-10-13,广州天河店,智能手机,66,4311.05,0.039,273432.66,0,0
2025-10-13,广州天河店,智能穿戴,48,1392.24,0.018,65624.62,0,0
2025-10-13,广州天河店,笔记本电脑,23,7046.37,0.007,160932.04,0,0
2025-10-13,广州天河店,配件耗材,111,218.32,0.033,23433.81,0,0
2025-10-13,成都春熙店,智能家居,43,962.07,0.094,37480.32,1,0
2025-10-13,成都春熙店,智能手机,65,4266.45,0.035,267613.08,0,0
2025-10-13,成都春熙店,智能穿戴,43,1409.65,0.021,59342.04,0,0
2025-10-13,成都春熙店,笔记本电脑,23,7023.42,0.032,156369.42,0,0
2025-10-13,成都春熙店,配件耗材,55,219.07,0.005,11988.61,0,0
2025-10-14,上海旗舰店,智能家居,92,972.33,0.035,86323.46,0,0
2025-10-14,上海旗舰店,智能手机,97,4338.43,0.211,332033.06,1,0
2025-10-14,上海旗舰店,智能穿戴,59,1407.16,0.032,80365.72,0,0
2025-10-14,上海旗舰店,笔记本电脑,35,6971.06,0.003,243255.14,0,0
2025-10-14,上海旗舰店,配件耗材,120,217.57,0.047,24881.31,0,0
2025-10-14,北京中关村店,智能家居,55,984.15,0.044,51746.61,0,0
2025-10-14,北京中关村店,智能手机,76,4212.25,0.037,308286.15,0,0
2025-10-14,北京中关村店,智能穿戴,57,1418.6,0.002,80698.48,0,0
2025-10-14,北京中关村店,笔记本电脑,24,7156.14,0.028,166938.43,0,0
2025-10-14,北京中关村店,配件耗材,151,218.6,0.137,28486.42,1,0
2025-10-14,广州天河店,智能家居,47,972.24,0.033,44187.34,0,0
2025-10-14,广州天河店,智能手机,61,4282.66,0.041,250531.33,0,0
2025-10-14,广州天河店,智能穿戴,46,1398.57,0.045,61439.18,0,0
2025-10-14,广州天河店,笔记本电脑,47,7128.05,0.14,288115.78,1,0
2025-10-14,广州天河店,配件耗材,86,212.29,0.025,17800.52,0,0
2025-10-14,成都春熙店,智能家居,35,961.42,0.046,32101.81,0,0
2025-10-14,成都春熙店,智能手机,54,4367.33,0.017,231826.61,0,0
2025-10-14,成都春熙店,智能穿戴,44,1401.67,0.022,60316.66,0,0
2025-10-14,成都春熙店,笔记本电脑,15,7024.29,0.039,101255.14,0,0
2025-10-14,成都春熙店,配件耗材,59,213.35,0.015,12398.84,0,0
2025-10-15,上海旗舰店,智能家居,64,972.44,0.156,52527.32,1,0
2025-10-15,上海旗舰店,智能手机,136,4349.87,0.064,553721.05,1,0
2025-10-15,上海旗舰店,智能穿戴,70,1399.4,0.009,97076.38,0,0
2025-10-15,上海旗舰店,笔记本电脑,45,7060.32,0.0,317714.4,0,0
2025-10-15,上海旗舰店,配件耗材,153,211.62,0.104,29010.56,1,0
2025-10-15,北京中关村店,智能家居,52,952.61,0.026,48247.79,0,0
2025-10-15,北京中关村店,智能手机,100,4265.24,0.006,423964.86,0,0
2025-10-15,北京中关村店,智能穿戴,52,1406.96,0.0,73161.92,0,0
2025-10-15,北京中关村店,笔记本电脑,34,6979.63,0.0,237307.42,0,0
2025-10-15,北京中关村店,配件耗材,109,213.39,0.015,22910.62,0,0
2025-10-15,广州天河店,智能家居,53,970.23,0.041,49313.88,0,0
2025-10-15,广州天河店,智能手机,72,4310.82,0.021,303861.08,0,0
2025-10-15,广州天河店,智能穿戴,47,1398.91,0.011,65025.53,0,0
2025-10-15,广州天河店,笔记本电脑,33,6972.59,0.049,218820.79,0,0
2025-10-15,广州天河店,配件耗材,104,213.79,0.025,21678.31,0,0
2025-10-15,成都春熙店,智能家居,39,966.48,0.034,36411.17,0,0
2025-10-15,成都春熙店,智能手机,53,4305.09,0.011,225659.9,0,0
2025-10-15,成都春熙店,智能穿戴,31,1377.17,0.049,40600.35,0,0
2025-10-15,成都春熙店,笔记本电脑,22,6981.81,0.004,152985.42,0,0
2025-10-15,成都春熙店,配件耗材,73,215.04,0.065,14677.56,1,0
2025-10-16,上海旗舰店,智能家居,57,960.43,0.046,52226.26,0,0
2025-10-16,上海旗舰店,智能手机,97,4352.05,0.027,410750.83,0,0
2025-10-16,上海旗舰店,智能穿戴,70,1405.27,0.001,98270.53,0,0
2025-10-16,上海旗舰店,笔记本电脑,40,6822.46,0.001,272625.5,0,0
2025-10-16,上海旗舰店,配件耗材,117,214.52,0.016,24697.26,0,0
2025-10-16,北京中关村店,智能家居,63,972.44,0.219,47846.97,1,0
2025-10-16,北京中关村店,智能手机,86,4316.85,0.003,370135.35,0,0
2025-10-16,北京中关村店,智能穿戴,55,1401.03,0.168,64111.13,1,0
2025-10-16,北京中关村店,笔记本电脑,25,6981.58,0.04,167557.92,0,0
2025-10-16,北京中关村店,配件耗材,117,218.41,0.031,24761.8,0,0
2025-10-16,广州天河店,智能家居,53,962.37,0.013,50342.54,0,0
2025-10-16,广州天河店,智能手机,106,4400.17,0.112,414179.2,1,0
2025-10-16,广州天河店,智能穿戴,53,1412.69,0.026,72925.88,0,0
2025-10-16,广州天河店,笔记本电脑,37,7041.25,0.048,248020.99,0,0
2025-10-16,广州天河店,配件耗材,91,212.93,0.032,18756.58,0,0
2025-10-16,成都春熙店,智能家居,39,964.65,0.038,36191.74,0,0
2025-10-16,成都春熙店,智能手机,53,4313.82,0.011,226117.5,0,0
2025-10-16,成都春熙店,智能穿戴,49,1405.41,0.202,54954.34,1,0
2025-10-16,成都春熙店,笔记本电脑,24,6953.11,0.024,162869.65,0,0
2025-10-16,成都春熙店,配件耗材,61,211.83,0.01,12792.41,0,0
2025-10-17,上海旗舰店,智能家居,55,967.13,0.022,52021.92,0,0
2025-10-17,上海旗舰店,智能手机,79,4324.46,0.005,339924.18,0,0
2025-10-17,上海旗舰店,智能穿戴,78,1393.52,0.087,99238.13,1,0
2025-10-17,上海旗舰店,笔记本电脑,45,6988.65,0.017,309142.93,0,0
2025-10-17,上海旗舰店,配件耗材,119,215.48,0.015,25257.49,0,0
2025-10-17,北京中关村店,智能家居,63,960.73,0.027,58891.79,0,0
2025-10-17,北京中关村店,智能手机,80,4205.53,0.01,333077.98,0,0
2025-10-17,北京中关村店,智能穿戴,67,1381.87,0.02,90733.58,0,0
2025-10-17,北京中关村店,笔记本电脑,41,6987.27,0.022,280175.55,0,0
2025-10-17,北京中关村店,配件耗材,118,213.95,0.03,24488.72,0,0
2025-10-17,广州天河店,智能家居,100,970.79,0.069,90380.55,1,0
2025-10-17,广州天河店,智能手机,97,4395.45,0.003,425079.57,0,0
2025-10-17,广州天河店,智能穿戴,69,1423.51,0.144,84078.19,1,0
2025-10-17,广州天河店,笔记本电脑,29,6961.78,0.003,201285.95,0,0
2025-10-17,广州天河店,配件耗材,91,215.69,0.001,19608.16,0,0
2025-10-17,成都春熙店,智能家居,39,969.71,0.037,36419.4,0,0
2025-10-17,成都春熙店,智能手机,55,4356.85,0.029,232677.57,0,0
2025-10-17,成都春熙店,智能穿戴,41,1388.65,0.018,55909.83,0,0
2025-10-17,成都春熙店,笔记本电脑,19,7015.73,0.037,128366.81,0,0
2025-10-17,成都春熙店,配件耗材,54,213.94,0.011,11425.68,0,0
2025-10-18,上海旗舰店,智能家居,82,969.93,0.017,78182.18,0,1
2025-10-18,上海旗舰店,智能手机,88,4351.43,0.035,369523.44,0,1
2025-10-18,上海旗舰店,智能穿戴,80,1390.22,0.039,106880.11,0,1
2025-10-18,上海旗舰店,笔记本电脑,36,7011.4,0.013,249129.06,0,1
2025-10-18,上海旗舰店,配件耗材,148,217.45,0.0,32182.6,0,1
2025-10-18,北京中关村店,智能家居,47,940.41,0.007,43889.88,0,1
2025-10-18,北京中关村店,智能手机,135,4303.99,0.149,494463.89,1,1
2025-10-18,北京中关村店,智能穿戴,61,1405.57,0.032,82996.1,0,1
2025-10-18,北京中关村店,笔记本电脑,52,7086.52,0.02,361129.06,0,1
2025-10-18,北京中关村店,配件耗材,122,219.19,0.042,25618.05,0,1
2025-10-18,广州天河店,智能家居,67,979.7,0.009,65049.14,0,1
2025-10-18,广州天河店,智能手机,115,4286.88,0.164,412140.64,1,1
2025-10-18,广州天河店,智能穿戴,52,1394.56,0.021,70994.26,0,1
2025-10-18,广州天河店,笔记本电脑,32,7091.14,0.021,222151.23,0,1
2025-10-18,广州天河店,配件耗材,131,214.16,0.023,27409.7,0,1
2025-10-18,成都春熙店,智能家居,37,954.68,0.045,33733.62,0,1
2025-10-18,成都春熙店,智能手机,103,4296.24,0.072,410651.8,1,1
2025-10-18,成都春熙店,智能穿戴,43,1366.71,0.013,58004.54,0,1
2025-10-18,成都春熙店,笔记本电脑,26,6909.23,0.033,173711.86,0,1
2025-10-18,成都春熙店,配件耗材,111,218.67,0.085,22209.22,1,1
2025-10-19,上海旗舰店,智能家居,92,988.08,0.184,74177.14,1,1
2025-10-19,上海旗舰店,智能手机,93,4355.96,0.042,388089.9,0,1
2025-10-19,上海旗舰店,智能穿戴,74,1420.82,0.049,99988.79,0,1
2025-10-19,上海旗舰店,笔记本电脑,54,7010.62,0.01,374787.75,0,1
2025-10-19,上海旗舰店,配件耗材,140,213.32,0.015,29416.83,0,1
2025-10-19,北京中关村店,智能家居,57,985.33,0.003,55995.32,0,1
2025-10-19,北京中关村店,智能手机,89,4346.13,0.003,385645.15,0,1
2025-10-19,北京中关村店,智能穿戴,70,1416.62,0.017,97477.62,0,1
2025-10-19,北京中关村店,笔记本电脑,39,7082.9,0.01,273470.77,0,1
2025-10-19,北京中关村店,配件耗材,141,213.23,0.048,28622.29,0,1
2025-10-19,广州天河店,智能家居,55,959.06,0.028,51271.35,0,1
2025-10-19,广州天河店,智能手机,113,4325.15,0.077,451108.82,1,1
2025-10-19,广州天河店,智能穿戴,53,1399.86,0.002,74044.19,0,1
2025-10-19,广州天河店,笔记本电脑,49,7014.84,0.096,310729.35,1,1
2025-10-19,广州天河店,配件耗材,101,218.58,0.018,21679.2,0,1
2025-10-19,成都春熙店,智能家居,39,970.08,0.036,36471.13,0,1
2025-10-19,成都春熙店,智能手机,57,4336.11,0.032,239249.21,0,1
2025-10-19,成都春熙店,智能穿戴,53,1415.6,0.029,72851.02,0,1
2025-10-19,成都春熙店,笔记本电脑,28,7097.78,0.048,189198.42,0,1
2025-10-19,成都春熙店,配件耗材,67,216.85,0.01,14383.66,0,1
2025-10-20,上海旗舰店,智能家居,61,974.48,0.011,58789.4,0,0
2025-10-20,上海旗舰店,智能手机,77,4276.94,0.001,328995.06,0,0
2025-10-20,上海旗舰店,智能穿戴,66,1398.97,0.036,89008.07,0,0
2025-10-20,上海旗舰店,笔记本电脑,50,7045.9,0.178,289586.49,1,0
2025-10-20,上海旗舰店,配件耗材,120,213.19,0.025,24943.23,0,0
2025-10-20,北京中关村店,智能家居,59,979.6,0.049,54964.38,0,0
2025-10-20,北京中关村店,智能手机,120,4266.39,0.21,404453.77,1,0
2025-10-20,北京中关村店,智能穿戴,54,1417.14,0.016,75301.15,0,0
2025-10-20,北京中关村店,笔记本电脑,39,6982.4,0.008,270135.09,0,0
2025-10-20,北京中关村店,配件耗材,186,215.46,0.175,33062.34,1,0
2025-10-20,广州天河店,智能家居,56,979.74,0.041,52615.96,0,0
2025-10-20,广州天河店,智能手机,54,4296.46,0.004,231080.8,0,0
2025-10-20,广州天河店,智能穿戴,48,1433.01,0.0,68784.48,0,0
2025-10-20,广州天河店,笔记本电脑,26,6891.43,0.013,176847.88,0,0
2025-10-20,广州天河店,配件耗材,105,215.12,0.032,21864.8,0,0
2025-10-20,成都春熙店,智能家居,39,954.11,0.039,35759.09,0,0
2025-10-20,成都春熙店,智能手机,56,4319.77,0.05,229811.76,0,0
2025-10-20,成都春熙店,智能穿戴,43,1413.34,0.034,58707.32,0,0
2025-10-20,成都春熙店,笔记本电脑,25,7021.27,0.03,170265.8,0,0
2025-10-20,成都春熙店,配件耗材,51,212.78,0.016,10678.15,0,0
2025-10-21,上海旗舰店,智能家居,74,955.66,0.017,69516.62,0,0
2025-10-21,上海旗舰店,智能手机,70,4384.8,0.044,293430.82,0,0
2025-10-21,上海旗舰店,智能穿戴,82,1431.32,0.191,94950.91,1,0
2025-10-21,上海旗舰店,笔记本电脑,38,7089.18,0.004,268311.28,0,0
2025-10-21,上海旗舰店,配件耗材,97,212.58,0.04,19795.45,0,0
2025-10-21,北京中关村店,智能家居,57,964.69,0.039,52842.82,0,0
2025-10-21,北京中关村店,智能手机,91,4404.53,0.028,389589.49,0,0
2025-10-21,北京中关村店,智能穿戴,59,1422.95,0.007,83366.37,0,0
2025-10-21,北京中关村店,笔记本电脑,28,6945.09,0.002,194073.59,0,0
2025-10-21,北京中关村店,配件耗材,142,215.3,0.049,29074.54,0,0
2025-10-21,广州天河店,智能家居,34,970.47,0.027,32105.09,0,0
2025-10-21,广州天河店,智能手机,98,4374.78,0.12,377281.03,1,0
2025-10-21,广州天河店,智能穿戴,41,1428.99,0.029,56889.52,0,0
2025-10-21,广州天河店,笔记本电脑,31,6991.71,0.043,207423.06,0,0
2025-10-21,广州天河店,配件耗材,90,212.57,0.004,19054.77,0,0
2025-10-21,成都春熙店,智能家居,32,969.65,0.02,30408.22,0,0
2025-10-21,成都春熙店,智能手机,55,4360.32,0.034,231663.8,0,0
2025-10-21,成都春熙店,智能穿戴,43,1402.0,0.002,60165.43,0,0
2025-10-21,成都春熙店,笔记本电脑,44,6991.55,0.153,260561.09,1,0
2025-10-21,成都春熙店,配件耗材,77,218.51,0.025,16404.64,0,0
2025-10-22,上海旗舰店,智能家居,57,960.71,0.04,52570.05,0,0
2025-10-22,上海旗舰店,智能手机,58,4302.21,0.008,247531.95,0,0
2025-10-22,上海旗舰店,智能穿戴,62,1397.99,0.021,84855.2,0,0
2025-10-22,上海旗舰店,笔记本电脑,35,6928.69,0.016,238624.08,0,0
2025-10-22,上海旗舰店,配件耗材,117,219.06,0.007,25450.61,0,0
2025-10-22,北京中关村店,智能家居,59,977.0,0.034,55683.14,0,0
2025-10-22,北京中关村店,智能手机,89,4236.76,0.049,358595.13,0,0
2025-10-22,北京中关村店,智能穿戴,52,1406.16,0.0,73120.32,0,0
2025-10-22,北京中关村店,笔记本电脑,27,6973.67,0.01,186406.2,0,0
2025-10-22,北京中关村店,配件耗材,122,214.53,0.049,24890.2,0,0
2025-10-22,广州天河店,智能家居,48,960.18,0.007,45766.02,0,0
2025-10-22,广州天河店,智能手机,72,4259.25,0.035,295932.69,0,0
2025-10-22,广州天河店,智能穿戴,54,1411.12,0.026,74219.27,0,0
2025-10-22,广州天河店,笔记本电脑,29,6876.38,0.031,193233.15,0,0
2025-10-22,广州天河店,配件耗材,88,213.33,0.004,18697.95,0,0
2025-10-22,成都春熙店,智能家居,39,960.2,0.008,37148.22,0,0
2025-10-22,成都春熙店,智能手机,73,4301.37,0.006,312116.01,0,0
2025-10-22,成都春熙店,智能穿戴,33,1408.44,0.0,46478.52,0,0
2025-10-22,成都春熙店,笔记本电脑,22,7023.76,0.044,147723.72,0,0
2025-10-22,成都春熙店,配件耗材,62,216.26,0.007,13314.26,0,0
2025-10-23,上海旗舰店,智能家居,69,965.25,0.011,65869.63,0,0
2025-10-23,上海旗舰店,智能手机,81,4299.92,0.029,338193.01,0,0
2025-10-23,上海旗舰店,智能穿戴,68,1419.83,0.009,95679.5,0,0
2025-10-23,上海旗舰店,笔记本电脑,35,7023.0,0.018,241380.51,0,0
2025-10-23,上海旗舰店,配件耗材,142,216.5,0.037,29605.51,0,0
2025-10-23,北京中关村店,智能家居,46,961.65,0.045,42245.28,0,0
2025-10-23,北京中关村店,智能手机,82,4303.83,0.001,352561.15,0,0
2025-10-23,北京中关村店,智能穿戴,47,1387.38,0.018,64033.14,0,0
2025-10-23,北京中关村店,笔记本电脑,32,7046.11,0.013,222544.34,0,0
2025-10-23,北京中关村店,配件耗材,156,215.38,0.048,31986.51,0,0
2025-10-23,广州天河店,智能家居,60,977.96,0.075,54276.78,1,0
2025-10-23,广州天河店,智能手机,90,4344.81,0.041,375000.55,0,0
2025-10-23,广州天河店,智能穿戴,45,1398.9,0.009,62383.95,0,0
2025-10-23,广州天河店,笔记本电脑,31,7002.07,0.004,216195.91,0,0
2025-10-23,广州天河店,配件耗材,132,212.62,0.127,24501.48,1,0
2025-10-23,成都春熙店,智能家居,33,976.98,0.049,30660.56,0,0
2025-10-23,成都春熙店,智能手机,55,4308.4,0.029,230090.1,0,0
2025-10-23,成都春熙店,智能穿戴,51,1423.33,0.044,69395.88,0,0
2025-10-23,成都春熙店,笔记本电脑,20,7004.12,0.013,138261.33,0,0
2025-10-23,成都春熙店,配件耗材,65,216.24,0.026,13690.15,0,0
2025-10-24,上海旗舰店,智能家居,80,970.91,0.033,75109.6,0,0
2025-10-24,上海旗舰店,智能手机,136,4283.6,0.066,544120.01,1,0
2025-10-24,上海旗舰店,智能穿戴,74,1390.76,0.046,98182.09,0,0
2025-10-24,上海旗舰店,笔记本电脑,43,6999.51,0.007,298872.08,0,0
2025-10-24,上海旗舰店,配件耗材,134,213.55,0.037,27556.92,0,0
2025-10-24,北京中关村店,智能家居,48,976.41,0.012,46305.27,0,0
2025-10-24,北京中关村店,智能手机,87,4364.94,0.036,366078.79,0,0
2025-10-24,北京中关村店,智能穿戴,63,1390.59,0.034,84628.53,0,0
2025-10-24,北京中关村店,笔记本电脑,30,7030.11,0.043,201834.46,0,0
2025-10-24,北京中关村店,配件耗材,134,212.36,0.027,27687.92,0,0
2025-10-24,广州天河店,智能家居,63,965.61,0.047,57974.26,0,0
2025-10-24,广州天河店,智能手机,65,4275.24,0.018,272888.57,0,0
2025-10-24,广州天河店,智能穿戴,54,1397.42,0.047,71914.03,0,0
2025-10-24,广州天河店,笔记本电脑,30,6936.09,0.029,202048.3,0,0
2025-10-24,广州天河店,配件耗材,115,211.19,0.13,21129.56,1,0
2025-10-24,成都春熙店,智能家居,35,968.77,0.035,32720.21,0,0
2025-10-24,成都春熙店,智能手机,72,4338.37,0.039,300180.5,0,0
2025-10-24,成都春熙店,智能穿戴,37,1420.62,0.02,51511.68,0,0
2025-10-24,成都春熙店,笔记本电脑,26,7039.9,0.002,182671.33,0,0
2025-10-24,成都春熙店,配件耗材,58,217.62,0.009,12508.36,0,0
2025-10-25,上海旗舰店,智能家居,75,974.4,0.033,70668.36,0,1
2025-10-25,上海旗舰店,智能手机,109,4373.48,0.024,465268.3,0,1
2025-10-25,上海旗舰店,智能穿戴,78,1385.78,0.041,103659.12,0,1
2025-10-25,上海旗舰店,笔记本电脑,51,7085.81,0.104,323793.17,1,1
2025-10-25,上海旗舰店,配件耗材,158,213.48,0.215,26477.92,1,1
2025-10-25,北京中关村店,智能家居,69,990.54,0.037,65818.41,0,1
2025-10-25,北京中关村店,智能手机,97,4345.19,0.046,402095.19,0,1
2025-10-25,北京中关村店,智能穿戴,67,1378.62,0.042,88488.1,0,1
2025-10-25,北京中关村店,笔记本电脑,36,7027.75,0.004,251987.0,0,1
2025-10-25,北京中关村店,配件耗材,120,213.09,0.047,24368.97,0,1
2025-10-25,广州天河店,智能家居,59,967.6,0.045,54519.42,0,1
2025-10-25,广州天河店,智能手机,103,4307.67,0.01,439253.11,0,1
2025-10-25,广州天河店,智能穿戴,61,1408.7,0.006,85415.12,0,1
2025-10-25,广州天河店,笔记本电脑,38,7061.72,0.024,261905.07,0,1
2025-10-25,广州天河店,配件耗材,113,214.86,0.017,23866.43,0,1
2025-10-25,成都春熙店,智能家居,42,981.31,0.031,39937.35,0,1
2025-10-25,成都春熙店,智能手机,79,4344.85,0.022,335691.8,0,1
2025-10-25,成都春熙店,智能穿戴,81,1407.92,0.125,99786.33,1,1
2025-10-25,成都春熙店,笔记本电脑,31,7061.1,0.182,179055.37,1,1
2025-10-25,成都春熙店,配件耗材,85,217.81,0.005,18421.28,0,1
2025-10-26,上海旗舰店,智能家居,75,975.0,0.016,71955.0,0,1
2025-10-26,上海旗舰店,智能手机,79,4300.1,0.029,329856.37,0,1
2025-10-26,上海旗舰店,智能穿戴,87,1387.55,0.04,115888.18,0,1
2025-10-26,上海旗舰店,笔记本电脑,34,7010.36,0.047,227149.68,0,1
2025-10-26,上海旗舰店,配件耗材,145,214.99,0.038,29988.96,0,1
2025-10-26,北京中关村店,智能家居,53,1004.38,0.038,51209.32,0,1
2025-10-26,北京中关村店,智能手机,67,4338.68,0.043,278191.82,0,1
2025-10-26,北京中关村店,智能穿戴,50,1403.94,0.001,70126.8,0,1
2025-10-26,北京中关村店,笔记本电脑,36,7135.51,0.03,249172.01,0,1
2025-10-26,北京中关村店,配件耗材,124,215.74,0.005,26618.0,0,1
2025-10-26,广州天河店,智能家居,57,951.48,0.003,54071.66,0,1
2025-10-26,广州天河店,智能手机,91,4341.07,0.032,382396.17,0,1
2025-10-26,广州天河店,智能穿戴,56,1396.67,0.02,76649.25,0,1
2025-10-26,广州天河店,笔记本电脑,34,6981.9,0.022,232162.14,0,1
2025-10-26,广州天河店,配件耗材,86,215.88,0.006,18454.29,0,1
2025-10-26,成都春熙店,智能家居,36,967.31,0.024,33987.4,0,1
2025-10-26,成都春熙店,智能手机,58,4261.82,0.024,241253.11,0,1
2025-10-26,成都春熙店,智能穿戴,37,1373.25,0.033,49133.51,0,1
2025-10-26,成都春熙店,笔记本电脑,25,7049.94,0.011,174309.77,0,1
2025-10-26,成都春熙店,配件耗材,79,212.73,0.028,16335.11,0,1
2025-10-27,上海旗舰店,智能家居,70,965.82,0.04,64903.1,0,0
2025-10-27,上海旗舰店,智能手机,87,4342.04,0.032,365669.24,0,0
2025-10-27,上海旗舰店,智能穿戴,61,1404.07,0.029,83164.47,0,0
2025-10-27,上海旗舰店,笔记本电脑,35,6945.09,0.015,239431.98,0,0
2025-10-27,上海旗舰店,配件耗材,124,213.1,0.066,24680.39,1,0
2025-10-27,北京中关村店,智能家居,51,951.99,0.036,46803.64,0,0
2025-10-27,北京中关村店,智能手机,80,4390.58,0.042,336494.05,0,0
2025-10-27,北京中关村店,智能穿戴,56,1411.79,0.018,77637.16,0,0
2025-10-27,北京中关村店,笔记本电脑,49,6989.0,0.12,301365.68,1,0
2025-10-27,北京中关村店,配件耗材,107,212.52,0.047,21670.88,0,0
2025-10-27,广州天河店,智能家居,49,967.56,0.036,45703.66,0,0
2025-10-27,广州天河店,智能手机,64,4365.49,0.004,278273.79,0,0
2025-10-27,广州天河店,智能穿戴,46,1411.5,0.01,64279.71,0,0
2025-10-27,广州天河店,笔记本电脑,29,7146.23,0.022,202681.38,0,0
2025-10-27,广州天河店,配件耗材,87,214.88,0.01,18507.61,0,0
2025-10-27,成都春熙店,智能家居,29,981.02,0.03,27596.09,0,0
2025-10-27,成都春熙店,智能手机,60,4300.7,0.048,245655.98,0,0
2025-10-27,成都春熙店,智能穿戴,40,1413.38,0.022,55291.43,0,0
2025-10-27,成都春熙店,笔记本电脑,19,6941.31,0.028,128192.11,0,0
2025-10-27,成都春熙店,配件耗材,52,213.69,0.046,10600.73,0,0
2025-10-28,上海旗舰店,智能家居,59,973.92,0.039,55220.29,0,0
2025-10-28,上海旗舰店,智能手机,116,4299.54,0.197,400493.55,1,0
2025-10-28,上海旗舰店,智能穿戴,60,1373.02,0.037,79333.1,0,0
2025-10-28,上海旗舰店,笔记本电脑,42,7051.12,0.05,281339.69,0,0
2025-10-28,上海旗舰店,配件耗材,110,215.21,0.015,23318.0,0,0
2025-10-28,北京中关村店,智能家居,47,972.25,0.045,43639.44,0,0
2025-10-28,北京中关村店,智能手机,60,4348.66,0.047,248656.38,0,0
2025-10-28,北京中关村店,智能穿戴,47,1410.02,0.031,64216.54,0,0
2025-10-28,北京中关村店,笔记本电脑,31,7054.05,0.004,217800.85,0,0
2025-10-28,北京中关村店,配件耗材,100,214.57,0.038,20641.63,0,0
2025-10-28,广州天河店,智能家居,38,973.27,0.021,36207.59,0,0
2025-10-28,广州天河店,智能手机,69,4379.86,0.011,298886.03,0,0
2025-10-28,广州天河店,智能穿戴,50,1419.95,0.015,69932.54,0,0
2025-10-28,广州天河店,笔记本电脑,25,7119.03,0.047,169610.89,0,0
2025-10-28,广州天河店,配件耗材,88,209.71,0.001,18436.03,0,0
2025-10-28,成都春熙店,智能家居,30,960.55,0.041,27635.02,0,0
2025-10-28,成都春熙店,智能手机,61,4369.63,0.008,264415.05,0,0
2025-10-28,成都春熙店,智能穿戴,33,1408.76,0.014,45838.23,0,0
2025-10-28,成都春熙店,笔记本电脑,25,7063.33,0.014,174111.08,0,0
2025-10-28,成都春熙店,配件耗材,53,214.71,0.015,11208.94,0,0
2025-10-29,上海旗舰店,智能家居,71,964.62,0.034,66159.43,0,0
2025-10-29,上海旗舰店,智能手机,147,4361.23,0.206,509034.04,1,0
2025-10-29,上海旗舰店,智能穿戴,75,1390.48,0.012,103034.57,0,0
2025-10-29,上海旗舰店,笔记本电脑,32,7022.89,0.04,215743.18,0,0
2025-10-29,上海旗舰店,配件耗材,124,216.42,0.018,26353.03,0,0
2025-10-29,北京中关村店,智能家居,63,965.0,0.037,58545.58,0,0
2025-10-29,北京中关村店,智能手机,76,4361.95,0.034,320236.92,0,0
2025-10-29,北京中关村店,智能穿戴,43,1427.99,0.04,58947.43,0,0
2025-10-29,北京中关村店,笔记本电脑,60,7004.41,0.02,411859.31,0,0
2025-10-29,北京中关村店,配件耗材,109,218.03,0.029,23076.08,0,0
2025-10-29,广州天河店,智能家居,39,977.28,0.046,36360.68,0,0
2025-10-29,广州天河店,智能手机,57,4373.75,0.048,237337.17,0,0
2025-10-29,广州天河店,智能穿戴,49,1407.47,0.022,67448.78,0,0
2025-10-29,广州天河店,笔记本电脑,27,7005.45,0.042,181202.97,0,0
2025-10-29,广州天河店,配件耗材,113,215.12,0.006,24162.71,0,0
2025-10-29,成都春熙店,智能家居,36,964.12,0.14,29849.16,1,0
2025-10-29,成都春熙店,智能手机,52,4348.66,0.047,215502.19,0,0
2025-10-29,成都春熙店,智能穿戴,34,1411.69,0.018,47133.51,0,0
2025-10-29,成都春熙店,笔记本电脑,17,7081.34,0.011,119058.57,0,0
2025-10-29,成都春熙店,配件耗材,65,212.09,0.007,13689.35,0,0
2025-10-30,上海旗舰店,智能家居,64,972.28,0.183,50838.58,1,0
2025-10-30,上海旗舰店,智能手机,90,4275.98,0.046,367135.64,0,0
2025-10-30,上海旗舰店,智能穿戴,60,1384.95,0.002,82930.81,0,0
2025-10-30,上海旗舰店,笔记本电脑,34,7170.06,0.014,240369.09,0,0
2025-10-30,上海旗舰店,配件耗材,100,214.34,0.005,21326.83,0,0
2025-10-30,北京中关村店,智能家居,48,967.81,0.05,44132.14,0,0
2025-10-30,北京中关村店,智能手机,106,4265.03,0.017,444407.6,0,0
2025-10-30,北京中关村店,智能穿戴,53,1399.7,0.044,70920.0,0,0
2025-10-30,北京中关村店,笔记本电脑,33,7091.59,0.039,224895.59,0,0
2025-10-30,北京中关村店,配件耗材,103,211.54,0.039,20938.86,0,0
2025-10-30,广州天河店,智能家居,54,981.66,0.036,51101.29,0,0
2025-10-30,广州天河店,智能手机,104,4326.54,0.159,378416.49,1,0
2025-10-30,广州天河店,智能穿戴,58,1392.17,0.04,77516.03,0,0
2025-10-30,广州天河店,笔记本电脑,41,7030.27,0.108,257111.03,1,0
2025-10-30,广州天河店,配件耗材,87,212.93,0.041,17765.39,0,0
2025-10-30,成都春熙店,智能家居,22,971.61,0.009,21183.04,0,0
2025-10-30,成都春熙店,智能手机,67,4317.06,0.037,278541.03,0,0
2025-10-30,成都春熙店,智能穿戴,51,1400.41,0.01,70706.7,0,0
2025-10-30,成都春熙店,笔记本电脑,19,7033.31,0.042,128020.31,0,0
2025-10-30,成都春熙店,配件耗材,52,211.68,0.009,10908.29,0,0
2025-10-31,上海旗舰店,智能家居,54,961.7,0.032,50269.98,0,0
2025-10-31,上海旗舰店,智能手机,97,4326.01,0.047,399900.69,0,0
2025-10-31,上海旗舰店,智能穿戴,67,1417.74,0.048,90429.13,0,0
2025-10-31,上海旗舰店,笔记本电脑,38,6997.38,0.042,254732.62,0,0
2025-10-31,上海旗舰店,配件耗材,110,212.39,0.002,23316.17,0,0
2025-10-31,北京中关村店,智能家居,62,970.81,0.008,59708.7,0,0
2025-10-31,北京中关村店,智能手机,74,4318.0,0.044,305472.59,0,0
2025-10-31,北京中关村店,智能穿戴,49,1391.47,0.05,64772.93,0,0
2025-10-31,北京中关村店,笔记本电脑,34,7118.51,0.009,239851.08,0,0
2025-10-31,北京中关村店,配件耗材,125,214.19,0.016,26345.37,0,0
2025-10-31,广州天河店,智能家居,84,972.02,0.098,73648.01,1,0
2025-10-31,广州天河店,智能手机,86,4337.95,0.01,369333.06,0,0
2025-10-31,广州天河店,智能穿戴,50,1400.36,0.042,67077.24,0,0
2025-10-31,广州天河店,笔记本电脑,34,6969.68,0.008,235073.37,0,0
2025-10-31,广州天河店,配件耗材,114,214.87,0.023,23931.79,0,0
2025-10-31,成都春熙店,智能家居,62,946.11,0.115,51913.06,1,0
2025-10-31,成都春熙店,智能手机,62,4283.9,0.035,256305.74,0,0
2025-10-31,成都春熙店,智能穿戴,58,1404.86,0.137,70318.86,1,0
2025-10-31,成都春熙店,笔记本电脑,25,6951.63,0.004,173095.59,0,0
2025-10-31,成都春熙店,配件耗材,71,212.23,0.016,14827.24,0,0
2025-11-01,上海旗舰店,智能家居,80,968.92,0.005,77126.03,0,1
2025-11-01,上海旗舰店,智能手机,112,4369.57,0.049,465411.64,0,1
2025-11-01,上海旗舰店,智能穿戴,102,1411.09,0.21,113705.63,1,1
2025-11-01,上海旗舰店,笔记本电脑,42,7094.95,0.017,292922.11,0,1
2025-11-01,上海旗舰店,配件耗材,149,214.66,0.015,31504.57,0,1
2025-11-01,北京中关村店,智能家居,120,968.07,0.189,94212.57,1,1
2025-11-01,北京中关村店,智能手机,189,4271.67,0.19,653949.96,1,1
2025-11-01,北京中关村店,智能穿戴,71,1376.75,0.003,97456.0,0,1
2025-11-01,北京中关村店,笔记本电脑,47,7105.56,0.035,322272.67,0,1
2025-11-01,北京中关村店,配件耗材,176,215.7,0.031,36786.34,0,1
2025-11-01,广州天河店,智能家居,63,965.37,0.04,58385.58,0,1
2025-11-01,广州天河店,智能手机,100,4355.73,0.008,432088.42,0,1
2025-11-01,广州天河店,智能穿戴,60,1418.93,0.002,84965.53,0,1
2025-11-01,广州天河店,笔记本电脑,33,6983.8,0.009,228391.21,0,1
2025-11-01,广州天河店,配件耗材,160,213.35,0.123,29937.27,1,1
2025-11-01,成都春熙店,智能家居,65,954.43,0.083,56888.8,1,1
2025-11-01,成都春熙店,智能手机,104,4270.73,0.164,371314.35,1,1
2025-11-01,成都春熙店,智能穿戴,65,1419.56,0.073,85535.59,1,1
2025-11-01,成都春熙店,笔记本电脑,30,6991.4,0.029,203659.48,0,1
2025-11-01,成都春熙店,配件耗材,99,214.15,0.001,21179.65,0,1
2025-11-02,上海旗舰店,智能家居,83,971.59,0.034,77900.14,0,1
2025-11-02,上海旗舰店,智能手机,141,4354.65,0.078,566113.21,1,1
2025-11-02,上海旗舰店,智能穿戴,81,1416.49,0.029,111408.35,0,1
2025-11-02,上海旗舰店,笔记本电脑,54,6969.14,0.152,319130.86,1,1
2025-11-02,上海旗舰店,配件耗材,218,215.54,0.194,37872.1,1,1
2025-11-02,北京中关村店,智能家居,52,976.51,0.011,50219.96,0,1
2025-11-02,北京中关村店,智能手机,99,4284.83,0.011,419531.99,0,1
2025-11-02,北京中关村店,智能穿戴,104,1407.48,0.097,132179.26,1,1
2025-11-02,北京中关村店,笔记本电脑,42,7049.05,0.046,282441.34,0,1
2025-11-02,北京中关村店,配件耗材,157,214.65,0.027,32790.15,0,1
2025-11-02,广州天河店,智能家居,69,976.56,0.049,64080.89,0,1
2025-11-02,广州天河店,智能手机,105,4341.38,0.041,437155.26,0,1
2025-11-02,广州天河店,智能穿戴,68,1421.62,0.001,96573.49,0,1
2025-11-02,广州天河店,笔记本电脑,31,7061.69,0.036,211031.54,0,1
2025-11-02,广州天河店,配件耗材,133,217.7,0.001,28925.15,0,1
2025-11-02,成都春熙店,智能家居,47,966.0,0.022,44403.16,0,1
2025-11-02,成都春熙店,智能手机,73,4332.97,0.027,307766.53,0,1
2025-11-02,成都春熙店,智能穿戴,63,1354.17,0.047,81303.01,0,1
2025-11-02,成都春熙店,笔记本电脑,35,6997.54,0.188,198870.09,1,1
2025-11-02,成都春熙店,配件耗材,112,209.94,0.086,21491.14,1,1
2025-11-03,上海旗舰店,智能家居,80,970.15,0.048,73886.62,0,0
2025-11-03,上海旗舰店,智能手机,105,4292.36,0.026,438979.66,0,0
2025-11-03,上海旗舰店,智能穿戴,62,1417.92,0.019,86240.73,0,0
2025-11-03,上海旗舰店,笔记本电脑,47,7036.41,0.028,321451.35,0,0
2025-11-03,上海旗舰店,配件耗材,172,215.18,0.183,30237.95,1,0
2025-11-03,北京中关村店,智能家居,70,973.15,0.081,62602.74,1,0
2025-11-03,北京中关村店,智能手机,127,4347.76,0.09,502470.62,1,0
2025-11-03,北京中关村店,智能穿戴,95,1415.34,0.116,118860.25,1,0
2025-11-03,北京中关村店,笔记本电脑,58,6966.75,0.197,324469.41,1,0
2025-11-03,北京中关村店,配件耗材,142,218.77,0.023,30350.84,0,0
2025-11-03,广州天河店,智能家居,81,973.38,0.133,68357.56,1,0
2025-11-03,广州天河店,智能手机,90,4361.26,0.032,379952.97,0,0
2025-11-03,广州天河店,智能穿戴,89,1426.21,0.079,116905.01,1,0
2025-11-03,广州天河店,笔记本电脑,44,6960.27,0.139,263682.87,1,0
2025-11-03,广州天河店,配件耗材,138,215.22,0.177,24443.4,1,0
2025-11-03,成都春熙店,智能家居,46,982.86,0.047,43086.62,0,0
2025-11-03,成都春熙店,智能手机,103,4361.1,0.099,404723.16,1,0
2025-11-03,成都春熙店,智能穿戴,65,1396.07,0.098,81851.58,1,0
2025-11-03,成都春熙店,笔记本电脑,23,6998.36,0.008,159674.58,0,0
2025-11-03,成都春熙店,配件耗材,98,212.28,0.208,16476.32,1,0
2025-11-04,上海旗舰店,智能家居,70,961.43,0.03,65281.1,0,0
2025-11-04,上海旗舰店,智能手机,94,4304.78,0.013,399388.88,0,0
2025-11-04,上海旗舰店,智能穿戴,73,1401.5,0.071,95045.53,1,0
2025-11-04,上海旗舰店,笔记本电脑,37,7010.34,0.034,250563.57,0,0
2025-11-04,上海旗舰店,配件耗材,138,218.88,0.034,29178.46,0,0
2025-11-04,北京中关村店,智能家居,60,977.16,0.002,58512.34,0,0
2025-11-04,北京中关村店,智能手机,70,4334.9,0.008,301015.46,0,0
2025-11-04,北京中关村店,智能穿戴,51,1402.32,0.033,69158.22,0,0
2025-11-04,北京中关村店,笔记本电脑,50,6968.71,0.166,290595.21,1,0
2025-11-04,北京中关村店,配件耗材,131,216.34,0.018,27830.41,0,0
2025-11-04,广州天河店,智能家居,58,962.35,0.009,55313.95,0,0
2025-11-04,广州天河店,智能手机,99,4308.94,0.062,400136.79,1,0
2025-11-04,广州天河店,智能穿戴,89,1393.2,0.204,98699.86,1,0
2025-11-04,广州天河店,笔记本电脑,35,6961.74,0.019,239031.34,0,0
2025-11-04,广州天河店,配件耗材,118,212.4,0.133,21729.79,1,0
2025-11-04,成都春熙店,智能家居,41,960.2,0.04,37793.47,0,0
2025-11-04,成都春熙店,智能手机,86,4353.48,0.124,327973.77,1,0
2025-11-04,成都春熙店,智能穿戴,76,1420.14,0.169,89690.36,1,0
2025-11-04,成都春熙店,笔记本电脑,21,7027.09,0.011,145945.63,0,0
2025-11-04,成都春熙店,配件耗材,105,215.31,0.131,19645.96,1,0
2025-11-05,上海旗舰店,智能家居,89,965.39,0.108,76640.38,1,0
2025-11-05,上海旗舰店,智能手机,126,4275.8,0.142,462248.19,1,0
2025-11-05,上海旗舰店,智能穿戴,111,1393.93,0.213,121769.54,1,0
2025-11-05,上海旗舰店,笔记本电脑,44,7049.92,0.17,257463.08,1,0
2025-11-05,上海旗舰店,配件耗材,134,211.01,0.039,27172.6,0,0
2025-11-05,北京中关村店,智能家居,67,972.48,0.024,63592.41,0,0
2025-11-05,北京中关村店,智能手机,113,4317.91,0.032,472310.27,0,0
2025-11-05,北京中关村店,智能穿戴,92,1398.49,0.216,100870.29,1,0
2025-11-05,北京中关村店,笔记本电脑,36,6906.46,0.002,248135.29,0,0
2025-11-05,北京中关村店,配件耗材,218,215.36,0.204,37370.99,1,0
2025-11-05,广州天河店,智能家居,63,955.11,0.03,58366.77,0,0
2025-11-05,广州天河店,智能手机,93,4294.76,0.008,396217.38,0,0
2025-11-05,广州天河店,智能穿戴,69,1414.08,0.022,95424.95,0,0
2025-11-05,广州天河店,笔记本电脑,35,7056.62,0.003,246240.75,0,0
2025-11-05,广州天河店,配件耗材,152,210.84,0.216,25125.38,1,0
2025-11-05,成都春熙店,智能家居,58,968.57,0.131,48817.87,1,0
2025-11-05,成都春熙店,智能手机,55,4323.43,0.04,228277.1,0,0
2025-11-05,成都春熙店,智能穿戴,81,1380.44,0.123,98062.32,1,0
2025-11-05,成都春熙店,笔记本电脑,43,6969.03,0.123,262809.09,1,0
2025-11-05,成都春熙店,配件耗材,112,213.89,0.173,19811.35,1,0
2025-11-06,上海旗舰店,智能家居,75,976.86,0.047,69821.07,0,0
2025-11-06,上海旗舰店,智能手机,109,4356.73,0.039,456363.11,0,0
2025-11-06,上海旗舰店,智能穿戴,85,1422.14,0.164,101057.27,1,0
2025-11-06,上海旗舰店,笔记本电脑,75,7122.55,0.213,420408.51,1,0
2025-11-06,上海旗舰店,配件耗材,102,213.38,0.003,21699.47,0,0
2025-11-06,北京中关村店,智能家居,43,975.95,0.023,41000.64,0,0
2025-11-06,北京中关村店,智能手机,133,4277.12,0.139,489785.84,1,0
2025-11-06,北京中关村店,智能穿戴,62,1396.56,0.041,83036.66,0,0
2025-11-06,北京中关村店,笔记本电脑,35,6872.04,0.037,231622.11,0,0
2025-11-06,北京中关村店,配件耗材,149,212.35,0.005,31481.95,0,0
2025-11-06,广州天河店,智能家居,55,965.53,0.002,52997.94,0,0
2025-11-06,广州天河店,智能手机,114,4363.94,0.172,411921.02,1,0
2025-11-06,广州天河店,智能穿戴,65,1421.24,0.177,76029.23,1,0
2025-11-06,广州天河店,笔记本电脑,43,6950.77,0.071,277662.41,1,0
2025-11-06,广州天河店,配件耗材,120,212.26,0.038,24503.29,0,0
2025-11-06,成都春熙店,智能家居,52,966.68,0.041,48206.4,0,0
2025-11-06,成都春熙店,智能手机,56,4338.2,0.044,232249.88,0,0
2025-11-06,成都春熙店,智能穿戴,46,1410.72,0.046,61908.04,0,0
2025-11-06,成都春熙店,笔记本电脑,31,7161.14,0.146,189584.02,1,0
2025-11-06,成都春熙店,配件耗材,74,218.55,0.125,14151.11,1,0
2025-11-07,上海旗舰店,智能家居,112,965.37,0.075,100012.33,1,0
2025-11-07,上海旗舰店,智能手机,144,4346.72,0.165,522649.61,1,0
2025-11-07,上海旗舰店,智能穿戴,82,1415.22,0.038,111638.21,0,0
2025-11-07,上海旗舰店,笔记本电脑,77,7075.83,0.133,472375.33,1,0
2025-11-07,上海旗舰店,配件耗材,201,215.71,0.114,38414.93,1,0
2025-11-07,北京中关村店,智能家居,90,967.82,0.219,68028.07,1,0
2025-11-07,北京中关村店,智能手机,124,4340.91,0.103,482830.74,1,0
2025-11-07,北京中关村店,智能穿戴,84,1406.56,0.062,110825.68,1,0
2025-11-07,北京中关村店,笔记本电脑,36,7111.99,0.023,250142.91,0,0
2025-11-07,北京中关村店,配件耗材,138,217.93,0.019,29502.93,0,0
2025-11-07,广州天河店,智能家居,70,972.34,0.005,67723.48,0,0
2025-11-07,广州天河店,智能手机,90,4322.76,0.022,380489.34,0,0
2025-11-07,广州天河店,智能穿戴,58,1419.55,0.003,82086.9,0,0
2025-11-07,广州天河店,笔记本电脑,49,7087.41,0.062,325751.54,1,0
2025-11-07,广州天河店,配件耗材,169,215.25,0.108,32448.51,1,0
2025-11-07,成都春熙店,智能家居,57,970.23,0.193,44629.61,1,0
2025-11-07,成都春熙店,智能手机,62,4232.21,0.019,257411.48,0,0
2025-11-07,成都春熙店,智能穿戴,66,1403.63,0.124,81152.27,1,0
2025-11-07,成都春熙店,笔记本电脑,27,7053.78,0.001,190261.61,0,0
2025-11-07,成都春熙店,配件耗材,80,212.87,0.202,13589.62,1,0
2025-11-08,上海旗舰店,智能家居,82,969.82,0.018,78093.79,0,1
2025-11-08,上海旗舰店,智能手机,164,4289.04,0.201,562018.65,1,1
2025-11-08,上海旗舰店,智能穿戴,144,1392.69,0.073,185907.4,1,1
2025-11-08,上海旗舰店,笔记本电脑,48,6976.36,0.007,332521.22,0,1
2025-11-08,上海旗舰店,配件耗材,153,215.93,0.033,31947.06,0,1
2025-11-08,北京中关村店,智能家居,66,970.39,0.049,60907.5,0,1
2025-11-08,北京中关村店,智能手机,134,4363.85,0.117,516339.46,1,1
2025-11-08,北京中关村店,智能穿戴,71,1395.19,0.008,98266.02,0,1
2025-11-08,北京中关村店,笔记本电脑,57,6915.95,0.017,387507.59,0,1
2025-11-08,北京中关村店,配件耗材,132,213.25,0.035,27163.78,0,1
2025-11-08,广州天河店,智能家居,115,975.55,0.094,101642.55,1,1
2025-11-08,广州天河店,智能手机,103,4310.72,0.036,428020.01,0,1
2025-11-08,广州天河店,智能穿戴,95,1392.85,0.216,103739.47,1,1
2025-11-08,广州天河店,笔记本电脑,52,7024.6,0.187,296971.99,1,1
2025-11-08,广州天河店,配件耗材,163,215.28,0.016,34529.19,0,1
2025-11-08,成都春熙店,智能家居,40,954.07,0.024,37246.89,0,1
2025-11-08,成都春熙店,智能手机,80,4324.99,0.042,331467.23,0,1
2025-11-08,成都春熙店,智能穿戴,62,1388.38,0.032,83325.01,0,1
2025-11-08,成都春熙店,笔记本电脑,27,7036.75,0.039,182582.55,0,1
2025-11-08,成都春熙店,配件耗材,84,215.97,0.028,17633.52,0,1
2025-11-09,上海旗舰店,智能家居,96,978.73,0.049,89354.13,0,1
2025-11-09,上海旗舰店,智能手机,101,4280.27,0.049,411124.21,0,1
2025-11-09,上海旗舰店,智能穿戴,86,1411.64,0.039,116666.4,0,1
2025-11-09,上海旗舰店,笔记本电脑,81,7059.78,0.097,516373.49,1,1
2025-11-09,上海旗舰店,配件耗材,120,213.76,0.002,25599.9,0,1
2025-11-09,北京中关村店,智能家居,66,976.5,0.145,55103.89,1,1
2025-11-09,北京中关村店,智能手机,148,4345.57,0.146,549245.28,1,1
2025-11-09,北京中关村店,智能穿戴,112,1389.95,0.217,121893.06,1,1
2025-11-09,北京中关村店,笔记本电脑,45,6970.45,0.169,260659.98,1,1
2025-11-09,北京中关村店,配件耗材,144,218.79,0.007,31285.22,0,1
2025-11-09,广州天河店,智能家居,107,975.65,0.211,82367.3,1,1
2025-11-09,广州天河店,智能手机,106,4257.13,0.017,443584.43,0,1
2025-11-09,广州天河店,智能穿戴,74,1403.62,0.202,82886.57,1,1
2025-11-09,广州天河店,笔记本电脑,44,7053.47,0.004,309111.27,0,1
2025-11-09,广州天河店,配件耗材,172,219.43,0.081,34684.86,1,1
2025-11-09,成都春熙店,智能家居,44,970.55,0.015,42063.64,0,1
2025-11-09,成都春熙店,智能手机,108,4316.98,0.078,429867.6,1,1
2025-11-09,成都春熙店,智能穿戴,60,1403.54,0.033,81433.39,0,1
2025-11-09,成都春熙店,笔记本电脑,25,6973.77,0.021,170683.02,0,1
2025-11-09,成都春熙店,配件耗材,89,215.64,0.181,15718.22,1,1
2025-11-10,上海旗舰店,智能家居,80,976.99,0.025,76205.22,0,0
2025-11-10,上海旗舰店,智能手机,98,4284.69,0.061,394285.74,1,0
2025-11-10,上海旗舰店,智能穿戴,94,1409.05,0.205,105298.31,1,0
2025-11-10,上海旗舰店,笔记本电脑,51,7197.04,0.038,353101.18,0,0
2025-11-10,上海旗舰店,配件耗材,122,216.21,0.035,25454.4,0,0
2025-11-10,北京中关村店,智能家居,54,975.7,0.005,52424.36,0,0
2025-11-10,北京中关村店,智能手机,92,4303.69,0.002,395147.6,0,0
2025-11-10,北京中关村店,智能穿戴,57,1415.17,0.011,79777.38,0,0
2025-11-10,北京中关村店,笔记本电脑,46,6948.08,0.127,279021.0,1,0
2025-11-10,北京中关村店,配件耗材,133,214.41,0.048,27147.74,0,0
2025-11-10,广州天河店,智能家居,94,975.36,0.108,81781.99,1,0
2025-11-10,广州天河店,智能手机,71,4349.03,0.02,302605.51,0,0
2025-11-10,广州天河店,智能穿戴,51,1411.27,0.016,70823.17,0,0
2025-11-10,广州天河店,笔记本电脑,49,7014.34,0.18,281836.18,1,0
2025-11-10,广州天河店,配件耗材,83,214.49,0.037,17143.97,0,0
2025-11-10,成都春熙店,智能家居,55,962.71,0.21,41829.75,1,0
2025-11-10,成都春熙店,智能手机,87,4259.53,0.032,358720.58,0,0
2025-11-10,成都春熙店,智能穿戴,62,1416.21,0.078,80956.23,1,0
2025-11-10,成都春熙店,笔记本电脑,24,7062.26,0.036,163392.45,0,0
2025-11-10,成都春熙店,配件耗材,97,215.21,0.118,18412.08,1,0
2025-11-11,上海旗舰店,智能家居,95,958.03,0.069,84732.96,1,0
2025-11-11,上海旗舰店,智能手机,128,4338.43,0.118,489791.39,1,0
2025-11-11,上海旗舰店,智能穿戴,80,1389.09,0.023,108571.27,0,0
2025-11-11,上海旗舰店,笔记本电脑,67,7009.03,0.182,384136.9,1,0
2025-11-11,上海旗舰店,配件耗材,160,214.11,0.089,31208.67,1,0
2025-11-11,北京中关村店,智能家居,59,974.0,0.031,55684.55,0,0
2025-11-11,北京中关村店,智能手机,95,4370.12,0.027,403952.04,0,0
2025-11-11,北京中关村店,智能穿戴,74,1395.27,0.214,81154.48,1,0
2025-11-11,北京中关村店,笔记本电脑,49,7077.85,0.198,278145.35,1,0
2025-11-11,北京中关村店,配件耗材,146,216.52,0.031,30631.95,0,0
2025-11-11,广州天河店,智能家居,56,994.7,0.043,53307.96,0,0
2025-11-11,广州天河店,智能手机,81,4380.76,0.016,349164.1,0,0
2025-11-11,广州天河店,智能穿戴,73,1401.71,0.068,95366.74,1,0
2025-11-11,广州天河店,笔记本电脑,51,6978.84,0.179,292211.01,1,0
2025-11-11,广州天河店,配件耗材,174,213.02,0.103,33247.74,1,0
2025-11-11,成都春熙店,智能家居,41,965.93,0.028,38494.24,0,0
2025-11-11,成都春熙店,智能手机,61,4340.04,0.006,263153.99,0,0
2025-11-11,成都春熙店,智能穿戴,49,1389.03,0.041,65271.91,0,0
2025-11-11,成都春熙店,笔记本电脑,29,6898.66,0.062,187657.35,1,0
2025-11-11,成都春熙店,配件耗材,94,214.44,0.179,16549.19,1,0
2025-11-12,上海旗舰店,智能家居,63,970.67,0.002,61029.91,0,0
2025-11-12,上海旗舰店,智能手机,79,4300.54,0.016,334306.78,0,0
2025-11-12,上海旗舰店,智能穿戴,74,1418.83,0.014,103523.51,0,0
2025-11-12,上海旗舰店,笔记本电脑,45,7168.54,0.05,306455.08,0,0
2025-11-12,上海旗舰店,配件耗材,166,216.99,0.139,31013.51,1,0
2025-11-12,北京中关村店,智能家居,69,971.66,0.042,64228.67,0,0
2025-11-12,北京中关村店,智能手机,85,4340.42,0.049,350857.85,0,0
2025-11-12,北京中关村店,智能穿戴,100,1385.38,0.089,126208.12,1,0
2025-11-12,北京中关村店,笔记本电脑,47,7004.22,0.026,320639.18,0,0
2025-11-12,北京中关村店,配件耗材,151,213.57,0.08,29669.14,1,0
2025-11-12,广州天河店,智能家居,78,965.94,0.131,65473.35,1,0
2025-11-12,广州天河店,智能手机,119,4241.31,0.107,450711.29,1,0
2025-11-12,广州天河店,智能穿戴,95,1416.49,0.084,123262.96,1,0
2025-11-12,广州天河店,笔记本电脑,32,7120.72,0.017,223989.37,0,0
2025-11-12,广州天河店,配件耗材,121,212.67,0.014,25372.81,0,0
2025-11-12,成都春熙店,智能家居,38,949.29,0.03,34990.83,0,0
2025-11-12,成都春熙店,智能手机,85,4397.58,0.145,319594.13,1,0
2025-11-12,成都春熙店,智能穿戴,49,1400.99,0.008,68099.32,0,0
2025-11-12,成都春熙店,笔记本电脑,24,7198.84,0.005,171908.3,0,0
2025-11-12,成都春熙店,配件耗材,100,215.43,0.029,20918.25,0,0
2025-11-13,上海旗舰店,智能家居,64,957.66,0.046,58470.89,0,0
2025-11-13,上海旗舰店,智能手机,144,4284.53,0.066,576252.15,1,0
2025-11-13,上海旗舰店,智能穿戴,76,1380.93,0.02,102851.67,0,0
2025-11-13,上海旗舰店,笔记本电脑,40,6944.96,0.048,264464.08,0,0
2025-11-13,上海旗舰店,配件耗材,162,213.21,0.038,33227.5,0,0
2025-11-13,北京中关村店,智能家居,53,975.24,0.049,49155.02,0,0
2025-11-13,北京中关村店,智能手机,145,4291.32,0.111,553172.6,1,0
2025-11-13,北京中关村店,智能穿戴,72,1387.59,0.027,97209.01,0,0
2025-11-13,北京中关村店,笔记本电脑,38,6896.28,0.03,254196.88,0,0
2025-11-13,北京中关村店,配件耗材,132,218.68,0.045,27566.8,0,0
2025-11-13,广州天河店,智能家居,60,967.41,0.01,57464.15,0,0
2025-11-13,广州天河店,智能手机,91,4344.68,0.049,375992.95,0,0
2025-11-13,广州天河店,智能穿戴,86,1392.22,0.117,105722.4,1,0
2025-11-13,广州天河店,笔记本电脑,45,6970.82,0.101,282004.52,1,0
2025-11-13,广州天河店,配件耗材,108,215.66,0.049,22150.01,0,0
2025-11-13,成都春熙店,智能家居,36,970.0,0.011,34535.88,0,0
2025-11-13,成都春熙店,智能手机,100,4357.98,0.148,371299.9,1,0
2025-11-13,成都春熙店,智能穿戴,62,1375.05,0.014,84059.56,0,0
2025-11-13,成都春熙店,笔记本电脑,35,7020.28,0.074,227527.27,1,0
2025-11-13,成都春熙店,配件耗材,73,216.28,0.048,15030.59,0,0
2025-11-14,上海旗舰店,智能家居,79,988.23,0.033,75493.85,0,0
2025-11-14,上海旗舰店,智能手机,108,4297.82,0.001,463700.4,0,0
2025-11-14,上海旗舰店,智能穿戴,86,1387.96,0.013,117812.82,0,0
2025-11-14,上海旗舰店,笔记本电脑,39,6985.04,0.029,264516.48,0,0
2025-11-14,上海旗舰店,配件耗材,129,214.37,0.019,27128.31,0,0
2025-11-14,北京中关村店,智能家居,56,987.79,0.004,55094.98,0,0
2025-11-14,北京中关村店,智能手机,77,4231.67,0.029,316389.27,0,0
2025-11-14,北京中关村店,智能穿戴,89,1405.17,0.079,115180.38,1,0
2025-11-14,北京中关村店,笔记本电脑,35,7044.47,0.033,238420.09,0,0
2025-11-14,北京中关村店,配件耗材,186,212.19,0.164,32994.7,1,0
2025-11-14,广州天河店,智能家居,61,957.76,0.02,57254.89,0,0
2025-11-14,广州天河店,智能手机,82,4285.42,0.025,342619.33,0,0
2025-11-14,广州天河店,智能穿戴,66,1400.98,0.002,92279.75,0,0
2025-11-14,广州天河店,笔记本电脑,36,7106.68,0.041,245351.02,0,0
2025-11-14,广州天河店,配件耗材,109,214.05,0.002,23284.79,0,0
2025-11-14,成都春熙店,智能家居,55,982.31,0.1,48624.34,1,0
2025-11-14,成都春熙店,智能手机,86,4329.54,0.072,345531.93,1,0
2025-11-14,成都春熙店,智能穿戴,50,1406.48,0.021,68847.2,0,0
2025-11-14,成都春熙店,笔记本电脑,55,6995.8,0.132,333979.49,1,0
2025-11-14,成都春熙店,配件耗材,67,214.62,0.005,14307.64,0,0
2025-11-15,上海旗舰店,智能家居,64,952.92,0.016,60011.09,0,1
2025-11-15,上海旗舰店,智能手机,155,4260.2,0.106,590335.91,1,1
2025-11-15,上海旗舰店,智能穿戴,94,1403.85,0.023,128926.78,0,1
2025-11-15,上海旗舰店,笔记本电脑,53,7034.84,0.01,369118.05,0,1
2025-11-15,上海旗舰店,配件耗材,222,218.6,0.218,37949.83,1,1
2025-11-15,北京中关村店,智能家居,96,965.72,0.123,81305.9,1,1
2025-11-15,北京中关村店,智能手机,222,4273.27,0.212,747548.76,1,1
2025-11-15,北京中关村店,智能穿戴,95,1401.45,0.167,110903.75,1,1
2025-11-15,北京中关村店,笔记本电脑,41,6961.88,0.04,274019.6,0,1
2025-11-15,北京中关村店,配件耗材,240,211.49,0.168,42230.32,1,1
2025-11-15,广州天河店,智能家居,111,977.62,0.13,94408.76,1,1
2025-11-15,广州天河店,智能手机,113,4351.76,0.03,476996.41,0,1
2025-11-15,广州天河店,智能穿戴,92,1395.78,0.087,117239.94,1,1
2025-11-15,广州天河店,笔记本电脑,33,6982.1,0.048,219349.65,0,1
2025-11-15,广州天河店,配件耗材,179,215.65,0.186,31421.5,1,1
2025-11-15,成都春熙店,智能家居,55,977.34,0.02,52678.63,0,1
2025-11-15,成都春熙店,智能手机,100,4304.25,0.035,415360.12,0,1
2025-11-15,成都春熙店,智能穿戴,51,1433.53,0.043,69966.3,0,1
2025-11-15,成都春熙店,笔记本电脑,41,7071.45,0.049,275722.91,0,1
2025-11-15,成都春熙店,配件耗材,133,219.62,0.21,23075.47,1,1
2025-11-16,上海旗舰店,智能家居,136,968.65,0.164,110131.63,1,1
2025-11-16,上海旗舰店,智能手机,118,4282.4,0.11,449737.65,1,1
2025-11-16,上海旗舰店,智能穿戴,71,1419.36,0.028,97952.87,0,1
2025-11-16,上海旗舰店,笔记本电脑,46,7038.57,0.037,311794.57,0,1
2025-11-16,上海旗舰店,配件耗材,243,215.67,0.112,46538.14,1,1
2025-11-16,北京中关村店,智能家居,60,976.04,0.006,58211.03,0,1
2025-11-16,北京中关村店,智能手机,131,4309.24,0.161,473624.26,1,1
2025-11-16,北京中关村店,智能穿戴,124,1400.85,0.09,158071.91,1,1
2025-11-16,北京中关村店,笔记本电脑,36,7030.56,0.001,252847.06,0,1
2025-11-16,北京中关村店,配件耗材,270,215.15,0.049,55244.07,0,1
2025-11-16,广州天河店,智能家居,61,968.78,0.0,59095.58,0,1
2025-11-16,广州天河店,智能手机,104,4274.42,0.016,437427.05,0,1
2025-11-16,广州天河店,智能穿戴,93,1411.84,0.093,119090.12,1,1
2025-11-16,广州天河店,笔记本电脑,43,6981.08,0.013,296284.02,0,1
2025-11-16,广州天河店,配件耗材,147,214.39,0.049,29971.08,0,1
2025-11-16,成都春熙店,智能家居,54,981.0,0.01,52444.26,0,1
2025-11-16,成都春熙店,智能手机,89,4327.67,0.033,372452.26,0,1
2025-11-16,成都春熙店,智能穿戴,56,1406.29,0.043,75365.89,0,1
2025-11-16,成都春熙店,笔记本电脑,38,6996.83,0.061,249660.89,1,1
2025-11-16,成都春熙店,配件耗材,77,215.06,0.023,16178.75,0,1
2025-11-17,上海旗舰店,智能家居,84,965.04,0.016,79766.35,0,0
2025-11-17,上海旗舰店,智能手机,87,4247.77,0.02,362164.87,0,0
2025-11-17,上海旗舰店,智能穿戴,88,1385.44,0.005,121309.13,0,0
2025-11-17,上海旗舰店,笔记本电脑,51,7019.38,0.216,280662.89,1,0
2025-11-17,上海旗舰店,配件耗材,157,214.29,0.113,29841.81,1,0
2025-11-17,北京中关村店,智能家居,67,980.68,0.165,54864.14,1,0
2025-11-17,北京中关村店,智能手机,84,4310.29,0.007,359529.91,0,0
2025-11-17,北京中关村店,智能穿戴,69,1421.95,0.013,96839.06,0,0
2025-11-17,北京中关村店,笔记本电脑,47,7070.79,0.185,270846.61,1,0
2025-11-17,北京中关村店,配件耗材,126,215.03,0.011,26795.75,0,0
2025-11-17,广州天河店,智能家居,77,968.52,0.203,59437.1,1,0
2025-11-17,广州天河店,智能手机,109,4354.74,0.205,377359.99,1,0
2025-11-17,广州天河店,智能穿戴,76,1422.99,0.18,88680.74,1,0
2025-11-17,广州天河店,笔记本电脑,30,7040.36,0.029,205085.69,0,0
2025-11-17,广州天河店,配件耗材,171,216.39,0.097,33413.43,1,0
2025-11-17,成都春熙店,智能家居,49,972.75,0.023,46568.46,0,0
2025-11-17,成都春熙店,智能手机,53,4336.92,0.018,225719.34,0,0
2025-11-17,成都春熙店,智能穿戴,46,1400.95,0.006,64057.04,0,0
2025-11-17,成都春熙店,笔记本电脑,28,7037.87,0.203,157057.11,1,0
2025-11-17,成都春熙店,配件耗材,82,215.38,0.045,16866.41,0,0
2025-11-18,上海旗舰店,智能家居,95,966.86,0.177,75593.95,1,0
2025-11-18,上海旗舰店,智能手机,106,4374.21,0.047,441873.95,0,0
2025-11-18,上海旗舰店,智能穿戴,74,1391.91,0.042,98675.28,0,0
2025-11-18,上海旗舰店,笔记本电脑,34,7011.29,0.034,230278.81,0,0
2025-11-18,上海旗舰店,配件耗材,111,216.53,0.022,23506.06,0,0
2025-11-18,北京中关村店,智能家居,77,980.85,0.176,62232.97,1,0
2025-11-18,北京中关村店,智能手机,99,4252.77,0.008,417656.04,0,0
2025-11-18,北京中关村店,智能穿戴,58,1403.81,0.044,77838.46,0,0
2025-11-18,北京中关村店,笔记本电脑,34,7049.41,0.035,231291.14,0,0
2025-11-18,北京中关村店,配件耗材,193,220.43,0.143,36459.34,1,0
2025-11-18,广州天河店,智能家居,64,960.16,0.022,60098.33,0,0
2025-11-18,广州天河店,智能手机,101,4311.45,0.101,391475.35,1,0
2025-11-18,广州天河店,智能穿戴,61,1388.4,0.004,84353.63,0,0
2025-11-18,广州天河店,笔记本电脑,36,6910.02,0.023,243039.22,0,0
2025-11-18,广州天河店,配件耗材,148,218.09,0.106,28855.92,1,0
2025-11-18,成都春熙店,智能家居,34,995.24,0.035,32653.82,0,0
2025-11-18,成都春熙店,智能手机,64,4297.94,0.005,273692.82,0,0
2025-11-18,成都春熙店,智能穿戴,72,1407.33,0.162,84912.66,1,0
2025-11-18,成都春熙店,笔记本电脑,30,6986.7,0.028,203732.17,0,0
2025-11-18,成都春熙店,配件耗材,82,215.86,0.141,15204.75,1,0
2025-11-19,上海旗舰店,智能家居,73,971.52,0.049,67445.83,0,0
2025-11-19,上海旗舰店,智能手机,106,4313.28,0.028,444405.86,0,0
2025-11-19,上海旗舰店,智能穿戴,123,1423.88,0.199,140284.93,1,0
2025-11-19,上海旗舰店,笔记本电脑,53,7007.89,0.112,329819.33,1,0
2025-11-19,上海旗舰店,配件耗材,128,219.5,0.018,27590.27,0,0
2025-11-19,北京中关村店,智能家居,78,967.66,0.211,59551.73,1,0
2025-11-19,北京中关村店,智能手机,78,4294.87,0.02,328299.86,0,0
2025-11-19,北京中关村店,智能穿戴,58,1370.89,0.035,76728.71,0,0
2025-11-19,北京中关村店,笔记本电脑,44,7041.5,0.217,242593.76,1,0
2025-11-19,北京中关村店,配件耗材,128,216.39,0.008,27476.34,0,0
2025-11-19,广州天河店,智能家居,71,980.53,0.013,68712.6,0,0
2025-11-19,广州天河店,智能手机,117,4329.68,0.146,432612.97,1,0
2025-11-19,广州天河店,智能穿戴,100,1430.6,0.018,140484.92,0,0
2025-11-19,广州天河店,笔记本电脑,39,7101.54,0.204,220460.21,1,0
2025-11-19,广州天河店,配件耗材,87,216.48,0.05,17892.07,0,0
2025-11-19,成都春熙店,智能家居,65,966.97,0.07,58453.34,1,0
2025-11-19,成都春熙店,智能手机,64,4270.27,0.006,271657.5,0,0
2025-11-19,成都春熙店,智能穿戴,44,1391.38,0.035,59077.99,0,0
2025-11-19,成都春熙店,笔记本电脑,25,7151.89,0.034,172718.14,0,0
2025-11-19,成都春熙店,配件耗材,118,213.98,0.127,22042.94,1,0
2025-11-20,上海旗舰店,智能家居,81,955.92,0.01,76655.22,0,0
2025-11-20,上海旗舰店,智能手机,98,4242.07,0.01,411565.63,0,0
2025-11-20,上海旗舰店,智能穿戴,108,1410.89,0.182,124643.67,1,0
2025-11-20,上海旗舰店,笔记本电脑,71,6979.55,0.149,421711.39,1,0
2025-11-20,上海旗舰店,配件耗材,121,218.75,0.013,26124.66,0,0
2025-11-20,北京中关村店,智能家居,53,970.85,0.042,49293.94,0,0
2025-11-20,北京中关村店,智能手机,128,4265.55,0.064,511047.01,1,0
2025-11-20,北京中关村店,智能穿戴,66,1393.72,0.004,91617.58,0,0
2025-11-20,北京中关村店,笔记本电脑,36,6975.05,0.048,239048.91,0,0
2025-11-20,北京中关村店,配件耗材,122,216.38,0.022,25817.6,0,0
2025-11-20,广州天河店,智能家居,96,958.18,0.162,77083.66,1,0
2025-11-20,广州天河店,智能手机,93,4361.95,0.145,346840.45,1,0
2025-11-20,广州天河店,智能穿戴,84,1395.73,0.085,107275.81,1,0
2025-11-20,广州天河店,笔记本电脑,35,7000.05,0.014,241571.73,0,0
2025-11-20,广州天河店,配件耗材,190,214.95,0.165,34101.82,1,0
2025-11-20,成都春熙店,智能家居,44,969.21,0.034,41195.3,0,0
2025-11-20,成都春熙店,智能手机,62,4319.36,0.012,264586.72,0,0
2025-11-20,成都春熙店,智能穿戴,64,1393.79,0.083,81798.75,1,0
2025-11-20,成都春熙店,笔记本电脑,26,7005.47,0.017,179045.8,0,0
2025-11-20,成都春熙店,配件耗材,80,215.36,0.038,16574.11,0,0
2025-11-21,上海旗舰店,智能家居,73,975.66,0.043,68160.58,0,0
2025-11-21,上海旗舰店,智能手机,121,4335.1,0.191,424358.6,1,0
2025-11-21,上海旗舰店,智能穿戴,88,1418.25,0.124,109330.06,1,0
2025-11-21,上海旗舰店,笔记本电脑,72,7091.12,0.201,407937.95,1,0
2025-11-21,上海旗舰店,配件耗材,127,218.45,0.006,27576.69,0,0
2025-11-21,北京中关村店,智能家居,64,973.48,0.008,61804.3,0,0
2025-11-21,北京中关村店,智能手机,123,4372.3,0.079,495307.26,1,0
2025-11-21,北京中关村店,智能穿戴,71,1424.91,0.013,99853.42,0,0
2025-11-21,北京中关村店,笔记本电脑,45,7144.9,0.065,300621.67,1,0
2025-11-21,北京中关村店,配件耗材,144,218.02,0.03,30453.03,0,0
2025-11-21,广州天河店,智能家居,91,963.53,0.032,84875.43,0,0
2025-11-21,广州天河店,智能手机,81,4307.16,0.008,346088.92,0,0
2025-11-21,广州天河店,智能穿戴,58,1385.0,0.04,77116.8,0,0
2025-11-21,广州天河店,笔记本电脑,51,6886.28,0.149,298871.44,1,0
2025-11-21,广州天河店,配件耗材,91,216.83,0.027,19198.78,0,0
2025-11-21,成都春熙店,智能家居,59,979.56,0.141,49645.08,1,0
2025-11-21,成都春熙店,智能手机,84,4422.54,0.008,368521.41,0,0
2025-11-21,成都春熙店,智能穿戴,81,1409.21,0.196,91773.39,1,0
2025-11-21,成都春熙店,笔记本电脑,29,7037.9,0.0,204099.1,0,0
2025-11-21,成都春熙店,配件耗材,143,219.52,0.16,26368.74,1,0
2025-11-22,上海旗舰店,智能家居,84,965.52,0.011,80211.54,0,1
2025-11-22,上海旗舰店,智能手机,270,4376.69,0.021,1156890.47,0,1
2025-11-22,上海旗舰店,智能穿戴,101,1414.23,0.001,142694.39,0,1
2025-11-22,上海旗舰店,笔记本电脑,81,7019.44,0.217,445193.94,1,1
2025-11-22,上海旗舰店,配件耗材,151,211.58,0.03,30990.12,0,1
2025-11-22,北京中关村店,智能家居,91,953.04,0.049,82477.03,0,1
2025-11-22,北京中关村店,智能手机,220,4305.37,0.114,839202.72,1,1
2025-11-22,北京中关村店,智能穿戴,68,1385.15,0.018,92494.78,0,1
2025-11-22,北京中关村店,笔记本电脑,68,6947.57,0.211,372751.03,1,1
2025-11-22,北京中关村店,配件耗材,178,212.3,0.023,36920.24,0,1
2025-11-22,广州天河店,智能家居,99,964.48,0.126,83452.6,1,1
2025-11-22,广州天河店,智能手机,98,4362.78,0.031,414298.31,0,1
2025-11-22,广州天河店,智能穿戴,61,1417.53,0.031,83788.78,0,1
2025-11-22,广州天河店,笔记本电脑,36,7033.28,0.004,252185.29,0,1
2025-11-22,广州天河店,配件耗材,141,215.47,0.158,25581.03,1,1
2025-11-22,成都春熙店,智能家居,47,970.71,0.191,36909.31,1,1
2025-11-22,成都春熙店,智能手机,84,4329.45,0.039,349490.52,0,1
2025-11-22,成都春熙店,智能穿戴,70,1406.4,0.045,94017.84,0,1
2025-11-22,成都春熙店,笔记本电脑,46,7001.23,0.127,281155.39,1,1
2025-11-22,成都春熙店,配件耗材,94,214.54,0.006,20045.76,0,1
2025-11-23,上海旗舰店,智能家居,110,984.29,0.112,96145.45,1,1
2025-11-23,上海旗舰店,智能手机,115,4353.82,0.025,488172.07,0,1
2025-11-23,上海旗舰店,智能穿戴,89,1388.78,0.033,119522.57,0,1
2025-11-23,上海旗舰店,笔记本电脑,81,7010.13,0.088,517852.32,1,1
2025-11-23,上海旗舰店,配件耗材,258,217.1,0.112,49738.48,1,1
2025-11-23,北京中关村店,智能家居,68,979.01,0.011,65840.38,0,1
2025-11-23,北京中关村店,智能手机,125,4368.99,0.017,536839.65,0,1
2025-11-23,北京中关村店,智能穿戴,98,1406.32,0.126,120454.12,1,1
2025-11-23,北京中关村店,笔记本电脑,43,7053.22,0.017,298132.56,0,1
2025-11-23,北京中关村店,配件耗材,239,212.25,0.076,46872.44,1,1
2025-11-23,广州天河店,智能家居,97,969.93,0.097,84957.14,1,1
2025-11-23,广州天河店,智能手机,137,4376.81,0.168,498886.31,1,1
2025-11-23,广州天河店,智能穿戴,62,1416.72,0.0,87836.64,0,1
2025-11-23,广州天河店,笔记本电脑,44,7062.18,0.025,302967.52,0,1
2025-11-23,广州天河店,配件耗材,141,218.18,0.026,29963.53,0,1
2025-11-23,成都春熙店,智能家居,47,950.82,0.013,44107.59,0,1
2025-11-23,成都春熙店,智能手机,118,4393.83,0.065,484771.26,1,1
2025-11-23,成都春熙店,智能穿戴,49,1410.68,0.002,68985.07,0,1
2025-11-23,成都春熙店,笔记本电脑,34,7058.33,0.026,233743.66,0,1
2025-11-23,成都春熙店,配件耗材,89,213.22,0.021,18578.07,0,1
2025-11-24,上海旗舰店,智能家居,85,977.55,0.118,73286.92,1,0
2025-11-24,上海旗舰店,智能手机,80,4316.79,0.035,333256.19,0,0
2025-11-24,上海旗舰店,智能穿戴,136,1400.67,0.031,184585.9,0,0
2025-11-24,上海旗舰店,笔记本电脑,46,7116.76,0.03,317549.83,0,0
2025-11-24,上海旗舰店,配件耗材,118,215.76,0.001,25434.22,0,0
2025-11-24,北京中关村店,智能家居,69,960.85,0.013,65436.77,0,0
2025-11-24,北京中关村店,智能手机,84,4328.52,0.033,351597.02,0,0
2025-11-24,北京中关村店,智能穿戴,79,1422.75,0.009,111385.67,0,0
2025-11-24,北京中关村店,笔记本电脑,46,7216.88,0.214,260933.51,1,0
2025-11-24,北京中关村店,配件耗材,123,214.57,0.004,26286.54,0,0
2025-11-24,广州天河店,智能家居,76,993.54,0.154,63880.65,1,0
2025-11-24,广州天河店,智能手机,135,4236.26,0.151,485538.94,1,0
2025-11-24,广州天河店,智能穿戴,85,1415.58,0.093,109134.14,1,0
2025-11-24,广州天河店,笔记本电脑,49,7036.41,0.173,285136.44,1,0
2025-11-24,广州天河店,配件耗材,107,211.41,0.006,22485.14,0,0
2025-11-24,成都春熙店,智能家居,40,971.04,0.041,37249.09,0,0
2025-11-24,成都春熙店,智能手机,98,4290.01,0.206,333814.26,1,0
2025-11-24,成都春熙店,智能穿戴,70,1409.42,0.181,80802.05,1,0
2025-11-24,成都春熙店,笔记本电脑,33,7046.55,0.078,214398.33,1,0
2025-11-24,成都春熙店,配件耗材,117,217.77,0.157,21478.87,1,0
2025-11-25,上海旗舰店,智能家居,61,1001.8,0.026,59520.95,0,0
2025-11-25,上海旗舰店,智能手机,102,4336.38,0.03,429041.44,0,0
2025-11-25,上海旗舰店,智能穿戴,68,1389.21,0.018,92765.89,0,0
2025-11-25,上海旗舰店,笔记本电脑,48,7182.33,0.014,339925.31,0,0
2025-11-25,上海旗舰店,配件耗材,154,211.49,0.03,31592.38,0,0
2025-11-25,北京中关村店,智能家居,54,983.36,0.03,51508.4,0,0
2025-11-25,北京中关村店,智能手机,90,4361.73,0.024,383134.36,0,0
2025-11-25,北京中关村店,智能穿戴,54,1432.65,0.044,73959.12,0,0
2025-11-25,北京中关村店,笔记本电脑,37,7030.96,0.005,258844.79,0,0
2025-11-25,北京中关村店,配件耗材,151,211.97,0.013,31591.37,0,0
2025-11-25,广州天河店,智能家居,74,970.28,0.067,66990.07,1,0
2025-11-25,广州天河店,智能手机,82,4291.78,0.035,339608.55,0,0
2025-11-25,广州天河店,智能穿戴,59,1385.79,0.021,80044.62,0,0
2025-11-25,广州天河店,笔记本电脑,46,6801.52,0.112,277828.49,1,0
2025-11-25,广州天河店,配件耗材,115,212.52,0.143,20944.91,1,0
2025-11-25,成都春熙店,智能家居,39,975.72,0.022,37215.91,0,0
2025-11-25,成都春熙店,智能手机,75,4324.52,0.013,320122.59,0,0
2025-11-25,成都春熙店,智能穿戴,50,1406.99,0.022,68801.81,0,0
2025-11-25,成都春熙店,笔记本电脑,30,7013.93,0.075,194636.56,1,0
2025-11-25,成都春熙店,配件耗材,74,210.9,0.019,15310.07,0,0
2025-11-26,上海旗舰店,智能家居,106,966.23,0.182,83779.87,1,0
2025-11-26,上海旗舰店,智能手机,126,4335.29,0.043,522757.94,0,0
2025-11-26,上海旗舰店,智能穿戴,59,1413.51,0.045,79644.22,0,0
2025-11-26,上海旗舰店,笔记本电脑,46,7060.3,0.007,322500.38,0,0
2025-11-26,上海旗舰店,配件耗材,139,218.82,0.02,29807.66,0,0
2025-11-26,北京中关村店,智能家居,56,982.65,0.001,54973.37,0,0
2025-11-26,北京中关村店,智能手机,112,4452.79,0.003,497216.34,0,0
2025-11-26,北京中关村店,智能穿戴,69,1409.46,0.011,96182.96,0,0
2025-11-26,北京中关村店,笔记本电脑,37,7087.85,0.001,261988.2,0,0
2025-11-26,北京中关村店,配件耗材,138,220.07,0.018,29823.01,0,0
2025-11-26,广州天河店,智能家居,69,973.12,0.003,66943.84,0,0
2025-11-26,广州天河店,智能手机,99,4353.95,0.112,382764.45,1,0
2025-11-26,广州天河店,智能穿戴,71,1406.47,0.014,98461.34,0,0
2025-11-26,广州天河店,笔记本电脑,40,7145.17,0.024,278947.44,0,0
2025-11-26,广州天河店,配件耗材,117,215.23,0.017,24753.82,0,0
2025-11-26,成都春熙店,智能家居,42,973.0,0.048,38904.43,0,0
2025-11-26,成都春熙店,智能手机,61,4330.52,0.01,261520.1,0,0
2025-11-26,成都春熙店,智能穿戴,85,1405.92,0.206,94885.54,1,0
2025-11-26,成都春熙店,笔记本电脑,30,6985.22,0.207,166178.38,1,0
2025-11-26,成都春熙店,配件耗材,71,216.17,0.047,14626.71,0,0
2025-11-27,上海旗舰店,智能家居,94,969.06,0.067,84988.5,1,0
2025-11-27,上海旗舰店,智能手机,95,4375.4,0.005,413584.68,0,0
2025-11-27,上海旗舰店,智能穿戴,74,1402.13,0.025,101163.68,0,0
2025-11-27,上海旗舰店,笔记本电脑,74,7180.14,0.091,482979.3,1,0
2025-11-27,上海旗舰店,配件耗材,224,215.5,0.185,39341.68,1,0
2025-11-27,北京中关村店,智能家居,74,966.75,0.003,71324.88,0,0
2025-11-27,北京中关村店,智能手机,123,4322.23,0.07,494419.89,1,0
2025-11-27,北京中关村店,智能穿戴,59,1404.3,0.05,78711.01,0,0
2025-11-27,北京中关村店,笔记本电脑,36,7052.42,0.006,252363.8,0,0
2025-11-27,北京中关村店,配件耗材,157,216.99,0.035,32875.07,0,0
2025-11-27,广州天河店,智能家居,89,986.31,0.095,79442.34,1,0
2025-11-27,广州天河店,智能手机,111,4315.73,0.163,400961.53,1,0
2025-11-27,广州天河店,智能穿戴,86,1413.15,0.168,101113.71,1,0
2025-11-27,广州天河店,笔记本电脑,54,6987.91,0.182,308669.96,1,0
2025-11-27,广州天河店,配件耗材,137,217.0,0.138,25626.4,1,0
2025-11-27,成都春熙店,智能家居,49,968.23,0.041,45498.1,0,0
2025-11-27,成都春熙店,智能手机,96,4344.15,0.108,371998.25,1,0
2025-11-27,成都春熙店,智能穿戴,80,1405.93,0.2,89979.52,1,0
2025-11-27,成都春熙店,笔记本电脑,26,7082.4,0.022,180091.27,0,0
2025-11-27,成都春熙店,配件耗材,107,216.68,0.175,19127.43,1,0
2025-11-28,上海旗舰店,智能家居,79,973.62,0.037,74070.09,0,0
2025-11-28,上海旗舰店,智能手机,114,4417.58,0.063,471877.06,1,0
2025-11-28,上海旗舰店,智能穿戴,89,1417.36,0.019,123748.28,0,0
2025-11-28,上海旗舰店,笔记本电脑,86,7147.9,0.12,540953.07,1,0
2025-11-28,上海旗舰店,配件耗材,155,213.4,0.015,32580.85,0,0
2025-11-28,北京中关村店,智能家居,84,985.61,0.086,75671.19,1,0
2025-11-28,北京中关村店,智能手机,153,4299.9,0.119,579596.42,1,0
2025-11-28,北京中关村店,智能穿戴,70,1400.87,0.032,94922.95,0,0
2025-11-28,北京中关村店,笔记本电脑,63,7038.36,0.113,393310.6,1,0
2025-11-28,北京中关村店,配件耗材,124,216.91,0.002,26843.05,0,0
2025-11-28,广州天河店,智能家居,61,975.9,0.0,59529.9,0,0
2025-11-28,广州天河店,智能手机,179,4388.56,0.177,646509.49,1,0
2025-11-28,广州天河店,智能穿戴,63,1405.18,0.028,86047.6,0,0
2025-11-28,广州天河店,笔记本电脑,30,6980.45,0.042,200618.13,0,0
2025-11-28,广州天河店,配件耗材,136,212.97,0.083,26559.91,1,0
2025-11-28,成都春熙店,智能家居,47,971.43,0.161,38306.4,1,0
2025-11-28,成都春熙店,智能手机,94,4365.06,0.191,331945.35,1,0
2025-11-28,成都春熙店,智能穿戴,42,1402.9,0.008,58450.43,0,0
2025-11-28,成都春熙店,笔记本电脑,39,7184.1,0.099,252442.09,1,0
2025-11-28,成都春熙店,配件耗材,93,215.13,0.064,18726.64,1,0
2025-11-29,上海旗舰店,智能家居,95,975.65,0.036,89350.03,0,1
2025-11-29,上海旗舰店,智能手机,104,4293.08,0.011,441569.04,0,1
2025-11-29,上海旗舰店,智能穿戴,77,1425.41,0.023,107232.17,0,1
2025-11-29,上海旗舰店,笔记本电脑,46,7025.52,0.024,315417.75,0,1
2025-11-29,上海旗舰店,配件耗材,184,214.6,0.179,32418.33,1,1
2025-11-29,北京中关村店,智能家居,87,969.83,0.0,84375.21,0,1
2025-11-29,北京中关村店,智能手机,126,4326.17,0.018,535285.67,0,1
2025-11-29,北京中关村店,智能穿戴,110,1420.28,0.162,130921.41,1,1
2025-11-29,北京中关村店,笔记本电脑,57,7015.74,0.193,322717.02,1,1
2025-11-29,北京中关村店,配件耗材,219,219.01,0.144,41056.49,1,1
2025-11-29,广州天河店,智能家居,144,976.46,0.113,124721.28,1,1
2025-11-29,广州天河店,智能手机,152,4345.87,0.098,595836.16,1,1
2025-11-29,广州天河店,智能穿戴,70,1407.36,0.152,83540.89,1,1
2025-11-29,广州天河店,笔记本电脑,37,7067.21,0.008,259394.88,0,1
2025-11-29,广州天河店,配件耗材,114,216.85,0.035,23855.67,0,1
2025-11-29,成都春熙店,智能家居,49,964.95,0.031,45816.79,0,1
2025-11-29,成都春熙店,智能手机,99,4343.03,0.031,416631.21,0,1
2025-11-29,成都春熙店,智能穿戴,59,1425.51,0.01,83264.04,0,1
2025-11-29,成都春熙店,笔记本电脑,27,6972.33,0.013,185805.62,0,1
2025-11-29,成都春熙店,配件耗材,72,214.64,0.008,15330.45,0,1
2025-11-30,上海旗舰店,智能家居,69,977.44,0.014,66499.15,0,1
2025-11-30,上海旗舰店,智能手机,112,4277.44,0.027,466138.3,0,1
2025-11-30,上海旗舰店,智能穿戴,105,1421.95,0.023,145870.74,0,1
2025-11-30,上海旗舰店,笔记本电脑,54,7038.11,0.041,364475.56,0,1
2025-11-30,上海旗舰店,配件耗材,256,216.81,0.165,46345.31,1,1
2025-11-30,北京中关村店,智能家居,75,977.54,0.008,72728.98,0,1
2025-11-30,北京中关村店,智能手机,108,4308.93,0.03,451403.51,0,1
2025-11-30,北京中关村店,智能穿戴,85,1400.21,0.19,96404.46,1,1
2025-11-30,北京中关村店,笔记本电脑,55,7173.13,0.102,354280.89,1,1
2025-11-30,北京中关村店,配件耗材,121,214.45,0.021,25403.53,0,1
2025-11-30,广州天河店,智能家居,72,966.23,0.044,66507.54,0,1
2025-11-30,广州天河店,智能手机,126,4295.26,0.065,506024.58,1,1
2025-11-30,广州天河店,智能穿戴,90,1396.69,0.173,103955.64,1,1
2025-11-30,广州天河店,笔记本电脑,46,7017.5,0.187,262440.46,1,1
2025-11-30,广州天河店,配件耗材,131,216.52,0.016,27910.29,0,1
2025-11-30,成都春熙店,智能家居,51,970.71,0.006,49209.17,0,1
2025-11-30,成都春熙店,智能手机,89,4346.67,0.066,361321.29,1,1
2025-11-30,成都春熙店,智能穿戴,82,1404.27,0.174,95114.02,1,1
2025-11-30,成都春熙店,笔记本电脑,26,7025.67,0.011,180658.08,0,1
2025-11-30,成都春熙店,配件耗材,106,215.62,0.148,19473.07,1,1
2025-12-01,上海旗舰店,智能家居,80,957.25,0.005,76197.1,0,0
2025-12-01,上海旗舰店,智能手机,121,4252.73,0.024,502230.4,0,0
2025-12-01,上海旗舰店,智能穿戴,80,1399.14,0.038,107677.81,0,0
2025-12-01,上海旗舰店,笔记本电脑,62,7048.35,0.186,355716.13,1,0
2025-12-01,上海旗舰店,配件耗材,139,217.69,0.039,29078.81,0,0
2025-12-01,北京中关村店,智能家居,84,977.3,0.175,67726.89,1,0
2025-12-01,北京中关村店,智能手机,84,4262.94,0.016,352357.57,0,0
2025-12-01,北京中关村店,智能穿戴,64,1407.79,0.045,86044.12,0,0
2025-12-01,北京中关村店,笔记本电脑,46,7128.39,0.04,314789.7,0,0
2025-12-01,北京中关村店,配件耗材,176,217.05,0.209,30216.83,1,0
2025-12-01,广州天河店,智能家居,93,960.89,0.125,78192.42,1,0
2025-12-01,广州天河店,智能手机,88,4291.42,0.042,361783.87,0,0
2025-12-01,广州天河店,智能穿戴,56,1415.65,0.043,75867.51,0,0
2025-12-01,广州天河店,笔记本电脑,37,7061.64,0.011,258406.59,0,0
2025-12-01,广州天河店,配件耗材,108,213.0,0.043,22014.83,0,0
2025-12-01,成都春熙店,智能家居,33,975.45,0.025,31385.1,0,0
2025-12-01,成都春熙店,智能手机,71,4306.67,0.004,304550.48,0,0
2025-12-01,成都春熙店,智能穿戴,36,1418.89,0.017,50211.68,0,0
2025-12-01,成都春熙店,笔记本电脑,21,6976.99,0.049,139337.47,0,0
2025-12-01,成都春熙店,配件耗材,86,213.89,0.211,14513.29,1,0
2025-12-02,上海旗舰店,智能家居,106,974.72,0.219,80693.17,1,0
2025-12-02,上海旗舰店,智能手机,74,4382.89,0.028,315252.51,0,0
2025-12-02,上海旗舰店,智能穿戴,80,1400.71,0.025,109255.38,0,0
2025-12-02,上海旗舰店,笔记本电脑,43,6981.42,0.031,290894.83,0,0
2025-12-02,上海旗舰店,配件耗材,132,212.5,0.063,26282.85,1,0
2025-12-02,北京中关村店,智能家居,66,983.06,0.132,56317.54,1,0
2025-12-02,北京中关村店,智能手机,117,4324.43,0.113,448785.02,1,0
2025-12-02,北京中关村店,智能穿戴,56,1403.3,0.013,77563.2,0,0
2025-12-02,北京中关村店,笔记本电脑,27,7051.12,0.027,185239.97,0,0
2025-12-02,北京中关村店,配件耗材,118,215.69,0.029,24713.33,0,0
2025-12-02,广州天河店,智能家居,72,993.9,0.089,65191.89,1,0
2025-12-02,广州天河店,智能手机,88,4363.56,0.028,373241.47,0,0
2025-12-02,广州天河店,智能穿戴,47,1390.94,0.008,64851.19,0,0
2025-12-02,广州天河店,笔记本电脑,29,7072.78,0.036,197726.64,0,0
2025-12-02,广州天河店,配件耗材,103,218.17,0.021,21999.61,0,0
2025-12-02,成都春熙店,智能家居,32,986.15,0.045,30136.74,0,0
2025-12-02,成都春熙店,智能手机,63,4289.8,0.019,265122.51,0,0
2025-12-02,成都春熙店,智能穿戴,51,1411.78,0.049,68472.74,0,0
2025-12-02,成都春熙店,笔记本电脑,23,7037.53,0.019,158787.79,0,0
2025-12-02,成都春熙店,配件耗材,54,215.77,0.031,11290.38,0,0
2025-12-03,上海旗舰店,智能家居,75,972.44,0.024,71182.61,0,0
2025-12-03,上海旗舰店,智能手机,100,4326.21,0.025,421805.47,0,0
2025-12-03,上海旗舰店,智能穿戴,77,1410.97,0.034,104950.77,0,0
2025-12-03,上海旗舰店,笔记本电脑,46,7108.18,0.036,315205.13,0,0
2025-12-03,上海旗舰店,配件耗材,138,215.25,0.03,28813.36,0,0
2025-12-03,北京中关村店,智能家居,67,984.36,0.144,56455.01,1,0
2025-12-03,北京中关村店,智能手机,107,4300.48,0.016,452788.94,0,0
2025-12-03,北京中关村店,智能穿戴,99,1407.72,0.141,119713.92,1,0
2025-12-03,北京中关村店,笔记本电脑,46,6939.86,0.076,294971.81,1,0
2025-12-03,北京中关村店,配件耗材,129,216.25,0.032,27003.57,0,0
2025-12-03,广州天河店,智能家居,61,977.22,0.013,58835.48,0,0
2025-12-03,广州天河店,智能手机,76,4377.0,0.05,316019.4,0,0
2025-12-03,广州天河店,智能穿戴,57,1444.96,0.044,78738.76,0,0
2025-12-03,广州天河店,笔记本电脑,31,6962.15,0.013,213020.9,0,0
2025-12-03,广州天河店,配件耗材,111,216.74,0.019,23601.04,0,0
2025-12-03,成都春熙店,智能家居,28,973.03,0.015,26836.17,0,0
2025-12-03,成都春熙店,智能手机,55,4413.94,0.026,236454.77,0,0
2025-12-03,成都春熙店,智能穿戴,47,1386.13,0.034,62933.07,0,0
2025-12-03,成都春熙店,笔记本电脑,32,7115.18,0.091,206966.36,1,0
2025-12-03,成都春熙店,配件耗材,77,214.53,0.028,16056.28,0,0
2025-12-04,上海旗舰店,智能家居,87,1001.04,0.003,86829.21,0,0
2025-12-04,上海旗舰店,智能手机,88,4378.62,0.025,375685.6,0,0
2025-12-04,上海旗舰店,智能穿戴,77,1410.82,0.03,105374.15,0,0
2025-12-04,上海旗舰店,笔记本电脑,38,7106.3,0.001,269769.36,0,0
2025-12-04,上海旗舰店,配件耗材,138,218.59,0.049,28687.31,0,0
2025-12-04,北京中关村店,智能家居,47,960.78,0.033,43666.49,0,0
2025-12-04,北京中关村店,智能手机,111,4352.76,0.212,380727.21,1,0
2025-12-04,北京中关村店,智能穿戴,60,1386.32,0.018,81681.97,0,0
2025-12-04,北京中关村店,笔记本电脑,36,7232.35,0.01,257760.95,0,0
2025-12-04,北京中关村店,配件耗材,119,213.58,0.009,25187.28,0,0
2025-12-04,广州天河店,智能家居,52,964.7,0.026,48860.13,0,0
2025-12-04,广州天河店,智能手机,87,4318.94,0.04,360717.87,0,0
2025-12-04,广州天河店,智能穿戴,59,1414.56,0.017,82040.24,0,0
2025-12-04,广州天河店,笔记本电脑,39,7131.42,0.154,235294.07,1,0
2025-12-04,广州天河店,配件耗材,111,216.29,0.018,23576.04,0,0
2025-12-04,成都春熙店,智能家居,41,983.37,0.037,38826.4,0,0
2025-12-04,成都春熙店,智能手机,48,4363.76,0.008,207784.8,0,0
2025-12-04,成都春熙店,智能穿戴,46,1407.12,0.027,62979.88,0,0
2025-12-04,成都春熙店,笔记本电脑,31,7116.09,0.04,211774.84,0,0
2025-12-04,成都春熙店,配件耗材,55,213.08,0.046,11180.31,0,0
2025-12-05,上海旗舰店,智能家居,86,982.93,0.01,83686.66,0,0
2025-12-05,上海旗舰店,智能手机,113,4348.35,0.043,470234.92,0,0
2025-12-05,上海旗舰店,智能穿戴,68,1419.89,0.02,94621.47,0,0
2025-12-05,上海旗舰店,笔记本电脑,35,7009.5,0.046,234047.2,0,0
2025-12-05,上海旗舰店,配件耗材,151,215.48,0.011,32179.57,0,0
2025-12-05,北京中关村店,智能家居,66,975.05,0.02,63066.23,0,0
2025-12-05,北京中关村店,智能手机,97,4419.47,0.015,422258.26,0,0
2025-12-05,北京中关村店,智能穿戴,90,1395.01,0.086,114753.52,1,0
2025-12-05,北京中关村店,笔记本电脑,42,6971.34,0.021,286647.56,0,0
2025-12-05,北京中关村店,配件耗材,123,216.72,0.011,26363.34,0,0
2025-12-05,广州天河店,智能家居,59,964.23,0.041,54557.1,0,0
2025-12-05,广州天河店,智能手机,83,4340.8,0.014,355242.39,0,0
2025-12-05,广州天河店,智能穿戴,72,1395.48,0.203,80078.22,1,0
2025-12-05,广州天河店,笔记本电脑,30,7179.77,0.041,206561.98,0,0
2025-12-05,广州天河店,配件耗材,131,219.32,0.003,28644.73,0,0
2025-12-05,成都春熙店,智能家居,43,971.12,0.037,40213.11,0,0
2025-12-05,成都春熙店,智能手机,87,4287.82,0.127,325664.22,1,0
2025-12-05,成都春熙店,智能穿戴,66,1391.56,0.186,74760.17,1,0
2025-12-05,成都春熙店,笔记本电脑,31,7137.38,0.026,215506.05,0,0
2025-12-05,成都春熙店,配件耗材,79,214.42,0.004,16871.42,0,0
2025-12-06,上海旗舰店,智能家居,105,973.93,0.152,86718.73,1,1
2025-12-06,上海旗舰店,智能手机,94,4325.08,0.007,403711.62,0,1
2025-12-06,上海旗舰店,智能穿戴,102,1402.76,0.145,122334.7,1,1
2025-12-06,上海旗舰店,笔记本电脑,55,7036.78,0.098,349094.66,1,1
2025-12-06,上海旗舰店,配件耗材,135,216.63,0.034,28250.72,0,1
2025-12-06,北京中关村店,智能家居,59,974.7,0.025,56069.62,0,1
2025-12-06,北京中关村店,智能手机,105,4379.87,0.044,439651.35,0,1
2025-12-06,北京中关村店,智能穿戴,80,1404.82,0.039,108002.56,0,1
2025-12-06,北京中关村店,笔记本电脑,45,7000.03,0.002,314371.35,0,1
2025-12-06,北京中关村店,配件耗材,182,217.09,0.168,32872.64,1,1
2025-12-06,广州天河店,智能家居,56,992.65,0.02,54476.63,0,1
2025-12-06,广州天河店,智能手机,81,4339.88,0.001,351178.75,0,1
2025-12-06,广州天河店,智能穿戴,85,1380.37,0.086,107240.95,1,1
2025-12-06,广州天河店,笔记本电脑,51,7031.87,0.191,290127.92,1,1
2025-12-06,广州天河店,配件耗材,127,217.94,0.039,26598.92,0,1
2025-12-06,成都春熙店,智能家居,44,970.95,0.029,41482.87,0,1
2025-12-06,成都春熙店,智能手机,62,4440.16,0.045,262901.87,0,1
2025-12-06,成都春熙店,智能穿戴,82,1440.13,0.197,94826.8,1,1
2025-12-06,成都春熙店,笔记本电脑,24,7088.61,0.034,164342.33,0,1
2025-12-06,成都春熙店,配件耗材,94,217.56,0.022,20000.73,0,1
2025-12-07,上海旗舰店,智能家居,97,974.48,0.039,90838.1,0,1
2025-12-07,上海旗舰店,智能手机,104,4384.61,0.041,437303.46,0,1
2025-12-07,上海旗舰店,智能穿戴,95,1379.48,0.082,120304.45,1,1
2025-12-07,上海旗舰店,笔记本电脑,38,7122.31,0.031,262257.7,0,1
2025-12-07,上海旗舰店,配件耗材,205,213.51,0.073,40574.37,1,1
2025-12-07,北京中关村店,智能家居,84,964.43,0.125,70885.6,1,1
2025-12-07,北京中关村店,智能手机,116,4285.78,0.006,494167.58,0,1
2025-12-07,北京中关村店,智能穿戴,94,1414.34,0.132,115398.83,1,1
2025-12-07,北京中关村店,笔记本电脑,45,6984.19,0.013,310202.8,0,1
2025-12-07,北京中关村店,配件耗材,199,213.54,0.12,37395.12,1,1
2025-12-07,广州天河店,智能家居,83,967.39,0.171,66563.2,1,1
2025-12-07,广州天河店,智能手机,163,4418.75,0.175,594211.41,1,1
2025-12-07,广州天河店,智能穿戴,63,1406.11,0.015,87256.16,0,1
2025-12-07,广州天河店,笔记本电脑,54,7111.09,0.168,319487.05,1,1
2025-12-07,广州天河店,配件耗材,156,216.34,0.203,26897.98,1,1
2025-12-07,成都春熙店,智能家居,40,975.85,0.003,38916.9,0,1
2025-12-07,成都春熙店,智能手机,108,4373.43,0.206,375030.37,1,1
2025-12-07,成都春熙店,智能穿戴,65,1414.59,0.166,76684.92,1,1
2025-12-07,成都春熙店,笔记本电脑,24,7057.6,0.02,165994.75,0,1
2025-12-07,成都春熙店,配件耗材,76,218.21,0.022,16219.11,0,1
2025-12-08,上海旗舰店,智能家居,67,986.15,0.011,65345.26,0,0
2025-12-08,上海旗舰店,智能手机,90,4365.86,0.04,377210.3,0,0
2025-12-08,上海旗舰店,智能穿戴,72,1434.53,0.013,101943.44,0,0
2025-12-08,上海旗舰店,笔记本电脑,58,7091.43,0.081,377987.4,1,0
2025-12-08,上海旗舰店,配件耗材,153,212.57,0.212,25628.29,1,0
2025-12-08,北京中关村店,智能家居,92,967.45,0.085,81439.94,1,0
2025-12-08,北京中关村店,智能手机,107,4297.58,0.042,440527.74,0,0
2025-12-08,北京中关村店,智能穿戴,52,1418.57,0.008,73175.51,0,0
2025-12-08,北京中关村店,笔记本电脑,47,6989.95,0.218,256908.62,1,0
2025-12-08,北京中关村店,配件耗材,138,214.9,0.034,28647.89,0,0
2025-12-08,广州天河店,智能家居,62,976.67,0.028,58858.04,0,0
2025-12-08,广州天河店,智能手机,101,4361.76,0.027,428643.24,0,0
2025-12-08,广州天河店,智能穿戴,49,1414.57,0.012,68482.16,0,0
2025-12-08,广州天河店,笔记本电脑,31,7034.58,0.028,211965.96,0,0
2025-12-08,广州天河店,配件耗材,116,216.21,0.047,23901.58,0,0
2025-12-08,成都春熙店,智能家居,44,979.22,0.036,41534.6,0,0
2025-12-08,成都春熙店,智能手机,71,4353.92,0.106,276360.72,1,0
2025-12-08,成都春熙店,智能穿戴,44,1408.86,0.003,61803.87,0,0
2025-12-08,成都春熙店,笔记本电脑,26,6976.35,0.043,173585.54,0,0
2025-12-08,成都春熙店,配件耗材,89,216.84,0.106,17253.09,1,0
2025-12-09,上海旗舰店,智能家居,79,974.01,0.004,76639.0,0,0
2025-12-09,上海旗舰店,智能手机,112,4358.18,0.02,478353.84,0,0
2025-12-09,上海旗舰店,智能穿戴,58,1392.49,0.009,80037.54,0,0
2025-12-09,上海旗舰店,笔记本电脑,61,7064.28,0.152,365421.08,1,0
2025-12-09,上海旗舰店,配件耗材,183,217.78,0.097,35987.93,1,0
2025-12-09,北京中关村店,智能家居,78,967.65,0.151,64079.72,1,0
2025-12-09,北京中关村店,智能手机,86,4289.27,0.006,366663.96,0,0
2025-12-09,北京中关村店,智能穿戴,75,1412.32,0.148,90247.25,1,0
2025-12-09,北京中关村店,笔记本电脑,42,7018.01,0.072,273533.96,1,0
2025-12-09,北京中关村店,配件耗材,126,215.85,0.035,26245.2,0,0
2025-12-09,广州天河店,智能家居,70,965.82,0.115,59832.55,1,0
2025-12-09,广州天河店,智能手机,98,4404.92,0.016,424775.25,0,0
2025-12-09,广州天河店,智能穿戴,86,1405.97,0.117,106766.55,1,0
2025-12-09,广州天河店,笔记本电脑,29,7084.95,0.044,196423.15,0,0
2025-12-09,广州天河店,配件耗材,124,218.71,0.118,23919.88,1,0
2025-12-09,成都春熙店,智能家居,49,979.04,0.13,41736.48,1,0
2025-12-09,成都春熙店,智能手机,62,4339.6,0.013,265557.48,0,0
2025-12-09,成都春熙店,智能穿戴,56,1419.24,0.069,73993.5,1,0
2025-12-09,成都春熙店,笔记本电脑,26,7003.08,0.017,178984.72,0,0
2025-12-09,成都春熙店,配件耗材,92,215.87,0.157,16742.01,1,0
2025-12-10,上海旗舰店,智能家居,88,978.57,0.009,85339.13,0,0
2025-12-10,上海旗舰店,智能手机,99,4312.09,0.016,420066.56,0,0
2025-12-10,上海旗舰店,智能穿戴,75,1404.77,0.027,102513.09,0,0
2025-12-10,上海旗舰店,笔记本电脑,41,7026.54,0.007,286071.52,0,0
2025-12-10,上海旗舰店,配件耗材,110,214.09,0.024,22984.7,0,0
2025-12-10,北京中关村店,智能家居,55,971.51,0.009,52952.15,0,0
2025-12-10,北京中关村店,智能手机,78,4348.73,0.005,337504.94,0,0
2025-12-10,北京中关村店,智能穿戴,49,1390.47,0.012,67315.43,0,0
2025-12-10,北京中关村店,笔记本电脑,53,7042.51,0.2,298602.42,1,0
2025-12-10,北京中关村店,配件耗材,192,218.12,0.144,35848.46,1,0
2025-12-10,广州天河店,智能家居,60,971.0,0.028,56628.72,0,0
2025-12-10,广州天河店,智能手机,108,4305.17,0.129,404978.73,1,0
2025-12-10,广州天河店,智能穿戴,62,1406.97,0.01,86359.82,0,0
2025-12-10,广州天河店,笔记本电脑,38,7090.63,0.158,226871.8,1,0
2025-12-10,广州天河店,配件耗材,98,213.89,0.04,20122.77,0,0
2025-12-10,成都春熙店,智能家居,40,975.32,0.028,37920.44,0,0
2025-12-10,成都春熙店,智能手机,65,4337.68,0.028,274054.62,0,0
2025-12-10,成都春熙店,智能穿戴,56,1396.26,0.081,71857.12,1,0
2025-12-10,成都春熙店,笔记本电脑,24,7152.61,0.007,170461.0,0,0
2025-12-10,成都春熙店,配件耗材,72,213.93,0.029,14956.27,0,0
2025-12-11,上海旗舰店,智能家居,68,983.52,0.033,64672.34,0,0
2025-12-11,上海旗舰店,智能手机,93,4326.5,0.043,385062.83,0,0
2025-12-11,上海旗舰店,智能穿戴,62,1418.83,0.048,83745.02,0,0
2025-12-11,上海旗舰店,笔记本电脑,57,7077.5,0.205,320716.91,1,0
2025-12-11,上海旗舰店,配件耗材,164,220.24,0.021,35360.85,0,0
2025-12-11,北京中关村店,智能家居,57,974.77,0.042,53228.29,0,0
2025-12-11,北京中关村店,智能手机,97,4383.01,0.041,407720.74,0,0
2025-12-11,北京中关村店,智能穿戴,47,1422.46,0.023,65317.94,0,0
2025-12-11,北京中关村店,笔记本电脑,60,7078.15,0.22,331257.42,1,0
2025-12-11,北京中关村店,配件耗材,148,216.48,0.011,31686.61,0,0
2025-12-11,广州天河店,智能家居,61,980.4,0.029,58070.07,0,0
2025-12-11,广州天河店,智能手机,76,4384.94,0.006,331255.91,0,0
2025-12-11,广州天河店,智能穿戴,54,1397.41,0.015,74328.24,0,0
2025-12-11,广州天河店,笔记本电脑,32,7071.2,0.01,224015.62,0,0
2025-12-11,广州天河店,配件耗材,134,217.88,0.12,25692.41,1,0
2025-12-11,成都春熙店,智能家居,34,973.12,0.048,31497.95,0,0
2025-12-11,成都春熙店,智能手机,62,4347.36,0.037,259563.48,0,0
2025-12-11,成都春熙店,智能穿戴,58,1405.74,0.127,71178.24,1,0
2025-12-11,成都春熙店,笔记本电脑,31,6982.62,0.106,193516.33,1,0
2025-12-11,成都春熙店,配件耗材,68,215.01,0.019,14342.89,0,0
2025-12-12,上海旗舰店,智能家居,121,985.54,0.113,105775.05,1,0
2025-12-12,上海旗舰店,智能手机,134,4308.63,0.081,530590.55,1,0
2025-12-12,上海旗舰店,智能穿戴,77,1433.24,0.017,108483.37,0,0
2025-12-12,上海旗舰店,笔记本电脑,41,6999.12,0.024,280076.79,0,0
2025-12-12,上海旗舰店,配件耗材,127,221.07,0.019,27542.45,0,0
2025-12-12,北京中关村店,智能家居,91,975.36,0.136,76686.7,1,0
2025-12-12,北京中关村店,智能手机,145,4372.09,0.216,497019.19,1,0
2025-12-12,北京中关村店,智能穿戴,105,1405.57,0.182,120724.41,1,0
2025-12-12,北京中关村店,笔记本电脑,48,7074.08,0.181,278096.23,1,0
2025-12-12,北京中关村店,配件耗材,182,218.27,0.101,35712.9,1,0
2025-12-12,广州天河店,智能家居,77,984.14,0.196,60926.14,1,0
2025-12-12,广州天河店,智能手机,73,4331.63,0.047,301347.17,0,0
2025-12-12,广州天河店,智能穿戴,71,1401.1,0.111,88436.03,1,0
2025-12-12,广州天河店,笔记本电脑,42,7152.21,0.047,286274.36,0,0
2025-12-12,广州天河店,配件耗材,192,213.43,0.032,39667.25,0,0
2025-12-12,成都春熙店,智能家居,35,972.84,0.004,33913.2,0,0
2025-12-12,成都春熙店,智能手机,69,4343.46,0.021,293405.07,0,0
2025-12-12,成都春熙店,智能穿戴,44,1380.73,0.038,58443.54,0,0
2025-12-12,成都春熙店,笔记本电脑,24,7086.32,0.029,165139.6,0,0
2025-12-12,成都春熙店,配件耗材,80,217.31,0.03,16863.26,0,0
2025-12-13,上海旗舰店,智能家居,134,980.4,0.156,110879.32,1,1
2025-12-13,上海旗舰店,智能手机,121,4408.75,0.083,489181.67,1,1
2025-12-13,上海旗舰店,智能穿戴,99,1411.06,0.014,137739.21,0,1
2025-12-13,上海旗舰店,笔记本电脑,49,7024.41,0.006,342130.91,0,1
2025-12-13,上海旗舰店,配件耗材,144,216.64,0.031,30229.08,0,1
2025-12-13,北京中关村店,智能家居,84,1000.63,0.076,77664.9,1,1
2025-12-13,北京中关村店,智能手机,185,4382.17,0.209,641264.85,1,1
2025-12-13,北京中关村店,智能穿戴,65,1401.16,0.044,87068.08,0,1
2025-12-13,北京中关村店,笔记本电脑,40,7139.2,0.004,284425.73,0,1
2025-12-13,北京中关村店,配件耗材,159,218.19,0.025,33824.9,0,1
2025-12-13,广州天河店,智能家居,74,1000.42,0.004,73734.96,0,1
2025-12-13,广州天河店,智能手机,84,4308.77,0.028,351802.45,0,1
2025-12-13,广州天河店,智能穿戴,60,1409.46,0.034,81692.3,0,1
2025-12-13,广州天河店,笔记本电脑,38,7001.82,0.02,260747.78,0,1
2025-12-13,广州天河店,配件耗材,124,214.43,0.023,25977.77,0,1
2025-12-13,成都春熙店,智能家居,33,983.47,0.023,31708.06,0,1
2025-12-13,成都春熙店,智能手机,71,4254.06,0.043,289050.61,0,1
2025-12-13,成都春熙店,智能穿戴,63,1424.3,0.008,89013.05,0,1
2025-12-13,成都春熙店,笔记本电脑,33,7033.79,0.027,225847.96,0,1
2025-12-13,成都春熙店,配件耗材,98,215.75,0.074,19578.88,1,1
2025-12-14,上海旗舰店,智能家居,91,981.24,0.145,76345.38,1,1
2025-12-14,上海旗舰店,智能手机,86,4408.93,0.016,373101.29,0,1
2025-12-14,上海旗舰店,智能穿戴,86,1417.96,0.007,121090.95,0,1
2025-12-14,上海旗舰店,笔记本电脑,41,7287.44,0.031,289522.7,0,1
2025-12-14,上海旗舰店,配件耗材,158,213.05,0.013,33224.3,0,1
2025-12-14,北京中关村店,智能家居,56,972.22,0.003,54280.99,0,1
2025-12-14,北京中关村店,智能手机,98,4407.49,0.003,430638.22,0,1
2025-12-14,北京中关村店,智能穿戴,84,1418.46,0.005,118554.89,0,1
2025-12-14,北京中关村店,笔记本电脑,61,7076.53,0.016,424761.64,0,1
2025-12-14,北京中关村店,配件耗材,190,215.63,0.216,32120.24,1,1
2025-12-14,广州天河店,智能家居,70,969.47,0.043,64944.8,0,1
2025-12-14,广州天河店,智能手机,93,4371.58,0.014,400865.14,0,1
2025-12-14,广州天河店,智能穿戴,63,1422.98,0.036,86420.42,0,1
2025-12-14,广州天河店,笔记本电脑,61,7057.85,0.166,359061.06,1,1
2025-12-14,广州天河店,配件耗材,141,216.44,0.041,29266.8,0,1
2025-12-14,成都春熙店,智能家居,62,976.61,0.085,55403.09,1,1
2025-12-14,成都春熙店,智能手机,62,4353.55,0.006,268300.58,0,1
2025-12-14,成都春熙店,智能穿戴,56,1418.2,0.029,77116.04,0,1
2025-12-14,成都春熙店,笔记本电脑,41,7154.2,0.165,244924.04,1,1
2025-12-14,成都春熙店,配件耗材,104,214.36,0.168,18548.14,1,1
2025-12-15,上海旗舰店,智能家居,60,979.2,0.011,58105.73,0,0
2025-12-15,上海旗舰店,智能手机,98,4283.64,0.018,412240.38,0,0
2025-12-15,上海旗舰店,智能穿戴,82,1415.22,0.038,111638.21,0,0
2025-12-15,上海旗舰店,笔记本电脑,46,7119.98,0.023,319986.14,0,0
2025-12-15,上海旗舰店,配件耗材,118,215.25,0.001,25374.1,0,0
2025-12-15,北京中关村店,智能家居,88,964.44,0.152,71970.37,1,0
2025-12-15,北京中关村店,智能手机,79,4384.25,0.002,345663.04,0,0
2025-12-15,北京中关村店,智能穿戴,75,1385.98,0.034,100414.25,0,0
2025-12-15,北京中关村店,笔记本电脑,39,7030.33,0.044,262118.82,0,0
2025-12-15,北京中关村店,配件耗材,126,215.47,0.042,26008.95,0,0
2025-12-15,广州天河店,智能家居,106,962.76,0.158,85928.26,1,0
2025-12-15,广州天河店,智能手机,78,4253.24,0.04,318482.61,0,0
2025-12-15,广州天河店,智能穿戴,54,1430.44,0.048,73536.06,0,0
2025-12-15,广州天河店,笔记本电脑,25,6997.71,0.043,167420.21,0,0
2025-12-15,广州天河店,配件耗材,116,218.54,0.047,24159.16,0,0
2025-12-15,成都春熙店,智能家居,44,973.66,0.008,42498.31,0,0
2025-12-15,成都春熙店,智能手机,155,4383.26,0.012,671252.44,0,0
2025-12-15,成都春熙店,智能穿戴,43,1432.02,0.035,59421.67,0,0
2025-12-15,成都春熙店,笔记本电脑,22,7006.2,0.017,151516.08,0,0
2025-12-15,成都春熙店,配件耗材,46,217.98,0.042,9605.94,0,0
2025-12-16,上海旗舰店,智能家居,94,948.93,0.027,86791.04,0,0
2025-12-16,上海旗舰店,智能手机,101,4349.8,0.014,433179.18,0,0
2025-12-16,上海旗舰店,智能穿戴,86,1412.77,0.025,118460.76,0,0
2025-12-16,上海旗舰店,笔记本电脑,49,7125.27,0.047,332728.73,0,0
2025-12-16,上海旗舰店,配件耗材,195,215.88,0.21,33256.31,1,0
2025-12-16,北京中关村店,智能家居,59,989.18,0.03,56610.77,0,0
2025-12-16,北京中关村店,智能手机,71,4398.72,0.047,297630.59,0,0
2025-12-16,北京中关村店,智能穿戴,87,1426.47,0.151,105363.35,1,0
2025-12-16,北京中关村店,笔记本电脑,61,7255.55,0.028,430196.07,0,0
2025-12-16,北京中关村店,配件耗材,129,215.58,0.006,27642.96,0,0
2025-12-16,广州天河店,智能家居,66,981.1,0.017,63651.81,0,0
2025-12-16,广州天河店,智能手机,72,4366.83,0.01,311267.64,0,0
2025-12-16,广州天河店,智能穿戴,40,1419.38,0.0,56775.2,0,0
2025-12-16,广州天河店,笔记本电脑,39,7099.07,0.134,239763.99,1,0
2025-12-16,广州天河店,配件耗材,98,217.08,0.033,20571.8,0,0
2025-12-16,成都春熙店,智能家居,45,969.08,0.0,43608.6,0,0
2025-12-16,成都春熙店,智能手机,97,4397.64,0.208,337844.3,1,0
2025-12-16,成都春熙店,智能穿戴,67,1396.61,0.144,80098.38,1,0
2025-12-16,成都春熙店,笔记本电脑,21,7113.77,0.003,148941.0,0,0
2025-12-16,成都春熙店,配件耗材,105,213.85,0.217,17581.68,1,0
2025-12-17,上海旗舰店,智能家居,70,969.02,0.011,67085.25,0,0
2025-12-17,上海旗舰店,智能手机,97,4314.41,0.044,400083.87,0,0
2025-12-17,上海旗舰店,智能穿戴,61,1407.7,0.027,83551.22,0,0
2025-12-17,上海旗舰店,笔记本电脑,44,7066.9,0.014,306590.39,0,0
2025-12-17,上海旗舰店,配件耗材,132,218.24,0.029,27972.26,0,0
2025-12-17,北京中关村店,智能家居,89,975.96,0.136,75047.42,1,0
2025-12-17,北京中关村店,智能手机,75,4298.29,0.043,308509.76,0,0
2025-12-17,北京中关村店,智能穿戴,63,1405.26,0.009,87734.6,0,0
2025-12-17,北京中关村店,笔记本电脑,34,7070.21,0.023,234858.24,0,0
2025-12-17,北京中关村店,配件耗材,129,214.03,0.025,26919.62,0,0
2025-12-17,广州天河店,智能家居,74,978.92,0.07,67369.27,1,0
2025-12-17,广州天河店,智能手机,104,4336.36,0.215,354020.43,1,0
2025-12-17,广州天河店,智能穿戴,59,1399.62,0.002,82412.42,0,0
2025-12-17,广州天河店,笔记本电脑,49,7032.57,0.065,322197.19,1,0
2025-12-17,广州天河店,配件耗材,117,215.21,0.019,24701.16,0,0
2025-12-17,成都春熙店,智能家居,35,976.06,0.018,33547.18,0,0
2025-12-17,成都春熙店,智能手机,73,4418.34,0.008,319958.51,0,0
2025-12-17,成都春熙店,智能穿戴,45,1410.99,0.026,61843.69,0,0
2025-12-17,成都春熙店,笔记本电脑,35,7006.33,0.092,222661.17,1,0
2025-12-17,成都春熙店,配件耗材,120,215.95,0.192,20938.51,1,0
2025-12-18,上海旗舰店,智能家居,98,968.12,0.179,77893.0,1,0
2025-12-18,上海旗舰店,智能手机,115,4310.82,0.214,389655.02,1,0
2025-12-18,上海旗舰店,智能穿戴,89,1425.19,0.028,123290.34,0,0
2025-12-18,上海旗舰店,笔记本电脑,43,7067.86,0.033,293888.69,0,0
2025-12-18,上海旗舰店,配件耗材,120,216.6,0.01,25732.08,0,0
2025-12-18,北京中关村店,智能家居,99,966.15,0.085,87518.7,1,0
2025-12-18,北京中关村店,智能手机,156,4325.53,0.107,602580.93,1,0
2025-12-18,北京中关村店,智能穿戴,60,1403.2,0.019,82592.35,0,0
2025-12-18,北京中关村店,笔记本电脑,45,6982.66,0.15,267086.74,1,0
2025-12-18,北京中关村店,配件耗材,134,217.34,0.008,28890.57,0,0
2025-12-18,广州天河店,智能家居,77,989.91,0.088,69515.44,1,0
2025-12-18,广州天河店,智能手机,124,4395.82,0.157,459503.86,1,0
2025-12-18,广州天河店,智能穿戴,67,1414.93,0.018,93093.9,0,0
2025-12-18,广州天河店,笔记本电脑,34,7068.86,0.018,236015.1,0,0
2025-12-18,广州天河店,配件耗材,103,216.64,0.034,21555.25,0,0
2025-12-18,成都春熙店,智能家居,51,1003.51,0.166,42683.29,1,0
2025-12-18,成都春熙店,智能手机,64,4401.73,0.015,277485.06,0,0
2025-12-18,成都春熙店,智能穿戴,56,1406.93,0.043,75400.19,0,0
2025-12-18,成都春熙店,笔记本电脑,35,7000.74,0.189,198716.0,1,0
2025-12-18,成都春熙店,配件耗材,84,218.01,0.029,17781.77,0,0
2025-12-19,上海旗舰店,智能家居,74,964.85,0.025,69613.93,0,0
2025-12-19,上海旗舰店,智能手机,107,4332.58,0.192,374577.54,1,0
2025-12-19,上海旗舰店,智能穿戴,99,1412.19,0.014,137849.51,0,0
2025-12-19,上海旗舰店,笔记本电脑,45,7082.79,0.007,316494.47,0,0
2025-12-19,上海旗舰店,配件耗材,124,218.17,0.011,26755.5,0,0
2025-12-19,北京中关村店,智能家居,67,980.56,0.003,65500.43,0,0
2025-12-19,北京中关村店,智能手机,90,4398.96,0.021,387592.37,0,0
2025-12-19,北京中关村店,智能穿戴,74,1413.26,0.002,104372.08,0,0
2025-12-19,北京中关村店,笔记本电脑,39,6986.18,0.011,269463.95,0,0
2025-12-19,北京中关村店,配件耗材,143,211.68,0.034,29241.05,0,0
2025-12-19,广州天河店,智能家居,65,976.24,0.007,63011.41,0,0
2025-12-19,广州天河店,智能手机,76,4326.88,0.018,322923.71,0,0
2025-12-19,广州天河店,智能穿戴,76,1398.72,0.12,93546.39,1,0
2025-12-19,广州天河店,笔记本电脑,26,7074.25,0.029,178596.52,0,0
2025-12-19,广州天河店,配件耗材,137,218.99,0.03,29101.58,0,0
2025-12-19,成都春熙店,智能家居,56,976.25,0.014,53904.62,0,0
2025-12-19,成都春熙店,智能手机,67,4355.41,0.003,290937.03,0,0
2025-12-19,成都春熙店,智能穿戴,57,1411.28,0.015,79236.32,0,0
2025-12-19,成都春熙店,笔记本电脑,39,7111.03,0.163,232125.35,1,0
2025-12-19,成都春熙店,配件耗材,82,218.53,0.03,17381.88,0,0
2025-12-20,上海旗舰店,智能家居,75,977.9,0.018,72022.33,0,1
2025-12-20,上海旗舰店,智能手机,161,4375.21,0.065,658622.24,1,1
2025-12-20,上海旗舰店,智能穿戴,87,1437.36,0.018,122799.41,0,1
2025-12-20,上海旗舰店,笔记本电脑,53,6963.21,0.003,367942.98,0,1
2025-12-20,上海旗舰店,配件耗材,225,213.62,0.138,41431.6,1,1
2025-12-20,北京中关村店,智能家居,50,977.54,0.035,47166.31,0,1
2025-12-20,北京中关村店,智能手机,108,4363.07,0.006,468384.29,0,1
2025-12-20,北京中关村店,智能穿戴,93,1410.44,0.211,103493.86,1,1
2025-12-20,北京中关村店,笔记本电脑,44,7019.08,0.035,298030.14,0,1
2025-12-20,北京中关村店,配件耗材,159,218.44,0.035,33516.34,0,1
2025-12-20,广州天河店,智能家居,72,988.88,0.009,70558.57,0,1
2025-12-20,广州天河店,智能手机,120,4338.52,0.219,406606.09,1,1
2025-12-20,广州天河店,智能穿戴,89,1405.16,0.217,97921.38,1,1
2025-12-20,广州天河店,笔记本电脑,38,7053.68,0.048,255173.93,0,1
2025-12-20,广州天河店,配件耗材,147,217.43,0.188,25953.31,1,1
2025-12-20,成都春熙店,智能家居,73,975.85,0.178,58556.86,1,1
2025-12-20,成都春熙店,智能手机,92,4338.23,0.046,380757.77,0,1
2025-12-20,成都春熙店,智能穿戴,80,1414.61,0.181,92685.25,1,1
2025-12-20,成都春熙店,笔记本电脑,29,7149.24,0.03,201108.12,0,1
2025-12-20,成都春熙店,配件耗材,85,217.5,0.033,17877.41,0,1
2025-12-21,上海旗舰店,智能家居,133,964.82,0.104,114975.67,1,1
2025-12-21,上海旗舰店,智能手机,102,4417.35,0.018,442459.45,0,1
2025-12-21,上海旗舰店,智能穿戴,73,1427.14,0.021,101993.41,0,1
2025-12-21,上海旗舰店,笔记本电脑,46,7026.03,0.013,318995.81,0,1
2025-12-21,上海旗舰店,配件耗材,198,216.48,0.209,33904.66,1,1
2025-12-21,北京中关村店,智能家居,73,979.42,0.045,68280.27,0,1
2025-12-21,北京中关村店,智能手机,121,4346.1,0.047,501161.83,0,1
2025-12-21,北京中关村店,智能穿戴,66,1420.32,0.027,91210.11,0,1
2025-12-21,北京中关村店,笔记本电脑,50,7013.68,0.167,292119.77,1,1
2025-12-21,北京中关村店,配件耗材,158,215.3,0.022,33269.02,0,1
2025-12-21,广州天河店,智能家居,75,985.15,0.013,72925.73,0,1
2025-12-21,广州天河店,智能手机,96,4324.76,0.011,410610.01,0,1
2025-12-21,广州天河店,智能穿戴,61,1414.15,0.01,85400.52,0,1
2025-12-21,广州天河店,笔记本电脑,40,7067.51,0.05,268565.38,0,1
2025-12-21,广州天河店,配件耗材,132,214.29,0.028,27494.26,0,1
2025-12-21,成都春熙店,智能家居,41,979.27,0.004,39989.47,0,1
2025-12-21,成都春熙店,智能手机,72,4372.13,0.007,312589.81,0,1
2025-12-21,成都春熙店,智能穿戴,52,1415.43,0.0,73602.36,0,1
2025-12-21,成都春熙店,笔记本电脑,25,6964.07,0.039,167311.78,0,1
2025-12-21,成都春熙店,配件耗材,102,211.65,0.01,21372.42,0,1
2025-12-22,上海旗舰店,智能家居,72,983.53,0.014,69822.76,0,0
2025-12-22,上海旗舰店,智能手机,135,4376.53,0.094,535293.38,1,0
2025-12-22,上海旗舰店,智能穿戴,92,1404.7,0.21,102093.6,1,0
2025-12-22,上海旗舰店,笔记本电脑,44,7105.01,0.029,303554.45,0,0
2025-12-22,上海旗舰店,配件耗材,117,215.77,0.037,24311.02,0,0
2025-12-22,北京中关村店,智能家居,61,971.27,0.019,58121.77,0,0
2025-12-22,北京中关村店,智能手机,94,4402.06,0.001,413379.85,0,0
2025-12-22,北京中关村店,智能穿戴,71,1423.12,0.03,98010.27,0,0
2025-12-22,北京中关村店,笔记本电脑,37,7111.24,0.017,258642.91,0,0
2025-12-22,北京中关村店,配件耗材,156,216.98,0.196,27214.5,1,0
2025-12-22,广州天河店,智能家居,58,978.2,0.041,54409.44,0,0
2025-12-22,广州天河店,智能手机,106,4265.55,0.14,388847.54,1,0
2025-12-22,广州天河店,智能穿戴,84,1401.77,0.116,104089.83,1,0
2025-12-22,广州天河店,笔记本电脑,29,7093.97,0.029,199759.1,0,0
2025-12-22,广州天河店,配件耗材,107,219.5,0.043,22476.58,0,0
2025-12-22,成都春熙店,智能家居,44,984.29,0.023,42312.66,0,0
2025-12-22,成都春熙店,智能手机,70,4362.59,0.014,301105.96,0,0
2025-12-22,成都春熙店,智能穿戴,43,1430.66,0.031,59611.31,0,0
2025-12-22,成都春熙店,笔记本电脑,23,7092.72,0.018,160196.17,0,0
2025-12-22,成都春熙店,配件耗材,74,217.79,0.001,16100.34,0,0
2025-12-23,上海旗舰店,智能家居,74,988.62,0.027,71182.62,0,0
2025-12-23,上海旗舰店,智能手机,121,4263.0,0.085,471978.05,1,0
2025-12-23,上海旗舰店,智能穿戴,92,1413.73,0.105,116406.53,1,0
2025-12-23,上海旗舰店,笔记本电脑,56,7079.89,0.104,355240.56,1,0
2025-12-23,上海旗舰店,配件耗材,182,217.1,0.122,34691.71,1,0
2025-12-23,北京中关村店,智能家居,67,978.6,0.088,59796.37,1,0
2025-12-23,北京中关村店,智能手机,74,4410.68,0.015,321494.47,0,0
2025-12-23,北京中关村店,智能穿戴,64,1393.71,0.206,70822.77,1,0
2025-12-23,北京中关村店,笔记本电脑,53,7112.16,0.197,302686.42,1,0
2025-12-23,北京中关村店,配件耗材,111,216.81,0.01,23825.25,0,0
2025-12-23,广州天河店,智能家居,50,986.53,0.014,48635.93,0,0
2025-12-23,广州天河店,智能手机,64,4372.27,0.03,271430.52,0,0
2025-12-23,广州天河店,智能穿戴,48,1413.77,0.014,66910.91,0,0
2025-12-23,广州天河店,笔记本电脑,33,7096.7,0.004,233254.34,0,0
2025-12-23,广州天河店,配件耗材,105,217.47,0.02,22377.66,0,0
2025-12-23,成都春熙店,智能家居,40,977.24,0.032,37838.73,0,0
2025-12-23,成都春熙店,智能手机,89,4325.47,0.014,379577.29,0,0
2025-12-23,成都春熙店,智能穿戴,36,1407.59,0.034,48950.35,0,0
2025-12-23,成都春熙店,笔记本电脑,28,6940.87,0.107,173549.51,1,0
2025-12-23,成都春熙店,配件耗材,65,216.8,0.04,13528.32,0,0
2025-12-24,上海旗舰店,智能家居,77,988.01,0.004,75772.46,0,0
2025-12-24,上海旗舰店,智能手机,100,4373.99,0.045,417716.04,0,0
2025-12-24,上海旗舰店,智能穿戴,71,1441.64,0.021,100206.95,0,0
2025-12-24,上海旗舰店,笔记本电脑,38,6998.84,0.041,255051.73,0,0
2025-12-24,上海旗舰店,配件耗材,159,215.66,0.013,33844.17,0,0
2025-12-24,北京中关村店,智能家居,88,969.71,0.158,71851.63,1,0
2025-12-24,北京中关村店,智能手机,159,4353.39,0.098,624354.49,1,0
2025-12-24,北京中关村店,智能穿戴,77,1394.14,0.111,95433.07,1,0
2025-12-24,北京中关村店,笔记本电脑,45,7053.37,0.047,302483.77,0,0
2025-12-24,北京中关村店,配件耗材,162,213.84,0.024,33810.67,0,0
2025-12-24,广州天河店,智能家居,74,987.28,0.165,61004.03,1,0
2025-12-24,广州天河店,智能手机,94,4363.94,0.046,391340.68,0,0
2025-12-24,广州天河店,智能穿戴,121,1396.8,0.001,168843.79,0,0
2025-12-24,广州天河店,笔记本电脑,46,7127.42,0.122,287862.24,1,0
2025-12-24,广州天河店,配件耗材,106,216.19,0.031,22205.74,0,0
2025-12-24,成都春熙店,智能家居,30,993.69,0.049,28349.98,0,0
2025-12-24,成都春熙店,智能手机,87,4226.54,0.203,293064.06,1,0
2025-12-24,成都春熙店,智能穿戴,58,1439.26,0.031,80889.29,0,0
2025-12-24,成都春熙店,笔记本电脑,18,6966.43,0.039,120505.31,0,0
2025-12-24,成都春熙店,配件耗材,51,214.01,0.049,10379.7,0,0
2025-12-25,上海旗舰店,智能家居,97,987.44,0.173,79211.45,1,0
2025-12-25,上海旗舰店,智能手机,127,4434.77,0.081,517595.31,1,0
2025-12-25,上海旗舰店,智能穿戴,65,1406.23,0.016,89942.47,0,0
2025-12-25,上海旗舰店,笔记本电脑,36,6995.18,0.046,240242.46,0,0
2025-12-25,上海旗舰店,配件耗材,149,216.04,0.038,30966.74,0,0
2025-12-25,北京中关村店,智能家居,82,971.92,0.179,65431.6,1,0
2025-12-25,北京中关村店,智能手机,100,4316.88,0.006,429097.87,0,0
2025-12-25,北京中关村店,智能穿戴,54,1394.33,0.05,71529.13,0,0
2025-12-25,北京中关村店,笔记本电脑,38,7030.14,0.025,260466.69,0,0
2025-12-25,北京中关村店,配件耗材,155,219.66,0.011,33672.78,0,0
2025-12-25,广州天河店,智能家居,78,982.16,0.033,74080.4,0,0
2025-12-25,广州天河店,智能手机,72,4334.6,0.042,298983.37,0,0
2025-12-25,广州天河店,智能穿戴,57,1426.26,0.045,77638.46,0,0
2025-12-25,广州天河店,笔记本电脑,34,7108.13,0.009,239501.33,0,0
2025-12-25,广州天河店,配件耗材,93,211.41,0.015,19366.21,0,0
2025-12-25,成都春熙店,智能家居,32,982.83,0.022,30758.65,0,0
2025-12-25,成都春熙店,智能手机,62,4285.25,0.012,262497.27,0,0
2025-12-25,成都春熙店,智能穿戴,42,1408.99,0.044,56573.77,0,0
2025-12-25,成都春熙店,笔记本电脑,24,7006.43,0.003,167649.86,0,0
2025-12-25,成都春熙店,配件耗材,79,214.93,0.024,16571.96,0,0
2025-12-26,上海旗舰店,智能家居,104,956.4,0.183,81263.4,1,0
2025-12-26,上海旗舰店,智能手机,90,4344.76,0.015,385162.97,0,0
2025-12-26,上海旗舰店,智能穿戴,78,1419.36,0.011,109492.27,0,0
2025-12-26,上海旗舰店,笔记本电脑,41,6992.92,0.041,274954.62,0,0
2025-12-26,上海旗舰店,配件耗材,204,210.09,0.21,33858.1,1,0
2025-12-26,北京中关村店,智能家居,65,943.8,0.038,59015.81,0,0
2025-12-26,北京中关村店,智能手机,119,4324.12,0.047,490385.48,0,0
2025-12-26,北京中关村店,智能穿戴,103,1411.84,0.142,124769.95,1,0
2025-12-26,北京中关村店,笔记本电脑,51,6930.38,0.165,295130.23,1,0
2025-12-26,北京中关村店,配件耗材,106,214.79,0.004,22676.67,0,0
2025-12-26,广州天河店,智能家居,65,962.55,0.012,61814.96,0,0
2025-12-26,广州天河店,智能手机,83,4409.08,0.043,350217.63,0,0
2025-12-26,广州天河店,智能穿戴,67,1386.65,0.023,90768.72,0,0
2025-12-26,广州天河店,笔记本电脑,43,7075.14,0.0,304231.02,0,0
2025-12-26,广州天河店,配件耗材,116,214.25,0.034,24008.0,0,0
2025-12-26,成都春熙店,智能家居,39,967.38,0.018,37048.72,0,0
2025-12-26,成都春熙店,智能手机,70,4366.26,0.033,295552.14,0,0
2025-12-26,成都春熙店,智能穿戴,48,1428.71,0.033,66315.0,0,0
2025-12-26,成都春熙店,笔记本电脑,33,7113.28,0.102,210794.94,1,0
2025-12-26,成都春熙店,配件耗材,116,216.07,0.104,22457.45,1,0
2025-12-27,上海旗舰店,智能家居,77,985.25,0.041,72753.82,0,1
2025-12-27,上海旗舰店,智能手机,117,4455.76,0.029,506205.53,0,1
2025-12-27,上海旗舰店,智能穿戴,105,1403.87,0.173,121905.05,1,1
2025-12-27,上海旗舰店,笔记本电脑,54,7070.39,0.021,373783.24,0,1
2025-12-27,上海旗舰店,配件耗材,136,215.53,0.018,28784.46,0,1
2025-12-27,北京中关村店,智能家居,64,991.46,0.028,61676.74,0,1
2025-12-27,北京中关村店,智能手机,100,4298.04,0.045,410462.82,0,1
2025-12-27,北京中关村店,智能穿戴,78,1423.87,0.042,106397.26,0,1
2025-12-27,北京中关村店,笔记本电脑,38,7054.87,0.019,262991.44,0,1
2025-12-27,北京中关村店,配件耗材,329,218.44,0.027,69926.36,0,1
2025-12-27,广州天河店,智能家居,81,969.26,0.001,78431.55,0,1
2025-12-27,广州天河店,智能手机,99,4341.32,0.019,421624.66,0,1
2025-12-27,广州天河店,智能穿戴,62,1425.92,0.034,85401.2,0,1
2025-12-27,广州天河店,笔记本电脑,54,7111.37,0.168,319499.63,1,1
2025-12-27,广州天河店,配件耗材,125,220.91,0.012,27282.38,0,1
2025-12-27,成都春熙店,智能家居,46,983.87,0.013,44669.67,0,1
2025-12-27,成都春熙店,智能手机,83,4394.36,0.021,357072.51,0,1
2025-12-27,成都春熙店,智能穿戴,59,1415.12,0.028,81154.3,0,1
2025-12-27,成都春熙店,笔记本电脑,43,7134.84,0.137,264766.78,1,1
2025-12-27,成都春熙店,配件耗材,127,212.57,0.114,23918.8,1,1
2025-12-28,上海旗舰店,智能家居,74,976.93,0.025,70485.5,0,1
2025-12-28,上海旗舰店,智能手机,113,4389.97,0.128,432570.08,1,1
2025-12-28,上海旗舰店,智能穿戴,73,1377.99,0.043,96267.76,0,1
2025-12-28,上海旗舰店,笔记本电脑,55,7016.98,0.003,384776.1,0,1
2025-12-28,上海旗舰店,配件耗材,125,215.62,0.044,25766.59,0,1
2025-12-28,北京中关村店,智能家居,64,986.99,0.047,60198.49,0,1
2025-12-28,北京中关村店,智能手机,98,4373.71,0.007,425623.21,0,1
2025-12-28,北京中关村店,智能穿戴,74,1430.99,0.048,100810.38,0,1
2025-12-28,北京中关村店,笔记本电脑,35,7054.49,0.03,239499.94,0,1
2025-12-28,北京中关村店,配件耗材,170,216.44,0.022,35985.31,0,1
2025-12-28,广州天河店,智能家居,84,981.51,0.149,70162.26,1,1
2025-12-28,广州天河店,智能手机,120,4384.72,0.141,451976.94,1,1
2025-12-28,广州天河店,智能穿戴,66,1411.45,0.036,89802.09,0,1
2025-12-28,广州天河店,笔记本电脑,46,6936.78,0.142,273780.83,1,1
2025-12-28,广州天河店,配件耗材,105,218.57,0.016,22582.65,0,1
2025-12-28,成都春熙店,智能家居,36,995.14,0.046,34177.09,0,1
2025-12-28,成都春熙店,智能手机,75,4338.37,0.024,317568.68,0,1
2025-12-28,成都春熙店,智能穿戴,55,1428.92,0.01,77804.69,0,1
2025-12-28,成都春熙店,笔记本电脑,23,7008.35,0.005,160386.09,0,1
2025-12-28,成都春熙店,配件耗材,116,214.61,0.186,20264.33,1,1
2025-12-29,上海旗舰店,智能家居,75,968.74,0.021,71129.73,0,0
2025-12-29,上海旗舰店,智能手机,113,4383.4,0.048,471548.64,0,0
2025-12-29,上海旗舰店,智能穿戴,80,1418.46,0.019,111320.74,0,0
2025-12-29,上海旗舰店,笔记本电脑,48,7037.39,0.066,315500.27,1,0
2025-12-29,上海旗舰店,配件耗材,170,216.77,0.203,29370.17,1,0
2025-12-29,北京中关村店,智能家居,58,975.04,0.043,54120.57,0,0
2025-12-29,北京中关村店,智能手机,96,4406.25,0.037,407349.0,0,0
2025-12-29,北京中关村店,智能穿戴,66,1404.12,0.075,85721.53,1,0
2025-12-29,北京中关村店,笔记本电脑,34,7193.23,0.021,239433.85,0,0
2025-12-29,北京中关村店,配件耗材,175,217.19,0.179,31204.77,1,0
2025-12-29,广州天河店,智能家居,61,983.34,0.038,57704.36,0,0
2025-12-29,广州天河店,智能手机,74,4281.25,0.003,315862.06,0,0
2025-12-29,广州天河店,智能穿戴,60,1412.25,0.002,84565.53,0,0
2025-12-29,广州天河店,笔记本电脑,47,6971.63,0.158,275895.29,1,0
2025-12-29,广州天河店,配件耗材,112,217.75,0.023,23827.08,0,0
2025-12-29,成都春熙店,智能家居,36,988.34,0.013,35117.7,0,0
2025-12-29,成都春熙店,智能手机,50,4329.05,0.004,215586.69,0,0
2025-12-29,成都春熙店,智能穿戴,35,1410.11,0.021,48317.42,0,0
2025-12-29,成都春熙店,笔记本电脑,28,7051.85,0.022,193107.86,0,0
2025-12-29,成都春熙店,配件耗材,74,222.13,0.075,15204.8,1,0
2025-12-30,上海旗舰店,智能家居,85,970.34,0.03,80004.53,0,0
2025-12-30,上海旗舰店,智能手机,101,4376.89,0.005,439855.56,0,0
2025-12-30,上海旗舰店,智能穿戴,69,1401.02,0.008,95897.02,0,0
2025-12-30,上海旗舰店,笔记本电脑,44,7061.52,0.178,255401.06,1,0
2025-12-30,上海旗舰店,配件耗材,122,215.28,0.005,26132.84,0,0
2025-12-30,北京中关村店,智能家居,65,970.28,0.141,54175.58,1,0
2025-12-30,北京中关村店,智能手机,104,4368.06,0.133,393859.23,1,0
2025-12-30,北京中关村店,智能穿戴,69,1402.64,0.03,93878.7,0,0
2025-12-30,北京中关村店,笔记本电脑,36,7039.37,0.039,243534.04,0,0
2025-12-30,北京中关村店,配件耗材,116,214.97,0.034,24088.68,0,0
2025-12-30,广州天河店,智能家居,56,978.17,0.032,53024.64,0,0
2025-12-30,广州天河店,智能手机,125,4390.54,0.209,434114.64,1,0
2025-12-30,广州天河店,智能穿戴,42,1427.88,0.011,59311.28,0,0
2025-12-30,广州天河店,笔记本电脑,34,7119.14,0.043,231642.58,0,0
2025-12-30,广州天河店,配件耗材,122,217.66,0.038,25545.45,0,0
2025-12-30,成都春熙店,智能家居,41,971.23,0.031,38586.0,0,0
2025-12-30,成都春熙店,智能手机,76,4374.66,0.032,321834.99,0,0
2025-12-30,成都春熙店,智能穿戴,67,1389.21,0.133,80697.82,1,0
2025-12-30,成都春熙店,笔记本电脑,37,7057.39,0.172,216210.2,1,0
2025-12-30,成都春熙店,配件耗材,99,216.13,0.206,16989.11,1,0
2025-12-31,上海旗舰店,智能家居,118,979.07,0.157,97392.01,1,0
2025-12-31,上海旗舰店,智能手机,118,4355.09,0.068,478955.38,1,0
2025-12-31,上海旗舰店,智能穿戴,60,1415.66,0.031,82306.47,0,0
2025-12-31,上海旗舰店,笔记本电脑,56,7063.68,0.22,308541.54,1,0
2025-12-31,上海旗舰店,配件耗材,100,214.64,0.04,20605.44,0,0
2025-12-31,北京中关村店,智能家居,57,978.88,0.05,53006.35,0,0
2025-12-31,北京中关村店,智能手机,219,4412.88,0.061,907469.06,1,0
2025-12-31,北京中关村店,智能穿戴,48,1405.64,0.041,64704.42,0,0
2025-12-31,北京中关村店,笔记本电脑,26,7085.06,0.04,176843.1,0,0
2025-12-31,北京中关村店,配件耗材,164,215.21,0.024,34447.37,0,0
2025-12-31,广州天河店,智能家居,72,978.4,0.017,69247.24,0,0
2025-12-31,广州天河店,智能手机,87,4380.49,0.044,364334.11,0,0
2025-12-31,广州天河店,智能穿戴,51,1417.65,0.002,72155.55,0,0
2025-12-31,广州天河店,笔记本电脑,35,7113.32,0.019,244235.84,0,0
2025-12-31,广州天河店,配件耗材,98,217.62,0.049,20281.75,0,0
2025-12-31,成都春熙店,智能家居,49,983.94,0.015,47489.86,0,0
2025-12-31,成都春熙店,智能手机,92,4394.49,0.097,365076.65,1,0
2025-12-31,成都春熙店,智能穿戴,43,1413.05,0.016,59788.97,0,0
2025-12-31,成都春熙店,笔记本电脑,23,7046.28,0.04,155581.86,0,0
2025-12-31,成都春熙店,配件耗材,80,219.48,0.004,17488.17,0,0
